Date,return
2005-01-04,0.0
2005-01-05,0.0
2005-01-06,0.0
2005-01-07,0.0
2005-01-10,0.0
2005-01-11,0.0
2005-01-12,0.0
2005-01-13,0.0
2005-01-14,0.0
2005-01-18,0.0
2005-01-19,0.0
2005-01-20,0.0
2005-01-21,0.0
2005-01-24,0.0
2005-01-25,0.0
2005-01-26,0.0
2005-01-27,0.0
2005-01-28,0.0
2005-01-31,0.0
2005-02-01,0.0
2005-02-02,0.0
2005-02-03,0.0
2005-02-04,0.0
2005-02-07,0.0
2005-02-08,0.0
2005-02-09,0.0
2005-02-10,0.0
2005-02-11,0.0
2005-02-14,0.0
2005-02-15,0.0
2005-02-16,0.0
2005-02-17,0.0
2005-02-18,0.0
2005-02-22,0.0
2005-02-23,0.0
2005-02-24,0.0
2005-02-25,0.0
2005-02-28,0.0
2005-03-01,0.0
2005-03-02,0.0
2005-03-03,0.0
2005-03-04,0.0
2005-03-07,0.0
2005-03-08,0.0
2005-03-09,0.0
2005-03-10,0.0
2005-03-11,0.0
2005-03-14,0.0
2005-03-15,0.0
2005-03-16,0.0
2005-03-17,0.0
2005-03-18,0.0
2005-03-21,0.0
2005-03-22,0.0
2005-03-23,0.0
2005-03-24,0.0
2005-03-28,0.0
2005-03-29,0.0
2005-03-30,0.0
2005-03-31,0.0
2005-04-01,0.0
2005-04-04,0.0
2005-04-05,0.0
2005-04-06,0.0
2005-04-07,0.0
2005-04-08,0.0
2005-04-11,0.0
2005-04-12,0.0
2005-04-13,0.0
2005-04-14,0.0
2005-04-15,0.0
2005-04-18,0.0
2005-04-19,0.0
2005-04-20,0.0
2005-04-21,0.0
2005-04-22,0.0
2005-04-25,0.0
2005-04-26,0.0
2005-04-27,0.0
2005-04-28,0.0
2005-04-29,0.0
2005-05-02,0.0
2005-05-03,0.0
2005-05-04,0.0
2005-05-05,0.0
2005-05-06,0.0
2005-05-09,0.0
2005-05-10,0.0
2005-05-11,0.0
2005-05-12,0.0
2005-05-13,0.0
2005-05-16,0.0
2005-05-17,0.0
2005-05-18,0.0
2005-05-19,0.0
2005-05-20,0.0
2005-05-23,0.0
2005-05-24,0.0
2005-05-25,0.0
2005-05-26,0.0
2005-05-27,0.0
2005-05-31,0.0
2005-06-01,0.0
2005-06-02,0.0
2005-06-03,0.0
2005-06-06,0.0
2005-06-07,0.0
2005-06-08,0.0
2005-06-09,0.0
2005-06-10,0.0
2005-06-13,0.0
2005-06-14,0.0
2005-06-15,0.0
2005-06-16,0.0
2005-06-17,0.0
2005-06-20,0.0
2005-06-21,0.0
2005-06-22,0.0
2005-06-23,0.0
2005-06-24,0.0
2005-06-27,0.0
2005-06-28,0.0
2005-06-29,0.0
2005-06-30,0.0
2005-07-01,0.0
2005-07-05,0.0
2005-07-06,-0.0005860818504860151
2005-07-07,-2.1350983835182597e-05
2005-07-08,0.003161198211974223
2005-07-11,0.0020926055233413798
2005-07-12,0.000517523698104547
2005-07-13,-0.0008224426566553035
2005-07-14,-0.0007695334589227526
2005-07-15,-0.00023051102907364112
2005-07-18,4.227094358239707e-05
2005-07-19,0.0014506210465637702
2005-07-20,0.0008393401987158867
2005-07-21,-0.000683372493100934
2005-07-22,0.0003400966188262447
2005-07-25,-0.0010015737590526412
2005-07-26,0.003120580381271962
2005-07-27,0.0005998529854132008
2005-07-28,0.0014105543503054579
2005-07-29,0.00039565955961093276
2005-08-01,0.0021179420968595094
2005-08-02,0.002483057549772596
2005-08-03,-0.001616760478779707
2005-08-04,-0.002411702959588738
2005-08-05,-0.0014543123627103291
2005-08-08,8.058152719629758e-05
2005-08-09,0.0014793337060796997
2005-08-10,0.0016444465176461175
2005-08-11,-0.00038647183509566644
2005-08-12,-0.0028838588725679437
2005-08-15,0.000609071947682914
2005-08-16,-0.0027462623051639377
2005-08-17,-0.0006552887350420632
2005-08-18,-0.0027936939964984596
2005-08-19,-4.200272931404052e-05
2005-08-22,0.0009360087037240141
2005-08-23,-0.0015198950818595602
2005-08-24,-0.0005703946885391559
2005-08-25,0.0006117986188147879
2005-08-26,-0.0007940350352293743
2005-08-29,0.00046957260085534424
2005-08-30,2.0376726348056364e-05
2005-08-31,0.00017266659773766246
2005-09-01,-0.002285326184103993
2005-09-02,-0.0003652403469013401
2005-09-06,0.0015894048125792678
2005-09-07,-3.3171591085546094e-05
2005-09-08,-0.0006127863170309015
2005-09-09,0.0009069092357199006
2005-09-12,-3.701404749162926e-05
2005-09-13,-0.0018955552571796404
2005-09-14,-0.0013810522792646628
2005-09-15,-0.0002070467184147846
2005-09-16,0.0027006439362589913
2005-09-19,-0.00204845155257446
2005-09-20,-0.0005506899353064248
2005-09-21,-0.002334773157766482
2005-09-22,-0.0013184920581321004
2005-09-23,0.0009202082084916893
2005-09-26,0.0018894787709845897
2005-09-27,-0.001248865247900231
2005-09-28,-8.901182153108795e-05
2005-09-29,0.002889813182331486
2005-09-30,0.0008273747594953513
2005-10-03,0.0022527507883848344
2005-10-04,-0.001724837959650197
2005-10-05,-0.0035704791214448404
2005-10-06,-4.08176305629196e-05
2005-10-07,-0.00017753679384576362
2005-10-10,-0.00047746796392141835
2005-10-11,-2.1849677923483355e-05
2005-10-12,-0.0006511243301940447
2005-10-13,0.0001855324124075908
2005-10-14,0.0008913626946330424
2005-10-17,-7.286262849940943e-05
2005-10-18,-0.0038274450687739428
2005-10-19,0.00025940671468722976
2005-10-20,-0.0016018332072061138
2005-10-21,-0.00045190738645912624
2005-10-24,0.00278015810046157
2005-10-25,0.0016848176184655773
2005-10-26,0.0020325621922013385
2005-10-27,-0.006163717339464217
2005-10-28,0.0027315274657164676
2005-10-31,-0.000978414661859437
2005-11-01,0.0004829721915420532
2005-11-02,0.00492797687433102
2005-11-03,0.0029928876012392048
2005-11-04,-0.0007344499485310255
2005-11-07,-0.000978138866227572
2005-11-08,-0.004813760549675798
2005-11-09,0.005475971594507412
2005-11-10,-0.0032545424784538065
2005-11-11,0.0010874001096988738
2005-11-14,0.003671186311574758
2005-11-15,-0.004894720076073453
2005-11-16,-0.0015774447434892937
2005-11-17,0.004372012821483114
2005-11-18,0.00310982040407848
2005-11-21,0.0006688250462872775
2005-11-22,-0.00034161149274248453
2005-11-23,0.002751738328752173
2005-11-25,-0.0010889459007336496
2005-11-28,-0.004583843769460721
2005-11-29,0.0033048255945490783
2005-11-30,-0.0016671645568498469
2005-12-01,0.008407740990907237
2005-12-02,0.0006041769680660402
2005-12-05,0.0031025626704445537
2005-12-06,-0.0010194468239404994
2005-12-07,0.00030554552186834726
2005-12-08,-0.0018590327526732623
2005-12-09,0.005600683574038474
2005-12-12,0.00309466075470287
2005-12-13,-0.001176333627043512
2005-12-14,-0.006497056956608569
2005-12-15,-0.0014081041650587781
2005-12-16,-0.001983155000343931
2005-12-19,-0.0012751011068000062
2005-12-20,-0.0008323967627987826
2005-12-21,0.003881412311668828
2005-12-22,0.00042213534905296093
2005-12-23,-0.0023784971271238195
2005-12-27,-0.005102674487057928
2005-12-28,0.0026130265075150557
2005-12-29,-0.00030634400959968076
2005-12-30,-0.0003014830308374113
2006-01-03,0.007241244998442114
2006-01-04,0.0005200528137243134
2006-01-05,0.00021974360134406298
2006-01-06,0.005650825664953861
2006-01-09,0.00113880640560322
2006-01-10,0.0013651626897343786
2006-01-11,0.002964915462951075
2006-01-12,-0.002469806649177441
2006-01-13,-0.001573260154055504
2006-01-17,-0.00180413528404171
2006-01-18,-0.0013026496307972932
2006-01-19,0.0035953493508020257
2006-01-20,-0.0029645480291954763
2006-01-23,0.001096257494817051
2006-01-24,0.002153011810185641
2006-01-25,0.003362412664429629
2006-01-26,0.002528883463995447
2006-01-27,0.0007900854541324803
2006-01-30,0.0009864404056724656
2006-01-31,1.2825425995475223e-05
2006-02-01,0.0015517135147727242
2006-02-02,-0.001757039349303061
2006-02-03,-0.0022054746655864794
2006-02-06,0.0007897686794347794
2006-02-07,-0.0021131371858804835
2006-02-08,0.0006206284827460299
2006-02-09,0.0006869121787725643
2006-02-10,0.00029793825844715385
2006-02-13,-0.0019093286399476225
2006-02-14,0.002162500712484796
2006-02-15,-0.0014605214886694172
2006-02-16,0.0017298419139948587
2006-02-17,-0.0017968751539040242
2006-02-21,0.0007839132999793216
2006-02-22,-0.0004891658848132348
2006-02-23,0.0005995755116582584
2006-02-24,0.0004151639001464411
2006-02-27,0.0008290293197488578
2006-02-28,-0.0039673206840840506
2006-03-01,0.0056215005176009965
2006-03-02,0.0026657328269398192
2006-03-03,-4.597414421977756e-05
2006-03-06,0.004802016422796532
2006-03-07,-0.004550573749708383
2006-03-08,0.0010294808653953202
2006-03-09,0.0009557006943577008
2006-03-10,0.0031324407395892607
2006-03-13,0.001033684469517403
2006-03-14,-0.0008677570146884321
2006-03-15,0.005098494825431985
2006-03-16,-0.003236424825689866
2006-03-17,0.0025503510843157655
2006-03-20,-0.0017168144627725782
2006-03-21,-0.0005813953629530238
2006-03-22,0.0011021918224819658
2006-03-23,-0.0008578511316281972
2006-03-24,-0.0007150655078917
2006-03-27,0.0017744828988504066
2006-03-28,0.003108153493542226
2006-03-29,0.0073449369590167886
2006-03-30,0.003836314436609157
2006-03-31,0.0004048058355937736
2006-04-03,-0.00043345394818456183
2006-04-04,0.0004272289692425162
2006-04-05,-0.00055375098619254
2006-04-06,0.0031888260154110484
2006-04-07,-0.0009028433473278433
2006-04-10,0.0012447374933625983
2006-04-11,-0.005881308434316227
2006-04-12,0.004516246583218249
2006-04-13,0.00348164906220008
2006-04-17,0.0004631215677245317
2006-04-18,0.00423275835098383
2006-04-19,0.004934651687118521
2006-04-20,-0.0027594000138183904
2006-04-21,0.00027788273621552834
2006-04-24,-0.003832972478720203
2006-04-25,0.005055150188847208
2006-04-26,0.0032195017712684363
2006-04-27,-0.0037604336379126603
2006-04-28,0.0009237181235861804
2006-05-01,0.0026977275225573
2006-05-02,0.003376517944560274
2006-05-03,0.00010103603785923532
2006-05-04,0.0044601654001874295
2006-05-05,0.0010924588821607008
2006-05-08,-0.00043778828799906095
2006-05-09,0.0016578199239487912
2006-05-10,-0.0015519488629582546
2006-05-11,-0.002986893604983539
2006-05-12,-0.0011198946014284578
2006-05-15,-0.004007477030171192
2006-05-16,-0.0031017185746164324
2006-05-17,-0.003663701021010188
2006-05-18,-0.008109418024731934
2006-05-19,0.0016771030540102076
2006-05-22,-0.006447696617834161
2006-05-23,0.0007776011268405057
2006-05-24,-0.002939204552806656
2006-05-25,0.0051046512123781515
2006-05-26,-0.00038080469192585233
2006-05-30,-0.002201088898305301
2006-05-31,0.0012765631783521803
2006-06-01,-0.001597475998900898
2006-06-02,-0.0048087202155317225
2006-06-05,-0.0011018071276292798
2006-06-06,-0.004426827661714175
2006-06-07,6.571300038065144e-05
2006-06-08,-0.003974258302749131
2006-06-09,-0.0028644924511678285
2006-06-12,-0.0023359605317881836
2006-06-13,-0.010234581671713863
2006-06-14,-0.004300910620408025
2006-06-15,0.006504972773494249
2006-06-16,-0.0005555962741058585
2006-06-19,-0.001244205070905877
2006-06-20,0.0011273298531809652
2006-06-21,0.002452296713392407
2006-06-22,0.0011990675120266865
2006-06-23,0.0005998196483590306
2006-06-26,0.0029539679194381476
2006-06-27,-0.0038369200690336865
2006-06-28,0.0016550143380703274
2006-06-29,0.0032647345507824037
2006-06-30,-0.001937477533217276
2006-07-03,0.003731723423744239
2006-07-05,0.003275406246216148
2006-07-06,-0.0017674880777260127
2006-07-07,-0.003637477928442245
2006-07-10,0.0008475091394058174
2006-07-11,0.0005243463952493546
2006-07-12,-0.000678970706714143
2006-07-13,-0.001929788330577001
2006-07-14,-0.0016433044468946124
2006-07-17,-0.005735797591028971
2006-07-18,-0.0003433661143464168
2006-07-19,0.0018511743348003282
2006-07-20,-0.001926715975678295
2006-07-21,-0.000575424115865652
2006-07-24,0.00014537593955714923
2006-07-25,0.002557643869550723
2006-07-26,0.001396268776539559
2006-07-27,0.003105820245171665
2006-07-28,0.002178327628068166
2006-07-31,-0.0011255121596894227
2006-08-01,0.004615720818951816
2006-08-02,-0.0005579819438478201
2006-08-03,-0.0013879470955087284
2006-08-04,0.0016584311941225387
2006-08-07,-0.0010655615423325435
2006-08-08,-0.0024014799966166453
2006-08-09,0.0025731035515427665
2006-08-10,-0.002582941238159498
2006-08-11,-0.00045064163024280315
2006-08-14,0.0009509011386314953
2006-08-15,-0.0016801927786219417
2006-08-16,-0.001850211701889812
2006-08-17,-0.0031172475242985226
2006-08-18,9.315732864225779e-05
2006-08-21,0.002568797153731644
2006-08-22,0.0001566953376419151
2006-08-23,-0.0011971238561364224
2006-08-24,0.0011400636966619451
2006-08-25,-0.00022525161446480964
2006-08-28,-0.0019045976115974798
2006-08-29,-0.0005023137346370794
2006-08-30,-0.0003606383364845077
2006-08-31,0.0010457232658581935
2006-09-01,-0.0006389282873540975
2006-09-05,0.003968156884060366
2006-09-06,-0.0008535262855935003
2006-09-07,-0.004493389378926101
2006-09-08,0.0001674782656485109
2006-09-11,-0.0029405684840826825
2006-09-12,-0.0013889515523522905
2006-09-13,-0.00011440959440682259
2006-09-14,-0.0014330160329804275
2006-09-15,-9.538423146653442e-05
2006-09-18,1.823548336569265e-05
2006-09-19,-0.0007964577746792795
2006-09-20,-0.0016792208483332018
2006-09-21,0.0021511675419325998
2006-09-22,0.0036642035687181975
2006-09-25,-0.00137447684778128
2006-09-26,-0.0014916967094447489
2006-09-27,0.0034976510376726116
2006-09-28,-0.0007959106393359641
2006-09-29,0.0009417760769071895
2006-10-02,0.0014240118546619352
2006-10-03,0.0017195076968445479
2006-10-04,0.003678686597806611
2006-10-05,-0.0032492062872035666
2006-10-06,-0.004582021361123394
2006-10-09,0.0010056361758383598
2006-10-10,-0.0010558796430521016
2006-10-11,-0.0005047281314543271
2006-10-12,0.0015265756285024095
2006-10-13,-4.8731827856433435e-05
2006-10-16,-0.0003921283665351004
2006-10-17,0.0007450228113367665
2006-10-18,0.0024528509076993275
2006-10-19,-0.0030280469575411388
2006-10-20,0.0010239083811059996
2006-10-23,0.003277805522223469
2006-10-24,-0.0008149477837560452
2006-10-25,0.0015245914633822185
2006-10-26,0.003844200540493479
2006-10-27,-0.001760355521618767
2006-10-30,0.0021616944210724118
2006-10-31,0.0002674734082310572
2006-11-01,-0.0010515258802975358
2006-11-02,-0.003877565609506745
2006-11-03,-0.007228223103015529
2006-11-06,0.0028119705350326055
2006-11-07,0.0007778455720019869
2006-11-08,0.002446832523714744
2006-11-09,-0.004009281074099008
2006-11-10,0.004233976938516193
2006-11-13,0.0021275484505375994
2006-11-14,0.005193565580952924
2006-11-15,0.0003391113429599872
2006-11-16,0.001514944613537223
2006-11-17,-0.0012873095251680247
2006-11-20,0.0018735654038594975
2006-11-21,0.0007861243643791936
2006-11-22,0.0004130198486713278
2006-11-24,-0.0017360752769481796
2006-11-27,-0.0058963429157901865
2006-11-28,0.000611815464861851
2006-11-29,0.0018172252196051782
2006-11-30,-0.0002887232983199094
2006-12-01,-0.0012959310933019137
2006-12-04,0.0036791416629500533
2006-12-05,0.0013527391191645991
2006-12-06,0.00017940107243608403
2006-12-07,-9.691305336366444e-05
2006-12-08,0.0011207679763783108
2006-12-11,0.0006451899193839717
2006-12-12,-0.0011498417429876883
2006-12-13,0.0016820729482591077
2006-12-14,0.0017330105282116733
2006-12-15,-0.00012643273415563608
2006-12-18,-0.0005099409134902967
2006-12-19,-0.0006032926819803693
2006-12-20,0.00035037166946744354
2006-12-21,-0.0011723724655087783
2006-12-22,0.00015753404006590375
2006-12-26,0.0021454254884542725
2006-12-27,0.003961468270418894
2006-12-28,0.0006730878147767887
2006-12-29,-0.0006446022217877362
2007-01-03,0.000687085176152918
2007-01-04,0.0009458337012552944
2007-01-05,-0.005837584995990295
2007-01-08,0.0008299032285200411
2007-01-09,-0.0004322587332769342
2007-01-10,0.003620114626395634
2007-01-11,0.006316024877427905
2007-01-12,0.003577626272951217
2007-01-16,0.0016788206353527204
2007-01-17,-0.002039646518003293
2007-01-18,-0.001674541637952547
2007-01-19,0.001811357295761223
2007-01-22,-0.0026224643674420843
2007-01-23,8.308776085057604e-05
2007-01-24,0.0010409648404789266
2007-01-25,-0.0009626789293648831
2007-01-26,-0.00022993809292514038
2007-01-29,0.0005661743506537688
2007-01-30,-0.0010368591702710056
2007-01-31,-0.0019396612610941889
2007-02-01,0.002051630032788519
2007-02-02,-0.00032180685506968444
2007-02-05,-0.00014655062539232927
2007-02-06,0.003171909237120666
2007-02-07,0.005599124911121986
2007-02-08,-0.0037706716687604
2007-02-09,-0.0012658010527238535
2007-02-12,-0.00010032598449861584
2007-02-13,0.0018122725413178588
2007-02-14,-0.0018799322704977609
2007-02-15,0.0002764041979520282
2007-02-16,-0.000786067613637404
2007-02-20,0.001942857158826407
2007-02-21,-0.0010102680126657126
2007-02-22,0.0004753659436330497
2007-02-23,-0.002730327553099164
2007-02-26,-0.0019294857887141698
2007-02-27,-0.01441946029609773
2007-02-28,0.001845801404265297
2007-03-01,-0.002279209633376177
2007-03-02,-0.0037191154874629357
2007-03-05,-0.003224624246331897
2007-03-06,0.008921934955132254
2007-03-07,-0.002207778277647422
2007-03-08,0.002082093357483593
2007-03-09,0.005890150277063737
2007-03-12,0.0025473181315393218
2007-03-13,-0.005160276344178744
2007-03-14,0.0003363939528349622
2007-03-15,0.0016512235118317509
2007-03-16,0.00012792592695476488
2007-03-19,0.0018159875364699128
2007-03-20,0.0004913061769086202
2007-03-21,0.0001429250145889438
2007-03-22,-0.00018462896383717006
2007-03-23,1.5154665467223723e-05
2007-03-26,-0.001998331920793058
2007-03-27,-0.0010127596437354313
2007-03-28,-0.0016040760247698603
2007-03-29,-7.765369468088422e-05
2007-03-30,0.0017461810736502654
2007-04-02,0.0003858668450326091
2007-04-03,0.0062319939655030715
2007-04-04,-0.0008235136834425943
2007-04-05,0.0019911311339117477
2007-04-09,0.00445555401189715
2007-04-10,0.0008206498495404511
2007-04-11,-0.0017422644368857237
2007-04-12,-0.0004538925664297857
2007-04-13,0.004510256831604144
2007-04-16,0.0019104919404096827
2007-04-17,-0.0012233713584830536
2007-04-18,-0.0014504669447292346
2007-04-19,-0.0009290156068295366
2007-04-20,0.002795211571189726
2007-04-23,-0.003041367247090413
2007-04-24,-0.000992032369866117
2007-04-25,0.0020338810655330768
2007-04-26,-0.0002659739693280498
2007-04-27,-0.0007168354754384878
2007-04-30,-0.0033342532020694347
2007-05-01,0.0007522033687904012
2007-05-02,0.002237504242114067
2007-05-03,0.0044242220642893544
2007-05-04,0.002898006509793726
2007-05-07,0.0008345199576119746
2007-05-08,-0.002935669618310554
2007-05-09,0.005449332128055183
2007-05-10,-0.009033591784972131
2007-05-11,0.006340531546096941
2007-05-14,-0.0004554324393208458
2007-05-15,-0.00030347353552555637
2007-05-16,0.0036857263793249936
2007-05-17,-0.0016873475096331003
2007-05-18,0.005127137453399768
2007-05-21,-0.002168548153214175
2007-05-22,0.0030325396151453868
2007-05-23,0.0009623547649177811
2007-05-24,-0.004706631370616771
2007-05-25,0.002913459788225694
2007-05-29,-0.0008285245202370515
2007-05-30,0.0014822413438083401
2007-05-31,0.0004479172669337449
2007-06-01,0.004889104271787984
2007-06-04,-0.0026805047212196216
2007-06-05,0.0012362509441250689
2007-06-06,-0.005775606781887488
2007-06-07,-0.0004702658929106476
2007-06-08,0.009399094395185999
2007-06-11,0.0026422297498494163
2007-06-12,-0.0022204647198664496
2007-06-13,0.00341917049491917
2007-06-14,0.0043868904849438985
2007-06-15,0.0025793382101233957
2007-06-18,0.0009986254431254313
2007-06-19,-0.0016549860036984359
2007-06-20,-0.0029512212551489874
2007-06-21,0.006500692958941902
2007-06-22,-0.009322247854923551
2007-06-25,-0.0016358293715254264
2007-06-26,-0.001930944347889954
2007-06-27,0.0036915390609606963
2007-06-28,-0.0009311374983447277
2007-06-29,-0.0024725319643515583
2007-07-02,0.004708356976401747
2007-07-03,0.0035184738467232534
2007-07-05,0.0027116578575222114
2007-07-06,0.005204020242959101
2007-07-09,-0.0004970374803579498
2007-07-10,-0.007593248758822782
2007-07-11,0.005527726611332329
2007-07-12,0.004799185607888274
2007-07-13,0.0005908909930401414
2007-07-16,-0.004064329225558153
2007-07-17,0.002754965497636948
2007-07-18,-0.0017409939262307635
2007-07-19,0.002699509560125256
2007-07-20,-0.002339068873062209
2007-07-23,0.0037252364857833665
2007-07-24,-0.008759077675543327
2007-07-25,0.0025546396091411733
2007-07-26,-0.007300164842734167
2007-07-27,0.003122047230720434
2007-07-30,0.003000321990718758
2007-07-31,0.00022916762516297148
2007-08-01,-0.0046018965342299
2007-08-02,-6.962376289254885e-05
2007-08-03,-0.0037016992530048707
2007-08-06,-0.009172628701940706
2007-08-07,-0.0006669573552493891
2007-08-08,-0.002717803357839147
2007-08-09,-0.006489690184148771
2007-08-10,-0.001200510973019379
2007-08-13,0.0024527995138066637
2007-08-14,-0.0011987841398419666
2007-08-15,0.0017759346206712677
2007-08-16,-0.006395581432683423
2007-08-17,-0.0006821779138651107
2007-08-20,-0.0009287384255838556
2007-08-21,-0.00039727579637149836
2007-08-22,-0.001737696130806259
2007-08-23,0.0013861484318254248
2007-08-24,-3.807331810694965e-05
2007-08-27,0.0020489725463486846
2007-08-28,-0.0063740674095176
2007-08-29,0.0004713739028304947
2007-08-30,-0.004421307955085372
2007-08-31,0.0014692756574694694
2007-09-04,0.0012407777863926192
2007-09-05,-0.0031844054391797555
2007-09-06,0.0007428781666161804
2007-09-07,-0.003971186526512677
2007-09-10,0.0009843765671623675
2007-09-11,0.0017779153212049035
2007-09-12,0.004393297661125221
2007-09-13,0.0016165060953060191
2007-09-14,-0.0024325231279325953
2007-09-17,0.0022856278630275966
2007-09-18,0.0024396631498884943
2007-09-19,0.0016675248339565111
2007-09-20,0.008691684668027957
2007-09-21,-0.002366143083002719
2007-09-24,-0.0020983643968920046
2007-09-25,0.00042118535762323476
2007-09-26,0.0010234683451755767
2007-09-27,0.006155705927583596
2007-09-28,-0.0010668118884598003
2007-10-01,0.0002028970106479626
2007-10-02,-0.004563651509569009
2007-10-03,-0.002461957160012473
2007-10-04,0.0004318897366994321
2007-10-05,0.0032183007520989065
2007-10-08,-0.0035552995233878964
2007-10-09,0.004975773224078556
2007-10-10,-0.000593755275134664
2007-10-11,0.0005851193970624534
2007-10-12,0.005874979685791299
2007-10-15,0.0026326316032244798
2007-10-16,0.0018444165761722405
2007-10-17,2.6859684248260003e-07
2007-10-18,0.004922101741088661
2007-10-19,0.002676508716024906
2007-10-22,-0.0049077619521353715
2007-10-23,-0.0001738358706756581
2007-10-24,0.004251786008754178
2007-10-25,0.006134090203106647
2007-10-26,0.0018296599864101913
2007-10-29,0.006736038604717124
2007-10-30,-0.0051010866846825115
2007-10-31,0.003851682810208492
2007-11-01,0.005260391458252738
2007-11-02,0.01046618170992291
2007-11-05,-0.0002716135188394217
2007-11-06,0.0030232241873373936
2007-11-07,0.005530052982795021
2007-11-08,0.0005067420438610345
2007-11-09,0.005107436535887102
2007-11-12,-0.007016577765510188
2007-11-13,-0.009770711773372878
2007-11-14,0.003214487493331757
2007-11-15,0.002803471018003017
2007-11-16,0.005935637703898763
2007-11-19,0.01010614764690992
2007-11-20,0.005866998104947481
2007-11-21,0.00905165367132207
2007-11-23,-0.0013576799751501161
2007-11-26,0.011817412546285044
2007-11-27,-0.006868157281810829
2007-11-28,-0.01396805567007128
2007-11-29,-0.00016731489545080625
2007-11-30,-0.00975954100547881
2007-12-03,0.009679057447649334
2007-12-04,0.007679545141480772
2007-12-05,-0.009658282101081774
2007-12-06,-0.003112702008214557
2007-12-07,-0.004561737726550871
2007-12-10,-0.0020255927008336707
2007-12-11,0.013126042197958043
2007-12-12,0.007071783763032605
2007-12-13,-0.0060504088675656376
2007-12-14,0.00376205798367905
2007-12-17,0.0028267886111865113
2007-12-18,-0.0003819247713399941
2007-12-19,0.005248152927000794
2007-12-20,-0.001999305634463536
2007-12-21,-0.0011930620266020478
2007-12-24,-0.0014835293358151306
2007-12-26,0.005652945023859146
2007-12-27,0.003154458314867372
2007-12-28,0.006591979603208157
2007-12-31,0.002436218923827106
2008-01-02,0.011029677317756337
2008-01-03,0.003958879832344675
2008-01-04,0.00902400512520405
2008-01-07,-0.005341870886756318
2008-01-08,0.008076274108922237
2008-01-09,-0.0053419783547042545
2008-01-10,-0.004460572913043836
2008-01-11,0.012803189080778902
2008-01-14,0.0014361333610722047
2008-01-15,0.007617064549831579
2008-01-16,-0.0056922560323640434
2008-01-17,0.011797369752395828
2008-01-18,-3.545992558875771e-05
2008-01-22,1.5602217442910226e-05
2008-01-23,-0.015350663258030034
2008-01-24,-0.0030943124034379047
2008-01-25,0.009567302791466843
2008-01-28,-0.0038330785733319316
2008-01-29,-0.005331614587371424
2008-01-30,0.004314095487721928
2008-01-31,-0.006846875304380242
2008-02-01,-0.00821148815451456
2008-02-04,0.0006211623102348263
2008-02-05,0.005875408688297323
2008-02-06,-0.00024205998553876104
2008-02-07,-0.009392138251338365
2008-02-08,0.01559969078094903
2008-02-11,0.003640090406254662
2008-02-12,-0.010624248340302983
2008-02-13,-0.008570788953113853
2008-02-14,0.007062823379952442
2008-02-15,0.0017180447916769082
2008-02-19,0.009122845015905975
2008-02-20,0.0009347123080162528
2008-02-21,0.00553314971749509
2008-02-22,0.0012058909516358576
2008-02-25,-0.0048452903980167605
2008-02-26,0.0053840568633285076
2008-02-27,-0.0006599330592496747
2008-02-28,0.012095815821717126
2008-02-29,0.0017016393962686746
2008-03-03,0.006889171764183986
2008-03-04,-0.0074961488925856185
2008-03-05,0.008420120719807316
2008-03-06,0.01211869343602912
2008-03-07,-0.004977307150663377
2008-03-10,0.009725247582802122
2008-03-11,-0.017314478760624006
2008-03-12,0.00981532637862264
2008-03-13,-0.00363879898217464
2008-03-14,0.005611027419280763
2008-03-17,-0.009974595714658193
2008-03-18,-0.017890006745234936
2008-03-19,0.00047417072727110043
2008-03-20,-0.01545582567434746
2008-03-24,-0.013281524161999028
2008-03-25,0.0036110805702469226
2008-03-26,0.00659918814812854
2008-03-27,0.0030327763361840646
2008-03-28,0.001540813721181151
2008-03-31,-0.00587834626478711
2008-04-01,-0.022493755236671468
2008-04-02,0.007315120739815184
2008-04-03,0.0014243318954121774
2008-04-04,0.0050054418180297145
2008-04-07,0.0013562172595121946
2008-04-08,-0.000880594124308219
2008-04-09,0.01454263189867826
2008-04-10,-0.005517554667387886
2008-04-11,0.00919735833537293
2008-04-14,0.0010650116558425455
2008-04-15,-0.003733873233046051
2008-04-16,-0.010112712799966821
2008-04-17,-0.001128402297924067
2008-04-18,-0.008359443773758194
2008-04-21,-0.00036799250942264045
2008-04-22,0.00810278925732246
2008-04-23,-0.0037432328088541082
2008-04-24,-0.011059797422148777
2008-04-25,-0.0048203674546190775
2008-04-28,0.0015346392064244732
2008-04-29,-0.00180188286981513
2008-04-30,0.0026579987243924297
2008-05-01,-0.010709388069622018
2008-05-02,-0.00022543253825137643
2008-05-05,0.004890570603467907
2008-05-06,-0.00035370075490819485
2008-05-07,0.00716369269462259
2008-05-08,0.0015048432165081895
2008-05-09,0.004321695455370131
2008-05-12,-0.006625346130148075
2008-05-13,-0.005753810508102402
2008-05-14,-0.001953174916834388
2008-05-15,9.890496055219855e-05
2008-05-16,0.0039707292664884685
2008-05-19,1.6562400636280656e-05
2008-05-20,0.007033670364978464
2008-05-21,0.010155580579420065
2008-05-22,-0.008428682886661704
2008-05-23,0.007974463606156623
2008-05-27,-0.009300827397404381
2008-05-28,-0.003609110028559461
2008-05-29,-0.004940534832904554
2008-05-30,-0.0012284404900485323
2008-06-02,0.005925447826111504
2008-06-03,-0.0026439058303057137
2008-06-04,-0.0016777788061684517
2008-06-05,-0.0017894795291626
2008-06-06,0.004318546045033397
2008-06-09,-0.0035255231070938737
2008-06-10,-0.001770134332876466
2008-06-11,0.013926764140114754
2008-06-12,-0.00784089494754621
2008-06-13,-0.0033542410106561374
2008-06-16,0.0005512163937826337
2008-06-17,-0.00034870850705218104
2008-06-18,0.009979885456767904
2008-06-19,-0.0023988802441351287
2008-06-20,0.012796965460296336
2008-06-23,-0.002149646509926128
2008-06-24,0.004452589985830618
2008-06-25,-0.00514705554866586
2008-06-26,0.022491731710985348
2008-06-27,0.0009875950770432402
2008-06-30,-0.003751091353496282
2008-07-01,0.005148144075003024
2008-07-02,0.014101667913710196
2008-07-03,-0.002137195373236425
2008-07-07,0.0006120786340307589
2008-07-08,-0.01425829261100256
2008-07-09,0.007242940417681397
2008-07-10,0.0017386695940376558
2008-07-11,0.007092866086111392
2008-07-14,0.0028385048735064494
2008-07-15,0.0010376658564759161
2008-07-16,-0.01291638638643065
2008-07-17,-0.01199446181954209
2008-07-18,-0.0018168779660445692
2008-07-21,0.0015939874999096435
2008-07-22,-0.00289154505283124
2008-07-23,-0.002074998673056049
2008-07-24,-0.0010932412662782575
2008-07-25,-0.0025285469202399884
2008-07-28,0.0007167826148739481
2008-07-29,-0.007269177005639706
2008-07-30,-0.001104083123203014
2008-07-31,-0.0011456957071885603
2008-08-01,0.003022147376715928
2008-08-04,0.0002157309691113576
2008-08-05,-0.0051502450503147215
2008-08-06,-0.0015073637642009855
2008-08-07,-0.0030912316656982195
2008-08-08,0.00017525737321256248
2008-08-11,0.006036949802745851
2008-08-12,0.0028641780579444884
2008-08-13,-0.00283143634933798
2008-08-14,0.006769209877851093
2008-08-15,0.00582140932711216
2008-08-18,-0.0059490756304982975
2008-08-19,-0.001551147152704515
2008-08-20,0.00031585314559665425
2008-08-21,-0.007804537264978787
2008-08-22,0.000772874668773444
2008-08-25,0.0027194420003078647
2008-08-26,-0.001027602415680236
2008-08-27,0.00022182078767740509
2008-08-28,0.0018914957897301124
2008-08-29,-0.004230286218210373
2008-09-02,0.00636385721595375
2008-09-03,0.0021192056163443114
2008-09-04,-0.0004056662410639254
2008-09-05,-0.00011209984640779284
2008-09-08,0.0030884161271855894
2008-09-09,0.000655869177955597
2008-09-10,-0.0003996197970949872
2008-09-11,0.0005350920343465763
2008-09-12,-0.008525900448975781
2008-09-15,0.0003584977620621284
2008-09-16,0.0015217978445024446
2008-09-17,-0.00415578805571672
2008-09-18,-0.0025778396666777696
2008-09-19,-0.010083488845482247
2008-09-22,-0.0029698338149603412
2008-09-23,-0.002600385975489533
2008-09-24,0.0016465563077005824
2008-09-25,-0.002232981610472385
2008-09-26,0.0029043396304257213
2008-09-29,0.015429376062073896
2008-09-30,-0.014578747533495477
2008-10-01,0.005199528894727304
2008-10-02,0.006852122589678428
2008-10-03,0.0027808855939118857
2008-10-06,0.014512646284908663
2008-10-07,-0.0017733115393796508
2008-10-08,-0.011327349608239001
2008-10-09,0.005597475518089856
2008-10-10,-0.011093176944449829
2008-10-13,-0.020131346238185962
2008-10-14,0.0055933282643982835
2008-10-15,0.01994517077373231
2008-10-16,-0.00908888287812856
2008-10-17,-8.403849259005144e-05
2008-10-20,-0.00017821490678086123
2008-10-21,0.006908382841794294
2008-10-22,0.009198667275504283
2008-10-23,-0.002634768897025418
2008-10-24,0.005673218014761495
2008-10-27,-0.0009034604192260039
2008-10-28,-0.015616346152934082
2008-10-29,-7.632319027631109e-05
2008-10-30,-0.004218308729298684
2008-10-31,-0.004928347944052668
2008-11-03,0.0033853468101576103
2008-11-04,2.522511996962346e-05
2008-11-05,0.008528045020554015
2008-11-06,0.004130322156964468
2008-11-07,-0.006797388053340712
2008-11-10,0.0031072580461535527
2008-11-11,0.0029079335904171645
2008-11-12,0.003948949744532842
2008-11-13,-0.009651176665497632
2008-11-14,0.0060373407992444965
2008-11-17,0.0030058283128254234
2008-11-18,0.0011044049190777946
2008-11-19,0.0067796659931432576
2008-11-20,0.00711049793732103
2008-11-21,-0.0034383601730247383
2008-11-24,-0.006329431543508293
2008-11-25,0.0067115202837932835
2008-11-26,-0.0013307907980895475
2008-11-28,0.0016710026055161975
2008-12-01,0.011752519785685334
2008-12-02,6.611470389625371e-06
2008-12-03,0.001809096607977317
2008-12-04,0.003825693292556663
2008-12-05,-0.003268518632017732
2008-12-08,-0.0026356985152035427
2008-12-09,0.006546666717169697
2008-12-10,-0.0029066573561982003
2008-12-11,0.005157857901927118
2008-12-12,0.000448282818467115
2008-12-15,0.004043660631643574
2008-12-16,0.006705473911320664
2008-12-17,0.0072983014381477335
2008-12-18,0.006749458199853407
2008-12-19,-0.005695885016498825
2008-12-22,0.0020331953296335932
2008-12-23,0.0010606327762883124
2008-12-24,0.0006047824471893092
2008-12-26,0.001080205778165716
2008-12-29,0.0011913917023423299
2008-12-30,2.0580457716200468e-05
2008-12-31,-0.0047959604763411256
2009-01-02,-0.010058308607439137
2009-01-05,-0.0034920676180576673
2009-01-06,-0.011484745975806364
2009-01-07,0.004687382604568333
2009-01-08,0.003542186266977973
2009-01-09,0.0036078401544310345
2009-01-12,0.004126487876319198
2009-01-13,-0.001291240896503474
2009-01-14,0.006250364601935248
2009-01-15,-0.0010410958592528769
2009-01-16,-0.0030427080104707734
2009-01-20,0.00586921143585144
2009-01-21,-0.009441079749969317
2009-01-22,0.0027788391257390624
2009-01-23,-0.00215396968704185
2009-01-26,-0.003209055647363751
2009-01-27,0.006504927392667186
2009-01-28,-0.004740474439629893
2009-01-29,0.0011632680985782292
2009-01-30,0.001949117079836369
2009-02-02,0.0009069300490456064
2009-02-03,-0.004625053355075528
2009-02-04,-0.0013060618635177728
2009-02-05,-0.0006111352479583913
2009-02-06,-0.002197884239700152
2009-02-09,0.0011123817485391985
2009-02-10,0.007620146957073538
2009-02-11,0.000853896073578568
2009-02-12,0.0003361963154877419
2009-02-13,-0.002478931222593068
2009-02-17,0.008943140361138486
2009-02-18,-0.002061544096487693
2009-02-19,-0.0031208524641651216
2009-02-20,0.0038976801156248254
2009-02-23,0.003527702286968743
2009-02-24,-0.007673443822644126
2009-02-25,-0.005338203986465939
2009-02-26,-0.0020385280921427556
2009-02-27,-0.0017593216849961307
2009-03-02,0.007665889457806764
2009-03-03,-0.0025044403168613563
2009-03-04,-0.005238856473314971
2009-03-05,0.009559313724808576
2009-03-06,-0.0020925679973380898
2009-03-09,-0.004171945098461185
2009-03-10,-0.007771374165732836
2009-03-11,0.004121328566058908
2009-03-12,-0.0021164797322240237
2009-03-13,0.0009409513101592754
2009-03-16,1.4629527936643727e-05
2009-03-17,-0.004920446818334188
2009-03-18,0.011156170272976893
2009-03-19,0.002125760416909775
2009-03-20,0.0011300465375072523
2009-03-23,-0.0085337518351289
2009-03-24,0.00032247000459917645
2009-03-25,-0.0008472678889283263
2009-03-26,-0.0006166673991785184
2009-03-27,0.002299266594045948
2009-03-30,0.003802614996871544
2009-03-31,-0.00048160466672750595
2009-04-01,0.000607243415678114
2009-04-02,-0.0077548205562595176
2009-04-03,-0.0054693953831219016
2009-04-06,-0.0003729671100195212
2009-04-07,0.004111556320464134
2009-04-08,0.0007254851599203845
2009-04-09,-0.006163921556818015
2009-04-13,0.00902427259812956
2009-04-14,0.005145324996869829
2009-04-15,-0.0012408627641452795
2009-04-16,-0.006196374343163793
2009-04-17,-0.005384485916071709
2009-04-20,0.007169606691917914
2009-04-21,-0.005110067607440212
2009-04-22,0.0009671577567292698
2009-04-23,-0.0029147472498573896
2009-04-24,-0.0017332771738339707
2009-04-27,-0.003987878508118309
2009-04-28,-3.1980764154572276e-05
2009-04-29,8.323904430003145e-05
2009-04-30,0.0008561511580813465
2009-05-01,-0.004329534252878985
2009-05-04,0.00046837145615826565
2009-05-05,0.006728579201349402
2009-05-06,0.00043169398504589156
2009-05-07,-0.0021310426242450616
2009-05-08,-0.002591338833289758
2009-05-11,-0.0009977879225839844
2009-05-12,0.0018504619724006885
2009-05-13,-0.00013453091258130312
2009-05-14,-0.002717083280555794
2009-05-15,0.00022616207631876307
2009-05-18,-0.0005259700666836524
2009-05-19,0.0016116265362736133
2009-05-20,-0.00019274574367101228
2009-05-21,0.003359265835072578
2009-05-22,0.0016054323680187426
2009-05-26,0.001969367165850254
2009-05-27,-0.0008268171286949391
2009-05-28,-0.00011719955169684632
2009-05-29,-0.0012048826812268505
2009-06-01,0.003790424649238541
2009-06-02,0.0009817904700842749
2009-06-03,-0.0034794414863633548
2009-06-04,0.003137479783096202
2009-06-05,0.0025678870160219585
2009-06-08,0.001191442902832322
2009-06-09,0.0001367460760056321
2009-06-10,0.0014960860165953655
2009-06-11,0.0031234575685725407
2009-06-12,-0.00507526604254171
2009-06-15,-0.003652438856672929
2009-06-16,-0.0054767275324387734
2009-06-17,0.0023365014759817422
2009-06-18,0.0012643349840600524
2009-06-19,-0.0016535536747702174
2009-06-22,-0.005020282931407227
2009-06-23,-0.0006235567286649126
2009-06-24,0.002569978734992282
2009-06-25,0.0036080199406803384
2009-06-26,-0.0019674170077253698
2009-06-29,0.001526803826645409
2009-06-30,-0.0017381692325712929
2009-07-01,0.001945834658036603
2009-07-02,-0.0023715714894697064
2009-07-06,-0.002745323927694497
2009-07-07,-0.0020697116035884072
2009-07-08,-0.004689716622653451
2009-07-09,0.0017954909852336818
2009-07-10,0.0005525019314217849
2009-07-13,-0.0042035404844422974
2009-07-14,0.005226484374713761
2009-07-15,0.005910067047755875
2009-07-16,0.000703912469873126
2009-07-17,0.0012443319403578645
2009-07-20,0.0023588169665490085
2009-07-21,-0.0019740905502411824
2009-07-22,0.0021282159202046813
2009-07-23,0.004581763289538373
2009-07-24,0.00036088181929141695
2009-07-27,0.0011925074497198562
2009-07-28,0.0004248665376808293
2009-07-29,-0.001180299479964764
2009-07-30,0.0006968110202238679
2009-07-31,-0.002068663882050547
2009-08-03,0.006458843380828715
2009-08-04,0.00048494861249313094
2009-08-05,0.0006515684378645156
2009-08-06,-0.0013743221696384039
2009-08-07,0.0030232214514511685
2009-08-10,-0.0028159705691794745
2009-08-11,-0.00464214225948728
2009-08-12,0.0025726501798369553
2009-08-13,2.2524823209269472e-05
2009-08-14,-0.002165656108894394
2009-08-17,-0.006660552958194836
2009-08-18,0.0021630546846068965
2009-08-19,-0.0010818830657291032
2009-08-20,0.0013896179566991061
2009-08-21,0.0049589851262092305
2009-08-24,-0.0013717644059394445
2009-08-25,-2.9858154317229687e-05
2009-08-26,-0.0015160108111501969
2009-08-27,0.001114984721449655
2009-08-28,-0.001430531782725846
2009-08-31,-0.002825327411351758
2009-09-01,-0.005295360844843976
2009-09-02,-0.002995512610535582
2009-09-03,0.002769583164844412
2009-09-04,0.005154764124727498
2009-09-08,0.003691924170483024
2009-09-09,0.002036569701891469
2009-09-10,-0.0004287283195718216
2009-09-11,-0.0008687650172941549
2009-09-14,0.0024942630928925045
2009-09-15,-0.00020668982157350698
2009-09-16,0.003454806293144424
2009-09-17,-0.0016219891884088498
2009-09-18,0.003114063774645006
2009-09-21,-0.0014582445406260203
2009-09-22,0.0013296527897015632
2009-09-23,-0.003350121796728179
2009-09-24,-0.0031558707545462864
2009-09-25,-0.0014148457118553243
2009-09-28,0.002191928532383202
2009-09-29,-0.0007689967912767081
2009-09-30,-0.0027491894259349344
2009-10-01,-0.006182261708601669
2009-10-02,-0.0008766587624633487
2009-10-05,0.002244845095611027
2009-10-06,0.0025831987181009044
2009-10-07,-0.001995738385669106
2009-10-08,0.002641529198554971
2009-10-09,0.003998028368062032
2009-10-12,-0.0020929438267498213
2009-10-13,-0.0026475932443798017
2009-10-14,0.007148434722596531
2009-10-15,-0.0003012050678711451
2009-10-16,-0.002608538972451495
2009-10-19,3.884215136422579e-05
2009-10-20,-0.0023392054715017084
2009-10-21,0.0009172864079388691
2009-10-22,0.0021324663585418884
2009-10-23,0.0005880000397551295
2009-10-26,0.00048375236233402915
2009-10-27,-0.004418968234666616
2009-10-28,-0.006883049469688888
2009-10-29,0.006509170112264193
2009-10-30,-0.0074778145241566115
2009-11-02,0.000819842641586846
2009-11-03,0.001503416073131979
2009-11-04,0.0012215467267958986
2009-11-05,0.0008768000939846919
2009-11-06,-0.0016120586687864145
2009-11-09,0.0025606023803578307
2009-11-10,2.820576036369096e-05
2009-11-11,-0.0008543485557796756
2009-11-12,-0.001166631679069978
2009-11-13,0.0005031335334414179
2009-11-16,0.0004356601068743746
2009-11-17,-0.0016914402048404812
2009-11-18,6.861511704945401e-05
2009-11-19,-0.0026911843806424335
2009-11-20,-5.832055615075582e-05
2009-11-23,0.0013092878179019405
2009-11-24,-0.00158315092461797
2009-11-25,-0.0007719398741042883
2009-11-27,-0.0036432928459861143
2009-11-30,0.0007716951376212834
2009-12-01,0.0025403030647579193
2009-12-02,0.0023214718700742707
2009-12-03,0.0008327033755889372
2009-12-04,0.0022873624810436717
2009-12-07,-0.0021849545761832767
2009-12-08,-0.0027342119201058286
2009-12-09,0.002580333369422838
2009-12-10,0.0013780841082032351
2009-12-11,0.0010191943624416923
2009-12-14,0.0007872700567766469
2009-12-15,-0.0009589541226315698
2009-12-16,3.157161317056303e-05
2009-12-17,-0.005540084596562697
2009-12-18,0.002156932978089612
2009-12-21,0.005105661170119059
2009-12-22,0.002073609007427659
2009-12-23,0.0007405875206856639
2009-12-24,0.003418139314012132
2009-12-28,0.00047438934328457934
2009-12-29,-0.0014586156399327543
2009-12-30,-0.00023553270311983576
2009-12-31,-0.00271976563964383
2010-01-04,0.003388634310570274
2010-01-05,-0.0015501838736537038
2010-01-06,0.0030054099526084146
2010-01-07,0.00044567778807268476
2010-01-08,-0.0011377945431993277
2010-01-11,0.0005503174516398586
2010-01-12,-0.0063292840258332905
2010-01-13,0.003997542413442488
2010-01-14,-0.0014593350891506992
2010-01-15,-0.003565020006463099
2010-01-19,0.0039816661196719885
2010-01-20,-0.0029430727465129124
2010-01-21,-0.005976412662038262
2010-01-22,-0.003862944638240333
2010-01-25,0.0019062267877127134
2010-01-26,-0.0007605035357488275
2010-01-27,0.0014597975367241765
2010-01-28,-0.0029073837051751808
2010-01-29,-0.0022653665815819176
2010-02-01,0.003034716910485906
2010-02-02,0.000270880262418645
2010-02-03,-4.2415651735905525e-05
2010-02-04,-0.0064163848863953155
2010-02-05,0.0005780639908573484
2010-02-08,-0.00130930619298257
2010-02-09,-0.00451214269346554
2010-02-10,-9.748226410532558e-05
2010-02-11,0.00278895368756575
2010-02-12,1.6961162930984963e-05
2010-02-16,0.0012880445868399361
2010-02-17,0.0032343799253999645
2010-02-18,0.0016344027356674558
2010-02-19,-0.0006535840479043274
2010-02-22,-0.0001847957948290404
2010-02-23,-0.003271785222498081
2010-02-24,-0.0008341399082990898
2010-02-25,-0.0001104849011450607
2010-02-26,0.000552883176160466
2010-03-01,0.002961577490066745
2010-03-02,0.0009417344468221172
2010-03-03,-0.0001789610592502599
2010-03-04,0.0005407284904226098
2010-03-05,0.004315094044504867
2010-03-08,0.0007632285650303675
2010-03-09,0.0006075188024655335
2010-03-10,0.0011762969260062533
2010-03-11,0.0008309102339091808
2010-03-12,-0.0008797524238208455
2010-03-15,-0.0005240070850528005
2010-03-16,0.0011547104025250512
2010-03-17,0.0001287889912969853
2010-03-18,0.0006263300693372334
2010-03-19,-0.0014534341892117135
2010-03-22,0.0016344593028238307
2010-03-23,0.0017323305757297653
2010-03-24,0.0016626025454861612
2010-03-25,0.0009564789219285712
2010-03-26,-0.0010149093415075733
2010-03-29,0.0013364606457149765
2010-03-30,-2.4640811945994137e-05
2010-03-31,-0.0013207456579334594
2010-04-01,0.0017503323816860043
2010-04-05,0.0070517661653894965
2010-04-06,0.0006977217711629957
2010-04-07,-0.004439972291652919
2010-04-08,0.0010678892356220482
2010-04-09,0.0017580014179955203
2010-04-12,-0.0014893070973475645
2010-04-13,0.0009517544971661914
2010-04-14,0.004060066505688323
2010-04-15,-0.0005499623107773142
2010-04-16,-0.005799979886557175
2010-04-19,0.0005410988657573865
2010-04-20,0.003305784998366437
2010-04-21,-9.826778314322278e-05
2010-04-22,0.004761067045075144
2010-04-23,0.004443310703587605
2010-04-26,-0.0002730467525849377
2010-04-27,-0.007462782052792544
2010-04-28,0.0026174240548411864
2010-04-29,0.002570919205655859
2010-04-30,-0.007513201600940197
2010-05-03,0.005107554524347835
2010-05-04,-0.004408365831090656
2010-05-05,-0.0007415650302105741
2010-05-06,0.001937944501201088
2010-05-07,-0.007551141026491013
2010-05-10,0.0032456980720763796
2010-05-11,0.007213255122843811
2010-05-12,0.0058496926689361696
2010-05-13,0.0007610182398575538
2010-05-14,0.0019016927331259213
2010-05-17,0.00422652981548936
2010-05-18,-0.0035156942778031227
2010-05-19,-0.00813670646033705
2010-05-20,-0.004514679407595914
2010-05-21,-0.004992674556813089
2010-05-24,0.0032626387890294134
2010-05-25,0.0016273631747635799
2010-05-26,0.002899472751178257
2010-05-27,-0.009546059184102253
2010-05-28,0.002197719178637896
2010-06-01,-0.0010108888078460127
2010-06-02,0.0029204884523237017
2010-06-03,0.0019454891757596164
2010-06-04,0.004147059191893518
2010-06-07,0.0026091367405329476
2010-06-08,-0.006103961782538916
2010-06-09,-0.0009207583976490491
2010-06-10,-0.005463429048524776
2010-06-11,0.0049537137023143345
2010-06-14,-0.003341916475666194
2010-06-15,-0.0009103800085809524
2010-06-16,0.000484702505861946
2010-06-17,0.0030440864020518897
2010-06-18,0.0011706547457926407
2010-06-21,-0.003785720041023786
2010-06-22,-0.002079906336365122
2010-06-23,0.0012274831067574047
2010-06-24,-0.003331897746871298
2010-06-25,0.0002949162954625241
2010-06-28,0.002876508200687673
2010-06-29,0.005254608860629791
2010-06-30,0.00065802056223137
2010-07-01,-0.0035613689070132723
2010-07-02,-0.0012289581882273823
2010-07-06,-0.0008062155161573427
2010-07-07,-0.0024232605465644833
2010-07-08,-0.0007080807873123766
2010-07-09,0.00023629915669067658
2010-07-12,0.0005715718975361908
2010-07-13,-0.0003540471124189558
2010-07-14,0.001988391041981688
2010-07-15,0.0003513100116081273
2010-07-16,0.004559444773694792
2010-07-19,-0.0025068606742014022
2010-07-20,8.291580134286742e-05
2010-07-21,0.004574336337963982
2010-07-22,-0.0034893450905147793
2010-07-23,-0.0009273899805004037
2010-07-26,-0.0004603165018372568
2010-07-27,0.0006989192126544642
2010-07-28,-0.001251524268017304
2010-07-29,-0.0034251146720387575
2010-07-30,0.00024359038468805042
2010-08-02,-0.0008804521994634858
2010-08-03,-0.0016449493948312807
2010-08-04,-0.0007054708161927246
2010-08-05,-0.001404191288902694
2010-08-06,0.0009555526941741947
2010-08-09,0.0008008897045998659
2010-08-10,-0.001030738015579698
2010-08-11,-6.0893627148179323e-05
2010-08-12,-0.0006220423185050987
2010-08-13,0.0017484972748043508
2010-08-16,0.004806461162422858
2010-08-17,-0.0005691363544662343
2010-08-18,0.001848535417894794
2010-08-19,0.0046238325479201975
2010-08-20,0.002196148230221021
2010-08-23,0.002161234584758179
2010-08-24,0.0030241831807065996
2010-08-25,-0.0007274187185088922
2010-08-26,-0.00013950967293211005
2010-08-27,-0.009031498239531806
2010-08-30,0.005079794617122736
2010-08-31,0.005291030755418113
2010-09-01,-0.00787760036627281
2010-09-02,-0.0017344836011225385
2010-09-03,-0.002405187165856308
2010-09-07,0.0038753547556203793
2010-09-08,-0.005039207381184068
2010-09-09,-0.0032518249634952536
2010-09-10,-0.0017963129116215994
2010-09-13,-0.002040885416418304
2010-09-14,0.005736057505535759
2010-09-15,-0.0005290635289327948
2010-09-16,0.0004968781775535696
2010-09-17,0.0012660969221642581
2010-09-20,-0.0027708718323745008
2010-09-21,0.00436732268134761
2010-09-22,0.00047646001107593753
2010-09-23,0.0006367721266730653
2010-09-24,-0.005879522373731913
2010-09-27,0.003773243347204749
2010-09-28,0.00034350250190830076
2010-09-29,-0.002349151874380698
2010-09-30,0.00031842586148002664
2010-10-01,-0.00508774140681375
2010-10-04,0.0013047521440158066
2010-10-05,-0.00020062134912481034
2010-10-06,0.0032041886681711687
2010-10-07,0.0016039862562906163
2010-10-08,0.0013020801730254034
2010-10-11,0.0017342948314617774
2010-10-12,-0.001285365311993687
2010-10-13,-0.0002748900350213901
2010-10-14,-0.0004580890208269713
2010-10-15,-0.003325320970187836
2010-10-18,-0.0017764378882219201
2010-10-19,-0.0014820515710439945
2010-10-20,0.00032665699632154353
2010-10-21,-0.0015424078224564076
2010-10-22,-0.0003258764106303221
2010-10-25,0.0020479250522404237
2010-10-26,-7.148014711478461e-05
2010-10-27,-0.0009017967090373736
2010-10-28,0.003333211961567648
2010-10-29,0.001059163281869434
2010-11-01,-0.00025541748110404655
2010-11-02,-4.651136935271568e-05
2010-11-03,-0.0004643354688834693
2010-11-04,0.000550058648292668
2010-11-05,0.00030430318627746054
2010-11-08,0.0002886018318735857
2010-11-09,0.0020004980657118976
2010-11-10,-0.0017257310691915911
2010-11-11,-0.0004613021519035709
2010-11-12,-0.002778508902112409
2010-11-15,0.0018486741923947466
2010-11-16,-0.006161648703081643
2010-11-17,0.00017349867356289257
2010-11-18,0.004081046693457002
2010-11-19,-0.0007956455312643367
2010-11-22,-0.0014076772642688889
2010-11-23,-0.004849863888888205
2010-11-24,0.005535783443400842
2010-11-26,-0.0031090546376972236
2010-11-29,-0.0013429619295982432
2010-11-30,-0.0017121281510567984
2010-12-01,0.005201427869015496
2010-12-02,0.002195614574473903
2010-12-03,0.0007612750975369768
2010-12-06,-0.002052215148171545
2010-12-07,0.004082541835063483
2010-12-08,0.003947447713496664
2010-12-09,-0.0005904319589839703
2010-12-10,0.0023481551700820086
2010-12-13,0.0004934456766445669
2010-12-14,0.0029448920200766237
2010-12-15,-0.0006960765225760921
2010-12-16,-0.00048225660025905207
2010-12-17,-0.001395440199750172
2010-12-20,0.0001732736066210102
2010-12-21,0.0014651469965583836
2010-12-22,0.001058221858032163
2010-12-23,0.0007107479130814443
2010-12-27,-0.0002952044959513867
2010-12-28,0.0028699456891421783
2010-12-29,-0.001519162740796531
2010-12-30,-0.00016788980765381422
2010-12-31,-0.0012712015815519672
2011-01-03,0.003964527917657484
2011-01-04,-0.005319458067838495
2011-01-05,0.004678675831062296
2011-01-06,-0.0029585170966458085
2011-01-07,-0.002666128351002608
2011-01-10,-0.00014316867718011656
2011-01-11,0.0018696908171128375
2011-01-12,0.0037627432948920615
2011-01-13,-0.0027044693653839194
2011-01-14,0.0030756853684961523
2011-01-18,0.001184680258532217
2011-01-19,-0.004107006111908951
2011-01-20,0.00018936295112755507
2011-01-21,-0.0005768125349125764
2011-01-24,0.001188709269752601
2011-01-25,-0.0024331321432664813
2011-01-26,0.004738885983628116
2011-01-27,0.0001913918358110317
2011-01-28,-0.00370659841760237
2011-01-31,0.0025260937594483775
2011-02-01,0.004479804177025939
2011-02-02,0.0006094814591107347
2011-02-03,0.0015655892418820394
2011-02-04,0.002666081279357764
2011-02-07,0.0013004467001602217
2011-02-08,0.002546357076711491
2011-02-09,-0.0016493317508952216
2011-02-10,0.0021402470035310987
2011-02-11,-0.0009001271150177223
2011-02-14,0.0009558905392002794
2011-02-15,-0.00219070134031007
2011-02-16,0.0016631469860496624
2011-02-17,-0.00037655383579290137
2011-02-18,-0.0008942623564906743
2011-02-22,-0.006971962362149676
2011-02-23,-0.0011717594360922071
2011-02-24,-0.0010529487375908564
2011-02-25,0.0016763130964263819
2011-02-28,0.0006821448555459416
2011-03-01,-0.003377764564439373
2011-03-02,0.002461745951942666
2011-03-03,0.004747208885640103
2011-03-04,-0.0032467161093887153
2011-03-07,-0.0009881552872401294
2011-03-08,0.001430667172291013
2011-03-09,-0.0022320150271666387
2011-03-10,-0.00680745455145074
2011-03-11,0.0002539018889715012
2011-03-14,-0.0016383415465616178
2011-03-15,-0.0036470658896971247
2011-03-16,-0.003937469770612941
2011-03-17,0.0021627087664254085
2011-03-18,0.001134782053646943
2011-03-21,0.00300735375801978
2011-03-22,-1.8950395096968163e-05
2011-03-23,0.0007558117333237002
2011-03-24,0.0017828161549587654
2011-03-25,0.002140318868858387
2011-03-28,-0.0010343149908506638
2011-03-29,0.0026066386113497704
2011-03-30,-0.00019823109144861972
2011-03-31,0.0015350111402357893
2011-04-01,-0.0004048743129475735
2011-04-04,-0.0006761613064926187
2011-04-05,0.0016285405573492437
2011-04-06,0.0005063223555765014
2011-04-07,0.0005116384052441734
2011-04-08,-0.000485177531627701
2011-04-11,-0.0022213004472397624
2011-04-12,-0.006311780294121351
2011-04-13,-0.0002589917867428311
2011-04-14,0.0014499394695964823
2011-04-15,-0.0017861259970477048
2011-04-18,-0.0022031237152607976
2011-04-19,0.0001707271354035606
2011-04-20,0.0037362331193601895
2011-04-21,0.001116230817409389
2011-04-25,-0.0006327770465159006
2011-04-26,-0.0005264610759263933
2011-04-27,0.001570086785816407
2011-04-28,-0.00048804405101466843
2011-04-29,-0.000834478177931507
2011-05-02,-0.0013886063171458614
2011-05-03,-0.0026550178779488516
2011-05-04,-0.0027692241366763922
2011-05-05,-0.0040551093987935246
2011-05-06,0.0009159812811404744
2011-05-09,0.0004884827493066851
2011-05-10,0.0030830160766521174
2011-05-11,-0.003207357307455818
2011-05-12,0.0010793637571992413
2011-05-13,-0.0031425914975392885
2011-05-16,-0.0017871359592541423
2011-05-17,-0.0007329841012634595
2011-05-18,0.0016610105374333397
2011-05-19,0.00020192820595451162
2011-05-20,-0.0013812073699610544
2011-05-23,-0.0012434108145384524
2011-05-24,-0.0008631213389500157
2011-05-25,0.000950023580581682
2011-05-26,6.899503475309103e-05
2011-05-27,0.00017245886948715096
2011-05-31,0.0012408097056341586
2011-06-01,-0.005635234042409935
2011-06-02,0.002265154796370141
2011-06-03,-0.0009016843880711349
2011-06-06,-0.0008647901026565166
2011-06-07,-0.00017128312020439688
2011-06-08,-0.0019233383517959135
2011-06-09,0.0003351341498442923
2011-06-10,-0.001926843509270181
2011-06-13,0.0006644018117736041
2011-06-14,-0.0015619005947891554
2011-06-15,-0.00011164243784636454
2011-06-16,0.0009392439304189639
2011-06-17,0.0005837171350826361
2011-06-20,-0.0003720181513758867
2011-06-21,-0.0003903459681976057
2011-06-22,-3.0842324510058447e-05
2011-06-23,-0.00048570757339614604
2011-06-24,0.0002213744184999106
2011-06-27,-0.002862004427814278
2011-06-28,-0.005496926971764957
2011-06-29,-0.0007420271521360415
2011-06-30,0.00025785067394947365
2011-07-01,0.0007530404710468201
2011-07-05,-0.002378807536780702
2011-07-06,0.0016853298883262502
2011-07-07,0.00016656885775784768
2011-07-08,0.001118950015152976
2011-07-11,-0.0008317842667343706
2011-07-12,0.0004068504332075436
2011-07-13,-0.0002077125460010766
2011-07-14,-0.0005696813025949061
2011-07-15,0.0011266359946313128
2011-07-18,-0.00031675121374140033
2011-07-19,0.00034156896573019546
2011-07-20,-0.0010667176341920407
2011-07-21,-0.0007032836575783985
2011-07-22,0.000648552536716007
2011-07-25,6.448860833450373e-05
2011-07-26,-0.0006256460894350269
2011-07-27,-0.00012759669639473713
2011-07-28,0.0024748860438533896
2011-07-29,0.006364316297542479
2011-08-01,0.0009816982756555752
2011-08-02,0.01014057522514477
2011-08-03,-0.00037605349175102895
2011-08-04,0.014756937506699663
2011-08-05,-0.0070120228697475185
2011-08-08,0.02198007347225009
2011-08-09,-0.007531279686495316
2011-08-10,0.017173885506535872
2011-08-11,-0.02191972538384817
2011-08-12,0.003629227729559814
2011-08-15,-0.00044405853568353843
2011-08-16,0.006475646265229231
2011-08-17,0.0035513807528219834
2011-08-18,0.010001672676408347
2011-08-19,0.005946452131356746
2011-08-22,0.0007713234219343305
2011-08-23,-0.012912144622751944
2011-08-24,-0.011884560946447334
2011-08-25,0.005687608730859207
2011-08-26,0.0029267688302690824
2011-08-29,-0.00843657126971236
2011-08-30,0.0029814046338129995
2011-08-31,-0.004197500318481496
2011-09-01,0.0015793668155236454
2011-09-02,0.0025091702010360405
2011-09-06,0.0002470739072158752
2011-09-07,-0.00203278205796564
2011-09-08,0.0015470265316932475
2011-09-09,0.0020391000620363113
2011-09-12,-0.0015686475908029268
2011-09-13,-0.0006464560398240323
2011-09-14,-0.002800775474210915
2011-09-15,-0.005231407992555
2011-09-16,0.0012713596010085993
2011-09-19,0.004586641796472955
2011-09-20,0.0004914772590859416
2011-09-21,0.0009417017559704975
2011-09-22,0.0026249440823455667
2011-09-23,-0.002606278114445912
2011-09-26,-0.0023426048474451434
2011-09-27,-0.001378574210800957
2011-09-28,0.0011862651476799407
2011-09-29,-0.0008441821943636997
2011-09-30,0.0030842280662492375
2011-10-03,0.0027828847648834593
2011-10-04,-0.003520259120792335
2011-10-05,-0.000416111729297731
2011-10-06,-0.0019187851623098772
2011-10-07,0.00023715685078931414
2011-10-10,-0.0028225873284583006
2011-10-11,0.0008862415773144069
2011-10-12,-0.0007781878050091078
2011-10-13,0.0007170270889790644
2011-10-14,-0.0010172744353988239
2011-10-17,0.001999906931278409
2011-10-18,-0.0006672931762714729
2011-10-19,0.0014459763237003457
2011-10-20,0.00047069999350543036
2011-10-21,-0.0011161772998415879
2011-10-24,-0.0010920908723921095
2011-10-25,0.0030113734444803643
2011-10-26,-0.000828398847157941
2011-10-27,-0.0031112526668146435
2011-10-28,0.0023865765614792746
2011-10-31,0.00386295829672255
2011-11-01,0.0036846911311110677
2011-11-02,-0.00042829865636475836
2011-11-03,-0.000832411297305864
2011-11-04,0.0007005935522911674
2011-11-07,-8.699983546099182e-05
2011-11-08,-0.0018867372736552453
2011-11-09,0.0019300689909665548
2011-11-10,-0.000798758633399978
2011-11-11,-0.0011886465843067952
2011-11-14,0.0006749856482522563
2011-11-15,-0.0011258409043578353
2011-11-16,1.9028545251385527e-06
2011-11-17,-0.0007165697525857301
2011-11-18,-0.0003683826059208391
2011-11-21,8.385258239201624e-05
2011-11-22,0.0003944402748247904
2011-11-23,0.0011086452313524048
2011-11-25,-0.0006519102850803353
2011-11-28,-0.001179053767615288
2011-11-29,-0.0003855446931946541
2011-11-30,-0.0025661121772547015
2011-12-01,0.0006772325698418237
2011-12-02,0.000983513477136102
2011-12-05,-3.372506062796012e-05
2011-12-06,-0.00018606265348558083
2011-12-07,0.0005757517210455025
2011-12-08,0.0008062564720797114
2011-12-09,-0.0011474932776928588
2011-12-12,0.003761059657623784
2011-12-13,0.000577656443073989
2011-12-14,0.001674360990130804
2011-12-15,-0.00033259393388836676
2011-12-16,0.0008890318586396062
2011-12-19,0.0006014820656025895
2011-12-20,-0.001364516339050604
2011-12-21,-0.0018891889863287266
2011-12-22,-0.0006181640991174675
2011-12-23,-0.00156677986155927
2011-12-27,0.0008472129405967374
2011-12-28,0.0019349805280021652
2011-12-29,-0.001063635912165087
2011-12-30,0.0006081529734259737
2012-01-03,-0.005035490272894735
2012-01-04,0.0016963591290689295
2012-01-05,0.0015789794508963473
2012-01-06,0.001561466005020898
2012-01-09,-0.002705194037023727
2012-01-10,-0.0028652606307737944
2012-01-11,0.00031576233611279827
2012-01-12,-0.0005379435395096462
2012-01-13,0.002770545851447846
2012-01-17,-0.00019569305539205524
2012-01-18,-0.0024421093535790333
2012-01-19,-0.0031485307341960677
2012-01-20,-0.0011925261976722965
2012-01-23,-0.0003712443692544636
2012-01-24,-0.00031650244377827164
2012-01-25,0.0013673641675249044
2012-01-26,0.001674436304820639
2012-01-27,-0.0005078576273335055
2012-01-30,0.002359356388990825
2012-01-31,0.001891155350930126
2012-02-01,-0.0015889967449586998
2012-02-02,0.0006467977617294467
2012-02-03,0.00149293478667741
2012-02-06,0.0002172816888854675
2012-02-07,0.00010520027642287472
2012-02-08,0.0003710040367690938
2012-02-09,0.0003200175418216291
2012-02-10,-0.0011852593020685905
2012-02-13,0.0016303599769770562
2012-02-14,-0.00041016325004332747
2012-02-15,-0.0006527871091967314
2012-02-16,0.0014538821341807684
2012-02-17,0.0008314661462340635
2012-02-21,-0.001459967739243843
2012-02-22,-0.0015814175123085178
2012-02-23,0.001749559891403783
2012-02-24,0.00027216805102651487
2012-02-27,-0.0003188289670859442
2012-02-28,-0.0011436571781532298
2012-02-29,0.0006978792937566476
2012-03-01,0.00011162314173308004
2012-03-02,-0.0005828253248612943
2012-03-05,9.4916209149912e-05
2012-03-06,-0.0006482874826605773
2012-03-07,0.001380346628382901
2012-03-08,0.0005761112099894757
2012-03-09,0.0011896073468563152
2012-03-12,-0.00029763812741092
2012-03-13,0.0030826675483108367
2012-03-14,0.0019610929028885645
2012-03-15,-0.00021719893703936867
2012-03-16,0.00031306286044289295
2012-03-19,0.0015441353596705272
2012-03-20,-0.0006457862493477434
2012-03-21,-0.0006182160936547424
2012-03-22,-0.001883427628898904
2012-03-23,0.00031993510948250296
2012-03-26,0.0017968154595406737
2012-03-27,-0.0010789629462920455
2012-03-28,-0.0001595742240142221
2012-03-29,-0.00047497164449420283
2012-03-30,0.000265416568161762
2012-04-02,0.0009087981887267625
2012-04-03,0.0017973786626822863
2012-04-04,-0.0024148083814498752
2012-04-05,-0.0006425123410269215
2012-04-09,-0.004440068383256734
2012-04-10,-0.0047169359372585
2012-04-11,0.00216000192583144
2012-04-12,0.0016453085502913564
2012-04-13,-0.0007627193426995917
2012-04-16,0.0003376105309502239
2012-04-17,0.002100514381757168
2012-04-18,-0.0007322188710505552
2012-04-19,-0.0007699402978282421
2012-04-20,0.00043223473468290705
2012-04-23,-0.0017485599887579655
2012-04-24,0.0008835622803246651
2012-04-25,0.0011232600274707707
2012-04-26,6.578879686883264e-05
2012-04-27,0.00040596981639275093
2012-04-30,-0.0012540857419506813
2012-05-01,0.0018515189712376829
2012-05-02,0.0010265574954299293
2012-05-03,-0.0011988442561738774
2012-05-04,-0.0024058030526171842
2012-05-07,0.0002352171398151401
2012-05-08,0.0008274722623252513
2012-05-09,8.705349607263808e-05
2012-05-10,-0.0006724745514477867
2012-05-11,0.0019682084587874698
2012-05-14,-0.0001145477663814475
2012-05-15,-0.00017281402964481872
2012-05-16,-0.001704932477773187
2012-05-17,-0.007199281115328575
2012-05-18,-0.0032000386564600683
2012-05-21,0.0006887819630473183
2012-05-22,0.0013525127619687853
2012-05-23,0.0006908067082584746
2012-05-24,0.000419842284619126
2012-05-25,-0.0006836961889952994
2012-05-29,0.002202530536850002
2012-05-30,-0.0015556175001946618
2012-05-31,0.00012040181011270816
2012-06-01,-0.0011925566128024043
2012-06-04,-0.004024789618010789
2012-06-05,0.0010559165897005465
2012-06-06,-0.0028392479907880484
2012-06-07,0.0009940502673304167
2012-06-08,0.0034631843851090235
2012-06-11,0.00043173035273153144
2012-06-12,-0.0020144722709454976
2012-06-13,0.002600297260352979
2012-06-14,-6.896795997158374e-06
2012-06-15,0.00037481356127559245
2012-06-18,0.0007176246470193821
2012-06-19,-0.00043316691853914814
2012-06-20,0.0013943502407177258
2012-06-21,-0.0009185519271973103
2012-06-22,-0.0003938306041022032
2012-06-25,-0.0008869806842156213
2012-06-26,0.00019104150406570243
2012-06-27,0.00031835435266853144
2012-06-28,0.0021370429310077024
2012-06-29,-0.001254728654110645
2012-07-02,0.00039287434681693436
2012-07-03,-0.00017321146203744993
2012-07-05,0.00021689033853529086
2012-07-06,0.0003092102672112328
2012-07-09,-2.1476862975671062e-05
2012-07-10,5.1622711005265854e-05
2012-07-11,-0.00010306241780841467
2012-07-12,0.000876986413823564
2012-07-13,3.2286796362722994e-05
2012-07-16,0.00014621678940984225
2012-07-17,0.000485155503361328
2012-07-18,0.0004765786517701574
2012-07-19,-0.002096930707320321
2012-07-20,0.003002393596544425
2012-07-23,0.000625488074836662
2012-07-24,0.00024303199562358184
2012-07-25,-0.0008040465906866649
2012-07-26,-0.001182082605790737
2012-07-27,-0.003003431527847946
2012-07-30,0.002332820105025123
2012-07-31,0.0022449638890333305
2012-08-01,0.0013045724604714571
2012-08-02,0.0013826349089343336
2012-08-03,-0.0039845960666512765
2012-08-06,-0.0005785488238631577
2012-08-07,-0.004016348812016345
2012-08-08,-0.0015461815319180324
2012-08-09,-0.001793295664558351
2012-08-10,0.00017974229031442413
2012-08-13,0.0005869070330759534
2012-08-14,-0.0013158532220029818
2012-08-15,-0.0026078976969998576
2012-08-16,-0.0015724988630974465
2012-08-17,-0.00014247326664601945
2012-08-20,0.0008089246271147351
2012-08-21,-0.001070982981317275
2012-08-22,0.0008356771541392499
2012-08-23,0.00032343617435537006
2012-08-24,0.0011605368878522622
2012-08-27,0.0009610794779713564
2012-08-28,0.000748418525425381
2012-08-29,0.0007025038400551557
2012-08-30,0.0020843219980152504
2012-08-31,-0.0015328594290448104
2012-09-04,0.0005197200336837906
2012-09-05,-7.300235552865547e-05
2012-09-06,-0.00046270039579959235
2012-09-07,-0.0043859872927445335
2012-09-10,-0.0001140670379821052
2012-09-11,-0.00030276456530975904
2012-09-12,-8.240719602892031e-05
2012-09-13,-0.0004235996615166744
2012-09-14,-0.00095040575462936
2012-09-17,0.00019012602542153552
2012-09-18,8.167674247791381e-05
2012-09-19,0.0005763719146213691
2012-09-20,-0.000432251706639212
2012-09-21,0.00012833298525674158
2012-09-24,-3.63309961647729e-05
2012-09-25,0.0001077748840962036
2012-09-26,0.00109118764858441
2012-09-27,-0.0009090817359265044
2012-09-28,0.0004987560250211748
2012-10-01,-3.9665028525883384e-05
2012-10-02,0.001529244889831894
2012-10-03,0.0011498858333714957
2012-10-04,-0.0006876501042873441
2012-10-05,4.1245017707133044e-05
2012-10-08,0.0003026318672341587
2012-10-09,-0.0003031637399269699
2012-10-10,0.0006578918877502564
2012-10-11,0.0007730757615115922
2012-10-12,0.00021312293876979706
2012-10-15,-2.0314296514829077e-05
2012-10-16,-0.00016632806640616945
2012-10-17,-6.899886241269773e-05
2012-10-18,-0.00034061599273646606
2012-10-19,-0.00029700093965412356
2012-10-22,-4.535509464892612e-05
2012-10-23,-0.00047897401860331703
2012-10-24,-0.0009752418188657718
2012-10-25,-0.0013613450321146748
2012-10-26,0.0009843249170756597
2012-10-31,3.0353814183061383e-05
2012-11-01,-0.00404009156326182
2012-11-02,-0.0005505928542184953
2012-11-05,0.00027746972176029424
2012-11-06,-0.00039439096739407635
2012-11-07,-0.0007122457652006221
2012-11-08,0.000804502545753737
2012-11-09,-0.0003434147836258231
2012-11-12,-0.00044996274535941344
2012-11-13,-0.00027398194970647846
2012-11-14,0.00043170745529438247
2012-11-15,-0.00031351347535211966
2012-11-16,-0.0007441694349437303
2012-11-19,0.0018771894667907612
2012-11-20,0.001352755763797796
2012-11-21,0.0003210778899819055
2012-11-23,0.001232092315016142
2012-11-26,-0.00032736303631822973
2012-11-27,-0.00016177596279560758
2012-11-28,0.0003854245311972738
2012-11-29,0.00045961193550016937
2012-11-30,-0.0009219872389960133
2012-12-03,-0.0004614405755394151
2012-12-04,-0.0002411756132636479
2012-12-05,0.0003487582531349913
2012-12-06,0.0004778399199632142
2012-12-07,0.0002658610593637836
2012-12-10,-0.00023146490316314954
2012-12-11,0.0005429411447847002
2012-12-12,0.0003738637571025598
2012-12-13,-0.00013228156546150045
2012-12-14,-0.00028298570166819114
2012-12-17,0.0009443639914114213
2012-12-18,0.0014456799362877895
2012-12-19,-0.0002513825286711702
2012-12-20,0.001094884794141116
2012-12-21,-0.001273512602646961
2012-12-24,-0.0002075124575879018
2012-12-26,-0.0003780240488862967
2012-12-27,-0.0002399520877550108
2012-12-28,-0.0009748375187859518
2012-12-31,0.002164236366137176
2013-01-02,0.0029568628245900353
2013-01-03,0.0005059791206032043
2013-01-04,0.0002077352886902987
2013-01-07,-0.0005995474772417058
2013-01-08,-0.0009531607432286636
2013-01-09,6.148098055721796e-06
2013-01-10,0.0007562658466236454
2013-01-11,-0.00035367473227107353
2013-01-14,1.4289186011142041e-05
2013-01-15,-0.0002546025604675046
2013-01-16,-0.00029437478723456706
2013-01-17,0.0013485681150907662
2013-01-18,-0.0002676662838892946
2013-01-22,0.000275889481550976
2013-01-23,-0.00011035804303372534
2013-01-24,0.00040772148802588576
2013-01-25,0.001519210869748541
2013-01-28,1.3139838865745365e-05
2013-01-29,0.0006511621726167635
2013-01-30,-0.0007402181753174752
2013-01-31,-0.00049042963564903
2013-02-01,0.0022852638888186893
2013-02-04,-0.002748323063248412
2013-02-05,0.0012802544813343994
2013-02-06,0.00024605920047529703
2013-02-07,-0.0003620043453720403
2013-02-08,0.0008755674816455963
2013-02-11,0.0002704723231478864
2013-02-12,0.0007006368290339264
2013-02-13,0.0010651625086087384
2013-02-14,-0.0003694159057331785
2013-02-15,0.00013426107968982608
2013-02-19,0.0010868057460156437
2013-02-20,-0.0008386582311809166
2013-02-21,-0.0016184913473153582
2013-02-22,0.0010188817927579506
2013-02-25,-0.0029980702504163763
2013-02-26,0.0004933502907056113
2013-02-27,0.00107320059623095
2013-02-28,9.01780778636616e-05
2013-03-01,0.0006152386872674759
2013-03-04,0.0004169048073169435
2013-03-05,0.0012247499201810247
2013-03-06,0.0011123121061254561
2013-03-07,3.957116564617599e-05
2013-03-08,0.004124804924497111
2013-03-11,-0.00018299790904774285
2013-03-12,-0.004887336898784493
2013-03-13,0.0020132924162497823
2013-03-14,0.002700264453800787
2013-03-15,-0.0010739653136871946
2013-03-18,-0.001814767150396902
2013-03-19,-0.0013796174226344492
2013-03-20,0.002749393940939
2013-03-21,-0.003738823552811785
2013-03-22,9.827116095577251e-05
2013-03-25,-0.0007774893313760091
2013-03-26,0.002956476079120216
2013-03-27,-0.0013350353125944764
2013-03-28,0.003152380246182919
2013-04-01,-0.004411074707922965
2013-04-02,0.0028861720841705622
2013-04-03,-0.005284934617137831
2013-04-04,0.0042254083720843095
2013-04-05,-0.004538092005827392
2013-04-08,0.004488466669604642
2013-04-09,-0.0017206427154899501
2013-04-10,0.0029697006091711883
2013-04-11,0.0008963806415325695
2013-04-12,0.00038390702746692463
2013-04-15,-0.0061973873701842985
2013-04-16,0.0022163663285406175
2013-04-17,-0.0007312225195209318
2013-04-18,-0.00475780844993288
2013-04-19,0.005174706872600363
2013-04-22,-1.7024034762699912e-05
2013-04-23,0.006413862448641883
2013-04-24,-0.0012206477490370835
2013-04-25,-0.0008900836050800372
2013-04-26,3.0270412567319683e-05
2013-04-29,-0.00020029402798107135
2013-04-30,0.00020468628065270923
2013-05-01,-0.0007680781290924885
2013-05-02,0.000515152069070502
2013-05-03,0.0011989304207866702
2013-05-06,0.0030090873448104954
2013-05-07,0.0030424264694625504
2013-05-08,0.0009402490827448539
2013-05-09,-0.00012001569004803283
2013-05-10,0.005548899051554864
2013-05-13,0.0017207090760216841
2013-05-14,0.006308412666014603
2013-05-15,0.0036284381805101566
2013-05-16,-0.003449593577978838
2013-05-17,0.008099433719089635
2013-05-20,-0.000679279111611207
2013-05-21,0.0012310586434081375
2013-05-22,-0.004214645552947472
2013-05-23,-0.005516314359648342
2013-05-24,-0.0012434466551186337
2013-05-28,0.00579968809910994
2013-05-29,-0.006204001421093557
2013-05-30,0.0006913715596035768
2013-05-31,-0.005531406863931088
2013-06-03,-0.0011448229458143097
2013-06-04,-0.0015102710033545136
2013-06-05,-0.00793878460988194
2013-06-06,0.0032584596102004245
2013-06-07,0.00885436111566866
2013-06-10,0.003831119181551253
2013-06-11,-0.0018752396654513554
2013-06-12,-0.001948320922468501
2013-06-13,0.004227339680154912
2013-06-14,-0.0006132888445353825
2013-06-17,0.003840684649707609
2013-06-18,0.0037914534437596664
2013-06-19,-0.005551319529302762
2013-06-20,-0.00040826187665702284
2013-06-21,0.0015918722255423218
2013-06-24,-0.002174636142457999
2013-06-25,0.00010976325170989495
2013-06-26,0.003213820563495805
2013-06-27,0.004629909727474238
2013-06-28,-0.002622286625475773
2013-07-01,0.001341916195965869
2013-07-02,0.0016007396605703691
2013-07-03,0.002457445962008795
2013-07-05,0.012886612804154261
2013-07-08,-0.0013577898217468722
2013-07-09,0.002391071671941793
2013-07-10,0.002476737697835722
2013-07-11,-0.0008951365353718335
2013-07-12,0.004255074999318972
2013-07-15,0.0010999200398876879
2013-07-16,-0.0044024028536031375
2013-07-17,0.0031126990027704983
2013-07-18,0.004866550382843679
2013-07-19,-0.001569960694358129
2013-07-22,-0.0017634227254054876
2013-07-23,-0.0007646347471100222
2013-07-24,-0.0019434945200229314
2013-07-25,0.0032322497878051215
2013-07-26,-0.001021578200329255
2013-07-29,-0.002347592508242178
2013-07-30,0.001307846245745945
2013-07-31,0.0011904156874243262
2013-08-01,0.010222552382837105
2013-08-02,2.2829565812360108e-05
2013-08-05,0.0009818551255792376
2013-08-06,-0.002541849226574145
2013-08-07,-0.0038850157460195087
2013-08-08,-0.0028097825009117884
2013-08-09,-0.0006532272872239984
2013-08-12,-0.00196647806710619
2013-08-13,0.00412015470997557
2013-08-14,-0.003278155017401627
2013-08-15,-0.006374097861285347
2013-08-16,0.0004110022935483722
2013-08-19,-0.00028986800004562186
2013-08-20,0.0007706773058065859
2013-08-21,-0.0005838383359996339
2013-08-22,0.0037937188293941724
2013-08-23,-0.0010261443678625994
2013-08-26,-0.0023694125822558538
2013-08-27,-0.008771086351700829
2013-08-28,0.0029309914850515245
2013-08-29,0.0014190557795681603
2013-08-30,-0.003405812298176775
2013-09-03,0.00616192357091238
2013-09-04,0.004705307223394274
2013-09-05,0.00323416215608027
2013-09-06,-0.002114274355309074
2013-09-09,0.0043669800652309295
2013-09-10,0.005411921583514377
2013-09-11,-0.001533187082704705
2013-09-12,0.000563660228863404
2013-09-13,0.0012874512553621405
2013-09-16,0.0007207313017102894
2013-09-17,-0.00038067239556748353
2013-09-18,-0.00345210196782747
2013-09-19,-0.0004925076383054764
2013-09-20,-0.001466701775421323
2013-09-23,-0.0028515981847290002
2013-09-24,-0.0010492577419562751
2013-09-25,-0.001982871036293809
2013-09-26,0.002369631908603659
2013-09-27,-0.002246359365645245
2013-09-30,-0.0013697211732664042
2013-10-01,0.004687606353361405
2013-10-02,-0.0015893641254976021
2013-10-03,-0.0033952216762782616
2013-10-04,0.002939467265228591
2013-10-07,-0.006787316325710634
2013-10-08,-0.004859409406454706
2013-10-09,0.0007622216739752968
2013-10-10,0.009374999838785716
2013-10-11,0.0027371161514900466
2013-10-14,0.003460800103576321
2013-10-15,-0.003721311644596982
2013-10-16,0.0008685214779181762
2013-10-17,-0.0019547146585985114
2013-10-18,0.0020902681978604465
2013-10-21,0.0009953964116108456
2013-10-22,-0.0029901009030406265
2013-10-23,-0.002878284478157774
2013-10-24,0.0015387056706948168
2013-10-25,-0.0009667666730105381
2013-10-28,0.0003600516489858372
2013-10-29,0.0018570727940615255
2013-10-30,-0.0007735031840500968
2013-10-31,-0.0005317496027050814
2013-11-01,0.0025287517146205018
2013-11-04,0.002570106454058568
2013-11-05,0.0014131994701316944
2013-11-06,0.0003442036191166727
2013-11-07,-0.005474491977963598
2013-11-08,0.010722964201228318
2013-11-11,0.0024250102429247415
2013-11-12,0.0009023454580001032
2013-11-13,0.0015756609185976233
2013-11-14,-0.002654880561622192
2013-11-15,0.0022401764283001393
2013-11-18,-0.0016024611684166525
2013-11-19,0.0003162644406080286
2013-11-20,0.0029829764929449687
2013-11-21,0.004218115498308747
2013-11-22,0.001084820598420948
2013-11-25,-0.001562325896375222
2013-11-26,0.0022344059142914807
2013-11-27,0.0026861799843785616
2013-11-29,0.0005201587489374797
2013-12-02,0.0006218570221224397
2013-12-03,-0.0044098507298865625
2013-12-04,-0.0010929876160237018
2013-12-05,0.0007912118656997272
2013-12-06,0.0027250062106654077
2013-12-09,-0.0009345489727905845
2013-12-10,-0.004006208149162878
2013-12-11,-0.0034230306799087583
2013-12-12,0.00015597904200160065
2013-12-13,-0.0010283852256098688
2013-12-16,0.003187106620859975
2013-12-17,-0.0010178768209128976
2013-12-18,0.0076673510727589605
2013-12-19,0.00038613101804159183
2013-12-20,0.000223856728720267
2013-12-23,0.0017766372499440056
2013-12-24,0.0013175268090885597
2013-12-26,0.0008505200437093698
2013-12-27,-0.00010166319755999983
2013-12-30,0.0004928907561845121
2013-12-31,0.0013245094345092428
2014-01-02,-0.0032165805130266382
2014-01-03,-0.0002546977914678649
2014-01-06,-0.0012269909394756315
2014-01-07,0.003166537532318947
2014-01-08,0.0015328824399051452
2014-01-09,0.00018228497728013275
2014-01-10,-0.0005814445743358294
2014-01-13,-0.005933607605518598
2014-01-14,0.004783548551571964
2014-01-15,0.0017301918240174377
2014-01-16,-0.0013710997739049635
2014-01-17,-0.0016666784133408043
2014-01-21,0.002381078600859289
2014-01-22,0.0006337789530781155
2014-01-23,-0.006630712689159879
2014-01-24,-0.01099729275055466
2014-01-27,-0.002447022627988104
2014-01-28,0.0012345988258451878
2014-01-29,-0.005527471775257626
2014-01-30,0.0044373300800146665
2014-01-31,-0.005773960293003988
2014-02-03,-0.0023700500334696986
2014-02-04,-0.0030939496791767508
2014-02-05,-0.0011463134897400002
2014-02-06,0.00011421170869718418
2014-02-07,0.00018633275578355802
2014-02-10,0.0005665284270987899
2014-02-11,0.0011644757494519574
2014-02-12,0.0004679760950472758
2014-02-13,3.9141623378719735e-05
2014-02-14,-1.4344850603321892e-05
2014-02-18,-0.0010016589811608714
2014-02-19,-0.0005343465729590486
2014-02-20,0.0008988882798080431
2014-02-21,0.0002907623335837668
2014-02-24,0.0004114857830905792
2014-02-25,-0.0005856476430606673
2014-02-26,-0.00011237552056573701
2014-02-27,0.00010885894734546394
2014-02-28,0.0002747334821384796
2014-03-03,-0.002422034707919322
2014-03-04,0.0030682736281923036
2014-03-05,-0.00017688140246050626
2014-03-06,0.00010578066227688842
2014-03-07,0.001056815448081423
2014-03-10,0.0001337501218499657
2014-03-11,-0.0003582797045979375
2014-03-12,-0.0003259121393201838
2014-03-13,-0.0011652012458603553
2014-03-14,-0.00043062267146180486
2014-03-17,0.0010752364166086935
2014-03-18,0.0007067703674785767
2014-03-19,0.0001223992946724483
2014-03-20,0.00047379702977006627
2014-03-21,-0.0019551125213464397
2014-03-24,-0.00014366957149701773
2014-03-25,-0.0002742189690813509
2014-03-26,-0.003003808768098888
2014-03-27,-1.186330785428306e-05
2014-03-28,0.00046913360104023076
2014-03-31,0.0018681535088708099
2014-04-01,0.00271607238712241
2014-04-02,0.0006926598073576773
2014-04-03,-0.0012160129881157386
2014-04-04,-0.0037447175354286214
2014-04-07,-0.0013927275014932793
2014-04-08,-0.0008713040792740657
2014-04-09,0.0013628032011669888
2014-04-10,-0.003343304585371061
2014-04-11,-0.002138923129124547
2014-04-14,0.0007616058471212172
2014-04-15,0.0017806842494668582
2014-04-16,-1.0156786507536496e-05
2014-04-17,0.00037264239382001736
2014-04-21,0.0002977528629713202
2014-04-22,0.0011485934236475821
2014-04-23,-0.00012112173892038546
2014-04-24,-6.262971433783293e-05
2014-04-25,-0.0007423902451751333
2014-04-28,0.0008714119291074041
2014-04-29,0.00039634433985038506
2014-04-30,0.0007670325563774712
2014-05-01,0.0014971927768084043
2014-05-02,-0.00046399585756131247
2014-05-05,-0.0002697900266090767
2014-05-06,0.00022761262154607654
2014-05-07,0.0011673764758310448
2014-05-08,-1.1786573370509937e-05
2014-05-09,-0.0008442969440976274
2014-05-12,-0.0013777917518806066
2014-05-13,0.00016139611717235644
2014-05-14,-5.8974184672415104e-05
2014-05-15,0.0007005316714216285
2014-05-16,-0.00013876882899478585
2014-05-19,-0.0006084805254745419
2014-05-20,0.0001170788237048845
2014-05-21,-0.00013256143970258235
2014-05-22,-0.0004591333372373562
2014-05-23,0.0002632067999628378
2014-05-27,0.000390757818965713
2014-05-28,-2.0358126239300206e-05
2014-05-29,0.0006415998801717602
2014-05-30,-0.0003204329481631676
2014-06-02,0.00031531562855067644
2014-06-03,-0.000626701716253026
2014-06-04,-0.00041665656874196813
2014-06-05,-0.00022215101357997533
2014-06-06,0.0006495694221497759
2014-06-09,-0.00046539739402537926
2014-06-10,-0.0005815765002379585
2014-06-11,-0.0003471156487333934
2014-06-12,0.0001621020215297732
2014-06-13,0.00040660035054746585
2014-06-16,-0.0001983502787467068
2014-06-17,0.00020496023850559262
2014-06-18,0.0001521193148868599
2014-06-19,-0.00034010761423857957
2014-06-20,0.00024544091799546337
2014-06-23,-0.001027375728141465
2014-06-24,-0.0006218701076854042
2014-06-25,-0.00013313560372844497
2014-06-26,-0.0010967182773416273
2014-06-27,-0.0002709797744480632
2014-06-30,-0.001802492481506352
2014-07-01,-0.0005899260350398001
2014-07-02,-0.0012023699580868568
2014-07-03,-0.0004585263487927044
2014-07-07,0.0002132359241371499
2014-07-08,0.0010126877406711145
2014-07-09,-0.0005974039552681379
2014-07-10,-2.318370504905394e-05
2014-07-11,-0.00026959852693862177
2014-07-14,-0.0006813667158852208
2014-07-15,0.00018206888059934075
2014-07-16,0.001126268010539215
2014-07-17,0.0005176796224079835
2014-07-18,0.0007418476829911402
2014-07-21,0.00044025494040247546
2014-07-22,8.677132617677527e-05
2014-07-23,0.0002475447519948053
2014-07-24,4.210708014630547e-05
2014-07-25,-0.0009217548367573585
2014-07-28,0.0012683183509178402
2014-07-29,-0.0011695512474840357
2014-07-30,0.0002204746836924938
2014-07-31,-0.0009061742683050773
2014-08-01,-0.0007610245875831161
2014-08-04,0.00048569556098759065
2014-08-05,-0.0018934737471736375
2014-08-06,-0.0013600924175644726
2014-08-07,-0.00032027678890205954
2014-08-08,0.0008086172747040253
2014-08-11,0.00018968860080825994
2014-08-12,0.0002988531201973776
2014-08-13,0.00035737366168408905
2014-08-14,0.001280548396018636
2014-08-15,0.0003753938860545872
2014-08-18,0.0005109892757401454
2014-08-19,0.0009428808495822762
2014-08-20,0.0011030596505797075
2014-08-21,0.0005463835979872903
2014-08-22,-0.0003079154829951686
2014-08-25,0.0011811559610255431
2014-08-26,-0.0008656217094619553
2014-08-27,0.0007335765580464851
2014-08-28,-0.0018626651187565288
2014-08-29,-0.0004880725830213274
2014-09-02,0.0004819877505364502
2014-09-03,0.001305460459047308
2014-09-04,0.0008419065805707416
2014-09-05,0.0023958063120161515
2014-09-08,0.00020054358373707137
2014-09-09,-0.0025477659610331355
2014-09-10,-0.0004662533457166304
2014-09-11,0.00015053455392542204
2014-09-12,-0.003104019147683001
2014-09-15,-0.0008639034607057961
2014-09-16,0.002602868772570496
2014-09-17,6.42792376651194e-05
2014-09-18,0.0006096057247992456
2014-09-19,0.003301869983441119
2014-09-22,-0.0010732606782558607
2014-09-23,-0.0008152731919085681
2014-09-24,-3.882480630855998e-05
2014-09-25,-0.0010031922379333982
2014-09-26,-0.0003355726736554476
2014-09-29,-0.0018731885664383437
2014-09-30,0.0026472073040327403
2014-10-01,0.003382825667208225
2014-10-02,-0.0024556019698616454
2014-10-03,0.0037238138841012586
2014-10-06,-0.0025287178323493984
2014-10-07,0.0034917763146120177
2014-10-08,0.0010597741979545036
2014-10-09,0.00253457879011123
2014-10-10,0.0008789024479571031
2014-10-13,-0.0008969441194650203
2014-10-14,0.0022088030866735543
2014-10-15,-0.00045469894518395553
2014-10-16,-0.00358537607691485
2014-10-17,0.00044170680913773223
2014-10-20,0.0006726644805963244
2014-10-21,-0.001969069360736974
2014-10-22,0.002611004213454206
2014-10-23,-0.0012687992378497314
2014-10-24,0.0009515315726201948
2014-10-27,0.0017974217903346575
2014-10-28,-0.0005360680379988387
2014-10-29,0.001609977634991934
2014-10-30,0.0034949832982697385
2014-10-31,0.0040704264678718865
2014-11-03,0.0033006693136152093
2014-11-04,9.277387988278576e-05
2014-11-05,0.00265144663134516
2014-11-06,0.0019001498778392976
2014-11-07,-0.0021406480673099217
2014-11-10,0.0018737238501799394
2014-11-11,-0.0024551082468762704
2014-11-12,0.0014056146294163625
2014-11-13,-0.0008473848210207402
2014-11-14,-0.0020533218558371575
2014-11-17,0.0008371152973691955
2014-11-18,0.0007631083078303291
2014-11-19,-0.0008482085831247596
2014-11-20,0.0011988077608748521
2014-11-21,0.0019484202127097693
2014-11-24,0.0013817016859705854
2014-11-25,-0.0004887211783233632
2014-11-26,0.001296114840358265
2014-11-28,0.002234419439349002
2014-12-01,-0.007845932646242918
2014-12-02,0.002353029724829389
2014-12-03,0.0031067477575479688
2014-12-04,0.001042054676711891
2014-12-05,0.0005979204861534262
2014-12-08,0.0011544777221871607
2014-12-09,0.0008892091462711525
2014-12-10,-0.002002809367565321
2014-12-11,0.0030467994809612207
2014-12-12,0.0010123985392031117
2014-12-15,0.00046278363354042295
2014-12-16,0.00034626072093859694
2014-12-17,-0.0005159129491005706
2014-12-18,-0.0009833926816656185
2014-12-19,-0.00035267366201726877
2014-12-22,0.002332598167867961
2014-12-23,-0.0033324952684334903
2014-12-24,0.001549185085998658
2014-12-26,-1.7960084582079104e-05
2014-12-29,0.0037588031956035006
2014-12-30,-9.948726136102912e-05
2014-12-31,-0.0009890856910453585
2015-01-02,0.0023588227424533184
2015-01-05,0.0015717912928509404
2015-01-06,0.003125543025036975
2015-01-07,0.0005205683113800755
2015-01-08,-0.0013505042378422554
2015-01-09,0.0006050460421435392
2015-01-12,0.0015811075146676455
2015-01-13,0.0013471211665952085
2015-01-14,0.0011965538079374176
2015-01-15,0.0009390472851426843
2015-01-16,-0.0024631970659550716
2015-01-20,0.000798235885792289
2015-01-21,-0.0016621953991456883
2015-01-22,0.0021438123512267705
2015-01-23,0.004594279628440675
2015-01-26,-0.0016927829646520484
2015-01-27,-0.0023260748453417957
2015-01-28,0.0023662645692434387
2015-01-29,0.0018297127809340328
2015-01-30,-0.0035606586534385016
2015-02-02,0.0011402674559076635
2015-02-03,-0.005559598384553076
2015-02-04,0.0023810236295654145
2015-02-05,-0.0008271850909553149
2015-02-06,-0.005001781937779698
2015-02-09,-0.003006520537938287
2015-02-10,0.005250687934739806
2015-02-11,0.003002753110379794
2015-02-12,-0.0011253014157832386
2015-02-13,-0.002597327641809954
2015-02-17,0.0002720047669395149
2015-02-18,0.0030076730331054977
2015-02-19,-0.0005104180438005933
2015-02-20,0.004223392155872721
2015-02-23,0.0038692416901725717
2015-02-24,-0.0009430016199374591
2015-02-25,-3.420730808894484e-05
2015-02-26,-0.0010785328069953875
2015-02-27,-0.0007235019862704584
2015-03-02,0.0017049766763538201
2015-03-03,-0.0004054967885171487
2015-03-04,-0.0010949787563404026
2015-03-05,0.0023814942112824616
2015-03-06,-0.003855320551963282
2015-03-09,0.001637477034889384
2015-03-10,-0.00010455090330378639
2015-03-11,0.0014463838744079795
2015-03-12,0.0046274289368766295
2015-03-13,0.0018463640776319214
2015-03-16,0.00316857567527823
2015-03-17,0.0014975253375101739
2015-03-18,-0.001019585572695239
2015-03-19,0.0022391224401993723
2015-03-20,-0.002022705818248773
2015-03-23,-0.005725667664252084
2015-03-24,0.0010213495288218005
2015-03-25,-0.00789422366947604
2015-03-26,-0.0042704145355187025
2015-03-27,0.00510660648382288
2015-03-30,0.00380840147293443
2015-03-31,0.0005137409520823384
2015-04-01,-0.004051777741252812
2015-04-02,-0.003450185259523351
2015-04-06,0.0006822234671002428
2015-04-07,-0.000878859995358885
2015-04-08,0.0027010371999303317
2015-04-09,-0.0010681972898824858
2015-04-10,0.0003487223881622403
2015-04-13,2.4057880008096684e-05
2015-04-14,0.0003389173510614645
2015-04-15,-0.0002835846346572956
2015-04-16,-0.0013384718072781412
2015-04-17,-0.0039001487478556
2015-04-20,0.002958918391967996
2015-04-21,0.00035425337671363567
2015-04-22,0.0019174546661594042
2015-04-23,-0.0005274811356768476
2015-04-24,1.5804633364573807e-05
2015-04-27,-0.001641526712947971
2015-04-28,-0.0006837175701932557
2015-04-29,-0.0033691881982944277
2015-04-30,-0.004050968776933697
2015-05-01,0.002678516813818592
2015-05-04,0.00047311520736272565
2015-05-05,-0.007897500919305469
2015-05-06,0.0005470268279598956
2015-05-07,0.002928650483095691
2015-05-08,0.0051656396713786355
2015-05-11,-0.0014494469449380918
2015-05-12,-0.0015888719554067918
2015-05-13,0.0003837628136888658
2015-05-14,0.00277313884202808
2015-05-15,-0.0003346674180637172
2015-05-18,0.0020629242859298794
2015-05-19,0.0034169796832377412
2015-05-20,0.0006457976834194441
2015-05-21,-0.0015092209414902377
2015-05-22,0.0009722300379932447
2015-05-26,-0.0013645655475785687
2015-05-27,0.004277078553774046
2015-05-28,-0.0027694500897861326
2015-05-29,-0.0032697602514792576
2015-06-01,0.0015394920997970185
2015-06-02,-0.0026540703601229806
2015-06-03,0.0020150820334899015
2015-06-04,-0.0038892198752067484
2015-06-05,0.0002759058545319967
2015-06-08,-0.00239788187759239
2015-06-09,-0.001766194050456677
2015-06-10,0.0041609698698169394
2015-06-11,0.0013302556665682921
2015-06-12,-0.0020053065779375764
2015-06-15,-0.0023714252846432546
2015-06-16,0.0017584532371777363
2015-06-17,-0.0007857425839582838
2015-06-18,0.00601023794572636
2015-06-19,-0.0014063576828018387
2015-06-22,0.005529203432642147
2015-06-23,0.0013528856374960489
2015-06-24,-0.003828224403175314
2015-06-25,-0.00034485568804699143
2015-06-26,-0.002081985355465765
2015-06-29,-0.013638343161665555
2015-06-30,0.0004517306107024201
2015-07-01,0.00034025586502758984
2015-07-02,0.0002573515716033136
2015-07-06,-0.0026469466286447485
2015-07-07,0.0014703282222417546
2015-07-08,-0.007512644774036799
2015-07-09,0.0027010922497620734
2015-07-10,0.006294656394602334
2015-07-13,0.0020264436912970653
2015-07-14,0.000598456584111485
2015-07-15,-0.0008494340862249764
2015-07-16,0.0035208267360731307
2015-07-17,0.0001354895976921064
2015-07-20,0.003571473528756998
2015-07-21,-0.0026378890609148778
2015-07-22,-0.00021335632263162432
2015-07-23,-0.0014189845946578378
2015-07-24,-0.0023256131026715083
2015-07-27,-1.981325341444978e-05
2015-07-28,0.0005634960708451336
2015-07-29,-0.00012551136229212135
2015-07-30,0.0014492148575372629
2015-07-31,0.00017094561239287787
2015-08-03,-0.0012035323543645778
2015-08-04,-0.001111214788730621
2015-08-05,0.0013367376768573889
2015-08-06,-0.0014850698260651567
2015-08-07,-0.0011208808809215036
2015-08-10,-0.00040257140072922623
2015-08-11,-0.00042168629586286237
2015-08-12,-0.0003373991898779045
2015-08-13,-0.00019358414045191074
2015-08-14,0.0006305879260152458
2015-08-17,0.0018826659818605988
2015-08-18,-0.0008508395184390445
2015-08-19,-0.0012091435627817524
2015-08-20,-0.002992414844535797
2015-08-21,0.0010150075126045474
2015-08-24,0.001431473233729014
2015-08-25,-0.0011177152327971924
2015-08-26,-0.004062369691482984
2015-08-27,-0.001798764336822913
2015-08-28,-0.0017645817326445502
2015-08-31,-0.0008358452540821362
2015-09-01,0.0025933011086790685
2015-09-02,-0.002170693459427172
2015-09-03,0.0004507081930670769
2015-09-04,0.0014437491169584152
2015-09-08,-0.003110980433742279
2015-09-09,0.0005069216021954077
2015-09-10,2.7789027007136776e-05
2015-09-11,0.00037500032123803537
2015-09-14,0.00037515883564599674
2015-09-15,-0.0023445936871652486
2015-09-16,-0.0009592165480287237
2015-09-17,0.0017026105068904838
2015-09-18,-4.5625838783334006e-05
2015-09-21,-0.002270075135891863
2015-09-22,0.0002772765255585852
2015-09-23,4.3637580903829124e-05
2015-09-24,-6.60510965598065e-05
2015-09-25,-0.001181654232646984
2015-09-28,0.0017202477481219206
2015-09-29,0.001079815229668845
2015-09-30,-0.0010840744008479492
2015-10-01,-0.00010699043674934191
2015-10-02,0.0004721725208490884
2015-10-05,-0.00235069906037507
2015-10-06,-0.00033645913741606973
2015-10-07,-0.0011245965407058742
2015-10-08,-0.0008127286518665601
2015-10-09,-0.0011096844691191028
2015-10-12,0.001662057634623103
2015-10-13,0.00048602226247924956
2015-10-14,0.0021362650397969358
2015-10-15,-0.0017458465507740105
2015-10-16,-2.9746820214902097e-05
2015-10-19,0.001187842789196128
2015-10-20,-0.0008339483984457668
2015-10-21,0.001685163224141739
2015-10-22,-0.00031769425802091674
2015-10-23,-0.0019206481296067653
2015-10-26,0.001002745472606603
2015-10-27,0.001541455203879388
2015-10-28,-0.0034219756573774613
2015-10-29,-0.0011656415957056437
2015-10-30,2.1298584368310223e-05
2015-11-02,-0.0011055677650102038
2015-11-03,-0.0013611521166613954
2015-11-04,-0.0001353324018802834
2015-11-05,0.00027950650235927896
2015-11-06,-0.0020854312073327217
2015-11-09,0.00033963147668446974
2015-11-10,0.0015538670684935943
2015-11-11,-0.0007287606289040421
2015-11-12,0.001309651759939383
2015-11-13,0.0014283276116019642
2015-11-16,2.2472740735076193e-05
2015-11-17,0.0018059803660744477
2015-11-18,0.0007409194396564059
2015-11-19,-0.00031117461920521125
2015-11-20,0.0007860859448563504
2015-11-23,0.001133691701315916
2015-11-24,-0.0014784018759963137
2015-11-25,0.00041042324932747987
2015-11-27,0.001510009067969366
2015-11-30,-0.0006923205866170404
2015-12-01,0.0014408192492934983
2015-12-02,9.413273248223987e-05
2015-12-03,-0.004852461253026398
2015-12-04,0.0003603718297789969
2015-12-07,0.002343103565905175
2015-12-08,-0.00014933555285068863
2015-12-09,-8.857995337640729e-05
2015-12-10,-0.00057296443024759
2015-12-11,0.0009830357517056606
2015-12-14,-0.0012762452698359419
2015-12-15,-0.0015819609887210498
2015-12-16,-0.0009466253754011075
2015-12-17,0.0018460349462886079
2015-12-18,0.00012843090941035883
2015-12-21,-0.0008571852176063224
2015-12-22,-0.001193903971909299
2015-12-23,-0.0022113379112826993
2015-12-24,0.0006180787780220206
2015-12-28,0.001324820432306707
2015-12-29,-0.0018789940045933244
2015-12-30,0.00041045894891094005
2015-12-31,-0.0004988372053322955
2016-01-04,0.0019386040535385126
2016-01-05,0.0002940783343001272
2016-01-06,0.003088128927985197
2016-01-07,0.0011464795844466186
2016-01-08,0.0008045265880688794
2016-01-11,-0.00034265731967441737
2016-01-12,0.00022688862882672625
2016-01-13,0.002194932561009044
2016-01-14,-0.0024423483011047943
2016-01-15,0.0025636364236903244
2016-01-19,-0.0002614768276939641
2016-01-20,0.0015345505340000666
2016-01-21,-0.0013608522567431802
2016-01-22,-0.0026744036892551214
2016-01-25,0.0025113118392637865
2016-01-26,-0.00022468779900783266
2016-01-27,0.00020152897069740435
2016-01-28,-0.00015897160423995938
2016-01-29,-2.4758276407719557e-06
2016-02-01,0.0003441100412988992
2016-02-02,0.0037329744177773275
2016-02-03,0.00047716491353787054
2016-02-04,0.0008626057198583763
2016-02-05,0.0012011231117424696
2016-02-08,0.003060573914318489
2016-02-09,0.0005113703402180687
2016-02-10,0.001462749915634616
2016-02-11,0.0039568906469751655
2016-02-12,-0.004065559790292597
2016-02-16,-0.004560593627917184
2016-02-17,-0.0017529331692005762
2016-02-18,0.0032872807186790152
2016-02-19,-5.7681801698631626e-05
2016-02-22,-0.001212997980514418
2016-02-23,0.0024727439175946334
2016-02-24,0.0001683238258454626
2016-02-25,0.0010171526680029768
2016-02-26,-0.003241112831412908
2016-02-29,0.0005535259556961373
2016-03-01,-0.004801984572481732
2016-03-02,-0.0011756337173419492
2016-03-03,0.0006584603825057063
2016-03-04,-0.001795215012561528
2016-03-07,-0.0009346798790419982
2016-03-08,0.004174667608737467
2016-03-09,-0.0029049225813023065
2016-03-10,0.0012329154606943648
2016-03-11,-0.0027876317495907498
2016-03-14,0.00027117607338755524
2016-03-15,0.0018547065148453387
2016-03-16,0.0033159786876919167
2016-03-17,0.0008454592057246405
2016-03-18,-0.0003181228175093597
2016-03-21,-0.0013356978691978056
2016-03-22,-0.0002576207199909244
2016-03-23,0.003112020290551802
2016-03-24,0.0003191779813268208
2016-03-28,0.0008950629447603761
2016-03-29,0.0021323716373540663
2016-03-30,1.2405619105342947e-05
2016-03-31,-0.0006072210184867213
2016-04-01,0.001783398196670632
2016-04-04,-0.0002363551228309325
2016-04-05,0.0018517807855015101
2016-04-06,-0.0017643701654187064
2016-04-07,0.003984088155724209
2016-04-08,-0.004323134964912036
2016-04-11,0.0014654694810746138
2016-04-12,-0.00507726528456229
2016-04-13,-0.0027694953674148684
2016-04-14,-0.0021092330267146056
2016-04-15,0.0016382228047767226
2016-04-18,-0.0008599557546579356
2016-04-19,-0.001708739637597197
2016-04-20,-0.0050549393091927335
2016-04-21,-0.00032620529823172625
2016-04-22,-0.0010760459186046696
2016-04-25,-0.0003331812253284922
2016-04-26,-0.0012697271852728977
2016-04-27,0.0015483490737924475
2016-04-28,0.0016133758854960166
2016-04-29,0.0023604158948083644
2016-05-02,-0.002905707340396037
2016-05-03,0.0037956941202194772
2016-05-04,0.001862276685801161
2016-05-05,0.0005337552315231264
2016-05-06,-0.001215052629236806
2016-05-09,-0.0012745022431587824
2016-05-10,-0.0024317031731411563
2016-05-11,0.0022552243724635068
2016-05-12,-0.0003576355635144651
2016-05-13,0.003197535342958565
2016-05-16,-0.00458719728799837
2016-05-17,0.000752354833955987
2016-05-18,-0.0027080733889233146
2016-05-19,0.00021472680173807265
2016-05-20,-0.002646015516106498
2016-05-23,0.0005646503906764455
2016-05-24,-0.006040237839076262
2016-05-25,-0.0015334577423510283
2016-05-26,0.0005313236028590767
2016-05-27,-0.001775218864119696
2016-05-31,0.0004810837711500931
2016-06-01,0.0014501757512483363
2016-06-02,0.00046354337876484844
2016-06-03,0.007849256602157136
2016-06-06,-0.0010377957438666334
2016-06-07,-0.0003652866911120784
2016-06-08,0.002558094286002937
2016-06-09,0.0008970467343048802
2016-06-10,0.0030750917751131493
2016-06-13,0.0022305255032100497
2016-06-14,5.46299842388696e-05
2016-06-15,0.00026820882816511605
2016-06-16,0.0010668490438856043
2016-06-17,-0.0007341751363058324
2016-06-20,-0.0021708354241154046
2016-06-21,-0.001522933355766721
2016-06-22,-0.0001354093641869038
2016-06-23,-0.0018333251553001042
2016-06-24,0.004997054455178802
2016-06-27,0.008106227952220485
2016-06-28,0.0020379225894821395
2016-06-29,-0.00034408764977091977
2016-06-30,-0.000603553121890782
2016-07-01,0.002144356577770715
2016-07-05,0.0011320162148720414
2016-07-06,0.00014126352911933762
2016-07-07,-0.000705918966770838
2016-07-08,0.001302624558806183
2016-07-11,0.000832968564143494
2016-07-12,0.0005888775142970476
2016-07-13,-0.00040101693036747373
2016-07-14,0.00019200829212115265
2016-07-15,0.0018816853120563592
2016-07-18,-0.0006377049845463474
2016-07-19,0.0004910107273388203
2016-07-20,0.00027792262218633376
2016-07-21,-0.0010453719841682758
2016-07-22,0.0008020105419935449
2016-07-25,0.00012123300862763848
2016-07-26,-0.0005216355673804028
2016-07-27,-0.0008600001727121375
2016-07-28,0.000539816713331643
2016-07-29,-0.0003432749719760673
2016-08-01,0.00162539590024074
2016-08-02,-0.00017415482141158885
2016-08-03,0.00046534610928136895
2016-08-04,-0.0011699992943625418
2016-08-05,0.0016973168959045501
2016-08-08,0.00012160493385832976
2016-08-09,-3.3474753150140776e-05
2016-08-10,-0.0014639368115663184
2016-08-11,0.002355089520004544
2016-08-12,-0.0004463463033893589
2016-08-15,0.002340866751522671
2016-08-16,-0.0011032030602529661
2016-08-17,-0.000729816444314693
2016-08-18,0.000775268316607219
2016-08-19,0.0006299174869447874
2016-08-22,-0.0011703049400626736
2016-08-23,0.0005682664351278173
2016-08-24,-4.885942061176834e-06
2016-08-25,0.0007118453530311605
2016-08-26,0.0006336227646567278
2016-08-29,0.0008237774994779346
2016-08-30,0.0010683429969077615
2016-08-31,-0.001024026697582677
2016-09-01,-0.0013088101781782966
2016-09-02,0.001475620845483287
2016-09-06,-0.0001761783452324196
2016-09-07,0.00023931148553677943
2016-09-08,-0.00036039850382082995
2016-09-09,-0.005285259086544158
2016-09-12,-2.150346430583518e-06
2016-09-13,-0.0009102438953533403
2016-09-14,-0.00027158645505344966
2016-09-15,0.0006714924641266447
2016-09-16,-0.0004819836829480452
2016-09-19,0.0007943490478689145
2016-09-20,-0.000689717648823759
2016-09-21,0.0008074348167846248
2016-09-22,0.0008370064893846753
2016-09-23,-0.000560425245055879
2016-09-26,-0.0015763667259306809
2016-09-27,0.0004159921356625857
2016-09-28,0.0007648130129704247
2016-09-29,-1.35543394421604e-06
2016-09-30,0.0020194276413994443
2016-10-03,0.0009621893470246217
2016-10-04,0.0007877062130474703
2016-10-05,0.0019726572708397383
2016-10-06,0.0005872057222965127
2016-10-07,-0.0007526881307919389
2016-10-10,0.0019453100998783864
2016-10-11,-0.0015942662876376077
2016-10-12,8.62197780156379e-05
2016-10-13,-0.0017490692789698444
2016-10-14,-0.0003307240689652687
2016-10-17,-0.0014974961303257873
2016-10-18,-7.388524345519753e-06
2016-10-19,0.0007132397528153418
2016-10-20,-2.625311646951866e-06
2016-10-21,0.0004029647990729109
2016-10-24,0.0007385306383194255
2016-10-25,-0.0009117327822109341
2016-10-26,-0.0007906480508007986
2016-10-27,-0.0010466681139622556
2016-10-28,-0.00033281174325002936
2016-10-31,0.0014592340495615309
2016-11-01,-0.0014050157728705145
2016-11-02,-0.0025605657171754895
2016-11-03,-0.00024279253978813932
2016-11-04,-0.0005525390524180194
2016-11-07,0.0036813186016306622
2016-11-08,0.0011493750779432578
2016-11-09,0.006769271791647676
2016-11-10,0.0032534943723286414
2016-11-11,0.00517440249890184
2016-11-14,0.0036278687172887772
2016-11-15,0.0004998268690562437
2016-11-16,-0.001745512558710186
2016-11-17,0.004950439971695183
2016-11-18,0.0016300716327223702
2016-11-21,-0.00015942740285011608
2016-11-22,0.001492248190655952
2016-11-23,0.003858210037827215
2016-11-25,0.0049229009138272925
2016-11-28,-0.005628634267430477
2016-11-29,0.00013045399994026795
2016-11-30,0.0015911164280949762
2016-12-01,0.0007329608542509282
2016-12-02,-0.0024895287295929177
2016-12-05,0.0038444625514521846
2016-12-06,0.0018505556167050868
2016-12-07,0.0005176098746240622
2016-12-08,0.005600892571375225
2016-12-09,0.0038443390338783177
2016-12-12,-0.004835146502301492
2016-12-13,0.0009977778958248228
2016-12-14,-0.0006353732846449961
2016-12-15,0.00299817705372943
2016-12-16,-0.002369249647409466
2016-12-19,-0.0008739955147306572
2016-12-20,0.004130846775966963
2016-12-21,-0.002076306976093321
2016-12-22,0.0003276390377861386
2016-12-23,-0.0001021626638717414
2016-12-27,0.0007647098971604318
2016-12-28,-0.00487071257803622
2016-12-29,-0.0019729423734739715
2016-12-30,-0.0014446154138096712
2017-01-03,0.002872803994397709
2017-01-04,0.00344947104161583
2017-01-05,-0.0050630313935600985
2017-01-06,0.002694666232846114
2017-01-09,-0.0029998195261804507
2017-01-10,0.000984784443846216
2017-01-11,0.001367387278587437
2017-01-12,-0.0013838952768193721
2017-01-13,0.001861302674644419
2017-01-17,-0.007309620972424202
2017-01-18,0.0036166743551901558
2017-01-19,-0.0003086673124395799
2017-01-20,0.0013797310528606299
2017-01-23,-0.003907382517065208
2017-01-24,0.0055074890455943815
2017-01-25,0.004990200199354582
2017-01-26,-0.0004539737843371987
2017-01-27,-0.0012879101615934391
2017-01-30,-0.0029239231503853883
2017-01-31,-0.0023373551936653582
2017-02-01,0.0031206917914206253
2017-02-02,-0.001620195909889547
2017-02-03,0.003088138235562287
2017-02-06,-0.0035424724717779805
2017-02-07,-0.0012592156519093294
2017-02-08,-0.0019407745059035004
2017-02-09,0.004854895933438052
2017-02-10,0.0028204520059643802
2017-02-13,0.001754873001211897
2017-02-14,0.0030889259322763414
2017-02-15,0.0024536272173286806
2017-02-16,-0.0023426152188975005
2017-02-17,-0.0005912571113809745
2017-02-21,0.0017727865912428515
2017-02-22,-0.0009962206133717903
2017-02-23,-0.0030643113008034057
2017-02-24,-0.0017273338758949973
2017-02-27,0.0027088455704923973
2017-02-28,-0.003124767573240238
2017-03-01,0.008108541923082958
2017-03-02,-0.0018120389742491436
2017-03-03,-0.0009336793678164769
2017-03-06,-0.0004816155194336359
2017-03-07,0.0006699227161598715
2017-03-08,-0.0001245943164341109
2017-03-09,0.002193056859917827
2017-03-10,-8.84088746439119e-05
2017-03-13,0.002500268087838807
2017-03-14,-0.001584700131243872
2017-03-15,-0.0013348277299736716
2017-03-16,0.0009071900584506694
2017-03-17,-0.0005552854527436923
2017-03-20,-0.0010549206317462569
2017-03-21,-0.009822857171899294
2017-03-22,-0.000518782046337831
2017-03-23,0.000456930694425732
2017-03-24,-0.00048273443801956335
2017-03-27,-0.0005417897083431229
2017-03-28,0.004528156871214359
2017-03-29,0.00044342634001670795
2017-03-30,0.003737471853162575
2017-03-31,-0.00198550579820902
2017-04-03,-0.004527606664995153
2017-04-04,0.0006642934296818496
2017-04-05,-0.002620641255425482
2017-04-06,0.0013740568403799724
2017-04-07,-0.00031602828167620167
2017-04-10,-0.0019971621532048336
2017-04-11,-0.001800266218029248
2017-04-12,-0.0034068246711591575
2017-04-13,-0.003356072708460586
2017-04-17,0.002762186927626954
2017-04-18,-0.0045015204026077
2017-04-19,0.0034554176979653024
2017-04-20,0.005687298597504888
2017-04-21,-9.992067397366071e-05
2017-04-24,0.006214344685015291
2017-04-25,0.003530495715838198
2017-04-26,0.0007394703338481916
2017-04-27,-0.0011951795432354037
2017-04-28,-0.003180405063572225
2017-05-01,0.002860748526415964
2017-05-02,0.001344868296577902
2017-05-03,-0.0033152505393735858
2017-05-04,0.003093456228535807
2017-05-05,0.0018995933795811916
2017-05-08,-3.439477738313305e-05
2017-05-09,0.0013429468424842497
2017-05-10,-0.0006648342769249001
2017-05-11,-0.002363239996633824
2017-05-12,-0.0028017793882385996
2017-05-15,0.0033230869933314265
2017-05-16,-0.0002239780073749567
2017-05-17,-0.008027982350941605
2017-05-18,-0.00041664191111056073
2017-05-19,0.00041125564847151213
2017-05-22,0.0012262076293970258
2017-05-23,0.0017961101011066906
2017-05-24,0.0002814036318399641
2017-05-25,0.0008915929951228416
2017-05-26,-0.00024481897506621944
2017-05-30,-0.0005432669160497162
2017-05-31,0.0002339621895898759
2017-06-01,0.00198896066599864
2017-06-02,0.0010810400842674946
2017-06-05,0.000581298614716256
2017-06-06,0.00015048953919215408
2017-06-07,0.0008054463112281326
2017-06-08,-0.000804814684218227
2017-06-09,-0.0024373465289922497
2017-06-12,1.2557620026291751e-06
2017-06-13,0.001407892651811077
2017-06-14,0.0009341619717430015
2017-06-15,-0.0013028074271605615
2017-06-16,0.0002849912348839046
2017-06-19,0.0014108746264667456
2017-06-20,-0.00014710635369546987
2017-06-21,0.0013925039559412335
2017-06-22,0.00031864834830617014
2017-06-23,-0.00011408259798653745
2017-06-26,-0.0005876546359249196
2017-06-27,-0.0009627449504137588
2017-06-28,0.0007149348355086288
2017-06-29,-0.0017090398257782677
2017-06-30,-0.0007950614273389289
2017-07-03,-0.000866714641157019
2017-07-05,0.0002626034920683505
2017-07-06,-0.00030417480601468354
2017-07-07,0.00077540308360965
2017-07-10,0.0003141140922323761
2017-07-11,0.0004939863627716557
2017-07-12,0.000567207125634859
2017-07-13,0.0007273009502823157
2017-07-14,0.0007304805567072201
2017-07-17,-0.00026977140031071364
2017-07-18,0.0007782633797872025
2017-07-19,0.00030529304295307945
2017-07-20,0.0007087987529806778
2017-07-21,-0.0002406409854072563
2017-07-24,0.0001298976155894548
2017-07-25,0.00051353724716396
2017-07-26,-0.00012725649905366882
2017-07-27,-0.0009719023777100207
2017-07-28,-0.00018772043540674167
2017-07-31,0.00044865398845049705
2017-08-01,0.0007760445476012474
2017-08-02,0.00012656464643656282
2017-08-03,0.000373158487663909
2017-08-04,-7.723281212589646e-05
2017-08-07,0.0004222330879605135
2017-08-08,-0.00015558350961417295
2017-08-09,-0.0004408735222458045
2017-08-10,-0.0020518589970770365
2017-08-11,0.0001813791247294189
2017-08-14,-4.2025690267072455e-05
2017-08-15,-4.959566835955167e-05
2017-08-16,0.0031971208517952766
2017-08-17,-0.0014200349904085643
2017-08-18,0.0025493578454515668
2017-08-21,0.00202644396860417
2017-08-22,-0.0003280820532031188
2017-08-23,2.220884416108442e-05
2017-08-24,-0.0005322857562045214
2017-08-25,0.0015024450491420483
2017-08-28,0.0018452903926576268
2017-08-29,0.0013200001904535399
2017-08-30,-0.0011339791536438013
2017-08-31,0.001965810502363044
2017-09-01,-0.002246520766200795
2017-09-05,0.0007683519203702764
2017-09-06,-0.00017841298008715333
2017-09-07,0.004513661228817652
2017-09-08,-0.0006943667405094515
2017-09-11,-0.0012301731482320898
2017-09-12,1.5965083347942318e-05
2017-09-13,-0.002086895468713692
2017-09-14,0.00013451636876856408
2017-09-15,-0.0001518154747526397
2017-09-18,0.00048184170881614916
2017-09-19,0.0007345504170894096
2017-09-20,-0.000745639984672958
2017-09-21,-0.0005647720838805779
2017-09-22,0.0003323055786453463
2017-09-25,-0.0018653262753283975
2017-09-26,-0.0007291291078991861
2017-09-27,0.0006936853374544805
2017-09-28,0.0006561315879480427
2017-09-29,0.00070587964627254
2017-10-02,0.0011819319201891608
2017-10-03,0.0013725124897239513
2017-10-04,-0.0015882370298991879
2017-10-05,0.0010462850712940298
2017-10-06,-8.062054847443351e-06
2017-10-09,0.00021916079145337068
2017-10-10,0.001027616975747983
2017-10-11,0.0003233446224169561
2017-10-12,0.00020049805796737349
2017-10-13,3.8739202896289135e-05
2017-10-16,0.0009705294671796964
2017-10-17,-0.000575045508288818
2017-10-18,0.0012440144247836413
2017-10-19,-0.0017580616256837253
2017-10-20,0.0019167606112355604
2017-10-23,-0.0012169074721444504
2017-10-24,0.0010088985707652593
2017-10-25,-0.00029206741700354565
2017-10-26,0.00085308299416949
2017-10-27,0.0008083573861491104
2017-10-30,-0.00087540182825074
2017-10-31,0.0017402327012451852
2017-11-01,-3.070008757404574e-06
2017-11-02,0.0006731704294314206
2017-11-03,0.00021460843003971518
2017-11-06,0.00032192626293476613
2017-11-07,-0.0012776488987930824
2017-11-08,0.0014275101021111777
2017-11-09,-0.000316448162952595
2017-11-10,8.685530305875075e-06
2017-11-13,-0.00020862783333547012
2017-11-14,-0.0003581324389514686
2017-11-15,-0.0009621125631290701
2017-11-16,0.0014296837620625836
2017-11-17,-0.0008223429925495118
2017-11-20,0.0008444971811478081
2017-11-21,0.0016734730681503053
2017-11-22,-0.000767955926762472
2017-11-24,0.0008419874931925168
2017-11-27,-0.0010580459472766628
2017-11-28,0.0006372576037265497
2017-11-29,-0.0005902287517552349
2017-11-30,0.0011345042528802922
2017-12-01,-0.0004974787438822626
2017-12-04,-0.00028710472220064287
2017-12-05,-0.00038128470880520926
2017-12-06,-0.0011486907110216538
2017-12-07,0.0015789512680351198
2017-12-08,0.0009517664911877543
2017-12-11,0.00099690878787152
2017-12-12,-4.058424530614557e-05
2017-12-13,-0.0004577887270037918
2017-12-14,-0.00011938709500806224
2017-12-15,0.0005454036315402874
2017-12-18,0.0005883247593017874
2017-12-19,0.0008668819842016699
2017-12-20,0.0014015590621513523
2017-12-21,-0.00015535337008013917
2017-12-22,0.0005028152422477323
2017-12-26,-0.0001688984029333179
2017-12-27,-0.0008482326663945978
2017-12-28,0.00042145094517661793
2017-12-29,-0.000864826754006089
2018-01-02,0.0007779882746706149
2018-01-03,0.0007094522203094208
2018-01-04,0.0018149279106378974
2018-01-05,0.0009578715461087546
2018-01-08,0.00020467623672135908
2018-01-09,0.0012942551032388019
2018-01-10,0.0001389176706294327
2018-01-11,0.0015758092147420979
2018-01-12,0.0018477331125607722
2018-01-16,-0.0007147051951733293
2018-01-17,0.0006750376638356696
2018-01-18,0.0005618431048884071
2018-01-19,0.0010271315317969046
2018-01-22,0.001265636269285498
2018-01-23,-0.0002380707901565462
2018-01-24,0.0011841813240872905
2018-01-25,-0.0007479014365970411
2018-01-26,0.0021598427835607197
2018-01-29,-0.0005183370777187124
2018-01-30,-0.0011679767776660288
2018-01-31,-1.1569126609679674e-05
2018-02-01,0.0014605264737742128
2018-02-02,-0.0025833813994723225
2018-02-05,-0.005006283973315851
2018-02-06,0.0002880201245993836
2018-02-07,-0.001729839686350288
2018-02-08,-0.002871837026483803
2018-02-09,0.0012896096339303695
2018-02-12,0.0009982892593495669
2018-02-13,-0.0002259829405655617
2018-02-14,0.007707526425778178
2018-02-15,0.00028027515303489565
2018-02-16,-0.0009931303333332998
2018-02-20,0.0004506555012154762
2018-02-21,0.0034915824459802055
2018-02-22,-9.288270892596879e-05
2018-02-23,-0.0017655742719697098
2018-02-26,0.0006447605914887029
2018-02-27,-0.0003299701607217847
2018-02-28,-0.004144595059330177
2018-03-01,-0.0033211233816844285
2018-03-02,0.0029305308350988353
2018-03-05,0.0017048328011397002
2018-03-06,0.0009086635798323773
2018-03-07,0.0002467650948535429
2018-03-08,-0.001702019939272507
2018-03-09,0.0054352495062199545
2018-03-12,-0.0009598449772838856
2018-03-13,-0.0023167077491577943
2018-03-14,-0.0020737314452321763
2018-03-15,7.74137002191265e-05
2018-03-16,0.0004959502762775038
2018-03-19,-0.0009209866737629512
2018-03-20,0.002978596707604542
2018-03-21,0.0008018439435180729
2018-03-22,-0.009054530879308733
2018-03-23,0.0004209883028779385
2018-03-26,0.0015343233548415608
2018-03-27,-0.0046393749664672915
2018-03-28,-0.004773693806696731
2018-03-29,0.0002907065363363384
2018-04-02,-0.0028972945725465825
2018-04-03,-0.0006776895378431853
2018-04-04,0.00019676253948326387
2018-04-05,-0.0018412974173047715
2018-04-06,-0.003109158584383177
2018-04-09,0.0014411785868002221
2018-04-10,0.0019102178198773774
2018-04-11,1.7048519404118704e-05
2018-04-12,0.0009971155338691082
2018-04-13,-0.00017962531760972193
2018-04-16,0.0009909051562107434
2018-04-17,0.000648603664255807
2018-04-18,0.0028590413691908442
2018-04-19,0.00028518600414471906
2018-04-20,0.00042820430487514125
2018-04-23,-0.0014832659296772901
2018-04-24,-0.0018711749169801678
2018-04-25,0.0005473997179271875
2018-04-26,-0.0010743193090639101
2018-04-27,-0.002826322120139557
2018-04-30,-0.0010675131750056868
2018-05-01,-0.0001027763218756014
2018-05-02,0.001198347092948942
2018-05-03,-1.8432184982997645e-05
2018-05-04,0.0005424101347321609
2018-05-07,0.0009317231571692631
2018-05-08,0.0010326427564401016
2018-05-09,0.0015551335971550483
2018-05-10,-0.001048887638845231
2018-05-11,8.23736086473213e-05
2018-05-14,0.0019681966277059035
2018-05-15,0.001955702674945989
2018-05-16,0.0027195257883778773
2018-05-17,0.002700788453953731
2018-05-18,-0.003058719563186835
2018-05-21,0.002493397918289752
2018-05-22,-0.000956503415386981
2018-05-23,-0.003706345700714833
2018-05-24,-0.001479168972440137
2018-05-25,-0.00470591625915217
2018-05-29,-0.006312272166896967
2018-05-30,0.0036644412890803097
2018-05-31,-0.0026192087002805467
2018-06-01,0.0023676859780132923
2018-06-04,0.004156858670261332
2018-06-05,0.0018800084725811913
2018-06-06,0.003952590668059933
2018-06-07,-0.003031305918034281
2018-06-08,0.0017750836258759656
2018-06-11,0.0005302084979095271
2018-06-12,0.00044733680405513
2018-06-13,0.00014947327707083918
2018-06-14,-0.0005462114376693142
2018-06-15,-0.004230094576555477
2018-06-18,0.0022967717948780063
2018-06-19,-0.0018892852364553294
2018-06-20,0.0011546608643176665
2018-06-21,-0.0022184003534719177
2018-06-22,-0.0007878705365067021
2018-06-25,-0.0018120184673195792
2018-06-26,0.001547902587556381
2018-06-27,-0.0012393896011149341
2018-06-28,4.428706568623247e-05
2018-06-29,-0.00042980229010008096
2018-07-02,0.003181056206156677
2018-07-03,-0.00016266950092665782
2018-07-05,0.0021210236822143645
2018-07-06,0.0003265761070152506
2018-07-09,0.00020852624622581215
2018-07-10,0.00026968807447155205
2018-07-11,0.0018932994293158329
2018-07-12,-0.0006231209579985887
2018-07-13,-0.00039152621330507597
2018-07-16,-0.0012079096507051832
2018-07-17,0.0022658448244817085
2018-07-18,0.0013317924623151484
2018-07-19,0.002961795415226046
2018-07-20,-0.0032866134834511123
2018-07-23,3.6777230946065105e-05
2018-07-24,-0.0020946330554834688
2018-07-25,-0.00046823249790020464
2018-07-26,0.002706640474479904
2018-07-27,-0.004364087573604996
2018-07-30,-0.0005602944556032499
2018-07-31,0.0015709574214724082
2018-08-01,0.0036303738682237872
2018-08-02,0.003628587043153582
2018-08-03,-7.491890998924267e-05
2018-08-06,0.0023722672767621518
2018-08-07,0.0006090223811110755
2018-08-08,-0.002143512805405695
2018-08-09,0.0018106581961894166
2018-08-10,0.0019009636282545312
2018-08-13,0.002278161814506762
2018-08-14,0.0021099663315397575
2018-08-15,0.002067669846486628
2018-08-16,0.0009175507836733317
2018-08-17,-0.0022266673219425385
2018-08-20,0.000526247316402781
2018-08-21,-0.0006822437629920625
2018-08-22,0.0002734367102826793
2018-08-23,0.0029147205663614885
2018-08-24,-0.0016412800073617282
2018-08-27,-0.002403720443197428
2018-08-28,0.0008510454862070678
2018-08-29,0.0020198344341660276
2018-08-30,0.0023828212610052025
2018-08-31,0.0004707464363307763
2018-09-04,0.0009289419154422784
2018-09-05,-0.0009689835060082045
2018-09-06,-0.0018245088822248456
2018-09-07,-0.0011016262778130723
2018-09-10,0.0003812851670276154
2018-09-11,0.002689195775959468
2018-09-12,-0.0013623051681683905
2018-09-13,0.0009799002322846183
2018-09-14,0.001582838996473041
2018-09-17,-0.003354721044805799
2018-09-18,0.0007252208920750243
2018-09-19,-0.002285052475102728
2018-09-20,0.0012975700162393784
2018-09-21,-0.0006089634396454594
2018-09-24,-0.0011357270744712942
2018-09-25,-0.0008877554535124619
2018-09-26,-0.00349158295276547
2018-09-27,0.002604580809279749
2018-09-28,0.0012347466644565617
2018-10-01,-0.0006665683808466168
2018-10-02,-0.0044058228033333246
2018-10-03,0.0034620418799520356
2018-10-04,-0.0026325757629572944
2018-10-05,-0.0021406347499437557
2018-10-08,0.0007149245008925399
2018-10-09,0.0007584643138564022
2018-10-10,-0.008714915408920993
2018-10-11,-0.007903091338565284
2018-10-12,-0.0010042767532096742
2018-10-15,0.0007498363347475839
2018-10-16,-1.986361932975506e-05
2018-10-17,-3.7964886013659715e-05
2018-10-18,-0.0005911509199691042
2018-10-19,-0.00019275021718216195
2018-10-22,-0.0007050357431087665
2018-10-23,-0.0016305904005531609
2018-10-24,-0.0006537660220005611
2018-10-25,0.0005208569577077938
2018-10-26,-0.0011323585019886676
2018-10-29,0.0015702264618878458
2018-10-30,0.00041715928815916445
2018-10-31,0.0005898841404357932
2018-11-01,-0.0009562362286677946
2018-11-02,-0.002039218641519655
2018-11-05,0.0022889321013679098
2018-11-06,0.0011086921501595813
2018-11-07,0.0008556652599181489
2018-11-08,0.00042430457097462015
2018-11-09,0.0009709954135701653
2018-11-12,-0.0002223560684741492
2018-11-13,0.0009024763809353492
2018-11-14,-0.0013880942898483746
2018-11-15,-0.001159471875560929
2018-11-16,-0.001119798391718373
2018-11-19,0.00012349130226060786
2018-11-20,0.0005249071226749418
2018-11-21,-0.001050124748702047
2018-11-23,0.0006287254738303046
2018-11-26,0.0002593935333582687
2018-11-27,0.00014931186019199005
2018-11-28,0.0004380105988574792
2018-11-29,-4.892010814086474e-05
2018-11-30,0.0007019091561600872
2018-12-03,-0.0002126432403886469
2018-12-04,-0.0005431398350427523
2018-12-06,0.001347059946379215
2018-12-07,0.00019909868918334417
2018-12-10,0.0008904403547334171
2018-12-11,-0.0014083023666687402
2018-12-12,-0.001151036870788414
2018-12-13,0.0012766263804114065
2018-12-14,0.0014527235573829791
2018-12-17,0.00048821741003741883
2018-12-18,0.0028047964148377826
2018-12-19,0.001647428595488054
2018-12-20,0.00015324307183743575
2018-12-21,0.000712592681276439
2018-12-24,0.002959017384074575
2018-12-26,-0.005314656337248457
2018-12-27,0.0016147360838601596
2018-12-28,0.002329346548853607
2018-12-31,0.0008722997969089047
2019-01-02,0.0011832491097574387
2019-01-03,0.0038837387794202214
2019-01-04,-0.004414649135379225
2019-01-07,-5.993943766971541e-05
2019-01-08,-0.0011949015771161632
2019-01-09,-0.0007642408726711636
2019-01-10,-0.0017174097651519928
2019-01-11,0.00063849072807382
2019-01-14,0.00032515532604886037
2019-01-15,-0.0008654047727486554
2019-01-16,0.0001181512358212506
2019-01-17,-6.316310781851962e-05
2019-01-18,-0.0013186227515895104
2019-01-22,0.0018106381823687263
2019-01-23,0.0008895185392516975
2019-01-24,0.0009195712617131307
2019-01-25,-0.0007176646583642167
2019-01-28,0.0009197716014287988
2019-01-29,0.0012266065566410743
2019-01-30,0.0009383906837605244
2019-01-31,0.0025880472372073757
2019-02-01,-0.0019014263064686542
2019-02-04,-0.0019862179636843114
2019-02-05,0.0016865168428380234
2019-02-06,-0.0014460277749831882
2019-02-07,0.002798134900011338
2019-02-08,0.0007627316965705779
2019-02-11,-0.001791805878089923
2019-02-12,-0.001889146871215068
2019-02-13,-0.00206197642175851
2019-02-14,0.0009648212314445199
2019-02-15,-0.0019323020434530466
2019-02-19,0.0011551089034318948
2019-02-20,-0.001825062382642767
2019-02-21,-0.0011555068624383449
2019-02-22,0.0011258852495138474
2019-02-25,-0.00036022044764753
2019-02-26,0.0011224293608849472
2019-02-27,-0.0014742164805423455
2019-02-28,-0.0005150375315685691
2019-03-01,-0.0025434846598217367
2019-03-04,0.0005751909361237648
2019-03-05,0.00045014963886283823
2019-03-06,0.0015295895300578399
2019-03-07,0.0019656607947739118
2019-03-08,0.0015764718507855148
2019-03-11,-0.0019591955852262975
2019-03-12,0.0022431542811845433
2019-03-13,-0.0018721326582540531
2019-03-14,-0.002169946438523865
2019-03-15,0.0002161611451199747
2019-03-18,-0.0013746739641091743
2019-03-19,0.0007617400870375232
2019-03-20,0.004958250568363559
2019-03-21,-0.0020942850525128395
2019-03-22,0.0076059348363977175
2019-03-25,0.0014442236452020185
2019-03-26,-0.0021053822881542325
2019-03-27,0.0008737155649707284
2019-03-28,0.0001422083177306475
2019-03-29,-0.0006746969430384431
2019-04-01,-0.005519329114647607
2019-04-02,0.00023649757784030047
2019-04-03,-0.002399482943267681
2019-04-04,0.000979899404096708
2019-04-05,0.00039262216680415526
2019-04-08,-0.0012422433156240897
2019-04-09,0.0023266280149138474
2019-04-10,0.0009726989839057394
2019-04-11,-0.001784937412342169
2019-04-12,-0.0014132136965987864
2019-04-15,-0.0003287554856838084
2019-04-16,-0.0005556126810607857
2019-04-17,-0.0001565713405419077
2019-04-18,0.0002126138293453403
2019-04-22,-0.0014551934021212174
2019-04-23,0.0018262378938241214
2019-04-24,0.0008278248458806011
2019-04-25,0.000753611338925334
2019-04-26,0.0010134900368087797
2019-04-29,-0.00047613934458606497
2019-04-30,-0.0005387621152941637
2019-05-01,0.00014021465182493647
2019-05-02,0.0005956635891357339
2019-05-03,0.0019940165058666285
2019-05-06,-0.001260825366746479
2019-05-07,-0.0015957162930040187
2019-05-08,0.0003252164704635495
2019-05-09,0.0006857179536065521
2019-05-10,8.340370831393137e-05
2019-05-13,0.001562841186202673
2019-05-14,-0.0022520060842164476
2019-05-15,0.0004923257578921575
2019-05-16,-0.003203447903046351
2019-05-17,0.00044880737727727405
2019-05-20,5.095593889651146e-05
2019-05-21,-0.0007115968028301677
2019-05-22,0.0005313209118648932
2019-05-23,7.72064357673087e-05
2019-05-24,-0.0009426663418432396
2019-05-28,-0.0008124579222198755
2019-05-29,-0.00037761746773139595
2019-05-30,0.0002801929672031062
2019-05-31,0.001207349405900953
2019-06-03,0.002163769962048044
2019-06-04,-0.0033973110452634857
2019-06-05,0.001683285908788384
2019-06-06,-0.00010883815096971133
2019-06-07,0.003913170580769501
2019-06-10,-0.0026802284134612433
2019-06-11,-0.0007506221443001085
2019-06-12,0.00032838217779036576
2019-06-13,0.0003935849352493975
2019-06-14,0.00038980464972372057
2019-06-17,0.0007523934708382541
2019-06-18,0.0010848685048703206
2019-06-19,0.0012616835135933393
2019-06-20,-0.0004345497916015219
2019-06-21,0.0005347847698355875
2019-06-24,-0.002865525717521743
2019-06-25,-0.001980476895016492
2019-06-26,0.00021238140915129996
2019-06-27,0.0010478610833844692
2019-06-28,0.0012604376678701482
2019-07-01,0.002123391021706362
2019-07-02,0.00023731706362746573
2019-07-03,0.0006769693598980028
2019-07-05,0.0014695406807122423
2019-07-08,-0.0007403927512880644
2019-07-09,0.00037588696409284546
2019-07-10,-0.00019004486299006092
2019-07-11,-0.0002401678150156498
2019-07-12,-0.00015852673545941855
2019-07-15,-0.0006479896541453768
2019-07-16,-0.00040422593429873574
2019-07-17,-0.0018206011599532072
2019-07-18,8.284403641661897e-05
2019-07-19,-0.002017925069237873
2019-07-22,0.0007810009001910028
2019-07-23,0.0001505357942847295
2019-07-24,0.0008034873443422861
2019-07-25,-0.0006771576362157423
2019-07-26,0.001808272779382669
2019-07-29,-0.0009633156966208337
2019-07-30,0.001640285895979602
2019-07-31,3.2238573297887975e-05
2019-08-01,0.0015747615619209363
2019-08-02,0.0014248948643390657
2019-08-05,-0.0002172890228581166
2019-08-06,0.003978736046109359
2019-08-07,0.002506711394658271
2019-08-08,0.0005616943639782418
2019-08-09,-0.0006875983836747398
2019-08-12,0.005265723360024639
2019-08-13,-0.0033780100345543176
2019-08-14,0.006244823599914005
2019-08-15,0.004222891483004082
2019-08-16,-0.0030196129372676403
2019-08-19,-0.0038611698021768026
2019-08-20,0.0023227009378456033
2019-08-21,-0.0014074273436115875
2019-08-22,5.432199613763616e-05
2019-08-23,0.006769402980464785
2019-08-26,-0.001685863284223029
2019-08-27,0.0036501965176349406
2019-08-28,-0.0005591645928453688
2019-08-29,-0.0013276332172007424
2019-08-30,-0.00050519126208014
2019-09-03,0.00312742069595127
2019-09-04,-0.0014491944842430903
2019-09-05,-0.0075526816104139576
2019-09-06,0.0016930780738965995
2019-09-09,-0.006051626448110166
2019-09-10,-0.007268537451528859
2019-09-11,-0.00029954158930954383
2019-09-12,-0.001692674106688467
2019-09-13,-0.004343301361796269
2019-09-16,-4.6922360651800114e-05
2019-09-17,0.002150344945454261
2019-09-18,0.0012991884312553799
2019-09-19,0.00018287325663480678
2019-09-20,0.004178652754703909
2019-09-23,-0.0007103599199656331
2019-09-24,0.00040523029005442473
2019-09-25,-0.0023814703732215232
2019-09-26,0.0009849142219786897
2019-09-27,0.00010946543392100581
2019-09-30,-0.0016834080907215257
2019-10-01,-0.0009071636466042448
2019-10-02,0.0003849632648277843
2019-10-03,0.002139016181288623
2019-10-04,0.0014071196039356017
2019-10-07,-0.0015840611679142215
2019-10-08,0.0016237035384165728
2019-10-09,-0.001614396434740102
2019-10-10,-0.004507409904282083
2019-10-11,-0.00641162218618428
2019-10-14,0.002076177147738489
2019-10-15,-0.0027435143284462705
2019-10-16,0.0005559008933415279
2019-10-17,-0.0011895617389803112
2019-10-18,0.0007920922968654093
2019-10-21,-0.001693654839899225
2019-10-22,0.0012686815408023545
2019-10-23,-0.0011809477346626245
2019-10-24,0.0004939431060656609
2019-10-25,-0.003759328267187294
2019-10-28,-0.004000989870298126
2019-10-29,-0.0006034957005801959
2019-10-30,0.0026606610627779156
2019-10-31,0.004653078145533498
2019-11-01,-0.003870221281689742
2019-11-04,-0.004459439742623463
2019-11-05,-0.00311667524819555
2019-11-06,0.0019310226991852736
2019-11-07,-0.002081144922137109
2019-11-08,-0.0008050483611023592
2019-11-11,-0.00034266005889203193
2019-11-12,3.297002672490887e-05
2019-11-13,5.989975500997986e-06
2019-11-14,0.0008344770129529378
2019-11-15,0.0009248092721636759
2019-11-18,0.0011513438913045178
2019-11-19,0.0014818187995794022
2019-11-20,-0.0007517316974953959
2019-11-21,-0.0010435062706084374
2019-11-22,0.0006055257801000852
2019-11-25,0.0013732209510643673
2019-11-26,0.00028156658575762743
2019-11-27,0.0011686702072948888
2019-11-29,-0.0009504696832322886
2019-12-02,-0.00133341412717395
2019-12-03,-0.002081147391775238
2019-12-04,0.0010288342690819234
2019-12-05,-0.00020369537513295974
2019-12-06,0.001008983320836352
2019-12-09,-0.001057193776005615
2019-12-10,-5.786130534374035e-05
2019-12-11,-0.0009684945484628364
2019-12-12,0.0007547294330550996
2019-12-13,0.00035454996708681857
2019-12-16,0.0006680061106219911
2019-12-17,0.00022809229394093382
2019-12-18,-0.00013441721519056929
2019-12-19,0.0003257068094984362
2019-12-20,0.0004200535527208039
2019-12-23,0.0008914227370636022
2019-12-24,-0.0002452210446461235
2019-12-26,0.0001914173076280818
2019-12-27,-0.0014806650579859753
2019-12-30,-0.0006812982804185802
2019-12-31,0.0002902240670858828
2020-01-02,0.000554651916697121
2020-01-03,-0.0012625566001110006
2020-01-06,0.0008834604333094105
2020-01-07,0.00015860543606630815
2020-01-08,-0.00012672072634356383
2020-01-09,0.0013575105074402642
2020-01-10,-0.001464580743720472
2020-01-13,0.001351017658497574
2020-01-14,-0.00032033568838456885
2020-01-15,-0.00017175997077406772
2020-01-16,0.002398391200087827
2020-01-17,-7.490670209242108e-05
2020-01-21,-0.0019644915729700374
2020-01-22,0.000700104735042565
2020-01-23,0.0001924933420132935
2020-01-24,-0.0008184273170588968
2020-01-27,-0.0005828989419368229
2020-01-28,0.0003263368752363984
2020-01-29,0.00031272383996241787
2020-01-30,0.0004403754297625934
2020-01-31,-0.0020638109547876184
2020-02-03,0.0013459850520606796
2020-02-04,0.001948031961399641
2020-02-05,0.0018559561709234856
2020-02-06,-8.080556363005234e-05
2020-02-07,-0.001721426140646955
2020-02-10,0.0002473504340263854
2020-02-11,0.0009346106828547311
2020-02-12,0.0013313832623100073
2020-02-13,-0.001052643462217055
2020-02-14,-0.0005466543159680662
2020-02-18,-0.0017817575616344695
2020-02-19,0.0012075432015425476
2020-02-20,-0.0008336596997654006
2020-02-21,-0.0032955759294396826
2020-02-24,-0.006191356533801587
2020-02-25,-0.0038648817771192653
2020-02-26,-3.1831667925758824e-05
2020-02-27,-0.000837038338310739
2020-02-28,0.0025800936959254088
2020-03-02,-0.002456198416554929
2020-03-03,0.003782431234602603
2020-03-04,-0.003769023264685665
2020-03-05,0.0007240667303024246
2020-03-06,0.011673269677340834
2020-03-09,0.009810852460775399
2020-03-10,-0.015079292564582287
2020-03-11,0.001745885094221602
2020-03-12,-3.170460778734966e-05
2020-03-13,-0.01100243865111283
2020-03-16,0.016976849453776175
2020-03-17,-0.011386821847160451
2020-03-18,0.0019023493385888922
2020-03-19,-0.004067249013157822
2020-03-20,0.01331684423787001
2020-03-23,0.015145105202000972
2020-03-24,-0.0061134810929444495
2020-03-25,-0.0011858809320031988
2020-03-26,-0.002856787638191539
2020-03-27,0.003219786244305948
2020-03-30,2.505173030020627e-05
2020-03-31,-0.0015037866751730303
2020-04-01,0.005208500420659317
2020-04-02,0.0003950695064548382
2020-04-03,0.000755809649822207
2020-04-06,-0.0024533737400288316
2020-04-07,-0.0016523014516093997
2020-04-08,-0.0037330571639747874
2020-04-09,0.0014343653490822056
2020-04-13,-8.137279662446391e-05
2020-04-14,0.0003047779548725004
2020-04-15,0.003777810646758293
2020-04-16,0.0006165811692642303
2020-04-17,-0.0029156774955219314
2020-04-20,0.0025401947208658726
2020-04-21,0.003186955059959487
2020-04-22,0.00032612237241905445
2020-04-23,0.0002634529560747585
2020-04-24,2.09003316464257e-06
2020-04-27,-0.0017632320676273963
2020-04-28,0.000495228132276128
2020-04-29,-0.0007435737280429731
2020-04-30,0.00042081003738884883
2020-05-01,0.0006740756199854811
2020-05-04,0.00010300420092849256
2020-05-05,-0.0008710093565623858
2020-05-06,-0.0017689084569195962
2020-05-07,0.001388527714272499
2020-05-08,-0.002829625112858265
2020-05-11,-0.0006341538518109597
2020-05-12,0.0031402535366321293
2020-05-13,0.0019665297310083926
2020-05-14,0.0007426308039935406
2020-05-15,0.0003739864661592699
2020-05-18,-0.004301146299937046
2020-05-19,0.0013881636221585605
2020-05-20,0.00039178268972102
2020-05-21,-0.001266830464323952
2020-05-22,-7.14957479086805e-05
2020-05-26,-0.0036788560677641735
2020-05-27,-0.0002069994607454386
2020-05-28,0.0009517407630204652
2020-05-29,0.0018469028668757852
2020-06-01,-0.0006657049383362451
2020-06-02,-0.0006534521508737629
2020-06-03,-0.002781147624672873
2020-06-04,-0.0012040078995964936
2020-06-05,-0.0017175564033334956
2020-06-08,-0.0004704369954790554
2020-06-09,0.001306334819365031
2020-06-10,0.0034701154252482725
2020-06-11,0.0017064078464268321
2020-06-12,-0.001187782621270038
2020-06-15,0.0006799289688079707
2020-06-16,-0.0013785244852260621
2020-06-17,0.0009633202483289324
2020-06-18,0.0006486583803607627
2020-06-19,0.0009140801091488398
2020-06-22,0.0004082221663460233
2020-06-23,0.0007066874998522819
2020-06-24,0.0011541444510870754
2020-06-25,-0.0006038937356718809
2020-06-26,0.0022271593309988007
2020-06-29,-0.0008999103155643384
2020-06-30,-0.0005395542856817371
2020-07-01,-0.0004793089758019771
2020-07-02,0.0007667561279019035
2020-07-06,0.0007574668826391065
2020-07-07,0.0011563701635693559
2020-07-08,0.00012125090450629341
2020-07-09,0.0017103829147474968
2020-07-10,-0.0010075154781178377
2020-07-13,0.00031238126967439775
2020-07-14,0.00029626721678593844
2020-07-15,-0.001074824620725311
2020-07-16,-0.00019346784141658293
2020-07-17,0.0009639526835699689
2020-07-20,0.0012130246849041358
2020-07-21,0.00042141316278200466
2020-07-22,2.996684428227347e-05
2020-07-23,0.0004959392505228724
2020-07-24,0.0007374018719703403
2020-07-27,0.0001752664366052067
2020-07-28,0.00046893099178598087
2020-07-29,0.00030138009790852516
2020-07-30,0.001889934033577882
2020-07-31,0.000677460599813865
2020-08-03,0.000610445523918503
2020-08-04,0.0026179635764957375
2020-08-05,-0.0015129021400192314
2020-08-06,0.0031362301807189063
2020-08-07,-0.006036433384377101
2020-08-10,-0.0030040711911967586
2020-08-11,-0.004649577199081512
2020-08-12,-0.0022243607944867176
2020-08-13,-0.002164910608246961
2020-08-14,-0.0008301216176736014
2020-08-17,0.0021790174674335824
2020-08-18,0.006126926243285765
2020-08-19,-0.0019761274107160023
2020-08-20,0.0024722465618625504
2020-08-21,0.0012482667339012436
2020-08-24,-0.0033302837149959486
2020-08-25,-0.0005063120759090107
2020-08-26,0.004726044176772807
2020-08-27,-0.007244801851287179
2020-08-28,-0.00021582836922307572
2020-08-31,0.0024555702253771143
2020-09-01,0.0014559606491068317
2020-09-02,0.0002817836664215699
2020-09-03,-0.009336435668154413
2020-09-04,0.0040858370273749505
2020-09-08,-0.0007653324007368148
2020-09-09,0.0010979211725939838
2020-09-10,-0.0008354274892375954
2020-09-11,-0.0002571302568163989
2020-09-14,0.0008843218126224171
2020-09-15,6.529306631586712e-05
2020-09-16,-0.00013885275717373492
2020-09-17,-0.0007359963357104068
2020-09-18,-0.0005700640884995945
2020-09-21,-0.0008713049922148465
2020-09-22,0.0002846076608258413
2020-09-23,-0.0011317873616629591
2020-09-24,-0.0002345984802127934
2020-09-25,0.0005748932444805508
2020-09-28,0.0009757934884022131
2020-09-29,-0.0002566803502447364
2020-09-30,0.0001491204277794218
2020-10-01,0.0010481792999404887
2020-10-02,-4.4694661184867615e-05
2020-10-05,0.0015783998874662527
2020-10-06,-0.0005764297507332848
2020-10-07,0.000701666061264777
2020-10-08,-0.00011235942612708952
2020-10-09,0.000562492009245946
2020-10-12,-0.00019114061533817778
2020-10-13,-0.0003513274487351596
2020-10-14,-0.00046619224977846477
2020-10-15,-9.428845575452841e-05
2020-10-16,0.0002002794512284571
2020-10-19,-0.00022871719970677946
2020-10-20,0.0006464509459827284
2020-10-21,-1.9531945657229105e-05
2020-10-22,0.0009230806785934544
2020-10-23,-0.00032945185269084797
2020-10-26,-0.0014038104825403487
2020-10-27,-0.00010291898463112118
2020-10-28,-0.0012060971971949777
2020-10-29,0.00043505205187828786
2020-10-30,-4.097624448218108e-06
2020-11-02,0.000164239808482313
2020-11-03,0.000821176192319374
2020-11-04,-0.00030837583397064086
2020-11-05,0.0006542183563479937
2020-11-06,0.0003296584694985053
2020-11-09,0.0006847758265081326
2020-11-10,0.00045149853067462224
2020-11-11,0.00031900477549957104
2020-11-12,-0.0012605723024186697
2020-11-13,0.0006492536524997244
2020-11-16,0.0005594989475795767
2020-11-17,0.00014776498355894657
2020-11-18,-0.00034379509013720037
2020-11-19,-7.509731364749764e-05
2020-11-20,4.8826547193985676e-06
2020-11-23,-8.104761353209507e-05
2020-11-24,0.0010552066210253756
2020-11-25,-0.0002455092302157338
2020-11-27,0.000313955748853107
2020-11-30,-0.0010169414340236251
2020-12-01,0.0013928613929117938
2020-12-02,-0.0005172514742122652
2020-12-03,-0.0002496575448956262
2020-12-04,0.0010035040651100683
2020-12-07,-0.0005257398113139638
2020-12-08,0.0004178641948735505
2020-12-09,-4.0499111088115364e-05
2020-12-10,-0.0002582872293027737
2020-12-11,-0.0011235103884609913
2020-12-14,0.0004525650038887286
2020-12-15,0.0006961011136389924
2020-12-16,0.0003288047017039508
2020-12-17,0.0007811060637570671
2020-12-18,-0.00027140315674301546
2020-12-21,-0.00039772881755367664
2020-12-22,-0.00030983004183724665
2020-12-23,0.00024260802049759107
2020-12-24,-0.00015089009083401087
2020-12-28,-7.640511727953676e-05
2020-12-29,-0.0004318498756400572
2020-12-30,6.199891861895849e-05
2020-12-31,-0.0003351479671372773
2021-01-04,-0.0005770658284221269
2021-01-05,0.0013348523635244203
2021-01-06,0.003203664805597529
2021-01-07,0.0010449833606090279
2021-01-08,0.001637122623637005
2021-01-11,1.6716502770204674e-05
2021-01-12,0.0008209698872723212
2021-01-13,-0.0011026781132436087
2021-01-14,0.0012446541740552982
2021-01-15,-0.0011484500922731241
2021-01-19,2.1927325743203646e-05
2021-01-20,0.00034407248178406843
2021-01-21,-4.011419957600042e-05
2021-01-22,0.0001474845809348737
2021-01-25,-0.0008500043026268559
2021-01-26,0.00021264396403591193
2021-01-27,-0.0017423860145484432
2021-01-28,9.515130245960896e-05
2021-01-29,-0.0012786945016278499
2021-02-01,0.0018379669601598844
2021-02-02,0.0018005366370899595
2021-02-03,0.0008203770296152014
2021-02-04,0.0010328212432293476
2021-02-05,0.000848686813582938
2021-02-08,0.000421246802968673
2021-02-09,0.0003826298742948049
2021-02-10,-0.0003907479740075982
2021-02-11,0.0005292111062387281
2021-02-12,0.0012183163204186314
2021-02-16,0.0022772475337839207
2021-02-17,-0.0006503608057018696
2021-02-18,-0.0008302073340501028
2021-02-19,0.0013014340155254294
2021-02-22,0.0007511392253205904
2021-02-23,-0.00018921320212865922
2021-02-24,0.0014958064205797407
2021-02-25,0.0025079388346953
2021-02-26,-0.004683000887199575
2021-03-01,0.0017616723007359883
2021-03-02,-0.0013514962782056482
2021-03-03,0.0014271101261387322
2021-03-04,-0.0005759307524982308
2021-03-05,0.004595840804551225
2021-03-08,0.006172635475598698
2021-03-09,-0.004201392861462516
2021-03-10,0.0001826334977598109
2021-03-11,0.0018343273077531352
2021-03-12,0.00249852417916154
2021-03-15,0.00016002324965120395
2021-03-16,-0.0024971402498601874
2021-03-17,-3.087761994506869e-05
2021-03-18,-0.004315838770144773
2021-03-19,0.0013797812167011874
2021-03-22,-0.0029843154080271194
2021-03-23,-0.008643597720398001
2021-03-24,-0.0008327635521986759
2021-03-25,0.0017001915454238042
2021-03-26,0.002434038575090594
2021-03-29,4.747523162454093e-05
2021-03-30,0.0005040651429152745
2021-03-31,-3.3460258765126996e-05
2021-04-01,0.00010269067444326665
2021-04-05,0.0008216715475264963
2021-04-06,-0.0008406845971368933
2021-04-07,-0.00019472525437252486
2021-04-08,-0.0005556291856225499
2021-04-09,0.0008186024255350986
2021-04-12,9.01778887254865e-05
2021-04-13,-0.002732395058953626
2021-04-14,0.000769516945600488
2021-04-15,-0.0010760255644719414
2021-04-16,0.0007632375696581469
2021-04-19,-1.6936448518047204e-05
2021-04-20,-0.0013890015420977132
2021-04-21,0.00032345093124260427
2021-04-22,-0.0005650640633618722
2021-04-23,0.0011295198635018209
2021-04-26,0.0006062002509632577
2021-04-27,0.0010981167765330164
2021-04-28,-0.0003850573435177744
2021-04-29,0.0007817020192753368
2021-04-30,-0.0009552069965929691
2021-05-03,-0.00015959238862673852
2021-05-04,-0.0007679419691584483
2021-05-05,-0.0008618822546196961
2021-05-06,-0.00013022258044506223
2021-05-07,0.0003746195424996891
2021-05-10,2.0969345188661274e-05
2021-05-11,-9.78614285890503e-05
2021-05-12,-0.0007705004276430083
2021-05-13,-0.0004825599803739085
2021-05-14,1.2698654236589308e-05
2021-05-17,0.00038524271782846653
2021-05-18,-0.00021577994217478473
2021-05-19,-0.0002640928954101473
2021-05-20,-0.0014565322432998078
2021-05-21,0.000540884548334381
2021-05-24,0.000306186796415479
2021-05-25,-0.0014735659658826011
2021-05-26,0.0005392821491581407
2021-05-27,0.0011633518913472317
2021-05-28,0.00014021171667104453
2021-06-01,0.0008201265417927127
2021-06-02,9.22590505736575e-05
2021-06-03,0.0006201033296657719
2021-06-04,-0.0012641681260117533
2021-06-07,0.0004933995902093979
2021-06-08,-0.00011004677681059175
2021-06-09,-0.0006551127244289869
2021-06-10,-0.000883198822085392
2021-06-11,0.0008995401871313753
2021-06-14,0.0007327423460277758
2021-06-15,-0.0005991340061256219
2021-06-16,0.0013140886287595068
2021-06-17,-0.002530057350450487
2021-06-18,-0.002882934838982116
2021-06-21,0.0029677155770065806
2021-06-22,-0.00017215106904542286
2021-06-23,0.0007451417737163894
2021-06-24,0.00030087712209457063
2021-06-25,0.0010805281950357977
2021-06-28,-0.001434847194982843
2021-06-29,-0.0001473232883985757
2021-06-30,0.0001985422669424501
2021-07-01,0.0010549934252107828
2021-07-02,-0.000590763533694283
2021-07-06,-0.0017429780327292584
2021-07-07,-0.0016776001142644482
2021-07-08,-0.0011665357408404391
2021-07-09,0.0029205018722090062
2021-07-12,0.0007225797160501379
2021-07-13,0.000530594155007537
2021-07-14,-0.00214968773242188
2021-07-15,-0.0005661597279968459
2021-07-16,-0.00010460578012339724
2021-07-19,-0.004286980292285431
2021-07-20,0.001618550806810625
2021-07-21,0.00200966051184244
2021-07-22,-0.00020611550376744425
2021-07-23,0.0019081601349950443
2021-07-26,0.0018370995077115293
2021-07-27,-0.0007576762048692415
2021-07-28,-0.0010546556062158371
2021-07-29,-0.0002276264240151427
2021-07-30,-0.0003502837986679725
2021-08-02,-0.0010055848938853216
2021-08-03,-0.00032913333786698776
2021-08-04,-0.0007800305852485965
2021-08-05,0.001513656693021443
2021-08-06,0.002181412094562793
2021-08-09,-8.542359863177544e-05
2021-08-10,0.0032630864143026518
2021-08-11,-0.0004294453039205596
2021-08-12,0.0013927707858329467
2021-08-13,-0.0017654218880918415
2021-08-16,-9.706196534360602e-05
2021-08-17,-4.628514799189494e-06
2021-08-18,-0.001286627385965464
2021-08-19,-0.000717084285583704
2021-08-20,0.00014687496159333834
2021-08-23,-0.0005450987540803577
2021-08-24,-0.0002947213681643001
2021-08-25,0.0004056273895182615
2021-08-26,-0.00011303751174008917
2021-08-27,-0.0002749557536213449
2021-08-30,0.00028647981391452613
2021-08-31,-0.000454929714559355
2021-09-01,-0.0004028867670642733
2021-09-02,0.00018819638191508036
2021-09-03,0.00012677103881023917
2021-09-07,-1.6948098988436305e-05
2021-09-08,0.0001022965922893067
2021-09-09,-0.000737741390301158
2021-09-10,0.00025905094435924004
2021-09-13,-2.0320019843683224e-05
2021-09-14,0.00012587046195868456
2021-09-15,0.00027029341806709256
2021-09-16,0.0003611154827266328
2021-09-17,-0.0006201607126959252
2021-09-20,-0.0006291064288158031
2021-09-21,-0.00019118104963378985
2021-09-22,0.0010731587054960724
2021-09-23,0.0007726623900182391
2021-09-24,0.0006500051610374315
2021-09-27,-0.00022851870694632286
2021-09-28,2.1829173084840484e-05
2021-09-29,3.587825046521767e-05
2021-09-30,-0.000994081469303984
2021-10-01,0.0003676892200714754
2021-10-04,0.0011656766556682335
2021-10-05,0.00028306586596762713
2021-10-06,0.00024938976756865803
2021-10-07,0.00038896955844890146
2021-10-08,0.000945016824598248
2021-10-11,0.001523095445613215
2021-10-12,-0.0001385962404472252
2021-10-13,-0.0007435517281741579
2021-10-14,0.00046748205798316067
2021-10-15,0.0011893462423080581
2021-10-18,0.0010358707595417324
2021-10-19,-0.0007779541746152866
2021-10-20,0.0006222600848996987
2021-10-21,3.208919472628562e-05
2021-10-22,-5.9614689341858134e-05
2021-10-25,-0.0001341871380650603
2021-10-26,0.0008073178956706449
2021-10-27,-0.001451573195131219
2021-10-28,-0.0010046641433805843
2021-10-29,0.0006857766749708965
2021-11-01,-3.6794707365141085e-05
2021-11-02,-0.0006330030915330184
2021-11-03,0.0003463163295990679
2021-11-04,-0.0009745053230780012
2021-11-05,0.0019424867985244642
2021-11-08,0.0008395453702901849
2021-11-09,-0.0014872971167977026
2021-11-10,-0.0012120904491892033
2021-11-11,0.00017798485776413452
2021-11-12,-1.7622082112144817e-05
2021-11-15,0.0008540732932097528
2021-11-16,0.0011938978494040868
2021-11-17,-0.0010832909467863078
2021-11-18,0.0006894512905411688
2021-11-19,-0.0001602126555837794
2021-11-22,0.0027494054187377167
2021-11-23,0.002356922215573754
2021-11-24,0.0017052796942201994
2021-11-26,-0.0032234121237517442
2021-11-29,-0.0012659741202324273
2021-11-30,-0.0024010438880976877
2021-12-01,-0.0027434334966634512
2021-12-02,0.002561466654965123
2021-12-03,0.001002320361919658
2021-12-06,-0.001881124998207511
2021-12-07,-0.0026616576080281183
2021-12-08,-0.0012161556510026422
2021-12-09,-0.00038393993123587696
2021-12-10,0.0008461316015505394
2021-12-13,0.0037430024838759363
2021-12-14,-0.00024920715506080934
2021-12-15,-0.0019977784533403648
2021-12-16,0.0018765587856046902
2021-12-17,-0.002066292235433438
2021-12-20,-0.0006818596471480522
2021-12-21,0.0011181985065085345
2021-12-22,0.0015809624765891356
2021-12-23,-0.0008141089046425185
2021-12-27,0.0007195701742923323
2021-12-28,0.000457095486983135
2021-12-29,0.0006694571343505989
2021-12-30,-0.0015850919004597552
2021-12-31,-0.0002749750485664757
2022-01-03,0.0025930559156184274
2022-01-04,0.003578285473852994
2022-01-05,0.0012919616820036585
2022-01-06,0.0018111949475304425
2022-01-07,0.0009597594059217823
2022-01-10,-0.0015214070642851744
2022-01-11,0.0015069939270757533
2022-01-12,-0.001181266549724592
2022-01-13,-0.0025872612308527458
2022-01-14,0.005507623585290021
2022-01-18,0.005060781997358026
2022-01-19,-0.0027706343002678845
2022-01-20,-0.002252129883083661
2022-01-21,-0.005028654403252104
2022-01-24,-0.00013306052319689873
2022-01-25,0.005492433936433546
2022-01-26,0.0014014992298420422
2022-01-27,7.160415837756199e-05
2022-01-28,0.0005100804947485793
2022-01-31,-0.0016475171816234587
2022-02-01,0.0014987395820989437
2022-02-02,0.00021197995014101054
2022-02-03,0.002004122834331638
2022-02-04,0.0046144353450839936
2022-02-07,0.0015847618856917837
2022-02-08,0.0008824957358955959
2022-02-09,0.002284194535224941
2022-02-10,0.0028071521461880927
2022-02-11,0.0009772598753564447
2022-02-14,0.0015482523930472857
2022-02-15,-0.00302032791238489
2022-02-16,0.00065263543887733
2022-02-17,0.001333423706041361
2022-02-18,-0.0006152650171304857
2022-02-22,0.00320587355402808
2022-02-23,0.004223415629284792
2022-02-24,-0.001216618035057013
2022-02-25,-0.0036332614607381642
2022-02-28,0.000955678654487606
2022-03-01,0.01323134829518115
2022-03-02,0.0008669476293605046
2022-03-03,0.008000774383884619
2022-03-04,0.014693988032481588
2022-03-07,0.010322695179633303
2022-03-08,0.002372361589859779
2022-03-09,-0.026036915568389225
2022-03-10,0.002617077872571104
2022-03-11,0.006387858309838419
2022-03-14,-0.004190421298255879
2022-03-15,-0.007908430064204351
2022-03-16,-0.01301393219110164
2022-03-17,0.005444668010321511
2022-03-18,-0.0023472709283642763
2022-03-21,0.012961766913719622
2022-03-22,0.0007400188850414283
2022-03-23,0.0009186734883653479
2022-03-24,-0.00010185833590993726
2022-03-25,0.006468359160325489
2022-03-28,-0.004810158540652093
2022-03-29,-0.0019914154196442363
2022-03-30,0.0006999594591639064
2022-03-31,-0.0024008656035851925
2022-04-01,0.0007743000290821463
2022-04-04,-0.0016980194547408694
2022-04-05,0.007016979558979168
2022-04-06,0.004079893812636003
2022-04-07,0.0017973286433178193
2022-04-08,0.006678672332751223
2022-04-11,0.00325921706028611
2022-04-12,0.0011150919274073331
2022-04-13,0.0009506693436624841
2022-04-14,0.0037490216749454038
2022-04-18,0.004793416761723648
2022-04-19,1.908592893510707e-05
2022-04-20,-0.0001966100150656501
2022-04-21,0.003148703588108877
2022-04-22,-0.004625881245618608
2022-04-25,-0.006781146698511897
2022-04-26,-5.3137940919412456e-06
2022-04-27,0.0008735220554441539
2022-04-28,-0.0016834928114628457
2022-04-29,-0.005319839154050586
2022-05-02,-0.004746682817735003
2022-05-03,-0.0015753457646165165
2022-05-04,0.0005886629103213511
2022-05-05,0.005678114260442483
2022-05-06,0.001151999897418935
2022-05-09,-0.0018321314717549973
2022-05-10,-0.0020090568862748586
2022-05-11,0.0027724675562700364
2022-05-12,-0.002133600439366027
2022-05-13,-0.0015014837418751942
2022-05-16,0.004119642750533744
2022-05-17,-0.0025644148609671926
2022-05-18,-0.0009957786087134441
2022-05-19,0.0006908516505171978
2022-05-20,-0.0014752722244920193
2022-05-23,7.745136921375516e-05
2022-05-24,0.0007878316757397179
2022-05-25,-0.001568868179533303
2022-05-26,0.00012567962132314036
2022-05-27,-8.100056154164859e-05
2022-05-31,-0.0011547784808386926
2022-06-01,0.003420767493008015
2022-06-02,0.0011462615401061616
2022-06-03,0.0010394016327653565
2022-06-06,0.004405471033719249
2022-06-07,-0.0011228760719208686
2022-06-08,0.003706002657065127
2022-06-09,0.0010176936251417197
2022-06-10,0.0011335663125468676
2022-06-13,-0.0006740456416521967
2022-06-14,-0.0019798108778429227
2022-06-15,-0.001789935391088559
2022-06-16,0.004084492872038883
2022-06-17,-0.005370058425845321
2022-06-21,-0.0013829173432922835
2022-06-22,-0.004099860010638258
2022-06-23,-0.0071003812205908
2022-06-24,-0.0026614960890792632
2022-06-27,0.000716938291536187
2022-06-28,0.002287197764930746
2022-06-29,-0.0004746203698243371
2022-06-30,-0.003883724788980296
2022-07-01,0.0010538382865184878
2022-07-05,-0.0062984110340581585
2022-07-06,-0.0023485484076722625
2022-07-07,-8.132403800283246e-05
2022-07-08,0.002608063768776614
2022-07-11,0.000953055881199433
2022-07-12,-0.0026902298789518693
2022-07-13,0.001416615854558097
2022-07-14,0.000299534684236516
2022-07-15,-0.0003469337586362956
2022-07-18,-0.00021613044150632285
2022-07-19,-0.004082984650762885
2022-07-20,-0.0021170464881412505
2022-07-21,-0.00048466971495503725
2022-07-22,-0.0014422062644790156
2022-07-25,-0.00014374871240306576
2022-07-26,0.0006623516581677566
2022-07-27,-1.6800495545743737e-05
2022-07-28,0.0006259754317293403
2022-07-29,-0.0009253098998623309
2022-08-01,-0.0022950497691181597
2022-08-02,0.0016830725790848763
2022-08-03,-0.0010318532086014947
2022-08-04,1.3756599437222592e-05
2022-08-05,-0.0004607361371935729
2022-08-08,0.001137875021583416
2022-08-09,-0.0006939390536985409
2022-08-10,-0.0014181823525077771
2022-08-11,0.001913308317215335
2022-08-12,0.00045869800687723273
2022-08-15,0.0002097472286806864
2022-08-16,-0.00046997753777982106
2022-08-17,-0.0012559634284693391
2022-08-18,0.0037283568506884814
2022-08-19,-0.0003797513355366101
2022-08-22,-0.0017152361927290525
2022-08-23,0.001314204452094487
2022-08-24,0.0014957218637878748
2022-08-25,-0.00197226796093177
2022-08-26,-0.002432772471112461
2022-08-29,0.0019927200660049943
2022-08-30,-0.0009642000828894394
2022-08-31,-2.817979535292732e-05
2022-09-01,0.0002426799477144091
2022-09-02,0.0020421029864064206
2022-09-06,-0.0007385506626621686
2022-09-07,0.0028636399341679013
2022-09-08,0.0015818404723924302
2022-09-09,0.00034416425752287303
2022-09-12,0.00011648521008136457
2022-09-13,-0.005051479887219977
2022-09-14,7.678648927176917e-06
2022-09-15,0.001043594635138098
2022-09-16,-3.902120614508355e-06
2022-09-19,-0.00017515747351024298
2022-09-20,0.0013862754284170678
2022-09-21,0.0005418486249207795
2022-09-22,-0.004163764026032574
2022-09-23,-0.001258646091637363
2022-09-26,-0.0029951205690355483
2022-09-27,-0.0015974466567942127
2022-09-28,0.0022545818439907083
2022-09-29,-0.0005836502280144666
2022-09-30,-0.0015119262160563532
2022-10-03,0.001978971599862949
2022-10-04,-0.002408369514138849
2022-10-05,0.0008296695637958062
2022-10-06,0.0017069123742297773
2022-10-07,0.0026401973738166026
2022-10-10,-0.0004248489333122614
2022-10-11,0.0014659621652545033
2022-10-12,-0.0008754410508014644
2022-10-13,-0.003365497517064951
2022-10-14,0.002237761401293768
2022-10-17,-0.002270401144113792
2022-10-18,0.0007387031483620141
2022-10-19,-0.00018791582856279344
2022-10-20,-0.0012088214117569039
2022-10-21,0.00017810069275301854
2022-10-24,0.00037446608034453425
2022-10-25,-0.0015361695501228422
2022-10-26,-0.0019107580651396131
2022-10-27,0.002386741981810657
2022-10-28,0.0024415236269720855
2022-10-31,-0.00012706173899732496
2022-11-01,-0.0023043699574851525
2022-11-02,-0.0011385898140333164
2022-11-03,-0.002405963631129198
2022-11-04,-0.002337388940196349
2022-11-07,0.0017738927594877622
2022-11-08,-0.004022991574478604
2022-11-09,-0.0023877695771160664
2022-11-10,0.004539346223930844
2022-11-11,-0.0002137493660803124
2022-11-14,-0.00353664740521948
2022-11-15,0.0014530136812696015
2022-11-16,-0.000990583470566454
2022-11-17,0.002389236803734714
2022-11-18,0.0015997945554513345
2022-11-21,-0.0010507658976264282
2022-11-22,0.0017926393712556796
2022-11-23,0.0022066474603252796
2022-11-25,0.0008643767397489442
2022-11-28,-0.002441926363663314
2022-11-29,-0.0014133312923588352
2022-11-30,0.0005832604417432841
2022-12-01,-0.0002772952077504609
2022-12-02,-0.0009507449654427183
2022-12-05,-0.0021528236108059517
2022-12-06,0.0001396681617449111
2022-12-07,0.0026257749489906126
2022-12-08,-0.0007190406349038399
2022-12-09,0.0009204351838781904
2022-12-12,0.0007958401834766123
2022-12-13,0.0008890289566779897
2022-12-14,-0.0022097275181954435
2022-12-15,-0.004407757101837035
2022-12-16,-0.0029620078081398498
2022-12-19,-0.003300947252835318
2022-12-20,-0.0008426302030400835
2022-12-21,0.0024032760958874904
2022-12-22,-0.0025770231006117987
2022-12-23,0.002440233298714375
2022-12-27,-0.0016427715212796999
2022-12-28,-0.002788186625103916
2022-12-29,0.0032056367216380657
2022-12-30,-0.00038540153042532726
2023-01-03,-0.00016013555653326245
2023-01-04,0.002884682631655209
2023-01-05,-0.0016790446157471804
2023-01-06,0.003688218280348916
2023-01-09,0.0011131333482892274
2023-01-10,0.003169642967642092
2023-01-11,-0.002303552878428987
2023-01-12,0.00015721242545790502
2023-01-13,0.0034688297578890142
2023-01-17,-0.0003514560230360109
2023-01-18,-0.0020296343605505063
2023-01-19,0.001328304914934536
2023-01-20,0.0010022736886497212
2023-01-23,0.0014588718744755114
2023-01-24,-0.0013331197733981045
2023-01-25,0.0006705732422385975
2023-01-26,-0.0006685316136014267
2023-01-27,-0.0011934401310407584
2023-01-30,-0.0011252824491345109
2023-01-31,0.00014223552716552585
2023-02-01,0.000720771540304868
2023-02-02,-0.0027774663920899154
2023-02-03,-3.6168727461705725e-05
2023-02-06,-0.0021554343361706663
2023-02-07,0.0007483763919708638
2023-02-08,-0.003405978461157174
2023-02-09,-0.0001620370257979359
2023-02-10,-0.000709336866563262
2023-02-13,0.0005397203750842169
2023-02-14,0.0016184542216114513
2023-02-15,-0.0026991727721795136
2023-02-16,0.0020794213784193763
2023-02-17,0.0006927546489015259
2023-02-21,0.001957711753043278
2023-02-22,-0.0017710370643478658
2023-02-23,-0.0013731813377950881
2023-02-24,-0.0012287676873939956
2023-02-27,0.0029508873116237
2023-02-28,-0.0009503778322822122
2023-03-01,0.0009828261948612706
2023-03-02,-0.0005730488794127827
2023-03-03,-0.0006580799511829533
2023-03-06,-0.0010999505966817094
2023-03-07,-0.0026884950570405033
2023-03-08,0.0014665309875541179
2023-03-09,-0.004673019998605042
2023-03-10,-0.002170003457565113
2023-03-13,-0.0013636786317925858
2023-03-14,-0.0014919020954129716
2023-03-15,-0.0013160772378942587
2023-03-16,-0.001979741614961994
2023-03-17,0.0070503446478933415
2023-03-20,-0.0011457576025099261
2023-03-21,-0.0007026349100424001
2023-03-22,0.004691231142664881
2023-03-23,0.004980638694409158
2023-03-24,-0.0074701042507541345
2023-03-27,-0.001814156282838334
2023-03-28,0.000634757710503337
2023-03-29,0.0015645200941351524
2023-03-30,0.0007414214606734248
2023-03-31,-0.002265558754905065
2023-04-03,-0.0007811495557425536
2023-04-04,-0.0004961757913698999
2023-04-05,-0.0039677632126430586
2023-04-06,-0.0008492753901704739
2023-04-10,-0.0018354660751693634
2023-04-11,-0.000789518076047554
2023-04-12,0.00017812379581843212
2023-04-13,0.004278650305926692
2023-04-14,-0.0017619104891938948
2023-04-17,0.0010403758340659962
2023-04-18,-0.0003453703886822469
2023-04-19,-0.0005587024874932394
2023-04-20,-0.0002717081752450234
2023-04-21,-0.0012825821239230391
2023-04-24,-0.000706297175784822
2023-04-25,-0.001962912185715753
2023-04-26,-3.009324470594683e-05
2023-04-27,0.0003469738830281122
2023-04-28,0.0004120632135050106
2023-05-01,-0.0016764497624328222
2023-05-02,0.001364600448165728
2023-05-03,0.0035659432913654272
2023-05-04,0.002645161699090699
2023-05-05,-0.004703940394590394
2023-05-08,-0.0009371297800165499
2023-05-09,-0.0005390222089849574
2023-05-10,0.0024452126347451735
2023-05-11,0.0039248455563776615
2023-05-12,-0.0030386170966800966
2023-05-15,-0.0013518203567534628
2023-05-16,0.0008994885695194064
2023-05-17,-0.005985883585232592
2023-05-18,-0.0018065835422380189
2023-05-19,0.002529077879827779
2023-05-22,-0.0005175298786480066
2023-05-23,-0.003513980297306942
2023-05-24,-0.0020988826447889968
2023-05-25,0.0010052818599024264
2023-05-26,0.0011473135530609294
2023-05-30,-0.00045068744060566086
2023-05-31,-0.0006641033361989646
2023-06-01,0.0041012818163122305
2023-06-02,-0.0006142415512668316
2023-06-05,0.0002624285910868498
2023-06-06,0.0002708480452036549
2023-06-07,-0.00469842156926233
2023-06-08,0.001979785098554414
2023-06-09,0.0006005913972085687
2023-06-12,0.0030144036336593187
2023-06-13,0.0026322665346679734
2023-06-14,-0.002732441290214136
2023-06-15,0.00043408104017293443
2023-06-16,-0.00016989289630013388
2023-06-20,-0.003857538278404958
2023-06-21,-0.0004192059447180812
2023-06-22,0.00016080306473385722
2023-06-23,-0.004767533634959645
2023-06-26,-0.0012048352546489439
2023-06-27,0.0014515180064789395
2023-06-28,-0.0011476479470024276
2023-06-29,0.0027596206440766166
2023-06-30,0.0011278010990715427
2023-07-03,0.0011730959078128374
2023-07-05,-0.00010097616508908142
2023-07-06,-0.0014117912584610598
2023-07-07,-0.0010962144757348643
2023-07-10,0.00021993838576255968
2023-07-11,0.0022822541943761997
2023-07-12,-0.002849295925576042
2023-07-13,-0.0009858012947340416
2023-07-14,0.0025965808344645715
2023-07-17,0.0009557231574364162
2023-07-18,0.0020068196841162267
2023-07-19,-9.021177365579964e-05
2023-07-20,-0.0009624630542951028
2023-07-21,0.00030896089177485583
2023-07-24,0.0009942405461529778
2023-07-25,-0.0011832345045941445
2023-07-26,0.001310633845631706
2023-07-27,0.0015606636237875397
2023-07-28,-0.0005982908732418625
2023-07-31,-0.00017737937267163284
2023-08-01,0.002149577297701516
2023-08-02,-0.0032102682995157365
2023-08-03,0.0022634147909685503
2023-08-04,-0.0005228713640011487
2023-08-07,0.000966436304520892
2023-08-08,-0.00099586211797426
2023-08-09,-4.400294886668945e-05
2023-08-10,0.0025536635834155974
2023-08-11,-9.366867066883493e-05
2023-08-14,0.0014594872299974423
2023-08-15,-0.001232079543109262
2023-08-16,0.0006063842719494713
2023-08-17,-0.001254275201523283
2023-08-18,0.0010362958985999714
2023-08-21,0.0024365425419829046
2023-08-22,-0.0016456864936256295
2023-08-23,0.0003545791559252981
2023-08-24,0.0010268504658575428
2023-08-25,0.001286581480649024
2023-08-28,0.001620737322589892
2023-08-29,3.337805004341069e-05
2023-08-30,0.0010200146202275235
2023-08-31,-0.0001622202140099053
2023-09-01,0.000712793943647992
2023-09-05,0.002432451650476974
2023-09-06,-0.0010079123844600837
2023-09-07,-0.00023138773299617783
2023-09-08,0.0016436079234944429
2023-09-11,0.00040653580456558524
2023-09-12,0.0004065778266705602
2023-09-13,0.00016264084300669893
2023-09-14,0.0029342361618115674
2023-09-15,-0.00020640610420942355
2023-09-18,-0.001416649276215812
2023-09-19,0.001426078253682774
2023-09-20,-0.001922587404025586
2023-09-21,-0.002475432454585671
2023-09-22,-0.0019219761115229122
2023-09-25,0.004024950139172024
2023-09-26,-0.0012736867198842234
2023-09-27,0.0029560186019305726
2023-09-28,2.283861125159856e-05
2023-09-29,-0.0011989429438658652
2023-10-02,0.0019029230507286474
2023-10-03,-0.0005553809146921475
2023-10-04,-0.0004237091730166589
2023-10-05,-0.0003534817631129929
2023-10-06,0.0019773264136671116
2023-10-09,-0.002821205363513533
2023-10-10,-0.00016673030064800212
2023-10-11,-0.0025306962150572314
2023-10-12,0.0021283578919764293
2023-10-13,-0.0004997761990337147
2023-10-16,0.0014508577433863974
2023-10-17,-0.00015803125131241325
2023-10-18,0.0010887693339423027
2023-10-19,0.0007287051114967693
2023-10-20,-0.00032734689677328346
2023-10-23,-0.0007083309708116083
2023-10-24,-0.0018518593098339306
2023-10-25,0.0009589627493717667
2023-10-26,-0.0012478904683859641
2023-10-27,0.0015250836945989346
2023-10-30,-0.0015374543821145127
2023-10-31,-0.0007258170285655012
2023-11-01,0.0006559841855742993
2023-11-02,0.0005848948945719677
2023-11-03,0.000246218198419162
2023-11-06,0.0011513772234818247
2023-11-07,-0.0023783103393495626
2023-11-08,-0.00018516487910263978
2023-11-09,0.00016465663816194346
2023-11-10,8.136174848935931e-05
2023-11-13,0.0017396972656810732
2023-11-14,-0.007087433650354111
2023-11-15,0.0013040638349796781
2023-11-16,-0.003780017540693465
2023-11-17,-0.0006238215960606201
2023-11-20,-0.00018476219018394486
2023-11-21,0.0007256970179467054
2023-11-22,-0.0012944336046943321
2023-11-24,0.00040865092686556025
2023-11-27,-0.0030615543426796817
2023-11-28,3.686695678232262e-05
2023-11-29,-0.0018213243380597642
2023-11-30,0.002096935062384158
2023-12-01,-0.0030531805901959333
2023-12-04,-0.0001674470264445422
2023-12-05,-0.0010207741825881038
2023-12-06,-0.0033608572218206748
2023-12-07,0.0018983619513204672
2023-12-08,0.0008129723171978161
2023-12-11,1.2841278592680847e-05
2023-12-12,0.0005667897583837548
2023-12-13,0.0017693892944544705
2023-12-14,-0.0011454511752845872
2023-12-15,-0.001211636737916096
2023-12-18,0.0016827619307206822
2023-12-19,0.0008241491944943767
2023-12-20,-0.0032971305720349243
2023-12-21,0.001057740726528732
2023-12-22,0.0009889705820963224
2023-12-26,0.0016702208317591833
2023-12-27,-0.0013238793087290389
2023-12-28,-0.0003257178770325587
2023-12-29,-0.0006587097758427884
2024-01-02,0.0002060098825695798
2024-01-03,-0.002891111293298499
2024-01-04,0.0028237371451505155
2024-01-05,0.0006906407436479687
2024-01-08,0.0020578915859761336
2024-01-09,-0.0010647919239820222
2024-01-10,0.001517847305116366
2024-01-11,-0.0016333789520152787
2024-01-12,0.00038063412437820535
2024-01-16,-0.0007794054983505642
2024-01-17,-0.0008294026007207495
2024-01-18,-0.0002335589128721022
2024-01-19,-0.0003676438319296944
2024-01-22,4.586375650424639e-05
2024-01-23,-0.0011838420139178131
2024-01-24,-0.0021612131877835187
2024-01-25,0.001622018652464465
2024-01-26,-0.00021549579677052226
2024-01-29,-0.0007766815523276805
2024-01-30,5.840238796061883e-05
2024-01-31,-0.0022247407554060244
2024-02-01,0.0008596592510879984
2024-02-02,0.00011913152170707811
2024-02-05,-0.0015373839719451297
2024-02-06,-0.0005075519584644111
2024-02-07,0.0012692660920385224
2024-02-08,0.00019184837809265863
2024-02-09,0.0012540386693653633
2024-02-12,-0.0004437346436578245
2024-02-13,-0.0033178045049522503
2024-02-14,0.0013823875240987545
2024-02-15,0.001094190296957187
2024-02-16,-0.0007308344946579908
2024-02-20,-0.0017430728424188318
2024-02-21,0.00071650140780973
2024-02-22,0.0031683537881410048
2024-02-23,-3.3536211027566324e-05
2024-02-26,0.000909568594674962
2024-02-27,0.0009844252176006414
2024-02-28,-0.0031770461991120877
2024-02-29,0.00015761387523585994
2024-03-01,-0.00047820453578107443
2024-03-04,0.0018124489722817743
2024-03-05,-0.00370810268745447
2024-03-06,0.001028124336396294
2024-03-07,0.0003234580000615214
2024-03-08,0.00028310804933329967
2024-03-11,-0.0003520702652189895
2024-03-12,0.0009567449807703982
2024-03-13,6.083167849992087e-06
2024-03-14,-0.0006411215419500273
2024-03-15,0.0005674241632658611
2024-03-18,9.643931809867953e-05
2024-03-19,-0.0003169413283700238
2024-03-20,0.002095034009648082
2024-03-21,0.001222406481151947
2024-03-22,-0.0006856487618674239
2024-03-25,0.0003758367516534142
2024-03-26,0.00015434153880739785
2024-03-27,0.0016826848427854038
2024-03-28,-0.00013672487737063476
2024-04-01,0.0014579248271967646
2024-04-02,-0.002725248428914964
2024-04-03,-0.0006152707589069896
2024-04-04,-0.002697320672996311
2024-04-05,0.002654688987441197
2024-04-08,0.0005684018679838262
2024-04-09,-0.0012234629609513634
2024-04-10,0.0011171809047881914
2024-04-11,0.0020238415462193893
2024-04-12,-0.0037495303765028
2024-04-15,0.0019868739157330798
2024-04-16,-0.00014378108286012832
2024-04-17,-0.0007456192900941836
2024-04-18,0.0009933164765147686
2024-04-19,0.000623440249295692
2024-04-22,-0.00041940744380561005
2024-04-23,-0.0009578332533630748
2024-04-24,0.0014095933718018597
2024-04-25,-0.0002840688657644739
2024-04-26,0.0002890306878174368
2024-04-29,-0.00015345360018203098
2024-04-30,-0.0015230766967983343
2024-05-01,-0.0002873031268092424
2024-05-02,-0.00047138044802584416
2024-05-03,0.00019039302798288821
2024-05-06,0.0016475432763899097
2024-05-07,-3.192832301753496e-05
2024-05-08,-0.00017153796927254667
2024-05-09,0.0006248476950926901
2024-05-10,0.0014621359983251064
2024-05-13,-0.0005693078330976523
2024-05-14,9.188259117321926e-06
2024-05-15,-0.00016988070629751913
2024-05-16,3.889744704003721e-06
2024-05-17,0.0017014610721253062
2024-05-20,0.0008597901830597195
2024-05-21,-0.0008956022561692666
2024-05-22,-0.0016792804533184089
2024-05-23,-0.001013978650753282
2024-05-24,0.0004057288292649178
2024-05-28,0.0026934221589772914
2024-05-29,0.000507089659708148
2024-05-30,-0.003176112453566909
2024-05-31,-0.0011131851387706634
2024-06-03,-0.001721195719374154
2024-06-04,-0.0027967724946161717
2024-06-05,0.00047128431808941736
2024-06-06,0.000498538915724953
2024-06-07,0.0017024256600630156
2024-06-10,0.0016858963523218207
2024-06-11,-0.0012602908726145323
2024-06-12,0.00013503325671798097
2024-06-13,-0.003173742275726067
2024-06-14,-0.0011534151121093915
2024-06-17,0.0020049353709764043
2024-06-18,-0.0013504911332889713
2024-06-20,0.001650793526853679
2024-06-21,-0.0020024623404048905
2024-06-24,-0.0021955753490359984
2024-06-25,0.00012295786716708752
2024-06-26,0.0031371437303628195
2024-06-27,-0.000648774928502388
2024-06-28,0.0012003712750987597
2024-07-01,0.004669948987795009
2024-07-02,0.0004604205976599901
2024-07-03,0.0010440723445240174
2024-07-05,0.0007855719180912147
2024-07-08,-0.00213170823853366
2024-07-09,0.001049381848909228
2024-07-10,0.00011112278538906971
2024-07-11,-0.004646310790057154
2024-07-12,-0.0012921889512184097
2024-07-15,0.0003548344114984341
2024-07-16,-0.0015745301251128524
2024-07-17,-0.0018347544077735914
2024-07-18,-0.0005165012822964872
2024-07-19,-0.001199691786488928
2024-07-22,0.001501077381430174
2024-07-23,0.00014671538562931332
2024-07-24,-0.0013561644446028647
2024-07-25,-0.0004109198626117647
2024-07-26,-0.000702719509648081
2024-07-29,-0.001229545882546269
2024-07-30,0.0002546833075665879
2024-07-31,-0.002368614255990444
2024-08-01,-0.0036736217221513055
2024-08-02,-0.006379067546870339
2024-08-05,-0.00534453714094173
2024-08-06,-0.0007621692751970373
2024-08-07,-0.0004282206227113073
2024-08-08,0.0017713326363543373
2024-08-09,0.0001717643145448544
2024-08-12,-5.488270806322103e-05
2024-08-13,-0.0023689578652627847
2024-08-14,-0.0004512291248237011
2024-08-15,0.002789911447973274
2024-08-16,0.00041760522695713997
2024-08-19,0.0015996090071046757
2024-08-20,-0.0011876568983440357
2024-08-21,0.00032395229909561017
2024-08-22,0.00016774596600944313
2024-08-23,0.000650194815390578
2024-08-26,0.000238688505079682
2024-08-27,-0.00025751737254494435
2024-08-28,-0.0013096911273362765
2024-08-29,-0.00024942816270844155
2024-08-30,0.0028540672048279012
2024-09-03,-0.003975186238800224
2024-09-04,-0.002178004884235479
2024-09-05,-0.0003747425034018706
2024-09-06,-0.0025920247972082183
2024-09-09,0.0018740110243112343
2024-09-10,0.0016043288278583664
2024-09-11,0.0005752424411616551
2024-09-12,-0.0005385819475628269
2024-09-13,0.00019526466387021553
2024-09-16,-0.0001756161810458883
2024-09-17,6.827053103052391e-05
2024-09-18,-0.0015049901839501738
2024-09-19,-0.0004389556609540064
2024-09-20,-0.00015469938161020546
2024-09-23,0.0003549844823991748
2024-09-24,0.001254373960321198
2024-09-25,0.00010094368750676418
2024-09-26,0.0016566500115470257
2024-09-27,-0.0024128862498148745
2024-09-30,-0.0009979774664721716
2024-10-01,0.0004227286033530793
2024-10-02,-0.00017412934198714867
2024-10-03,-0.0014126678080975835
2024-10-04,0.0021391989086025796
2024-10-07,-0.0008543276376700361
2024-10-08,-0.0006517321700837707
2024-10-09,0.00031895450405221434
2024-10-10,-0.0022407519967876637
2024-10-11,0.002364650541814385
2024-10-14,0.0018949670947179089
2024-10-15,-0.0003407414004533316
2024-10-16,0.0031940172980324736
2024-10-17,0.0001977521693169057
2024-10-18,0.000976817197364158
2024-10-21,-0.0014180414604704668
2024-10-22,-0.00021555890761404363
2024-10-23,-0.0009440347318834498
2024-10-24,0.0003580534902618276
2024-10-25,-0.0007219104742798976
2024-10-28,0.0021101991755594638
2024-10-29,-0.0004941341025577537
2024-10-30,-0.00042543191944849297
2024-10-31,-0.003846177514292383
2024-11-01,0.0013702288113602358
2024-11-04,4.655363915674073e-06
2024-11-05,0.0009472180908673091
2024-11-06,0.011846740353914724
2024-11-07,-0.0036004753508655117
2024-11-08,0.005233144318543394
2024-11-11,0.0013206760771244516
2024-11-12,0.002677549821110394
2024-11-13,0.0006133773773043368
2024-11-14,-0.0029343714644074924
2024-11-15,-0.003149136419770033
2024-11-18,-0.0006219230769280762
2024-11-19,0.002161616168009733
2024-11-20,0.0027640406219751
2024-11-21,0.003264952072681432
2024-11-22,0.0031745373065934605
2024-11-25,-0.0020296288796276107
2024-11-26,0.0008983359628952773
2024-11-27,-0.0008477385288923526
2024-11-29,-0.00147266878858901
2024-12-02,-0.0005659453693570769
2024-12-03,-0.0025278607846698125
2024-12-04,0.0002590370858067798
2024-12-05,-0.0024406582801368183
2024-12-06,0.0016320937491364623
2024-12-09,-0.0003369639775535066
2024-12-10,-3.56732827911264e-05
2024-12-11,0.0001383230152305437
2024-12-12,0.0004633882378049632
2024-12-13,0.00028824461437652416
2024-12-16,0.00215668734883068
2024-12-17,-0.0016293451072402353
2024-12-18,-0.005555279761241526
2024-12-19,-0.0024730760121763457
2024-12-20,0.003819215291655542
2024-12-23,-0.0002866268371053173
2024-12-24,0.0007788008806618272
2024-12-26,1.8163776223938826e-06
2024-12-27,-0.003449032702468149
2024-12-30,-0.001921914173676787
2024-12-31,0.0027759355895899326
2025-01-02,0.0007335587753008585
2025-01-03,0.0019318450142382167
2025-01-06,-0.0018027251455068173
2025-01-07,-0.00056038517610727
2025-01-08,0.0017906041742738149
2025-01-10,-0.0035737419739648216
2025-01-13,0.0005337139586881249
2025-01-14,-8.637909873653752e-05
2025-01-15,-0.0006276274479376348
2025-01-16,-0.0009477116160141912
2025-01-17,0.0005847450500676201
2025-01-21,-0.001265512632522651
2025-01-22,0.001818717467205995
2025-01-23,5.083114786526982e-06
2025-01-24,-0.0016372817164337435
2025-01-27,-0.005722852594489635
2025-01-28,0.0003963505267311339
2025-01-29,0.0008647166007346404
2025-01-30,7.904309013007142e-05
2025-01-31,0.0011029532767146215
2025-02-03,0.00026688628780120814
2025-02-04,-0.0006280278305761937
2025-02-05,-0.0022234451952190724
2025-02-06,-2.7593022232904935e-05
2025-02-07,0.00023405496059075118
2025-02-10,0.0014957864408949074
2025-02-11,-0.00040114548884398655
2025-02-12,0.002888915121202112
2025-02-13,-0.0009212286782681225
2025-02-14,-0.0014025163235891949
2025-02-18,0.00345017773056283
2025-02-19,-0.0005418390762266301
2025-02-20,-0.0022209122698717944
2025-02-21,-0.0050042226790650195
2025-02-24,-0.0029135096573359924
2025-02-25,-0.004026887624588742
2025-02-26,-0.0001958507975358597
2025-02-27,-0.0008742299948855669
2025-02-28,0.0014762089853232142
2025-03-03,-0.0021272817532857467
2025-03-04,-0.0010140963266676904
2025-03-05,6.487698153427428e-05
2025-03-06,-0.0015261739810583845
2025-03-07,0.001871217530323198
2025-03-10,-0.003925070348603771
2025-03-11,0.002010317145637484
2025-03-12,0.002731488285147896
2025-03-13,0.0013859999392766497
2025-03-14,-0.00046906355713742005
2025-03-17,0.0003021343442096114
2025-03-18,0.001206194716136399
2025-03-19,-0.0023159078059348417
2025-03-20,0.0008146510111477825
2025-03-21,0.0004998350481687195
2025-03-24,0.0004427812955201249
2025-03-25,0.001997641822356572
2025-03-26,-0.00057762039119205
2025-03-27,0.0009784741270944326
2025-03-28,-0.0029369805325577276
2025-03-31,0.0007980161275107035
2025-04-01,0.0010623836952848706
2025-04-02,-0.0004509856942001507
2025-04-03,-0.002370143323104945
2025-04-04,-0.0009710892812210632
2025-04-07,-0.005586492432993719
2025-04-08,0.0029531490402498637
2025-04-09,-0.0017543524808720213
2025-04-10,-0.0010895321313413218
2025-04-11,-0.0005091947135872753
2025-04-14,0.0011063785042818644
2025-04-15,0.00015019667433059582
2025-04-16,0.0035547078289044918
2025-04-17,-0.00023898655884346416
2025-04-21,0.0033729211310857517
2025-04-22,-0.0020831085175850037
2025-04-23,-0.0036282493713963903
2025-04-24,0.001129508026498914
2025-04-25,0.00035130596042362523
2025-04-28,0.0019569120379400754
2025-04-29,-0.00013676082816803262
2025-04-30,0.0023325054913446172
2025-05-01,-0.004565465647962193
2025-05-02,-0.0019942399906467435
2025-05-05,0.002285159028863162
2025-05-06,0.0016742512774232752
2025-05-07,-0.0007892770686405658
2025-05-08,-0.005724137630688979
2025-05-09,0.0007316004417765332
2025-05-12,-0.004469366541945574
2025-05-13,0.0015823745731154116
2025-05-14,-0.00011736853844687657
2025-05-15,0.001644510611603533
2025-05-16,-0.0033378710850687026
2025-05-19,0.005224870351775857
2025-05-20,0.0016093097500235163
2025-05-21,0.007027118560742306
2025-05-22,-0.0009494733292704808
2025-05-23,0.0017924519515178892
2025-05-27,-0.001900113049021633
2025-05-28,-0.0027572169909642116
2025-05-29,-0.000290197498286056
2025-05-30,0.0007645116264097989
2025-06-02,0.0017082626896031692
2025-06-03,-0.003002731622819825
2025-06-04,0.002981187942666574
2025-06-05,0.0005826046506236326
2025-06-06,-0.0008611903379857687
2025-06-09,-0.00010404230829455145
2025-06-10,-0.0017030021821231006
2025-06-11,0.0013298740832501637
2025-06-12,0.0028128056871570516
2025-06-13,0.0030513078794791263
2025-06-16,-0.000470374562269537
2025-06-17,-0.002469167474922579
2025-06-18,-0.0004634643964535575
2025-06-20,-0.0005132710640205086
2025-06-23,-0.003175500172859183
2025-06-24,0.00115326254429691
2025-06-25,0.0003136326195372405
2025-06-26,0.0018280046340341033
2025-06-27,-0.0004697314336115961
2025-06-30,0.0027667644383751228
2025-07-01,-5.208880003289046e-05
2025-07-02,-0.002727454366393699
2025-07-03,-0.0010057378659268832
2025-07-07,-0.0021761826504987985
2025-07-08,-0.00024241749884345605
2025-07-09,6.598223287448144e-05
2025-07-10,0.00013314764578193917
2025-07-11,-0.0010020293663635781
2025-07-14,-0.0010272358903696027
2025-07-15,0.0015382934384659311
2025-07-16,0.0006581907815732323
2025-07-17,-8.743844616025692e-05
2025-07-18,-0.003001455233395922
2025-07-21,0.0029034877032692434
2025-07-22,-0.000344801188319467
2025-07-23,0.002076461565678247
2025-07-24,-0.0003636581187715582
2025-07-25,4.29532730166415e-06
2025-07-28,-0.0034464320534077645
2025-07-29,-0.001020812258306998
2025-07-30,-0.001669465348960673
2025-07-31,0.0010209842257420572
2025-08-01,0.003678208528136548
2025-08-04,0.003768067230891568
2025-08-05,-0.002107956689309903
2025-08-06,0.003994132379126217
2025-08-07,0.0025003770826940055
2025-08-08,0.0007509773331061044
2025-08-11,-0.002907929462204509
2025-08-12,0.00033896243368777097
2025-08-13,0.0007395220947233702
2025-08-14,-0.0006672784628656844
2025-08-15,0.0007284697354562213
2025-08-18,0.0007026956289753326
2025-08-19,-0.0029313056088882115
2025-08-20,-0.0011374580750872299
2025-08-21,-0.002990112465757376
2025-08-22,0.004736632647531908
2025-08-25,-0.0029420914144325473
2025-08-26,0.0017080703437622365
2025-08-27,-0.001681053432283926
2025-08-28,0.0007233483679345868
2025-08-29,-0.0019849333963034583
2025-09-02,0.0006489688239552659
2025-09-03,-0.0008246807719936148
2025-09-04,-0.0006490031021874562
2025-09-05,0.0002528906210662723
2025-09-08,0.0011568112113881828
2025-09-09,0.0007315186412007117
2025-09-10,0.0004249449593834965
2025-09-11,0.0002955335272674693
2025-09-12,-0.0007685313430685994
2025-09-15,0.0019676501276317004
2025-09-16,5.186628756967301e-05
2025-09-17,0.0016934307001961898
2025-09-18,0.0019640009342161836
2025-09-19,7.78786531627501e-05
2025-09-22,0.007067317040826655
2025-09-23,-0.0012466106450746933
2025-09-24,-0.00236812932756671
2025-09-25,-0.00173357211604601
2025-09-26,0.0008354146045303789
2025-09-29,0.0017587000495771278
2025-09-30,0.0013723656844216393
2025-10-01,0.0009837048181594657
2025-10-02,0.0005541338794165622
2025-10-03,0.0021483060417676336
2025-10-06,0.0020554169926957208
2025-10-07,-0.001962835012967775
2025-10-08,0.0019676922762289933
2025-10-09,-0.0004108690544002957
2025-10-10,-0.007317376216917173
2025-10-13,0.0010408345552108738
2025-10-14,0.00031529679516008086
2025-10-15,0.002087858036049112
2025-10-16,-0.0010945613849292993
2025-10-17,0.00021189247863213331
2025-10-20,0.002298883600253793
2025-10-21,-0.003526833483828191
2025-10-22,-0.0021587221216329863
2025-10-23,0.0013807375055979148
2025-10-24,0.0011289329818341305
2025-10-27,0.0006995562631411498
2025-10-28,-0.000674783488727258
2025-10-29,0.002714811682651929
2025-10-30,-0.0006215862852656915
2025-10-31,-0.0002919229814590354
2025-11-03,-0.0006698686619074476
2025-11-04,-0.0025169588595372466
2025-11-05,0.002393560034598152
2025-11-06,-0.002658364791542924
2025-11-07,-6.807852004534684e-05
2025-11-10,0.001574289531207994
2025-11-11,-0.0008098413299966985
2025-11-12,0.0010264749250331548
2025-11-13,-0.0023527229286964134
2025-11-14,2.3954383334551352e-05
2025-11-17,-0.0023877730867609215
2025-11-18,-0.0011320648228116546
2025-11-19,0.0014020427685484853
2025-11-20,-0.0016455446967004559
2025-11-21,5.9786993775011216e-05
2025-11-24,0.0011618354460778515
2025-11-25,-0.00044175690223247066
2025-11-26,0.0006495306621044773
2025-11-28,0.00041516161360929737
2025-12-01,0.0009997792265638201
2025-12-02,-0.0006384482007655596
2025-12-03,5.843988198716042e-05
2025-12-04,0.0006333553456171793
2025-12-05,0.0005931544892733096
2025-12-08,0.00016509499150737253
2025-12-09,-4.753252386185795e-05
2025-12-10,0.00017509534450981792
2025-12-11,0.0017770447303037417
2025-12-12,-0.0018934418589372176
2025-12-15,-9.937766162675538e-05
2025-12-16,-0.00040945041310666867
2025-12-17,-0.0008017795234212194
2025-12-18,0.0008882895804258647
2025-12-19,0.0024835317514083936
2025-12-22,0.0011829493694937927
2025-12-23,0.0009139078781522989
2025-12-24,-0.0009458893100472419
2025-12-26,0.0008872222045816602
