Date,BIZD,BKLN,BWX,EEM,EFA,EMB,GLD,HYG,IWD,IWF,IWN,IWO,LQD,SCZ,SHY,TIP,TLT,USO
2005-01-03,0.0,0.0,0.0,0.0,0.0,0.0,0.0,0.0,0.0,0.0,0.0,0.0,0.0,0.0,0.0,0.0,0.0,0.0
2005-01-04,0.0,0.0,0.0,0.0,0.0,0.0,0.0,0.0,0.0,0.0,0.0,0.0,0.0,0.0,0.0,0.0,0.0,0.0
2005-01-05,0.0,0.0,0.0,0.0,0.0,0.0,0.0,0.0,0.0,0.0,0.0,0.0,0.0,0.0,0.0,0.0,0.0,0.0
2005-01-06,0.0,0.0,0.0,0.0,0.0,0.0,0.0,0.0,0.0,0.0,0.0,0.0,0.0,0.0,0.0,0.0,0.0,0.0
2005-01-07,0.0,0.0,0.0,0.0,0.0,0.0,0.0,0.0,0.0,0.0,0.0,0.0,0.0,0.0,0.0,0.0,0.0,0.0
2005-01-10,0.0,0.0,0.0,0.0,0.0,0.0,0.0,0.0,0.0,0.0,0.0,0.0,0.0,0.0,0.0,0.0,0.0,0.0
2005-01-11,0.0,0.0,0.0,0.0,0.0,0.0,0.0,0.0,0.0,0.0,0.0,0.0,0.0,0.0,0.0,0.0,0.0,0.0
2005-01-12,0.0,0.0,0.0,0.0,0.0,0.0,0.0,0.0,0.0,0.0,0.0,0.0,0.0,0.0,0.0,0.0,0.0,0.0
2005-01-13,0.0,0.0,0.0,0.0,0.0,0.0,0.0,0.0,0.0,0.0,0.0,0.0,0.0,0.0,0.0,0.0,0.0,0.0
2005-01-14,0.0,0.0,0.0,0.0,0.0,0.0,0.0,0.0,0.0,0.0,0.0,0.0,0.0,0.0,0.0,0.0,0.0,0.0
2005-01-18,0.0,0.0,0.0,0.0,0.0,0.0,0.0,0.0,0.0,0.0,0.0,0.0,0.0,0.0,0.0,0.0,0.0,0.0
2005-01-19,0.0,0.0,0.0,0.0,0.0,0.0,0.0,0.0,0.0,0.0,0.0,0.0,0.0,0.0,0.0,0.0,0.0,0.0
2005-01-20,0.0,0.0,0.0,0.0,0.0,0.0,0.0,0.0,0.0,0.0,0.0,0.0,0.0,0.0,0.0,0.0,0.0,0.0
2005-01-21,0.0,0.0,0.0,0.0,0.0,0.0,0.0,0.0,0.0,0.0,0.0,0.0,0.0,0.0,0.0,0.0,0.0,0.0
2005-01-24,0.0,0.0,0.0,0.0,0.0,0.0,0.0,0.0,0.0,0.0,0.0,0.0,0.0,0.0,0.0,0.0,0.0,0.0
2005-01-25,0.0,0.0,0.0,0.0,0.0,0.0,0.0,0.0,0.0,0.0,0.0,0.0,0.0,0.0,0.0,0.0,0.0,0.0
2005-01-26,0.0,0.0,0.0,0.0,0.0,0.0,0.0,0.0,0.0,0.0,0.0,0.0,0.0,0.0,0.0,0.0,0.0,0.0
2005-01-27,0.0,0.0,0.0,0.0,0.0,0.0,0.0,0.0,0.0,0.0,0.0,0.0,0.0,0.0,0.0,0.0,0.0,0.0
2005-01-28,0.0,0.0,0.0,0.0,0.0,0.0,0.0,0.0,0.0,0.0,0.0,0.0,0.0,0.0,0.0,0.0,0.0,0.0
2005-01-31,0.0,0.0,0.0,0.0,0.0,0.0,0.0,0.0,0.0,0.0,0.0,0.0,0.0,0.0,0.0,0.0,0.0,0.0
2005-02-01,0.0,0.0,0.0,0.0,0.0,0.0,0.0,0.0,0.0,0.0,0.0,0.0,0.0,0.0,0.0,0.0,0.0,0.0
2005-02-02,0.0,0.0,0.0,0.0,0.0,0.0,0.0,0.0,0.0,0.0,0.0,0.0,0.0,0.0,0.0,0.0,0.0,0.0
2005-02-03,0.0,0.0,0.0,0.0,0.0,0.0,0.0,0.0,0.0,0.0,0.0,0.0,0.0,0.0,0.0,0.0,0.0,0.0
2005-02-04,0.0,0.0,0.0,0.0,0.0,0.0,0.0,0.0,0.0,0.0,0.0,0.0,0.0,0.0,0.0,0.0,0.0,0.0
2005-02-07,0.0,0.0,0.0,0.0,0.0,0.0,0.0,0.0,0.0,0.0,0.0,0.0,0.0,0.0,0.0,0.0,0.0,0.0
2005-02-08,0.0,0.0,0.0,0.0,0.0,0.0,0.0,0.0,0.0,0.0,0.0,0.0,0.0,0.0,0.0,0.0,0.0,0.0
2005-02-09,0.0,0.0,0.0,0.0,0.0,0.0,0.0,0.0,0.0,0.0,0.0,0.0,0.0,0.0,0.0,0.0,0.0,0.0
2005-02-10,0.0,0.0,0.0,0.0,0.0,0.0,0.0,0.0,0.0,0.0,0.0,0.0,0.0,0.0,0.0,0.0,0.0,0.0
2005-02-11,0.0,0.0,0.0,0.0,0.0,0.0,0.0,0.0,0.0,0.0,0.0,0.0,0.0,0.0,0.0,0.0,0.0,0.0
2005-02-14,0.0,0.0,0.0,0.0,0.0,0.0,0.0,0.0,0.0,0.0,0.0,0.0,0.0,0.0,0.0,0.0,0.0,0.0
2005-02-15,0.0,0.0,0.0,0.0,0.0,0.0,0.0,0.0,0.0,0.0,0.0,0.0,0.0,0.0,0.0,0.0,0.0,0.0
2005-02-16,0.0,0.0,0.0,0.0,0.0,0.0,0.0,0.0,0.0,0.0,0.0,0.0,0.0,0.0,0.0,0.0,0.0,0.0
2005-02-17,0.0,0.0,0.0,0.0,0.0,0.0,0.0,0.0,0.0,0.0,0.0,0.0,0.0,0.0,0.0,0.0,0.0,0.0
2005-02-18,0.0,0.0,0.0,0.0,0.0,0.0,0.0,0.0,0.0,0.0,0.0,0.0,0.0,0.0,0.0,0.0,0.0,0.0
2005-02-22,0.0,0.0,0.0,0.0,0.0,0.0,0.0,0.0,0.0,0.0,0.0,0.0,0.0,0.0,0.0,0.0,0.0,0.0
2005-02-23,0.0,0.0,0.0,0.0,0.0,0.0,0.0,0.0,0.0,0.0,0.0,0.0,0.0,0.0,0.0,0.0,0.0,0.0
2005-02-24,0.0,0.0,0.0,0.0,0.0,0.0,0.0,0.0,0.0,0.0,0.0,0.0,0.0,0.0,0.0,0.0,0.0,0.0
2005-02-25,0.0,0.0,0.0,0.0,0.0,0.0,0.0,0.0,0.0,0.0,0.0,0.0,0.0,0.0,0.0,0.0,0.0,0.0
2005-02-28,0.0,0.0,0.0,0.0,0.0,0.0,0.0,0.0,0.0,0.0,0.0,0.0,0.0,0.0,0.0,0.0,0.0,0.0
2005-03-01,0.0,0.0,0.0,0.0,0.0,0.0,0.0,0.0,0.0,0.0,0.0,0.0,0.0,0.0,0.0,0.0,0.0,0.0
2005-03-02,0.0,0.0,0.0,0.0,0.0,0.0,0.0,0.0,0.0,0.0,0.0,0.0,0.0,0.0,0.0,0.0,0.0,0.0
2005-03-03,0.0,0.0,0.0,0.0,0.0,0.0,0.0,0.0,0.0,0.0,0.0,0.0,0.0,0.0,0.0,0.0,0.0,0.0
2005-03-04,0.0,0.0,0.0,0.0,0.0,0.0,0.0,0.0,0.0,0.0,0.0,0.0,0.0,0.0,0.0,0.0,0.0,0.0
2005-03-07,0.0,0.0,0.0,0.0,0.0,0.0,0.0,0.0,0.0,0.0,0.0,0.0,0.0,0.0,0.0,0.0,0.0,0.0
2005-03-08,0.0,0.0,0.0,0.0,0.0,0.0,0.0,0.0,0.0,0.0,0.0,0.0,0.0,0.0,0.0,0.0,0.0,0.0
2005-03-09,0.0,0.0,0.0,0.0,0.0,0.0,0.0,0.0,0.0,0.0,0.0,0.0,0.0,0.0,0.0,0.0,0.0,0.0
2005-03-10,0.0,0.0,0.0,0.0,0.0,0.0,0.0,0.0,0.0,0.0,0.0,0.0,0.0,0.0,0.0,0.0,0.0,0.0
2005-03-11,0.0,0.0,0.0,0.0,0.0,0.0,0.0,0.0,0.0,0.0,0.0,0.0,0.0,0.0,0.0,0.0,0.0,0.0
2005-03-14,0.0,0.0,0.0,0.0,0.0,0.0,0.0,0.0,0.0,0.0,0.0,0.0,0.0,0.0,0.0,0.0,0.0,0.0
2005-03-15,0.0,0.0,0.0,0.0,0.0,0.0,0.0,0.0,0.0,0.0,0.0,0.0,0.0,0.0,0.0,0.0,0.0,0.0
2005-03-16,0.0,0.0,0.0,0.0,0.0,0.0,0.0,0.0,0.0,0.0,0.0,0.0,0.0,0.0,0.0,0.0,0.0,0.0
2005-03-17,0.0,0.0,0.0,0.0,0.0,0.0,0.0,0.0,0.0,0.0,0.0,0.0,0.0,0.0,0.0,0.0,0.0,0.0
2005-03-18,0.0,0.0,0.0,0.0,0.0,0.0,0.0,0.0,0.0,0.0,0.0,0.0,0.0,0.0,0.0,0.0,0.0,0.0
2005-03-21,0.0,0.0,0.0,0.0,0.0,0.0,0.0,0.0,0.0,0.0,0.0,0.0,0.0,0.0,0.0,0.0,0.0,0.0
2005-03-22,0.0,0.0,0.0,0.0,0.0,0.0,0.0,0.0,0.0,0.0,0.0,0.0,0.0,0.0,0.0,0.0,0.0,0.0
2005-03-23,0.0,0.0,0.0,0.0,0.0,0.0,0.0,0.0,0.0,0.0,0.0,0.0,0.0,0.0,0.0,0.0,0.0,0.0
2005-03-24,0.0,0.0,0.0,0.0,0.0,0.0,0.0,0.0,0.0,0.0,0.0,0.0,0.0,0.0,0.0,0.0,0.0,0.0
2005-03-28,0.0,0.0,0.0,0.0,0.0,0.0,0.0,0.0,0.0,0.0,0.0,0.0,0.0,0.0,0.0,0.0,0.0,0.0
2005-03-29,0.0,0.0,0.0,0.0,0.0,0.0,0.0,0.0,0.0,0.0,0.0,0.0,0.0,0.0,0.0,0.0,0.0,0.0
2005-03-30,0.0,0.0,0.0,0.0,0.0,0.0,0.0,0.0,0.0,0.0,0.0,0.0,0.0,0.0,0.0,0.0,0.0,0.0
2005-03-31,0.0,0.0,0.0,0.0,0.0,0.0,0.0,0.0,0.0,0.0,0.0,0.0,0.0,0.0,0.0,0.0,0.0,0.0
2005-04-01,0.0,0.0,0.0,0.0,0.0,0.0,0.0,0.0,0.0,0.0,0.0,0.0,0.0,0.0,0.0,0.0,0.0,0.0
2005-04-04,0.0,0.0,0.0,0.0,0.0,0.0,0.0,0.0,0.0,0.0,0.0,0.0,0.0,0.0,0.0,0.0,0.0,0.0
2005-04-05,0.0,0.0,0.0,0.0,0.0,0.0,0.0,0.0,0.0,0.0,0.0,0.0,0.0,0.0,0.0,0.0,0.0,0.0
2005-04-06,0.0,0.0,0.0,0.0,0.0,0.0,0.0,0.0,0.0,0.0,0.0,0.0,0.0,0.0,0.0,0.0,0.0,0.0
2005-04-07,0.0,0.0,0.0,0.0,0.0,0.0,0.0,0.0,0.0,0.0,0.0,0.0,0.0,0.0,0.0,0.0,0.0,0.0
2005-04-08,0.0,0.0,0.0,0.0,0.0,0.0,0.0,0.0,0.0,0.0,0.0,0.0,0.0,0.0,0.0,0.0,0.0,0.0
2005-04-11,0.0,0.0,0.0,0.0,0.0,0.0,0.0,0.0,0.0,0.0,0.0,0.0,0.0,0.0,0.0,0.0,0.0,0.0
2005-04-12,0.0,0.0,0.0,0.0,0.0,0.0,0.0,0.0,0.0,0.0,0.0,0.0,0.0,0.0,0.0,0.0,0.0,0.0
2005-04-13,0.0,0.0,0.0,0.0,0.0,0.0,0.0,0.0,0.0,0.0,0.0,0.0,0.0,0.0,0.0,0.0,0.0,0.0
2005-04-14,0.0,0.0,0.0,0.0,0.0,0.0,0.0,0.0,0.0,0.0,0.0,0.0,0.0,0.0,0.0,0.0,0.0,0.0
2005-04-15,0.0,0.0,0.0,0.0,0.0,0.0,0.0,0.0,0.0,0.0,0.0,0.0,0.0,0.0,0.0,0.0,0.0,0.0
2005-04-18,0.0,0.0,0.0,0.0,0.0,0.0,0.0,0.0,0.0,0.0,0.0,0.0,0.0,0.0,0.0,0.0,0.0,0.0
2005-04-19,0.0,0.0,0.0,0.0,0.0,0.0,0.0,0.0,0.0,0.0,0.0,0.0,0.0,0.0,0.0,0.0,0.0,0.0
2005-04-20,0.0,0.0,0.0,0.0,0.0,0.0,0.0,0.0,0.0,0.0,0.0,0.0,0.0,0.0,0.0,0.0,0.0,0.0
2005-04-21,0.0,0.0,0.0,0.0,0.0,0.0,0.0,0.0,0.0,0.0,0.0,0.0,0.0,0.0,0.0,0.0,0.0,0.0
2005-04-22,0.0,0.0,0.0,0.0,0.0,0.0,0.0,0.0,0.0,0.0,0.0,0.0,0.0,0.0,0.0,0.0,0.0,0.0
2005-04-25,0.0,0.0,0.0,0.0,0.0,0.0,0.0,0.0,0.0,0.0,0.0,0.0,0.0,0.0,0.0,0.0,0.0,0.0
2005-04-26,0.0,0.0,0.0,0.0,0.0,0.0,0.0,0.0,0.0,0.0,0.0,0.0,0.0,0.0,0.0,0.0,0.0,0.0
2005-04-27,0.0,0.0,0.0,0.0,0.0,0.0,0.0,0.0,0.0,0.0,0.0,0.0,0.0,0.0,0.0,0.0,0.0,0.0
2005-04-28,0.0,0.0,0.0,0.0,0.0,0.0,0.0,0.0,0.0,0.0,0.0,0.0,0.0,0.0,0.0,0.0,0.0,0.0
2005-04-29,0.0,0.0,0.0,0.0,0.0,0.0,0.0,0.0,0.0,0.0,0.0,0.0,0.0,0.0,0.0,0.0,0.0,0.0
2005-05-02,0.0,0.0,0.0,0.0,0.0,0.0,0.0,0.0,0.0,0.0,0.0,0.0,0.0,0.0,0.0,0.0,0.0,0.0
2005-05-03,0.0,0.0,0.0,0.0,0.0,0.0,0.0,0.0,0.0,0.0,0.0,0.0,0.0,0.0,0.0,0.0,0.0,0.0
2005-05-04,0.0,0.0,0.0,0.0,0.0,0.0,0.0,0.0,0.0,0.0,0.0,0.0,0.0,0.0,0.0,0.0,0.0,0.0
2005-05-05,0.0,0.0,0.0,0.0,0.0,0.0,0.0,0.0,0.0,0.0,0.0,0.0,0.0,0.0,0.0,0.0,0.0,0.0
2005-05-06,0.0,0.0,0.0,0.0,0.0,0.0,0.0,0.0,0.0,0.0,0.0,0.0,0.0,0.0,0.0,0.0,0.0,0.0
2005-05-09,0.0,0.0,0.0,0.0,0.0,0.0,0.0,0.0,0.0,0.0,0.0,0.0,0.0,0.0,0.0,0.0,0.0,0.0
2005-05-10,0.0,0.0,0.0,0.0,0.0,0.0,0.0,0.0,0.0,0.0,0.0,0.0,0.0,0.0,0.0,0.0,0.0,0.0
2005-05-11,0.0,0.0,0.0,0.0,0.0,0.0,0.0,0.0,0.0,0.0,0.0,0.0,0.0,0.0,0.0,0.0,0.0,0.0
2005-05-12,0.0,0.0,0.0,0.0,0.0,0.0,0.0,0.0,0.0,0.0,0.0,0.0,0.0,0.0,0.0,0.0,0.0,0.0
2005-05-13,0.0,0.0,0.0,0.0,0.0,0.0,0.0,0.0,0.0,0.0,0.0,0.0,0.0,0.0,0.0,0.0,0.0,0.0
2005-05-16,0.0,0.0,0.0,0.0,0.0,0.0,0.0,0.0,0.0,0.0,0.0,0.0,0.0,0.0,0.0,0.0,0.0,0.0
2005-05-17,0.0,0.0,0.0,0.0,0.0,0.0,0.0,0.0,0.0,0.0,0.0,0.0,0.0,0.0,0.0,0.0,0.0,0.0
2005-05-18,0.0,0.0,0.0,0.0,0.0,0.0,0.0,0.0,0.0,0.0,0.0,0.0,0.0,0.0,0.0,0.0,0.0,0.0
2005-05-19,0.0,0.0,0.0,0.0,0.0,0.0,0.0,0.0,0.0,0.0,0.0,0.0,0.0,0.0,0.0,0.0,0.0,0.0
2005-05-20,0.0,0.0,0.0,0.0,0.0,0.0,0.0,0.0,0.0,0.0,0.0,0.0,0.0,0.0,0.0,0.0,0.0,0.0
2005-05-23,0.0,0.0,0.0,0.0,0.0,0.0,0.0,0.0,0.0,0.0,0.0,0.0,0.0,0.0,0.0,0.0,0.0,0.0
2005-05-24,0.0,0.0,0.0,0.0,0.0,0.0,0.0,0.0,0.0,0.0,0.0,0.0,0.0,0.0,0.0,0.0,0.0,0.0
2005-05-25,0.0,0.0,0.0,0.0,0.0,0.0,0.0,0.0,0.0,0.0,0.0,0.0,0.0,0.0,0.0,0.0,0.0,0.0
2005-05-26,0.0,0.0,0.0,0.0,0.0,0.0,0.0,0.0,0.0,0.0,0.0,0.0,0.0,0.0,0.0,0.0,0.0,0.0
2005-05-27,0.0,0.0,0.0,0.0,0.0,0.0,0.0,0.0,0.0,0.0,0.0,0.0,0.0,0.0,0.0,0.0,0.0,0.0
2005-05-31,0.0,0.0,0.0,0.0,0.0,0.0,0.0,0.0,0.0,0.0,0.0,0.0,0.0,0.0,0.0,0.0,0.0,0.0
2005-06-01,0.0,0.0,0.0,0.0,0.0,0.0,0.0,0.0,0.0,0.0,0.0,0.0,0.0,0.0,0.0,0.0,0.0,0.0
2005-06-02,0.0,0.0,0.0,0.0,0.0,0.0,0.0,0.0,0.0,0.0,0.0,0.0,0.0,0.0,0.0,0.0,0.0,0.0
2005-06-03,0.0,0.0,0.0,0.0,0.0,0.0,0.0,0.0,0.0,0.0,0.0,0.0,0.0,0.0,0.0,0.0,0.0,0.0
2005-06-06,0.0,0.0,0.0,0.0,0.0,0.0,0.0,0.0,0.0,0.0,0.0,0.0,0.0,0.0,0.0,0.0,0.0,0.0
2005-06-07,0.0,0.0,0.0,0.0,0.0,0.0,0.0,0.0,0.0,0.0,0.0,0.0,0.0,0.0,0.0,0.0,0.0,0.0
2005-06-08,0.0,0.0,0.0,0.0,0.0,0.0,0.0,0.0,0.0,0.0,0.0,0.0,0.0,0.0,0.0,0.0,0.0,0.0
2005-06-09,0.0,0.0,0.0,0.0,0.0,0.0,0.0,0.0,0.0,0.0,0.0,0.0,0.0,0.0,0.0,0.0,0.0,0.0
2005-06-10,0.0,0.0,0.0,0.0,0.0,0.0,0.0,0.0,0.0,0.0,0.0,0.0,0.0,0.0,0.0,0.0,0.0,0.0
2005-06-13,0.0,0.0,0.0,0.0,0.0,0.0,0.0,0.0,0.0,0.0,0.0,0.0,0.0,0.0,0.0,0.0,0.0,0.0
2005-06-14,0.0,0.0,0.0,0.0,0.0,0.0,0.0,0.0,0.0,0.0,0.0,0.0,0.0,0.0,0.0,0.0,0.0,0.0
2005-06-15,0.0,0.0,0.0,0.0,0.0,0.0,0.0,0.0,0.0,0.0,0.0,0.0,0.0,0.0,0.0,0.0,0.0,0.0
2005-06-16,0.0,0.0,0.0,0.0,0.0,0.0,0.0,0.0,0.0,0.0,0.0,0.0,0.0,0.0,0.0,0.0,0.0,0.0
2005-06-17,0.0,0.0,0.0,0.0,0.0,0.0,0.0,0.0,0.0,0.0,0.0,0.0,0.0,0.0,0.0,0.0,0.0,0.0
2005-06-20,0.0,0.0,0.0,0.0,0.0,0.0,0.0,0.0,0.0,0.0,0.0,0.0,0.0,0.0,0.0,0.0,0.0,0.0
2005-06-21,0.0,0.0,0.0,0.0,0.0,0.0,0.0,0.0,0.0,0.0,0.0,0.0,0.0,0.0,0.0,0.0,0.0,0.0
2005-06-22,0.0,0.0,0.0,0.0,0.0,0.0,0.0,0.0,0.0,0.0,0.0,0.0,0.0,0.0,0.0,0.0,0.0,0.0
2005-06-23,0.0,0.0,0.0,0.0,0.0,0.0,0.0,0.0,0.0,0.0,0.0,0.0,0.0,0.0,0.0,0.0,0.0,0.0
2005-06-24,0.0,0.0,0.0,0.0,0.0,0.0,0.0,0.0,0.0,0.0,0.0,0.0,0.0,0.0,0.0,0.0,0.0,0.0
2005-06-27,0.0,0.0,0.0,0.0,0.0,0.0,0.0,0.0,0.0,0.0,0.0,0.0,0.0,0.0,0.0,0.0,0.0,0.0
2005-06-28,0.0,0.0,0.0,0.0,0.0,0.0,0.0,0.0,0.0,0.0,0.0,0.0,0.0,0.0,0.0,0.0,0.0,0.0
2005-06-29,0.0,0.0,0.0,0.0,0.0,0.0,0.0,0.0,0.0,0.0,0.0,0.0,0.0,0.0,0.0,0.0,0.0,0.0
2005-06-30,0.0,0.0,0.0,0.0,0.0,0.0,0.0,0.0,0.0,0.0,0.0,0.0,0.0,0.0,0.0,0.0,0.0,0.0
2005-07-01,0.0,0.0,0.0,0.0,0.0,0.0,0.0,0.0,0.0,0.0,0.0,0.0,0.0,0.0,0.0,0.0,0.0,0.0
2005-07-05,0.0,0.0,0.0,0.0,0.0,0.0,0.0,0.0,0.0,0.0,0.0,0.0,0.0,0.0,0.0,0.0,0.0,0.0
2005-07-06,0.0,0.0,0.0,0.0,0.0,0.0,0.0,0.0,0.0,0.0,0.0,0.0,0.0,0.0,0.0,0.0,0.0,0.0
2005-07-07,0.0,0.0,0.0,0.0,0.0,0.0,0.0,0.0,0.0,0.0,0.0,0.0,0.0,0.0,0.0,0.0,0.0,0.0
2005-07-08,0.0,0.0,0.0,0.0,0.0,0.0,0.0,0.0,0.0,0.0,0.0,0.0,0.0,0.0,0.0,0.0,0.0,0.0
2005-07-11,0.0,0.0,0.0,0.0,0.0,0.0,0.0,0.0,0.0,0.0,0.0,0.0,0.0,0.0,0.0,0.0,0.0,0.0
2005-07-12,0.0,0.0,0.0,0.0,0.0,0.0,0.0,0.0,0.0,0.0,0.0,0.0,0.0,0.0,0.0,0.0,0.0,0.0
2005-07-13,0.0,0.0,0.0,0.0,0.0,0.0,0.0,0.0,0.0,0.0,0.0,0.0,0.0,0.0,0.0,0.0,0.0,0.0
2005-07-14,0.0,0.0,0.0,0.0,0.0,0.0,0.0,0.0,0.0,0.0,0.0,0.0,0.0,0.0,0.0,0.0,0.0,0.0
2005-07-15,0.0,0.0,0.0,0.0,0.0,0.0,0.0,0.0,0.0,0.0,0.0,0.0,0.0,0.0,0.0,0.0,0.0,0.0
2005-07-18,0.0,0.0,0.0,0.0,0.0,0.0,0.0,0.0,0.0,0.0,0.0,0.0,0.0,0.0,0.0,0.0,0.0,0.0
2005-07-19,0.0,0.0,0.0,0.0,0.0,0.0,0.0,0.0,0.0,0.0,0.0,0.0,0.0,0.0,0.0,0.0,0.0,0.0
2005-07-20,0.0,0.0,0.0,0.0,0.0,0.0,0.0,0.0,0.0,0.0,0.0,0.0,0.0,0.0,0.0,0.0,0.0,0.0
2005-07-21,0.0,0.0,0.0,0.0,0.0,0.0,0.0,0.0,0.0,0.0,0.0,0.0,0.0,0.0,0.0,0.0,0.0,0.0
2005-07-22,0.0,0.0,0.0,0.0,0.0,0.0,0.0,0.0,0.0,0.0,0.0,0.0,0.0,0.0,0.0,0.0,0.0,0.0
2005-07-25,0.0,0.0,0.0,0.0,0.0,0.0,0.0,0.0,0.0,0.0,0.0,0.0,0.0,0.0,0.0,0.0,0.0,0.0
2005-07-26,0.0,0.0,0.0,0.0,0.0,0.0,0.0,0.0,0.0,0.0,0.0,0.0,0.0,0.0,0.0,0.0,0.0,0.0
2005-07-27,0.0,0.0,0.0,0.0,0.0,0.0,0.0,0.0,0.0,0.0,0.0,0.0,0.0,0.0,0.0,0.0,0.0,0.0
2005-07-28,0.0,0.0,0.0,0.0,0.0,0.0,0.0,0.0,0.0,0.0,0.0,0.0,0.0,0.0,0.0,0.0,0.0,0.0
2005-07-29,0.0,0.0,0.0,0.0,0.0,0.0,0.0,0.0,0.0,0.0,0.0,0.0,0.0,0.0,0.0,0.0,0.0,0.0
2005-08-01,0.0,0.0,0.0,0.0,0.0,0.0,0.0,0.0,0.0,0.0,0.0,0.0,0.0,0.0,0.0,0.0,0.0,0.0
2005-08-02,0.0,0.0,0.0,0.0,0.0,0.0,0.0,0.0,0.0,0.0,0.0,0.0,0.0,0.0,0.0,0.0,0.0,0.0
2005-08-03,0.0,0.0,0.0,0.0,0.0,0.0,0.0,0.0,0.0,0.0,0.0,0.0,0.0,0.0,0.0,0.0,0.0,0.0
2005-08-04,0.0,0.0,0.0,0.0,0.0,0.0,0.0,0.0,0.0,0.0,0.0,0.0,0.0,0.0,0.0,0.0,0.0,0.0
2005-08-05,0.0,0.0,0.0,0.0,0.0,0.0,0.0,0.0,0.0,0.0,0.0,0.0,0.0,0.0,0.0,0.0,0.0,0.0
2005-08-08,0.0,0.0,0.0,0.0,0.0,0.0,0.0,0.0,0.0,0.0,0.0,0.0,0.0,0.0,0.0,0.0,0.0,0.0
2005-08-09,0.0,0.0,0.0,0.0,0.0,0.0,0.0,0.0,0.0,0.0,0.0,0.0,0.0,0.0,0.0,0.0,0.0,0.0
2005-08-10,0.0,0.0,0.0,0.0,0.0,0.0,0.0,0.0,0.0,0.0,0.0,0.0,0.0,0.0,0.0,0.0,0.0,0.0
2005-08-11,0.0,0.0,0.0,0.0,0.0,0.0,0.0,0.0,0.0,0.0,0.0,0.0,0.0,0.0,0.0,0.0,0.0,0.0
2005-08-12,0.0,0.0,0.0,0.0,0.0,0.0,0.0,0.0,0.0,0.0,0.0,0.0,0.0,0.0,0.0,0.0,0.0,0.0
2005-08-15,0.0,0.0,0.0,0.0,0.0,0.0,0.0,0.0,0.0,0.0,0.0,0.0,0.0,0.0,0.0,0.0,0.0,0.0
2005-08-16,0.0,0.0,0.0,0.0,0.0,0.0,0.0,0.0,0.0,0.0,0.0,0.0,0.0,0.0,0.0,0.0,0.0,0.0
2005-08-17,0.0,0.0,0.0,0.0,0.0,0.0,0.0,0.0,0.0,0.0,0.0,0.0,0.0,0.0,0.0,0.0,0.0,0.0
2005-08-18,0.0,0.0,0.0,0.0,0.0,0.0,0.0,0.0,0.0,0.0,0.0,0.0,0.0,0.0,0.0,0.0,0.0,0.0
2005-08-19,0.0,0.0,0.0,0.0,0.0,0.0,0.0,0.0,0.0,0.0,0.0,0.0,0.0,0.0,0.0,0.0,0.0,0.0
2005-08-22,0.0,0.0,0.0,0.0,0.0,0.0,0.0,0.0,0.0,0.0,0.0,0.0,0.0,0.0,0.0,0.0,0.0,0.0
2005-08-23,0.0,0.0,0.0,0.0,0.0,0.0,0.0,0.0,0.0,0.0,0.0,0.0,0.0,0.0,0.0,0.0,0.0,0.0
2005-08-24,0.0,0.0,0.0,0.0,0.0,0.0,0.0,0.0,0.0,0.0,0.0,0.0,0.0,0.0,0.0,0.0,0.0,0.0
2005-08-25,0.0,0.0,0.0,0.0,0.0,0.0,0.0,0.0,0.0,0.0,0.0,0.0,0.0,0.0,0.0,0.0,0.0,0.0
2005-08-26,0.0,0.0,0.0,0.0,0.0,0.0,0.0,0.0,0.0,0.0,0.0,0.0,0.0,0.0,0.0,0.0,0.0,0.0
2005-08-29,0.0,0.0,0.0,0.0,0.0,0.0,0.0,0.0,0.0,0.0,0.0,0.0,0.0,0.0,0.0,0.0,0.0,0.0
2005-08-30,0.0,0.0,0.0,0.0,0.0,0.0,0.0,0.0,0.0,0.0,0.0,0.0,0.0,0.0,0.0,0.0,0.0,0.0
2005-08-31,0.0,0.0,0.0,0.0,0.0,0.0,0.0,0.0,0.0,0.0,0.0,0.0,0.0,0.0,0.0,0.0,0.0,0.0
2005-09-01,0.0,0.0,0.0,0.0,0.0,0.0,0.0,0.0,0.0,0.0,0.0,0.0,0.0,0.0,0.0,0.0,0.0,0.0
2005-09-02,0.0,0.0,0.0,0.0,0.0,0.0,0.0,0.0,0.0,0.0,0.0,0.0,0.0,0.0,0.0,0.0,0.0,0.0
2005-09-06,0.0,0.0,0.0,0.0,0.0,0.0,0.0,0.0,0.0,0.0,0.0,0.0,0.0,0.0,0.0,0.0,0.0,0.0
2005-09-07,0.0,0.0,0.0,0.0,0.0,0.0,0.0,0.0,0.0,0.0,0.0,0.0,0.0,0.0,0.0,0.0,0.0,0.0
2005-09-08,0.0,0.0,0.0,0.0,0.0,0.0,0.0,0.0,0.0,0.0,0.0,0.0,0.0,0.0,0.0,0.0,0.0,0.0
2005-09-09,0.0,0.0,0.0,0.0,0.0,0.0,0.0,0.0,0.0,0.0,0.0,0.0,0.0,0.0,0.0,0.0,0.0,0.0
2005-09-12,0.0,0.0,0.0,0.0,0.0,0.0,0.0,0.0,0.0,0.0,0.0,0.0,0.0,0.0,0.0,0.0,0.0,0.0
2005-09-13,0.0,0.0,0.0,0.0,0.0,0.0,0.0,0.0,0.0,0.0,0.0,0.0,0.0,0.0,0.0,0.0,0.0,0.0
2005-09-14,0.0,0.0,0.0,0.0,0.0,0.0,0.0,0.0,0.0,0.0,0.0,0.0,0.0,0.0,0.0,0.0,0.0,0.0
2005-09-15,0.0,0.0,0.0,0.0,0.0,0.0,0.0,0.0,0.0,0.0,0.0,0.0,0.0,0.0,0.0,0.0,0.0,0.0
2005-09-16,0.0,0.0,0.0,0.0,0.0,0.0,0.0,0.0,0.0,0.0,0.0,0.0,0.0,0.0,0.0,0.0,0.0,0.0
2005-09-19,0.0,0.0,0.0,0.0,0.0,0.0,0.0,0.0,0.0,0.0,0.0,0.0,0.0,0.0,0.0,0.0,0.0,0.0
2005-09-20,0.0,0.0,0.0,0.0,0.0,0.0,0.0,0.0,0.0,0.0,0.0,0.0,0.0,0.0,0.0,0.0,0.0,0.0
2005-09-21,0.0,0.0,0.0,0.0,0.0,0.0,0.0,0.0,0.0,0.0,0.0,0.0,0.0,0.0,0.0,0.0,0.0,0.0
2005-09-22,0.0,0.0,0.0,0.0,0.0,0.0,0.0,0.0,0.0,0.0,0.0,0.0,0.0,0.0,0.0,0.0,0.0,0.0
2005-09-23,0.0,0.0,0.0,0.0,0.0,0.0,0.0,0.0,0.0,0.0,0.0,0.0,0.0,0.0,0.0,0.0,0.0,0.0
2005-09-26,0.0,0.0,0.0,0.0,0.0,0.0,0.0,0.0,0.0,0.0,0.0,0.0,0.0,0.0,0.0,0.0,0.0,0.0
2005-09-27,0.0,0.0,0.0,0.0,0.0,0.0,0.0,0.0,0.0,0.0,0.0,0.0,0.0,0.0,0.0,0.0,0.0,0.0
2005-09-28,0.0,0.0,0.0,0.0,0.0,0.0,0.0,0.0,0.0,0.0,0.0,0.0,0.0,0.0,0.0,0.0,0.0,0.0
2005-09-29,0.0,0.0,0.0,0.0,0.0,0.0,0.0,0.0,0.0,0.0,0.0,0.0,0.0,0.0,0.0,0.0,0.0,0.0
2005-09-30,0.0,0.0,0.0,0.0,0.0,0.0,0.0,0.0,0.0,0.0,0.0,0.0,0.0,0.0,0.0,0.0,0.0,0.0
2005-10-03,0.0,0.0,0.0,0.0,0.0,0.0,0.0,0.0,0.0,0.0,0.0,0.0,0.0,0.0,0.0,0.0,0.0,0.0
2005-10-04,0.0,0.0,0.0,0.0,0.0,0.0,0.0,0.0,0.0,0.0,0.0,0.0,0.0,0.0,0.0,0.0,0.0,0.0
2005-10-05,0.0,0.0,0.0,0.0,0.0,0.0,0.0,0.0,0.0,0.0,0.0,0.0,0.0,0.0,0.0,0.0,0.0,0.0
2005-10-06,0.0,0.0,0.0,0.0,0.0,0.0,0.0,0.0,0.0,0.0,0.0,0.0,0.0,0.0,0.0,0.0,0.0,0.0
2005-10-07,0.0,0.0,0.0,0.0,0.0,0.0,0.0,0.0,0.0,0.0,0.0,0.0,0.0,0.0,0.0,0.0,0.0,0.0
2005-10-10,0.0,0.0,0.0,0.0,0.0,0.0,0.0,0.0,0.0,0.0,0.0,0.0,0.0,0.0,0.0,0.0,0.0,0.0
2005-10-11,0.0,0.0,0.0,0.0,0.0,0.0,0.0,0.0,0.0,0.0,0.0,0.0,0.0,0.0,0.0,0.0,0.0,0.0
2005-10-12,0.0,0.0,0.0,0.0,0.0,0.0,0.0,0.0,0.0,0.0,0.0,0.0,0.0,0.0,0.0,0.0,0.0,0.0
2005-10-13,0.0,0.0,0.0,0.0,0.0,0.0,0.0,0.0,0.0,0.0,0.0,0.0,0.0,0.0,0.0,0.0,0.0,0.0
2005-10-14,0.0,0.0,0.0,0.0,0.0,0.0,0.0,0.0,0.0,0.0,0.0,0.0,0.0,0.0,0.0,0.0,0.0,0.0
2005-10-17,0.0,0.0,0.0,0.0,0.0,0.0,0.0,0.0,0.0,0.0,0.0,0.0,0.0,0.0,0.0,0.0,0.0,0.0
2005-10-18,0.0,0.0,0.0,0.0,0.0,0.0,0.0,0.0,0.0,0.0,0.0,0.0,0.0,0.0,0.0,0.0,0.0,0.0
2005-10-19,0.0,0.0,0.0,0.0,0.0,0.0,0.0,0.0,0.0,0.0,0.0,0.0,0.0,0.0,0.0,0.0,0.0,0.0
2005-10-20,0.0,0.0,0.0,0.0,0.0,0.0,0.0,0.0,0.0,0.0,0.0,0.0,0.0,0.0,0.0,0.0,0.0,0.0
2005-10-21,0.0,0.0,0.0,0.0,0.0,0.0,0.0,0.0,0.0,0.0,0.0,0.0,0.0,0.0,0.0,0.0,0.0,0.0
2005-10-24,0.0,0.0,0.0,0.0,0.0,0.0,0.0,0.0,0.0,0.0,0.0,0.0,0.0,0.0,0.0,0.0,0.0,0.0
2005-10-25,0.0,0.0,0.0,0.0,0.0,0.0,0.0,0.0,0.0,0.0,0.0,0.0,0.0,0.0,0.0,0.0,0.0,0.0
2005-10-26,0.0,0.0,0.0,0.0,0.0,0.0,0.0,0.0,0.0,0.0,0.0,0.0,0.0,0.0,0.0,0.0,0.0,0.0
2005-10-27,0.0,0.0,0.0,0.0,0.0,0.0,0.0,0.0,0.0,0.0,0.0,0.0,0.0,0.0,0.0,0.0,0.0,0.0
2005-10-28,0.0,0.0,0.0,0.0,0.0,0.0,0.0,0.0,0.0,0.0,0.0,0.0,0.0,0.0,0.0,0.0,0.0,0.0
2005-10-31,0.0,0.0,0.0,0.0,0.0,0.0,0.0,0.0,0.0,0.0,0.0,0.0,0.0,0.0,0.0,0.0,0.0,0.0
2005-11-01,0.0,0.0,0.0,0.0,0.0,0.0,0.0,0.0,0.0,0.0,0.0,0.0,0.0,0.0,0.0,0.0,0.0,0.0
2005-11-02,0.0,0.0,0.0,0.0,0.0,0.0,0.0,0.0,0.0,0.0,0.0,0.0,0.0,0.0,0.0,0.0,0.0,0.0
2005-11-03,0.0,0.0,0.0,0.0,0.0,0.0,0.0,0.0,0.0,0.0,0.0,0.0,0.0,0.0,0.0,0.0,0.0,0.0
2005-11-04,0.0,0.0,0.0,0.0,0.0,0.0,0.0,0.0,0.0,0.0,0.0,0.0,0.0,0.0,0.0,0.0,0.0,0.0
2005-11-07,0.0,0.0,0.0,0.0,0.0,0.0,0.0,0.0,0.0,0.0,0.0,0.0,0.0,0.0,0.0,0.0,0.0,0.0
2005-11-08,0.0,0.0,0.0,0.0,0.0,0.0,0.0,0.0,0.0,0.0,0.0,0.0,0.0,0.0,0.0,0.0,0.0,0.0
2005-11-09,0.0,0.0,0.0,0.0,0.0,0.0,0.0,0.0,0.0,0.0,0.0,0.0,0.0,0.0,0.0,0.0,0.0,0.0
2005-11-10,0.0,0.0,0.0,0.0,0.0,0.0,0.0,0.0,0.0,0.0,0.0,0.0,0.0,0.0,0.0,0.0,0.0,0.0
2005-11-11,0.0,0.0,0.0,0.0,0.0,0.0,0.0,0.0,0.0,0.0,0.0,0.0,0.0,0.0,0.0,0.0,0.0,0.0
2005-11-14,0.0,0.0,0.0,0.0,0.0,0.0,0.0,0.0,0.0,0.0,0.0,0.0,0.0,0.0,0.0,0.0,0.0,0.0
2005-11-15,0.0,0.0,0.0,0.0,0.0,0.0,0.0,0.0,0.0,0.0,0.0,0.0,0.0,0.0,0.0,0.0,0.0,0.0
2005-11-16,0.0,0.0,0.0,0.0,0.0,0.0,0.0,0.0,0.0,0.0,0.0,0.0,0.0,0.0,0.0,0.0,0.0,0.0
2005-11-17,0.0,0.0,0.0,0.0,0.0,0.0,0.0,0.0,0.0,0.0,0.0,0.0,0.0,0.0,0.0,0.0,0.0,0.0
2005-11-18,0.0,0.0,0.0,0.0,0.0,0.0,0.0,0.0,0.0,0.0,0.0,0.0,0.0,0.0,0.0,0.0,0.0,0.0
2005-11-21,0.0,0.0,0.0,0.0,0.0,0.0,0.0,0.0,0.0,0.0,0.0,0.0,0.0,0.0,0.0,0.0,0.0,0.0
2005-11-22,0.0,0.0,0.0,0.0,0.0,0.0,0.0,0.0,0.0,0.0,0.0,0.0,0.0,0.0,0.0,0.0,0.0,0.0
2005-11-23,0.0,0.0,0.0,0.0,0.0,0.0,0.0,0.0,0.0,0.0,0.0,0.0,0.0,0.0,0.0,0.0,0.0,0.0
2005-11-25,0.0,0.0,0.0,0.0,0.0,0.0,0.0,0.0,0.0,0.0,0.0,0.0,0.0,0.0,0.0,0.0,0.0,0.0
2005-11-28,0.0,0.0,0.0,0.0,0.0,0.0,0.0,0.0,0.0,0.0,0.0,0.0,0.0,0.0,0.0,0.0,0.0,0.0
2005-11-29,0.0,0.0,0.0,0.0,0.0,0.0,0.0,0.0,0.0,0.0,0.0,0.0,0.0,0.0,0.0,0.0,0.0,0.0
2005-11-30,0.0,0.0,0.0,0.0,0.0,0.0,0.0,0.0,0.0,0.0,0.0,0.0,0.0,0.0,0.0,0.0,0.0,0.0
2005-12-01,0.0,0.0,0.0,0.0,0.0,0.0,0.0,0.0,0.0,0.0,0.0,0.0,0.0,0.0,0.0,0.0,0.0,0.0
2005-12-02,0.0,0.0,0.0,0.0,0.0,0.0,0.0,0.0,0.0,0.0,0.0,0.0,0.0,0.0,0.0,0.0,0.0,0.0
2005-12-05,0.0,0.0,0.0,0.0,0.0,0.0,0.0,0.0,0.0,0.0,0.0,0.0,0.0,0.0,0.0,0.0,0.0,0.0
2005-12-06,0.0,0.0,0.0,0.0,0.0,0.0,0.0,0.0,0.0,0.0,0.0,0.0,0.0,0.0,0.0,0.0,0.0,0.0
2005-12-07,0.0,0.0,0.0,0.0,0.0,0.0,0.0,0.0,0.0,0.0,0.0,0.0,0.0,0.0,0.0,0.0,0.0,0.0
2005-12-08,0.0,0.0,0.0,0.0,0.0,0.0,0.0,0.0,0.0,0.0,0.0,0.0,0.0,0.0,0.0,0.0,0.0,0.0
2005-12-09,0.0,0.0,0.0,0.0,0.0,0.0,0.0,0.0,0.0,0.0,0.0,0.0,0.0,0.0,0.0,0.0,0.0,0.0
2005-12-12,0.0,0.0,0.0,0.0,0.0,0.0,0.0,0.0,0.0,0.0,0.0,0.0,0.0,0.0,0.0,0.0,0.0,0.0
2005-12-13,0.0,0.0,0.0,0.0,0.0,0.0,0.0,0.0,0.0,0.0,0.0,0.0,0.0,0.0,0.0,0.0,0.0,0.0
2005-12-14,0.0,0.0,0.0,0.0,0.0,0.0,0.0,0.0,0.0,0.0,0.0,0.0,0.0,0.0,0.0,0.0,0.0,0.0
2005-12-15,0.0,0.0,0.0,0.0,0.0,0.0,0.0,0.0,0.0,0.0,0.0,0.0,0.0,0.0,0.0,0.0,0.0,0.0
2005-12-16,0.0,0.0,0.0,0.0,0.0,0.0,0.0,0.0,0.0,0.0,0.0,0.0,0.0,0.0,0.0,0.0,0.0,0.0
2005-12-19,0.0,0.0,0.0,0.0,0.0,0.0,0.0,0.0,0.0,0.0,0.0,0.0,0.0,0.0,0.0,0.0,0.0,0.0
2005-12-20,0.0,0.0,0.0,0.0,0.0,0.0,0.0,0.0,0.0,0.0,0.0,0.0,0.0,0.0,0.0,0.0,0.0,0.0
2005-12-21,0.0,0.0,0.0,0.0,0.0,0.0,0.0,0.0,0.0,0.0,0.0,0.0,0.0,0.0,0.0,0.0,0.0,0.0
2005-12-22,0.0,0.0,0.0,0.0,0.0,0.0,0.0,0.0,0.0,0.0,0.0,0.0,0.0,0.0,0.0,0.0,0.0,0.0
2005-12-23,0.0,0.0,0.0,0.0,0.0,0.0,0.0,0.0,0.0,0.0,0.0,0.0,0.0,0.0,0.0,0.0,0.0,0.0
2005-12-27,0.0,0.0,0.0,0.0,0.0,0.0,0.0,0.0,0.0,0.0,0.0,0.0,0.0,0.0,0.0,0.0,0.0,0.0
2005-12-28,0.0,0.0,0.0,0.0,0.0,0.0,0.0,0.0,0.0,0.0,0.0,0.0,0.0,0.0,0.0,0.0,0.0,0.0
2005-12-29,0.0,0.0,0.0,0.0,0.0,0.0,0.0,0.0,0.0,0.0,0.0,0.0,0.0,0.0,0.0,0.0,0.0,0.0
2005-12-30,0.0,0.0,0.0,0.0,0.0,0.0,0.0,0.0,0.0,0.0,0.0,0.0,0.0,0.0,0.0,0.0,0.0,0.0
2006-01-03,0.0,0.0,0.0,0.03371328542897497,0.06036889537602841,0.0,0.04832245580279043,0.0,0.0,0.0,0.0,0.0,-0.18335680145637057,0.0,-0.6742385619358356,0.0,0.0,0.0
2006-01-04,0.0,0.0,0.0,0.03396980904116457,0.06080436578050765,0.0,0.04859415674705582,0.0,0.0,0.0,0.0,0.0,-0.18463194503636093,0.0,-0.6719997233949111,0.0,0.0,0.0
2006-01-05,0.0,0.0,0.0,0.035526636011689726,0.0616692551137769,0.0,0.04765659298387048,0.0,0.0,0.0,0.0,0.0,-0.1861873767342594,0.0,-0.6689601391564035,0.0,0.0,0.0
2006-01-06,0.0,0.0,0.0,0.03708822592201662,0.060993778701882904,0.0,0.046667436867588105,0.0,0.0,0.0,0.0,0.0,-0.18657696230092094,0.0,-0.6686735962075915,0.0,0.0,0.0
2006-01-09,0.0,0.0,0.0,0.03757906377325072,0.060765797309580365,0.0,0.045913125743911966,0.0,0.0,0.0,0.0,0.0,-0.18631500542481683,0.0,-0.6694270077484401,0.0,0.0,0.0
2006-01-10,0.0,0.0,0.0,0.0377744871249187,0.06107552542149616,0.0,0.046094163613347866,0.0,0.0,0.0,0.0,0.0,-0.18735740316881466,0.0,-0.6676984206714226,0.0,0.0,0.0
2006-01-11,0.0,0.0,0.0,0.03763747265825191,0.060751647794405485,0.0,0.045962981780320655,0.0,0.0,0.0,0.0,0.0,-0.1872604544290564,0.0,-0.6683874433379655,0.0,0.0,0.0
2006-01-12,0.0,0.0,0.0,0.03870593882350898,0.06004138217056145,0.0,0.046041256967194924,0.0,0.0,0.0,0.0,0.0,-0.18743570729849443,0.0,-0.6677757147402402,0.0,0.0,0.0
2006-01-13,0.0,0.0,0.0,0.03999886530520421,0.06189638130296885,0.0,0.04668457294601817,0.0,0.0,0.0,0.0,0.0,-0.19218270510211619,0.0,-0.6592374753436926,0.0,0.0,0.0
2006-01-17,0.0,0.0,0.0,0.03945040445523938,0.06112296368343055,0.0,0.04686339709432751,0.0,0.0,0.0,0.0,0.0,-0.19372576863011282,0.0,-0.6588374661368898,0.0,0.0,0.0
2006-01-18,0.0,0.0,0.0,0.03950087492264233,0.06047916221417721,0.0,0.045390841844011244,0.0,0.0,0.0,0.0,0.0,-0.19372165332850189,0.0,-0.6609074676906673,0.0,0.0,0.0
2006-01-19,0.0,0.0,0.0,0.03939688516567506,0.06078437003085913,0.0,0.04382327714409621,0.0,0.0,0.0,0.0,0.0,-0.19325279607758297,0.0,-0.6627426715817866,0.0,0.0,0.0
2006-01-20,0.0,0.0,0.0,0.038079191656948105,0.059414491353481,0.0,0.04434947336457893,0.0,0.0,0.0,0.0,0.0,-0.19365106317723085,0.0,-0.6645057804477611,0.0,0.0,0.0
2006-01-23,0.0,0.0,0.0,0.04006116649678517,0.061978150059133943,0.0,0.044223272183574205,0.0,0.0,0.0,0.0,0.0,-0.19314158178388857,0.0,-0.6605958294766181,0.0,0.0,0.0
2006-01-24,0.0,0.0,0.0,0.04051007301259614,0.06161906202444165,0.0,0.044134352987036975,0.0,0.0,0.0,0.0,0.0,-0.1960900403272656,0.0,-0.6576464716486596,0.0,0.0,0.0
2006-01-25,0.0,0.0,0.0,0.04222075583102462,0.06391576498861679,0.0,0.044914039053567445,0.0,0.0,0.0,0.0,0.0,-0.19582295095714247,0.0,-0.6531264891696487,0.0,0.0,0.0
2006-01-26,0.0,0.0,0.0,0.04120767617215982,0.061208098950446425,0.0,0.043645763158033146,0.0,0.0,0.0,0.0,0.0,-0.19427511768966702,0.0,-0.6596633440296936,0.0,0.0,0.0
2006-01-27,0.0,0.0,0.0,0.04120864441814361,0.06140133647162884,0.0,0.04370623597804176,0.0,0.0,0.0,0.0,0.0,-0.19669080078564644,0.0,-0.6569929823465394,0.0,0.0,0.0
2006-01-30,0.0,0.0,0.0,0.04277239620393135,0.06152076432414203,0.0,0.04313344637561498,0.0,0.0,0.0,0.0,0.0,-0.1934387909980652,0.0,-0.6591346020982464,0.0,0.0,0.0
2006-01-31,0.0,0.0,0.0,0.04384927990399341,0.06178416996947432,0.0,0.04312208303078384,0.0,0.0,0.0,0.0,0.0,-0.19220242510176838,0.0,-0.6590420419939801,0.0,0.0,0.0
2006-02-01,0.0,0.0,0.0,0.04450146585172379,0.06211362915309349,0.0,0.04435517771842387,0.0,0.0,0.0,0.0,0.0,-0.19328329620720885,0.0,-0.6557464310695499,0.0,0.0,0.0
2006-02-02,0.0,0.0,0.0,0.0429422390973196,0.06133074909436035,0.0,0.045253528058936295,0.0,0.0,0.0,0.0,0.0,-0.19348240795056013,0.0,-0.6569910757988235,0.0,0.0,0.0
2006-02-03,0.0,0.0,0.0,0.042641663157647884,0.06216140406153636,0.0,0.04495055996221374,0.0,0.0,0.0,0.0,0.0,-0.19399704368440168,0.0,-0.6562493291342003,0.0,0.0,0.0
2006-02-06,0.0,0.0,0.0,0.04167199906378742,0.062020639097823356,0.0,0.044997253243279606,0.0,0.0,0.0,0.0,0.0,-0.19620236067116986,0.0,-0.6551077479239398,0.0,0.0,0.0
2006-02-07,0.0,0.0,0.0,0.09136691522072363,0.14216742268090604,0.0,0.09466617700835636,0.0,0.0,0.0,0.0,0.0,-0.44422167490449094,0.0,0.0,0.0,-0.22757781018552317,0.0
2006-02-08,0.0,0.0,0.0,0.09133788018946548,0.14231639746920866,0.0,0.09464745819419512,0.0,0.0,0.0,0.0,0.0,-0.4442695860545499,0.0,0.0,0.0,-0.22742867809258088,0.0
2006-02-09,0.0,0.0,0.0,0.0757397265855606,0.11739668709006049,0.0,0.07625107083043028,0.0,0.0,0.0,0.0,0.0,-0.37909630557229096,0.0,0.0,-0.35151620992165766,0.0,0.0
2006-02-10,0.0,0.0,0.0,0.07514367725347348,0.11566587243872284,0.0,0.07297889529200527,0.0,0.0,0.0,0.0,0.0,-0.3859596313311089,0.0,0.0,-0.3502519236846895,0.0,0.0
2006-02-13,0.0,0.0,0.0,0.07199230547032408,0.11386880204054406,0.0,0.07088313491177062,0.0,0.0,0.0,0.0,0.0,-0.39456293923886804,0.0,0.0,-0.3486928183384932,0.0,0.0
2006-02-14,0.0,0.0,0.0,0.07116218125578438,0.11408054215591991,0.0,0.07124353738410547,0.0,0.0,0.0,0.0,0.0,-0.3981308962590141,0.0,0.0,-0.34538284294517607,0.0,0.0
2006-02-15,0.0,0.0,0.0,0.06889073264306705,0.10992473153222926,0.0,0.0684546790303483,0.0,0.0,0.0,0.0,0.0,-0.40055238953831135,0.0,0.0,-0.35217746725604415,0.0,0.0
2006-02-16,0.0,0.0,0.0,0.06760691307500785,0.10972128799264212,0.0,0.06804301559205857,0.0,0.0,0.0,0.0,0.0,-0.4028705818503213,0.0,0.0,-0.35175820148997006,0.0,0.0
2006-02-17,0.0,0.0,0.0,0.03480532423160222,0.05640642269797675,0.0,0.03564078990003815,0.0,0.0,0.0,0.0,0.0,-0.20932192376670028,0.0,-0.6638255394036826,0.0,0.0,0.0
2006-02-21,0.0,0.0,0.0,0.034848335681623564,0.0,0.0,0.03591246835453336,0.0,0.0,0.0,0.0,0.05594635868695217,-0.21010752667761726,0.0,-0.6631853105992737,0.0,0.0,0.0
2006-02-22,0.0,0.0,0.0,0.03505889463210686,0.0,0.0,0.03614480218814834,0.0,0.0,0.0,0.0,0.05636833701052497,-0.2090735636882021,0.0,-0.6633544024810177,0.0,0.0,0.0
2006-02-23,0.0,0.0,0.0,0.035219807626589064,0.0,0.0,0.03610879445891908,0.0,0.0,0.0,0.0,0.05719556019279165,-0.21111304910056247,0.0,-0.6603627886211377,0.0,0.0,0.0
2006-02-24,0.0,0.0,0.0,0.034687413844115174,0.0,0.0,0.03518864219836608,0.0,0.0,0.0,0.0,0.05608017595031343,-0.2086297665363336,0.0,-0.6654140014708717,0.0,0.0,0.0
2006-02-27,0.0,0.0,0.0,0.03421990377192726,0.0,0.0,0.03459805220363165,0.0,0.0,0.0,0.0,0.055239299086104275,-0.20587946892981723,0.0,-0.6700632760085194,0.0,0.0,0.0
2006-02-28,0.0,0.0,0.0,0.03357361624866869,0.0,0.0,0.03481805742396823,0.0,0.0,0.0,0.0,0.05470764084914556,-0.20878270950007533,0.0,-0.6681179759781422,0.0,0.0,0.0
2006-03-01,0.0,0.0,0.0,0.033064492482147094,0.0,0.0,0.03500970280395621,0.0,0.0,0.0,0.0,0.055515076944172764,-0.2083052081340888,0.0,-0.6681055196356351,0.0,0.0,0.0
2006-03-02,0.0,0.0,0.0,0.03302923435477798,0.0,0.0,0.03467780598061125,0.0,0.0,0.0,0.0,0.05505758708331851,-0.20713439442502235,0.0,-0.6701009781562698,0.0,0.0,0.0
2006-03-03,0.0,0.0,0.0,0.0329681055607549,0.0,0.0,0.03532940156928419,0.0,0.0,0.0,0.0,0.05555248008623131,-0.2096197488473037,0.0,-0.6665302639364259,0.0,0.0,0.0
2006-03-06,0.0,0.0,0.0,0.0652631984626081,0.0,0.0,0.0692176905714153,0.0,0.0,0.0,0.0,0.11124704888115372,-0.39833276628021486,0.0,0.0,-0.3559392958046081,0.0,0.0
2006-03-07,0.0,0.0,0.0,0.06255689860504089,0.0,0.0,0.06954860731057044,0.0,0.0,0.0,0.0,0.10874775296541205,-0.4008615041592389,0.0,0.0,-0.3582852369597378,0.0,0.0
2006-03-08,0.0,0.0,0.0,0.06277168496744391,0.0,0.0,0.06887428595453157,0.0,0.0,0.0,0.0,0.10914426678921758,-0.40549838311131997,0.0,0.0,-0.35371137917748696,0.0,0.0
2006-03-09,0.0,0.0,0.0,0.062408073527524616,0.0,0.0,0.06858706674343085,0.0,0.0,0.0,0.0,0.10771033560439375,-0.40647299388013114,0.0,0.0,-0.3548215302445196,0.0,0.0
2006-03-10,0.0,0.0,0.0,0.06184929379603759,0.0,0.0,0.06852318968974287,0.0,0.0,0.0,0.0,0.1065050344397059,-0.4034461579766711,0.0,0.0,-0.35967632409784256,0.0,0.0
2006-03-13,0.0,0.0,0.0,0.061451312743100124,0.0,0.0,0.06803384172301091,0.0,0.0,0.0,0.0,0.1054547566877714,-0.40125988425651354,0.0,0.0,-0.36380020458960394,0.0,0.0
2006-03-14,0.0,0.0,0.0,0.06159585370902354,0.0,0.0,0.0698462966706634,0.0,0.0,0.0,0.0,0.10759668907053813,-0.3921608441607967,0.0,0.0,-0.36880031638897826,0.0,0.0
2006-03-15,0.0,0.0,0.0,0.06149939528716203,0.0,0.0,0.0698775050402901,0.0,0.0,0.0,0.0,0.10717554583184837,-0.39372739962032555,0.0,0.0,-0.36772015422037396,0.0,0.0
2006-03-16,0.0,0.0,0.0,0.06291100085793984,0.0,0.0,0.0724245283135989,0.0,0.0,0.0,0.0,0.10959071107915139,-0.3892347419999991,0.0,0.0,-0.3658390177493109,0.0,0.0
2006-03-17,0.0,0.0,0.0,0.06178291907848998,0.0,0.0,0.07312346428697092,0.0,0.0,0.0,0.0,0.10754985738121774,-0.393046472312554,0.0,0.0,-0.36449728694076733,0.0,0.0
2006-03-20,0.0,0.0,0.0,0.06179877832214603,0.0,0.0,0.073129737243934,0.0,0.0,0.0,0.0,0.10809176951107625,-0.3927745186264672,0.0,0.0,-0.3642051962963766,0.0,0.0
2006-03-21,0.0,0.0,0.0,0.06150493392303189,0.0,0.0,0.07371671955657845,0.0,0.0,0.0,0.0,0.10784769642862232,-0.3979041874393017,0.0,0.0,-0.3590264626524656,0.0,0.0
2006-03-22,0.0,0.0,0.0,0.032100606023215725,0.0,0.0,0.0385374778875058,0.0,0.0,0.0,0.0,0.057056364766070455,0.0,0.0,-0.6848987416168656,-0.18740680970634255,0.0,0.0
2006-03-23,0.0,0.0,0.0,0.031337379448848485,0.0,0.0,0.03879770002304768,0.0,0.0,0.0,0.0,0.05580480027338913,-0.20444041253370435,0.0,-0.6696197077210103,0.0,0.0,0.0
2006-03-24,0.0,0.0,0.0,0.0319866219665556,0.0,0.0,0.03897062469823562,0.0,0.0,0.0,0.0,0.057342810617318815,-0.2061491875606723,0.0,-0.6655507551572177,0.0,0.0,0.0
2006-03-27,0.0,0.0,0.0,0.031828257295458726,0.0,0.0,0.03893787001738135,0.0,0.0,0.0,0.0,0.05719142370961496,-0.2052388985949279,0.0,-0.6668035503826171,0.0,0.0,0.0
2006-03-28,0.0,0.0,0.0,0.061619265477844076,0.0,0.0,0.07605370352513005,0.0,0.0,0.0,0.0,0.11160253121105967,-0.3987682970082096,0.0,0.0,-0.35195620277775663,0.0,0.0
2006-03-29,0.0,0.0,0.0,0.06074999101599636,0.0,0.0,0.07467051239315083,0.0,0.0,0.0,0.0,0.11068955345731456,-0.40560957619737253,0.0,0.0,-0.34828036693616576,0.0,0.0
2006-03-30,0.0,0.0,0.0,0.06105663360942021,0.0,0.0,0.07378865438861253,0.0,0.0,0.0,0.0,0.11110674954888274,-0.4039157706482009,0.0,0.0,-0.35013219180488364,0.0,0.0
2006-03-31,0.0,0.0,0.0,0.0609020902715388,0.0,0.0,0.07328328744250873,0.0,0.0,0.0,0.0,0.11117520569314307,-0.4039370206450597,0.0,0.0,-0.3507023959477497,0.0,0.0
2006-04-03,0.0,0.0,0.0,0.05988070415602119,0.0,0.0,0.07337593371734473,0.0,0.0,0.0,0.0,0.11097840354398772,-0.4046704129554815,0.0,0.0,-0.3510945456271648,0.0,0.0
2006-04-04,0.0,0.0,0.0,0.0603362625563124,0.0,0.0,0.07379267767878359,0.0,0.0,0.0,0.0,0.11138559176464169,-0.4107077031014359,0.0,0.0,-0.3437777648988265,0.0,0.0
2006-04-05,0.0,0.0,0.0,0.07522996985231255,0.0,0.0,0.09200270930665856,0.0,0.0,0.0,0.0,0.1393307073285033,0.0,0.0,0.0,-0.4230903338044692,-0.27034627970805636,0.0
2006-04-06,0.0,0.0,0.0,0.07538452186485439,0.0,0.0,0.09365350116812166,0.0,0.0,0.0,0.0,0.13987129938843354,0.0,0.0,0.0,-0.42465685902991496,-0.26643381854867554,0.0
2006-04-07,0.0,0.0,0.0,0.07664912617601555,0.0,0.0,0.09683376981373874,0.0,0.0,0.0,0.0,0.1387120205577808,0.0,0.0,0.0,-0.42524612286026386,-0.26255896059220085,0.0
2006-04-10,0.0,0.0,0.0,0.07672836301481137,0.0,0.0,0.09664310924060668,0.0,0.0,0.0,0.0,0.1393431002848096,0.0,0.0,0.0,-0.42543492337779204,-0.2618505040819803,0.0
2006-04-11,0.0,0.0,0.0,0.07742801882806234,0.0,0.0,0.09728847801846813,0.0,0.0,0.0,0.0,0.13646069205911596,0.0,0.0,0.0,-0.4221681587536679,-0.26665465234068564,0.0
2006-04-12,0.0,0.0,0.0,0.07277957756716374,0.0,0.0,0.09127815137898626,0.0,0.0,0.0,0.0,0.12718147093631837,-0.4612246838311021,0.0,0.0,0.0,-0.24753611628642955,0.0
2006-04-13,0.0,0.0,0.0,0.0789153051317504,0.0,0.0,0.09838406684228201,0.0,0.0,0.0,0.0,0.1364798730930999,0.0,0.0,0.0,-0.4174425754608521,-0.2687781794720156,0.0
2006-04-17,0.0,0.0,0.0,0.07922199906419276,0.0,0.0,0.09754854664468093,0.0,0.0,0.0,0.0,0.13748687362206227,0.0,0.0,0.0,-0.4125390928952999,-0.27320348777376413,0.0
2006-04-18,0.0,0.0,0.0,0.07846499918784049,0.0,0.0,0.09793966328083396,0.0,0.0,0.0,0.0,0.13208355732692284,0.0,0.0,0.0,-0.41371646577883286,-0.2777953144255698,0.0
2006-04-19,0.0,0.0,0.0,0.07881121849364228,0.0,0.0,0.09744065594243449,0.0,0.0,0.0,0.0,0.13212384837908042,0.0,0.0,0.0,-0.41493770898554366,-0.27668656819929904,0.0
2006-04-20,0.0,0.0,0.0,0.08125410355660534,0.0,0.0,0.091660033904253,0.0,0.0,0.0,0.0,0.13532135781056617,0.0,0.0,0.0,-0.4136870228189516,-0.2780774819096239,0.0
2006-04-21,0.0,0.0,0.0,0.0844534894476884,0.0,0.0,0.08843646783555226,0.0,0.0,0.0,0.0,0.1382707633753945,0.0,0.0,0.0,-0.412516374379077,-0.2763229049622877,0.0
2006-04-24,0.0,0.0,0.0,0.0862870791482887,0.0,0.0,0.08683950394277591,0.0,0.0,0.0,0.0,0.13693082587134395,0.0,0.0,0.0,-0.41482183029518527,-0.2751207607424061,0.0
2006-04-25,0.0,0.0,0.0,0.08823595212861293,0.0,0.0,0.08807405089336254,0.0,0.0,0.0,0.0,0.1414930160386564,0.0,0.0,0.0,-0.4101962875343562,-0.27200069340501193,0.0
2006-04-26,0.0,0.0,0.0,0.08566403304233103,0.0,0.0,0.08615778214056921,0.0,0.0,0.0,0.0,0.13887323548701244,0.0,0.0,0.0,-0.4134144042088052,-0.27589054512128214,0.0
2006-04-27,0.0,0.0,0.0,0.08322717966543278,0.17560050622235915,0.0,0.08276600410305787,0.0,0.0,0.0,0.0,0.0,0.0,0.0,0.0,-0.3917977528873112,-0.26660855712183895,0.0
2006-04-28,0.0,0.0,0.0,0.08715087047093989,0.0,0.0,0.08398622752799419,0.0,0.0,0.0,0.0,0.14246405067426854,0.0,0.0,0.0,-0.40772406316451065,-0.27867478816228675,0.0
2006-05-01,0.0,0.0,0.0,0.08787867190166816,0.0,0.0,0.08533018650208396,0.0,0.0,0.0,0.0,0.14203640845291565,0.0,0.0,0.0,-0.40811991781154233,-0.2766348153317899,0.0
2006-05-02,0.0,0.0,0.0,0.0871766683581962,0.0,0.0,0.0844089097999665,0.0,0.0,0.0,0.0,0.14105189629043316,0.0,0.0,0.0,-0.41056554484394253,-0.2767969807074616,0.0
2006-05-03,0.0,0.0,0.0,0.0839487623002901,0.1722465026250419,0.0,0.08125491413184444,0.0,0.0,0.0,0.0,0.0,0.0,0.0,0.0,-0.3956260333419734,-0.26692378760085006,0.0
2006-05-04,0.0,0.0,0.0,0.08904657895909543,0.0,0.0,0.08378080549321971,0.0,0.0,0.0,0.0,0.14335745640722458,0.0,0.0,0.0,-0.4064380174279216,-0.27737714171253874,0.0
2006-05-05,0.0,0.0,0.0,0.08628609220831775,0.1718227538119882,0.0,0.08133300935792281,0.0,0.0,0.0,0.0,0.0,0.0,0.0,0.0,-0.3906409169496177,-0.2699172276721535,0.0
2006-05-08,0.0,0.0,0.0,0.08746739090310005,0.17153608607788834,0.0,0.08094147505968878,0.0,0.0,0.0,0.0,0.0,0.0,0.0,0.0,-0.3900925232769047,-0.2699625246824183,0.0
2006-05-09,0.0,0.0,0.0,0.08910089161963937,0.17122559460100464,0.0,0.0824559041768053,0.0,0.0,0.0,0.0,0.0,0.0,0.0,0.0,-0.38940355313039016,-0.2678140564721606,0.0
2006-05-10,0.0,0.0,0.0,0.08882514290779873,0.1711912134898263,0.0,0.08263583219650701,0.0,0.0,0.0,0.0,0.0,0.0,0.0,0.0,-0.389242391458071,-0.268105419947797,0.0
2006-05-11,0.0,0.0,0.0,0.08645935809246819,0.167970455194921,0.0,0.08386504133559969,0.0,0.0,0.0,0.0,0.0,0.0,0.0,0.0,-0.39153821795099525,-0.27016692742601595,0.0
2006-05-12,0.0,0.0,0.0,0.08463982878087363,0.16446369980372844,0.0,0.08688431953612787,0.0,0.0,0.0,0.0,0.0,0.0,0.0,0.0,-0.39526530634301044,-0.2687468455362597,0.0
2006-05-15,0.0,0.0,0.0,0.08564079387907275,0.16552866762555993,0.0,0.08016463130712512,0.0,0.0,0.0,0.0,0.0,0.0,0.0,0.0,-0.39943062946517377,-0.2692352777230683,0.0
2006-05-16,0.0,0.0,0.0,0.08753234725666732,0.16763414392933587,0.0,0.080133884040674,0.0,0.0,0.0,0.0,0.0,0.0,0.0,0.0,-0.40081879988905383,-0.26388082488426906,0.0
2006-05-17,0.0,0.0,0.0,0.08612587895981659,0.15262446756568676,0.0,0.0827284261964356,0.0,0.0,0.0,0.0,0.0,0.0,0.0,0.0,-0.4089184141383771,-0.2696028131396839,0.0
2006-05-18,0.0,0.0,0.0,0.08904706766534748,0.15729009616418557,0.0,0.08454671617535742,0.0,0.0,0.0,0.0,0.0,0.0,0.0,0.0,-0.4099663057820408,-0.2591498142130687,0.0
2006-05-19,0.0,0.0,0.0,0.08673303461309786,0.15553278446332328,0.0,0.08128349638955126,0.0,0.0,0.0,0.0,0.0,0.0,0.0,0.0,-0.4151388031902997,-0.2613118813437278,0.0
2006-05-22,0.0,0.0,0.0,0.08222508362921703,0.14967969229899056,0.0,0.08235370411859347,0.0,0.0,0.0,0.0,0.0,0.0,0.0,0.0,-0.42133260392655425,-0.2644089160266447,0.0
2006-05-23,0.0,0.0,0.0,0.08142445367022659,0.14919154221965103,0.0,0.0812827465413192,0.0,0.0,0.0,0.0,0.0,0.0,0.0,0.0,-0.4209297576875241,-0.26717149988127903,0.0
2006-05-24,0.0,0.0,0.0,0.08145189588469702,0.1494382800799424,0.0,0.07870600394823,0.0,0.0,0.0,0.0,0.0,0.0,0.0,0.0,-0.42287036914967946,-0.267533450937451,0.0
2006-05-25,0.0,0.0,0.0,0.07807562263766832,0.14810996970672405,0.0,0.07956361576469008,0.0,0.0,0.0,0.0,0.0,0.0,0.0,0.0,-0.4258217479939952,-0.26842904389692224,0.0
2006-05-26,0.0,0.0,0.0,0.07162756889810871,0.1350034786684597,0.0,0.07300759124600986,0.0,0.0,0.0,0.0,0.0,-0.4746133205302031,0.0,0.0,0.0,-0.24574804065721867,0.0
2006-05-30,0.0,0.0,0.0,0.06961350623903532,0.13338930830221943,0.0,0.07347432280572198,0.0,0.0,0.0,0.0,0.0,-0.47452389475203316,0.0,0.0,0.0,-0.24899896790099013,0.0
2006-05-31,0.0,0.0,0.0,0.06999397292792936,0.13307995353998353,0.0,0.07251220436580687,0.0,0.0,0.0,0.0,0.0,-0.4769470905189326,0.0,0.0,0.0,-0.2474667786473477,0.0
2006-06-01,0.0,0.0,0.0,0.07601844435536043,0.14577130422055062,0.0,0.07815757767099274,0.0,0.0,0.0,0.0,0.0,0.0,0.0,0.0,-0.4278796363745108,-0.2721730373785855,0.0
2006-06-02,0.0,0.0,0.0,0.0713259689736022,0.13560817923951443,0.0,0.07291361632378993,0.0,0.0,0.0,0.0,0.0,-0.477586977715754,0.0,0.0,0.0,-0.2425652577473395,0.0
2006-06-05,0.0,0.0,0.0,0.0681905726405025,0.1291619940345465,0.0,0.07319420308769026,0.0,0.0,0.0,0.0,0.0,-0.48382559970167444,0.0,0.0,0.0,-0.24562763053558623,0.0
2006-06-06,0.0,0.0,0.0,0.0703311612962793,0.1295146403012755,0.0,0.07312069169998071,0.0,0.0,0.0,0.0,0.0,-0.48259910666813044,0.0,0.0,0.0,-0.24443440003433403,0.0
2006-06-07,0.0,0.0,0.0,0.07001898026624503,0.1282452079721842,0.0,0.07426233264565121,0.0,0.0,0.0,0.0,0.0,-0.48162037211700287,0.0,0.0,0.0,-0.24585310699891663,0.0
2006-06-08,0.0,0.0,0.0,0.07054217986468521,0.12492597173034663,0.0,0.07404889107569573,0.0,0.0,0.0,0.0,0.0,-0.48196524721954653,0.0,0.0,0.0,-0.24851771010972593,0.0
2006-06-09,0.0,0.0,0.0,0.07080667676365524,0.12655890668551903,0.0,0.07374649313488726,0.0,0.0,0.0,0.0,0.0,-0.4828179075534167,0.0,0.0,0.0,-0.2460700158625217,0.0
2006-06-12,0.0,0.0,0.0,0.06904018558655457,0.12725865227858732,0.0,0.07407464559393638,0.0,0.0,0.0,0.0,0.0,-0.48237170829233855,0.0,0.0,0.0,-0.24725480824858317,0.0
2006-06-13,0.0,0.0,0.0,0.06929645886784298,0.1185147093530117,0.0,0.06518337267605895,0.0,0.0,0.0,0.0,0.0,-0.49927964436362776,0.0,0.0,0.0,-0.24772581473945857,0.0
2006-06-14,0.0,0.0,0.0,0.06929294089758647,0.11883097507681205,0.0,0.06628599447967606,0.0,0.0,0.0,0.0,0.0,-0.4985319615162695,0.0,0.0,0.0,-0.24705812802965596,0.0
2006-06-15,0.0,0.0,0.0,0.06410270271085705,0.10971969562944202,0.0,0.06463849973069646,0.0,0.0,0.0,0.0,0.0,-0.5118205782678306,0.0,0.0,0.0,-0.24971852366117395,0.0
2006-06-16,0.0,0.0,0.0,0.06419444328187517,0.10959426594936159,0.0,0.06464751769611664,0.0,0.0,0.0,0.0,0.0,-0.511531977531913,0.0,0.0,0.0,-0.25003179554073357,0.0
2006-06-19,0.0,0.0,0.0,0.06279522237160869,0.10966905815663455,0.0,0.06402813512354173,0.0,0.0,0.0,0.0,0.0,-0.5128264951243878,0.0,0.0,0.0,-0.2506810892238273,0.0
2006-06-20,0.0,0.0,0.0,0.06236591007257985,0.10896061698421407,0.0,0.0631791157262368,0.0,0.0,0.0,0.0,0.0,-0.5156981511007946,0.0,0.0,0.0,-0.2497962061161747,0.0
2006-06-21,0.0,0.0,0.0,0.061401979896757955,0.10868237119522961,0.0,0.06297067285697347,0.0,0.0,0.0,0.0,0.0,-0.5161075012928499,0.0,0.0,0.0,-0.250837474758189,0.0
2006-06-22,0.0,0.0,0.0,0.061401244431291906,0.1097953694442205,0.0,0.06306309519722188,0.0,0.0,0.0,0.0,0.0,-0.515388911246226,0.0,0.0,0.0,-0.2503513796810398,0.0
2006-06-23,0.0,0.0,0.0,0.06092961421021069,0.10914974460331751,0.0,0.06280764181668108,0.0,0.0,0.0,0.0,0.0,-0.5143067220976822,0.0,0.0,0.0,-0.25280627727210847,0.0
2006-06-26,0.0,0.0,0.0,0.060974726302202506,0.1086914010732348,0.0,0.06292335458287895,0.0,0.0,0.0,0.0,0.0,-0.5141366999214896,0.0,0.0,0.0,-0.2532738181201942,0.0
2006-06-27,0.0,0.0,0.0,0.060120777075477874,0.10573797370772486,0.0,0.06197403091926445,0.0,0.0,0.0,0.0,0.0,-0.5189082802819512,0.0,0.0,0.0,-0.2532589380155815,0.0
2006-06-28,0.0,0.0,0.0,0.05960590264998703,0.10628967561556028,0.0,0.06249905364373835,0.0,0.0,0.0,0.0,0.0,-0.5180130889228425,0.0,0.0,0.0,-0.25359227916787186,0.0
2006-06-29,0.0,0.0,0.0,0.057639791951399455,0.10223877764196658,0.0,0.06343840229352384,0.0,0.0,0.0,0.0,0.0,-0.5148733380910503,0.0,0.0,0.0,-0.2618096900220598,0.0
2006-06-30,0.0,0.0,0.0,0.05918826201554992,0.10444233610680168,0.0,0.06431267579862718,0.0,0.0,0.0,0.0,0.0,-0.5114998161840754,0.0,0.0,0.0,-0.26055690989494595,0.0
2006-07-03,0.0,0.0,0.0,0.059459395049120435,0.10487737069594016,0.0,0.06408233640246531,0.0,0.0,0.0,0.0,0.0,-0.5111020331942743,0.0,0.0,0.0,-0.2604788646581998,0.0
2006-07-05,0.0,0.0,0.0,0.06031297693745768,0.10629673273630184,0.0,0.06588045082162698,0.0,0.0,0.0,0.0,0.0,-0.5042884226855097,0.0,0.0,0.0,-0.2632214168191037,0.0
2006-07-06,0.0,0.0,0.0,0.06070009340700285,0.10699665402288201,0.0,0.06660474135661935,0.0,0.0,0.0,0.0,0.0,-0.5024177359527751,0.0,0.0,0.0,-0.26328077526072063,0.0
2006-07-07,0.0,0.0,0.0,0.06050237420658556,0.10704665821077582,0.0,0.06673553124549916,0.0,0.0,0.0,0.0,0.0,-0.5012943890645815,0.0,0.0,0.0,-0.264421047272558,0.0
2006-07-10,0.0,0.0,0.0,0.059704271642768716,0.10573934074660458,0.0,0.06580374754432827,0.0,0.0,0.0,0.0,0.0,-0.5008255631730122,0.0,0.0,0.0,-0.2679270768932862,0.0
2006-07-11,0.0,0.0,0.0,0.05966157243717384,0.10568985080199331,0.0,0.06519685798751695,0.0,0.0,0.0,0.0,0.0,-0.5021250800127717,0.0,0.0,0.0,-0.2673266387605443,0.0
2006-07-12,0.0,0.0,0.0,0.05919249055791448,0.10397562411535433,0.0,0.06492479319698484,0.0,0.0,0.0,0.0,0.0,-0.5041088984147499,0.0,0.0,0.0,-0.2677981937149965,0.0
2006-07-13,0.0,0.0,0.0,0.057661614972441155,0.10213228235472466,0.0,0.064552340135183,0.0,0.0,0.0,0.0,0.0,-0.5072492471296357,0.0,0.0,0.0,-0.2684045154080154,0.0
2006-07-14,0.0,0.0,0.0,0.08766569351973687,0.15490619555856852,0.0,0.0981327760435402,0.0,0.0,-0.2442713943229347,0.0,0.0,0.0,0.0,0.0,0.0,-0.41502394055521963,0.0
2006-07-17,0.0,0.0,0.0,0.08773802271112649,0.15397985701012853,0.0,0.09768705659458991,0.0,0.0,-0.24398070034042985,0.0,0.0,0.0,0.0,0.0,0.0,-0.41661436334372515,0.0
2006-07-18,0.0,0.0,0.0,0.08898144951251599,0.1571555409954705,0.0,0.09742190838427325,0.0,0.0,-0.24955109828214103,0.0,0.0,0.0,0.0,0.0,0.0,-0.4068900028255992,0.0
2006-07-19,0.0,0.0,0.0,0.05681964579653377,0.10308358996935633,0.0,0.0662936776268512,0.0,0.0,0.0,0.0,0.0,-0.503489630364568,0.0,0.0,0.0,-0.2703134562426909,0.0
2006-07-20,0.0,0.0,0.0,0.08533485874264776,0.15625290921706572,0.0,0.10326892090023085,0.0,0.0,-0.24589411632355768,0.0,0.0,0.0,0.0,0.0,0.0,-0.409249194816498,0.0
2006-07-21,0.0,0.0,0.0,0.08491716393088496,0.15626244079047996,0.0,0.1052810218486691,0.0,0.0,-0.24226649858901853,0.0,0.0,0.0,0.0,0.0,0.0,-0.41127287484094743,0.0
2006-07-24,0.0,0.0,0.0,0.08378051345461333,0.15575639489563345,0.0,0.10768083302090586,0.0,0.0,-0.2348249361025433,0.0,0.0,0.0,0.0,0.0,0.0,-0.417957322526304,0.0
2006-07-25,0.0,0.0,0.0,0.05360647824546108,0.09950279377287305,0.0,0.06919979532167181,0.0,0.0,0.0,0.0,0.0,-0.4985706391346568,0.0,0.0,0.0,-0.2791202935253373,0.0
2006-07-26,0.0,0.0,0.0,0.08277962200446383,0.15272685230778152,0.0,0.1065776406276392,0.0,0.0,-0.23016814100223315,0.0,0.0,0.0,0.0,0.0,0.0,-0.4277477440578822,0.0
2006-07-27,0.0,0.0,0.0,0.08280283990415853,0.152569380894512,0.0,0.10643877530385248,0.0,0.0,-0.23054246657213745,0.0,0.0,0.0,0.0,0.0,0.0,-0.4276465373253396,0.0
2006-07-28,0.0,0.0,0.0,0.08303863042451967,0.151101205986216,0.0,0.10979544296486674,0.0,0.0,-0.2290760560900914,0.0,0.0,0.0,0.0,0.0,0.0,-0.42698866453430623,0.0
2006-07-31,0.0,0.0,0.0,0.08215145864531043,0.1495540848121247,0.0,0.10871341130108096,0.0,0.0,-0.22757345771717757,0.0,0.0,0.0,0.0,0.0,0.0,-0.4320075875243064,0.0
2006-08-01,0.0,0.0,0.0,0.08220454818439064,0.1506601721871293,0.0,0.10884649830468807,0.0,0.0,-0.2262999792460671,0.0,0.0,0.0,0.0,0.0,0.0,-0.43198880207772494,0.0
2006-08-02,0.0,0.0,0.0,0.08219689072961928,0.15037604244716965,0.0,0.10900940144017011,0.0,0.0,-0.2256082670034052,0.0,0.0,0.0,0.0,0.0,0.0,-0.4328093983796359,0.0
2006-08-03,0.0,0.0,0.0,0.08218276270191034,0.15052676532388412,0.0,0.10920521843877694,0.0,0.0,-0.22527075945774128,0.0,0.0,0.0,0.0,0.0,0.0,-0.4328144940776873,0.0
2006-08-04,0.0,0.0,0.0,0.08223621016529024,0.15165579946791413,0.0,0.10899775745998401,0.0,0.0,-0.22574205969308017,0.0,0.0,0.0,0.0,0.0,0.0,-0.43136817321373144,0.0
2006-08-07,0.0,0.0,0.0,0.08230815295882275,0.15147187375510401,0.0,0.10902105943501926,0.0,0.0,-0.22585874375818688,0.0,0.0,0.0,0.0,0.0,0.0,-0.43134017009286707,0.0
2006-08-08,0.0,0.0,0.0,0.08220200086967837,0.1515510160965618,0.0,0.11125132035115522,0.0,0.0,-0.22522051328896098,0.0,0.0,0.0,0.0,0.0,0.0,-0.42977514939364364,0.0
2006-08-09,0.0,0.0,0.0,0.08241729669952937,0.15167460428474758,0.0,0.11147721015240981,0.0,0.0,-0.2257210386251892,0.0,0.0,0.0,0.0,0.0,0.0,-0.4287098502381241,0.0
2006-08-10,0.0,0.0,0.0,0.08240115160456081,0.15131286506543498,0.0,0.11015665706617363,0.0,0.0,-0.22599001327686555,0.0,0.0,0.0,0.0,0.0,0.0,-0.43013931298696495,0.0
2006-08-11,0.0,0.0,0.0,0.08197432781905781,0.15011228407841756,0.0,0.10879657752812937,0.0,0.0,-0.22557991561083285,0.0,0.0,0.0,0.0,0.0,0.0,-0.4335368949635624,0.0
2006-08-14,0.0,0.0,0.0,0.08177144338544304,0.14906551753584038,0.0,0.1149256371560237,0.0,0.0,-0.2237780104253469,0.0,0.0,0.0,0.0,0.0,0.0,-0.430459391497346,0.0
2006-08-15,0.0,0.0,0.0,0.05375029833721177,0.09677370870796606,0.0,0.07682506547911001,0.0,0.0,0.0,0.0,0.0,-0.48897263278571296,0.0,0.0,0.0,-0.28367829468999917,0.0
2006-08-16,0.0,0.0,0.0,0.05423981555520516,0.10040388717036941,0.0,0.07632066320201315,0.0,0.0,0.0,0.0,0.0,-0.4855138540536864,0.0,0.0,0.0,-0.28352178001872586,0.0
2006-08-17,0.0,0.0,0.0,0.052610629747093345,0.09687498760170664,0.0,0.07287427319488879,0.0,0.0,0.0,0.0,0.0,-0.4866111100643781,0.0,0.0,0.0,-0.29102899939193316,0.0
2006-08-18,0.0,0.0,0.0,0.05283877314466339,0.09686725245341675,0.0,0.07421577592316521,0.0,0.0,0.0,0.0,0.0,-0.485305702361506,0.0,0.0,0.0,-0.29077249611724865,0.0
2006-08-21,0.0,0.0,0.0,0.05446647197021945,0.09897583787698885,0.0,0.07305312358172293,0.0,0.0,0.0,0.0,0.0,-0.4839457267037888,0.0,0.0,0.0,-0.28955883986728,0.0
2006-08-22,0.0,0.0,0.0,0.05450018054853512,0.09879120908183325,0.0,0.07346813397701447,0.0,0.0,0.0,0.0,0.0,-0.4838893070263825,0.0,0.0,0.0,-0.2893511693662346,0.0
2006-08-23,0.0,0.0,0.0,0.05415935582500536,0.0985183124224805,0.0,0.0757187445370385,0.0,0.0,0.0,0.0,0.0,-0.4828349045705769,0.0,0.0,0.0,-0.2887686826448988,0.0
2006-08-24,0.0,0.0,0.0,0.05517524450544396,0.09863239573333568,0.0,0.07548402269533679,0.0,0.0,0.0,0.0,0.0,-0.48138761219208953,0.0,0.0,0.0,-0.2893207248737939,0.0
2006-08-25,0.0,0.0,0.0,0.055170850854471785,0.09890613202625816,0.0,0.07557706141603342,0.0,0.0,0.0,0.0,0.0,-0.4808500432565153,0.0,0.0,0.0,-0.28949591244672124,0.0
2006-08-28,0.0,0.0,0.0,0.05639927502000053,0.09937113367299916,0.0,0.07481469580976778,0.0,0.0,0.0,0.0,0.0,-0.48158259990180957,0.0,0.0,0.0,-0.2878322955954229,0.0
2006-08-29,0.0,0.0,0.0,0.05609559915016838,0.09840484186970315,0.0,0.07445365890818845,0.0,0.0,0.0,0.0,0.0,-0.48030007266222685,0.0,0.0,0.0,-0.29074582740971316,0.0
2006-08-30,0.0,0.0,0.0,0.05621831209119499,0.09819591435917359,0.0,0.07543253943107868,0.0,0.0,0.0,0.0,0.0,-0.47932315242621787,0.0,0.0,0.0,-0.2908300816923349,0.0
2006-08-31,0.0,0.0,0.0,0.054412107979021934,0.09531285691566857,0.0,0.07295784047393607,0.0,0.0,0.0,0.0,0.0,-0.4773548769669547,0.0,0.0,0.0,-0.2999623176644187,0.0
2006-09-01,0.0,0.0,0.0,0.055510649399594256,0.09652939917497107,0.0,0.07222026709705459,0.0,0.0,0.0,0.0,0.0,-0.47826579615957926,0.0,0.0,0.0,-0.2974738881688008,0.0
2006-09-05,0.0,0.0,0.0,0.05609517082729566,0.09823128061204758,0.0,0.0724064893700913,0.0,0.0,0.0,0.0,0.0,-0.477556188988674,0.0,0.0,0.0,-0.2957108702018915,0.0
2006-09-06,0.0,0.0,0.0,0.055509002230477326,0.09729442359026497,0.0,0.07201041017384789,0.0,0.0,0.0,0.0,0.0,-0.4812259574397292,0.0,0.0,0.0,-0.2939602065656806,0.0
2006-09-07,0.0,0.0,0.0,0.055338637717884165,0.09859130023768403,0.0,0.07117443725581513,0.0,0.0,0.0,0.0,0.0,-0.48284825293633366,0.0,0.0,0.0,-0.29204737185228297,0.0
2006-09-08,0.0,0.0,0.0,0.05531464687672,0.098293773536246,0.0,0.07085663593892576,0.0,0.0,0.0,0.0,0.0,-0.4812853898545458,0.0,0.0,0.0,-0.2942495537935625,0.0
2006-09-11,0.0,0.0,0.0,0.05777515795153057,0.10109346315959258,0.0,0.07030548547733541,0.0,0.0,0.0,0.0,0.0,0.0,0.0,0.0,-0.469173337221229,-0.30165255619031245,0.0
2006-09-12,0.0,0.0,0.0,0.05565773222894002,0.10252911167695143,0.0,0.07847486648346749,0.0,0.0,0.0,0.0,0.0,-0.4775654055063753,0.0,0.0,0.0,-0.2857728841042658,0.0
2006-09-13,0.0,0.0,0.0,0.05639777733624322,0.10385142512041849,0.0,0.07882699292104298,0.0,0.0,0.0,0.0,0.0,0.0,0.0,0.0,-0.45713692411788254,-0.3037868805044128,0.0
2006-09-14,0.0,0.0,0.0,0.05846498328391533,0.10919635953595033,0.0,0.07793035575233195,0.0,0.0,0.0,0.0,0.0,0.0,0.0,0.0,-0.45139563994059106,-0.3030126614872114,0.0
2006-09-15,0.0,0.0,0.0,0.05881187790068214,0.11036703782902733,0.0,0.0784219540818576,0.0,0.0,0.0,0.0,0.0,0.0,0.0,0.0,-0.44664198480492806,-0.3057571453835048,0.0
2006-09-18,0.0,0.0,0.0,0.060349589894756556,0.10997622875243364,0.0,0.07897740323297087,0.0,0.0,0.0,0.0,0.0,0.0,0.0,0.0,-0.4468425097935115,-0.30385426832632734,0.0
2006-09-19,0.0,0.0,0.0,0.061189473723960296,0.11128805121796885,0.0,0.07965262181970435,0.0,0.0,0.0,0.0,0.0,0.0,0.0,0.0,-0.4542533487159462,-0.2936165045224202,0.0
2006-09-20,0.0,0.0,0.0,0.061937893357311126,0.11176458913565182,0.0,0.08048509509997911,0.0,0.0,0.0,0.0,0.0,0.0,0.0,0.0,-0.4522318674798703,-0.2935805549271876,0.0
2006-09-21,0.0,0.0,0.0,0.0,0.10952352661316563,0.0,0.07852443312497856,0.0,0.0,0.0,0.09604070036041694,0.0,0.0,0.0,0.0,-0.43150500762666505,-0.2844063322747739,0.0
2006-09-22,0.0,0.0,0.0,0.06224564732114905,0.1136998273213707,0.0,0.08143341364301272,0.0,0.0,0.0,0.0,0.0,0.0,0.0,0.0,-0.4472494453338295,-0.295371666380638,0.0
2006-09-25,0.0,0.0,0.0,0.06230609097554556,0.11436249255776632,0.0,0.08176641966467216,0.0,0.0,0.0,0.0,0.0,0.0,0.0,0.0,-0.4481474183181355,-0.29341757848388056,0.0
2006-09-26,0.0,0.0,0.0,0.06279719089436318,0.11789202513815034,0.0,0.08211302503393701,0.0,0.0,0.0,0.0,0.0,0.0,0.0,0.0,-0.446281346433737,-0.2909164124998125,0.0
2006-09-27,0.0,0.0,0.0,0.06344974856996942,0.11757763394453952,0.0,0.08051484505179102,0.0,0.0,0.0,0.0,0.0,0.0,0.0,0.0,-0.4463939791783112,-0.2920637932553887,0.0
2006-09-28,0.0,0.0,0.0,0.0661667357325605,0.126315767828922,0.0,0.08106581502548446,0.0,0.0,0.0,0.0,0.0,0.0,0.0,0.0,-0.4454624273069284,-0.2809892541061046,0.0
2006-09-29,0.0,0.0,0.0,0.0643751977306905,0.12473379643156855,0.0,0.08164616098294651,0.0,0.0,0.0,0.0,0.0,0.0,0.0,0.0,-0.44624988312657854,-0.28299496172821587,0.0
2006-10-02,0.0,0.0,0.0,0.06480166215446831,0.12420422653328815,0.0,0.08199214775181429,0.0,0.0,0.0,0.0,0.0,0.0,0.0,0.0,-0.44737591902156587,-0.28162604453886336,0.0
2006-10-03,0.0,0.0,0.0,0.0,0.1118733776614992,0.0,0.06763719876577501,0.0,0.1782919422558373,0.0,0.0,0.0,0.0,0.0,0.0,-0.38824864480214516,-0.2539488365147433,0.0
2006-10-04,0.0,0.0,0.0,0.0,0.11271629408357811,0.0,0.06792398140241707,0.0,0.17670148580539347,0.0,0.0,0.0,0.0,0.0,0.0,-0.3890626565835014,-0.2535955821251099,0.0
2006-10-05,0.0,0.0,0.0,0.06569162490618898,0.12909266027311148,0.0,0.0772054954414397,0.0,0.0,0.0,0.0,0.0,0.0,0.0,0.0,-0.4447959893618688,-0.283214230017391,0.0
2006-10-06,0.0,0.0,0.0,0.0674207730139791,0.1317984133895125,0.0,0.07934672893360872,0.0,0.0,0.0,0.0,0.0,0.0,0.0,0.0,-0.4494647186172063,-0.27196936604569333,0.0
2006-10-09,0.0,0.0,0.0,0.06617051113027582,0.12943317000285012,0.0,0.0,0.0,0.0,0.0,0.09925157393213989,0.0,0.0,0.0,0.0,-0.4379416819067987,-0.2672030630279355,0.0
2006-10-10,0.0,0.0,0.0,0.0677606277575008,0.13661909657075866,0.0,0.0,0.0,0.0,0.0,0.10289319389830538,0.0,0.0,0.0,0.0,-0.4320774182207743,-0.2606496635526608,0.0
2006-10-11,0.0,0.0,0.0,0.07041674932673618,0.140669567178635,0.0,0.0,0.0,0.0,0.0,0.10504693605353987,0.0,0.0,0.0,0.0,-0.4273336110210696,-0.25653313642001946,0.0
2006-10-12,0.0,0.0,0.0,0.0694983393328457,0.1412312440232625,0.0,0.0,0.0,0.0,0.0,0.10368386447961837,0.0,0.0,0.0,0.0,-0.4284453037365733,-0.25714124842770014,0.0
2006-10-13,0.0,0.0,0.0,0.07020078186733719,0.14606928983824394,0.0,0.0,0.0,0.0,0.0,0.10330491108703618,0.0,0.0,0.0,0.0,-0.4266665921049398,-0.25375842510244295,0.0
2006-10-16,0.0,0.0,0.0,0.07338014159337547,0.0,0.0,0.08695042040239304,0.0,0.0,0.0,0.10777174394796772,0.0,0.0,0.0,0.0,-0.4594391566229771,-0.2724585374332867,0.0
2006-10-17,0.0,0.0,0.0,0.07350032552809699,0.14538894797605234,0.0,0.0,0.0,0.0,0.0,0.09848472562917718,0.0,0.0,0.0,0.0,-0.4307638199218439,-0.25186218094482954,0.0
2006-10-18,0.0,0.0,0.0,0.07538117768522161,0.14479264138403936,0.0,0.0,0.0,0.0,0.0,0.10241448894046504,0.0,0.0,0.0,0.0,-0.42802431030883575,-0.24938738168143829,0.0
2006-10-19,0.0,0.0,0.0,0.07820307369942296,0.1463657874856341,0.0,0.08072721545814827,0.0,0.0,0.0,0.0,0.0,0.0,0.0,0.0,-0.4412192470937912,-0.25348467626300347,0.0
2006-10-20,0.0,0.0,0.0,0.08419137766645814,0.15100395303996017,0.0,0.07948859835464378,0.0,0.0,0.0,0.0,0.0,0.0,0.0,0.0,-0.43555504724237804,-0.2497610236965598,0.0
2006-10-23,0.0,0.0,0.0,0.08202325307563871,0.14720414227374107,0.0,0.0,0.0,0.0,0.0,0.10787054453545633,0.0,0.0,0.0,0.0,-0.42055662047142084,-0.24234543964374305,0.0
2006-10-24,0.0,0.0,0.0,0.08411041214040003,0.1516787442715722,0.0,0.07853451014727661,0.0,0.0,0.0,0.0,0.0,0.0,0.0,0.0,-0.43622866417195083,-0.24944766926880033,0.0
2006-10-25,0.0,0.0,0.0,0.08586556304684127,0.1542050949069658,0.0,0.08040834043441905,0.0,0.0,0.0,0.0,0.0,0.0,0.0,0.0,-0.43127790890083156,-0.24824309271094236,0.0
2006-10-26,0.0,0.0,0.0,0.08770750179202426,0.16315854325283516,0.0,0.07998120889675223,0.0,0.0,0.0,0.0,0.0,0.0,0.0,0.0,-0.4221594783477546,-0.24699326771063373,0.0
2006-10-27,0.0,0.0,0.0,0.03936336036168949,0.07345221452998982,0.0,0.0,0.0,0.0,0.0,0.05225549881304269,0.0,0.0,0.0,-0.6441744580163353,-0.19075446827894257,0.0,0.0
2006-10-30,0.0,0.0,0.0,0.04081828864437955,0.07577966271019675,0.0,0.037564280665372665,0.0,0.0,0.0,0.0,0.0,0.0,0.0,-0.6515797332863876,-0.1942580346936634,0.0,0.0
2006-10-31,0.0,0.0,0.0,0.04107849533657236,0.07859718255720125,0.0,0.03821452364526004,0.0,0.0,0.0,0.0,0.0,0.0,0.0,-0.6505246493488923,-0.1915851491120741,0.0,0.0
2006-11-01,0.0,0.0,0.0,0.040947947510918896,0.07888762417781249,0.0,0.03780819366147683,0.0,0.0,0.0,0.0,0.0,0.0,0.0,-0.652314821526009,-0.1900414131237828,0.0,0.0
2006-11-02,0.0,0.0,0.0,0.04054217576815144,0.07799953392706829,0.0,0.0372881874073659,0.0,0.0,0.0,0.0,0.0,0.0,0.0,-0.6473389192562764,-0.19683118364113802,0.0,0.0
2006-11-03,0.0,0.0,0.0,0.0425603339815843,0.08213665675606141,0.0,0.038975676122070764,0.0,0.0,0.0,0.0,0.0,0.0,0.0,-0.6385842240646425,-0.19774310907564097,0.0,0.0
2006-11-06,0.0,0.0,0.0,0.04165988522484438,0.07989620889567836,0.0,0.039223516777239995,0.0,0.0,0.0,0.0,0.0,0.0,0.0,-0.6418386854329128,-0.19738170366932456,0.0,0.0
2006-11-07,0.0,0.0,0.0,0.042060378573414464,0.08099579672039621,0.0,0.039870054659238346,0.0,0.0,0.0,0.0,0.0,0.0,0.0,-0.6403757635808476,-0.1966980064661035,0.0,0.0
2006-11-08,0.0,0.0,0.0,0.042154557434442214,0.0808507632428108,0.0,0.04024622591686725,0.0,0.0,0.0,0.0,0.0,0.0,0.0,-0.6402831610819548,-0.19646529232392496,0.0,0.0
2006-11-09,0.0,0.0,0.0,0.04217421675351164,0.08103503356907485,0.0,0.03833513771732131,0.0,0.0,0.0,0.0,0.0,0.0,0.0,-0.6429998144248393,-0.19545579753525286,0.0,0.0
2006-11-10,0.0,0.0,0.0,0.042021617288149474,0.08067252912487073,0.0,0.038185530635386204,0.0,0.0,0.0,0.0,0.0,0.0,0.0,-0.6429153777855607,-0.19620494516603287,0.0,0.0
2006-11-13,0.0,0.0,0.0,0.042447333158142926,0.08562018007551526,0.0,0.03744470649556408,0.0,0.0,0.0,0.0,0.0,0.0,0.0,-0.6409962302829652,-0.1934915499878125,0.0,0.0
2006-11-14,0.0,0.0,0.0,0.04142412285899306,0.08350288237953161,0.0,0.03678682364301224,0.0,0.0,0.0,0.0,0.0,0.0,0.0,-0.6475870429620999,-0.19069912815636328,0.0,0.0
2006-11-15,0.0,0.0,0.0,0.04166099176931952,0.08437647050870746,0.0,0.03795323702046312,0.0,0.0,0.0,0.0,0.0,0.0,0.0,-0.6460763099807555,-0.18993299072075445,0.0,0.0
2006-11-16,0.0,0.0,0.0,0.09081693182715796,0.18414566971195007,0.0,0.08249842185875501,0.0,0.0,0.0,0.0,0.0,0.0,0.0,0.0,-0.4045540188112905,-0.23798495779084644,0.0
2006-11-17,0.0,0.0,0.0,0.04229875717647909,0.08560999700372275,0.0,0.03920306555981761,0.0,0.0,0.0,0.0,0.0,0.0,0.0,-0.6443112077340255,-0.188576972525955,0.0,0.0
2006-11-20,0.0,0.0,0.0,0.04222724539082417,0.08444215081554945,0.0,0.03926795645620299,0.0,0.0,0.0,0.0,0.0,0.0,0.0,-0.6450565474361809,-0.1890060999012426,0.0,0.0
2006-11-21,0.0,0.0,0.0,0.042617299486863366,0.08431633422164055,0.0,0.03908401331750484,0.0,0.0,0.0,0.0,0.0,0.0,0.0,-0.6454836516294199,-0.1884987013445714,0.0,0.0
2006-11-22,0.0,0.0,0.0,0.042687707621433806,0.08332172667086042,0.0,0.039135781359868,0.0,0.0,0.0,0.0,0.0,0.0,0.0,-0.6456497404399985,-0.18920504390783935,0.0,0.0
2006-11-24,0.0,0.0,0.0,0.042734323220362094,0.08274016867582705,0.0,0.038727045749265235,0.0,0.0,0.0,0.0,0.0,0.0,0.0,-0.646464693319474,-0.18933376903507151,0.0,0.0
2006-11-27,0.0,0.0,0.0,0.0419618136808996,0.08153461602290975,0.0,0.03910279455182198,0.0,0.0,0.0,0.0,0.0,0.0,0.0,-0.6460566343858366,-0.19134414135853212,0.0,0.0
2006-11-28,0.0,0.0,0.0,0.04206053397650216,0.08156851969197494,0.0,0.03921806075177469,0.0,0.0,0.0,0.0,0.0,0.0,0.0,-0.6476380132404312,-0.189514872339317,0.0,0.0
2006-11-29,0.0,0.0,0.0,0.04165613828020812,0.07990866668503654,0.0,0.0392847439644403,0.0,0.0,0.0,0.0,0.0,0.0,0.0,-0.6496930127185778,-0.18945743835173712,0.0,0.0
2006-11-30,0.0,0.0,0.0,0.041942202586178895,0.08024123880462071,0.0,0.039198025174224056,0.0,0.0,0.0,0.0,0.0,0.0,0.0,-0.6502467960939488,-0.18837173734102758,0.0,0.0
2006-12-01,0.0,0.0,0.0,0.04288574883024707,0.08238989132132112,0.0,0.039935017183811865,0.0,0.0,0.0,0.0,0.0,0.0,0.0,-0.6445255348935317,-0.19026380777108828,0.0,0.0
2006-12-04,0.0,0.0,0.0,0.04132205347729664,0.08069246516918543,0.0,0.03991566608272659,0.0,0.0,0.0,0.0,0.0,0.0,0.0,-0.6469193048804321,-0.1911505103903593,0.0,0.0
2006-12-05,0.0,0.0,0.0,0.042790670456934854,0.08567273404013412,0.0,0.039702933196610196,0.0,0.0,0.0,0.0,0.0,0.0,0.0,-0.6421633880398137,-0.18967027426650707,0.0,0.0
2006-12-06,0.0,0.0,0.0,0.042987768005382815,0.08913781243369746,0.0,0.04037913393460289,0.0,0.0,0.0,0.0,0.0,0.0,0.0,-0.6403946443365595,-0.1871006412897573,0.0,0.0
2006-12-07,0.0,0.0,0.0,0.043009555909296567,0.08917059659334944,0.0,0.04064803304680106,0.0,0.0,0.0,0.0,0.0,0.0,0.0,-0.6403177350552056,-0.18685407939534723,0.0,0.0
2006-12-08,0.0,0.0,0.0,0.04443868874773836,0.09007246631111447,0.0,0.0,0.0,0.0,0.0,0.055703777280332704,0.0,0.0,0.0,-0.6236602984879225,-0.1861247691728921,0.0,0.0
2006-12-11,0.0,0.0,0.0,0.0418179713052169,0.08572949462193483,0.0,0.0,0.0,0.11984503435658651,0.0,0.0,0.0,0.0,0.0,-0.5799668272455109,-0.17264067247075104,0.0,0.0
2006-12-12,0.0,0.0,0.0,0.04201827295010842,0.08655371905297768,0.0,0.0,0.0,0.12151888542923132,0.0,0.0,0.0,0.0,0.0,-0.5751454216946966,-0.17476370087298598,0.0,0.0
2006-12-13,0.0,0.0,0.0,0.04653286316699995,0.09511839699047966,0.0,0.04667102406485615,0.0,0.0,0.0,0.0,0.0,0.0,0.0,-0.6229812818415904,-0.1886964339360739,0.0,0.0
2006-12-14,0.0,0.0,0.0,0.09480982588201975,0.19676634194031628,0.0,0.09603729920198399,0.0,0.0,0.0,0.0,0.0,0.0,0.0,0.0,-0.39365684922034766,-0.2187296837553323,0.0
2006-12-15,0.0,0.0,0.0,0.09380778352636104,0.1924145056449591,0.0,0.0,0.0,0.0,0.0,0.12084995993532355,0.0,0.0,0.0,0.0,-0.37716406238300465,-0.2157636885103516,0.0
2006-12-18,0.0,0.0,0.0,0.09594174465521349,0.19983424608251724,0.0,0.09765546077198253,0.0,0.0,0.0,0.0,0.0,0.0,0.0,0.0,-0.3803992373332593,-0.22616931115702735,0.0
2006-12-19,0.0,0.0,0.0,0.09711499396014381,0.2022449003903401,0.0,0.09651382655111947,0.0,0.0,0.0,0.0,0.0,0.0,0.0,0.0,-0.3791982727243011,-0.22492800637409557,0.0
2006-12-20,0.0,0.0,0.0,0.09931276104813228,0.19669493859572698,0.0,0.0948175685864658,0.0,0.0,0.0,0.0,0.0,0.0,0.0,0.0,-0.38325173908841814,-0.22592299268125673,0.0
2006-12-21,0.0,0.0,0.0,0.048903875449876566,0.0963274154601994,0.0,0.046071240526272025,0.0,0.0,0.0,0.0,0.0,0.0,0.0,-0.6220260296238553,-0.18667143893979668,0.0,0.0
2006-12-22,0.0,0.0,0.0,0.10142024465162422,0.19806137009630453,0.0,0.09489518643162147,0.0,0.0,0.0,0.0,0.0,0.0,0.0,0.0,-0.38141637246892174,-0.22420682635152803,0.0
2006-12-26,0.0,0.0,0.0,0.10155643073486152,0.19755042094191377,0.0,0.09467068729843077,0.0,0.0,0.0,0.0,0.0,0.0,0.0,0.0,-0.38154946530170175,-0.22467299572309218,0.0
2006-12-27,0.0,0.0,0.0,0.09985074109870108,0.19053936147372147,0.0,0.0,0.0,0.0,0.0,0.11761036351366146,0.0,0.0,0.0,0.0,-0.3732366900935841,-0.2187628438203318,0.0
2006-12-28,0.0,0.0,0.0,0.1000008144510994,0.19080070979769487,0.0,0.0,0.0,0.0,0.0,0.11768923503553433,0.0,0.0,0.0,0.0,-0.37268672438144484,-0.21882251633422645,0.0
2006-12-29,0.0,0.0,0.0,0.10295044034916218,0.19535663645176307,0.0,0.0974198077319517,0.0,0.0,0.0,0.0,0.0,0.0,0.0,0.0,-0.3806042850715006,-0.22366883039562233,0.0
2007-01-03,0.0,0.0,0.0,0.10161720058653627,0.19274478090211036,0.0,0.0,0.0,0.0,0.0,0.11961307480833011,0.0,0.0,0.0,0.0,-0.36847462384652824,-0.217550319856495,0.0
2007-01-04,0.0,0.0,0.0,0.10147551412422547,0.19157231224125026,0.0,0.0,0.0,0.0,0.0,0.11972271153029747,0.0,0.0,0.0,0.0,-0.37230528856113015,-0.21492417354309656,0.0
2007-01-05,0.0,0.0,0.0,0.09878657281489518,0.18310151421755222,0.0,0.0,0.0,0.0,0.0,0.11962801648685241,0.0,0.0,0.0,0.0,-0.3792889980593602,-0.21919489842133993,0.0
2007-01-08,0.0,0.0,0.0,0.08772293332686104,0.16142808311566706,0.0,0.0,0.0,0.21927477999790565,0.0,0.0,0.0,0.0,0.0,0.0,-0.33482931381986114,-0.19674488973970497,0.0
2007-01-09,0.0,0.0,0.0,0.0,0.1601237450060623,0.0,0.0,0.0,0.21146587410886797,0.0,0.10356670035162677,0.0,0.0,0.0,0.0,-0.32597293965108187,-0.19887074088236117,0.0
2007-01-10,0.0,0.0,0.0,0.0,0.1576437260218679,0.0,0.0,0.0,0.21261096939972188,0.0,0.10461730660677676,0.0,0.0,0.0,0.0,-0.32670923719617523,-0.1984187607754582,0.0
2007-01-11,0.0,0.0,0.0,0.08306471961997035,0.15976011801339932,0.0,0.0,0.0,0.21716355774810842,0.0,0.0,0.0,0.0,0.0,0.0,-0.33506879674268236,-0.20494280787583977,0.0
2007-01-12,0.0,0.0,0.0,0.09276194515747416,0.17754734264801988,0.0,0.0,0.0,0.0,0.0,0.1199923800135458,0.0,0.0,0.0,0.0,-0.3778905486749054,-0.23180778350605474,0.0
2007-01-16,0.0,0.0,0.0,0.08477253728473315,0.16012855008537683,0.0,0.0,0.0,0.21742867712804376,0.0,0.0,0.0,0.0,0.0,0.0,-0.33295563564742564,-0.2047145998544206,0.0
2007-01-17,0.0,0.0,0.0,0.0844151161208224,0.1596532936794763,0.0,0.0,0.0,0.21745623958822102,0.0,0.0,0.0,0.0,0.0,0.0,-0.33291126784869884,-0.20556408276278146,0.0
2007-01-18,0.0,0.0,0.0,0.08365538857944693,0.1592665229019948,0.0,0.0,0.0,0.21708673252529956,0.0,0.0,0.0,0.0,0.0,0.0,-0.3333570847649884,-0.2066342712282702,0.0
2007-01-19,0.0,0.0,0.0,0.08393207462464049,0.1577483220612496,0.0,0.0,0.0,0.2171513931866904,0.0,0.0,0.0,0.0,0.0,0.0,-0.33409230464753975,-0.20707590547987964,0.0
2007-01-22,0.0,0.0,0.0,0.08444138531884786,0.15665534398405148,0.0,0.0,0.0,0.2159572968805459,0.0,0.0,0.0,0.0,0.0,0.0,-0.3354756762298447,-0.20747029758671,0.0
2007-01-23,0.0,0.0,0.0,0.08280988643367909,0.15728120584788985,0.0,0.0,0.0,0.21598691908564147,0.0,0.0,0.0,0.0,0.0,0.0,-0.3382927123347679,-0.2056292762980216,0.0
2007-01-24,0.0,0.0,0.0,0.08326905584083125,0.15724470161077087,0.0,0.0,0.0,0.2132865783473005,0.0,0.0,0.0,0.0,0.0,0.0,-0.33939823827873783,-0.20680142592235962,0.0
2007-01-25,0.0,0.0,0.0,0.08045709073313267,0.1518962209875042,0.0,0.0,0.0,0.20677716758029585,0.0,0.0,0.0,0.0,0.0,0.0,-0.35034333536772266,-0.2105261853313446,0.0
2007-01-26,0.0,0.0,0.0,0.0803644917898416,0.15175925721907643,0.0,0.0,0.0,0.20697221584407396,0.0,0.0,0.0,0.0,0.0,0.0,-0.3506484067313529,-0.21025562841565504,0.0
2007-01-29,0.0,0.0,0.0,0.0,0.14633834879397786,0.0,0.0,0.0,0.19973485360482215,0.0,0.10434493696680112,0.0,0.0,0.0,0.0,-0.3437084504450383,-0.2058734101893607,0.0
2007-01-30,0.0,0.0,0.0,0.0,0.14777036211055905,0.0,0.08951908410041809,0.0,0.19869566198500138,0.0,0.0,0.0,0.0,0.0,0.0,-0.353007623424558,-0.21100726837946363,0.0
2007-01-31,0.0,0.0,0.0,0.0,0.14869370731017298,0.0,0.0,0.0,0.19690008325551245,0.0,0.10683475304240928,0.0,0.0,0.0,0.0,-0.3420005855724561,-0.20557087081944916,0.0
2007-02-01,0.0,0.0,0.0,0.0,0.1483342643648746,0.0,0.0,0.0,0.19597095670956488,0.0,0.10730339168626617,0.0,0.0,0.0,0.0,-0.34105731465106304,-0.20733407258823153,0.0
2007-02-02,0.0,0.0,0.0,0.0,0.14557451706260538,0.0,0.0,0.0,0.19298601384412326,0.0,0.10611218277568511,0.0,0.0,0.0,0.0,-0.346225936057072,-0.2091013502605142,0.0
2007-02-05,0.0,0.0,0.0,0.079144616783068,0.14789278695130545,0.0,0.0,0.0,0.19925484263813587,0.0,0.0,0.0,0.0,0.0,0.0,-0.3579259065958544,-0.21578184703163625,0.0
2007-02-06,0.0,0.0,0.0,0.07890223641417195,0.14686002647442192,0.0,0.0,0.0,0.19950158677386523,0.0,0.0,0.0,0.0,0.0,0.0,-0.3605003132340232,-0.2142358371035177,0.0
2007-02-07,0.0,0.0,0.0,0.0,0.13918817030351385,0.0,0.0,0.0,0.18844044949563046,0.0,0.10623199070834945,0.0,0.0,0.0,0.0,-0.3515038296067835,-0.2146355598857226,0.0
2007-02-08,0.0,0.0,0.0,0.07713089677308309,0.14569071354513596,0.0,0.0,0.0,0.19864216222095368,0.0,0.0,0.0,0.0,0.0,0.0,-0.3601821104898707,-0.21835411697095675,0.0
2007-02-09,0.0,0.0,0.0,0.0,0.14367171550927654,0.0,0.08446804007734579,0.0,0.19454804568809092,0.0,0.0,0.0,0.0,0.0,0.0,-0.36175189236705707,-0.2155603063582296,0.0
2007-02-12,0.0,0.0,0.0,0.0,0.1400365492118487,0.0,0.0,0.0,0.1894307271285081,0.0,0.10440519192862728,0.0,0.0,0.0,0.0,-0.3539783923331757,-0.21214913939784022,0.0
2007-02-13,0.0,0.0,0.0,0.07590969902980772,0.14248185600951835,0.0,0.0,0.0,0.19199335210048976,0.0,0.0,0.0,0.0,0.0,0.0,-0.36981156576385515,-0.21980352709632897,0.0
2007-02-14,0.0,0.0,0.0,0.08570660541683542,0.15989902484488389,0.0,0.10784158702526925,0.0,0.0,0.0,0.0,0.0,0.0,0.0,0.0,-0.40145017250867393,-0.24510261020433757,0.0
2007-02-15,0.0,0.0,0.0,0.08542259798800683,0.16129332547110792,0.0,0.10780084126181694,0.0,0.0,0.0,0.0,0.0,0.0,0.0,0.0,-0.40224350337833664,-0.24323973190073173,0.0
2007-02-16,0.0,0.0,0.0,0.08633814133629364,0.16415820707925374,0.0,0.10876846459034951,0.0,0.0,0.0,0.0,0.0,0.0,0.0,0.0,-0.39717451048170915,-0.24356067651239396,0.0
2007-02-20,0.0,0.0,0.0,0.07737439570896067,0.14720674431370892,0.0,0.0,0.0,0.19677491202704275,0.0,0.0,0.0,0.0,0.0,0.0,-0.35950181508783435,-0.21914213286245332,0.0
2007-02-21,0.0,0.0,0.0,0.0859470729640488,0.16121424668164083,0.0,0.09837185646706618,0.0,0.0,0.0,0.0,0.0,0.0,0.0,0.0,-0.41095404039167854,-0.24351278349556577,0.0
2007-02-22,0.0,0.0,0.0,0.08564631934268614,0.16106359202272377,0.0,0.09823288030566588,0.0,0.0,0.0,0.0,0.0,0.0,0.0,0.0,-0.41181524586713075,-0.2432419624617934,0.0
2007-02-23,0.0,0.0,0.0,0.086081818242161,0.16511663424186254,0.0,0.09865205447506739,0.0,0.0,0.0,0.0,0.0,0.0,0.0,0.0,-0.41043925562299627,-0.23971023741791278,0.0
2007-02-26,0.0,0.0,0.0,0.08797402522705655,0.16717677980646434,0.0,0.0998719464963481,0.0,0.0,0.0,0.0,0.0,0.0,0.0,0.0,-0.4067965830675501,-0.23818066540258084,0.0
2007-02-27,0.0,0.0,0.0,0.0,0.15145664279752896,0.0,0.10606035904711994,0.0,0.1809578249284799,0.0,0.0,-0.11691829140513861,0.0,0.0,0.0,-0.4446068818217326,0.0,0.0
2007-02-28,0.0,0.0,0.0,0.0,0.13212516999062482,0.0,0.0924635243051088,0.0,0.15562107685614832,0.0,0.0,0.0,0.0,0.0,0.0,-0.38875708347040694,-0.23103314537771114,0.0
2007-03-01,0.0,0.0,0.0,0.0,0.13090095497792348,0.0,0.0914830426665176,0.0,0.15927300864506436,0.0,0.0,0.0,0.0,0.0,0.0,-0.38723292241314444,-0.2311100712973501,0.0
2007-03-02,0.0,0.0,0.0,0.0,0.14924856520474936,0.0,0.09986820819916635,0.0,0.18044649850517666,0.0,0.0,-0.11767351891246192,0.0,0.0,0.0,-0.4527632091784457,0.0,0.0
2007-03-05,0.0,0.0,0.0,0.0,0.1449101535828293,0.0,0.10009736052505129,0.0,0.17980208737986914,0.0,0.0,-0.11813479545427072,0.0,0.0,0.0,-0.45705560305797954,0.0,0.0
2007-03-06,0.0,0.0,0.0,0.0,0.1349655490989293,0.0,0.10201917177176816,0.0,0.1743944399345218,0.0,0.0,-0.11597108350354694,0.0,0.0,0.0,-0.4726497556912337,0.0,0.0
2007-03-07,0.0,0.0,0.0,0.0,0.13442415955859052,0.0,0.10164683706471608,0.0,0.17358161878688916,0.0,0.0,-0.11554444388916742,0.0,0.0,0.0,-0.4748029407006367,0.0,0.0
2007-03-08,0.0,0.0,0.0,0.02965203112920478,0.05446214427592391,0.0,0.04150039060526694,0.0,0.0,0.0,0.0,0.0,0.0,0.0,-0.6805942071702688,-0.1937912268193357,0.0,0.0
2007-03-09,0.0,0.0,0.0,0.030993378798075004,0.056606030257473613,0.0,0.04306360167422807,0.0,0.0,0.0,0.0,0.0,0.0,0.0,-0.6727464122419377,-0.19659057702828567,0.0,0.0
2007-03-12,0.0,0.0,0.0,0.031043025676342775,0.05651948823509276,0.0,0.043842045435522406,0.0,0.0,0.0,0.0,0.0,0.0,0.0,-0.6695387460088188,-0.1990566946442232,0.0,0.0
2007-03-13,0.0,0.0,0.0,0.08167537083685399,0.14458520002392597,0.0,0.11731262998601254,0.0,0.0,0.0,0.0,-0.1286893319873129,0.0,0.0,0.0,-0.5277374671658945,0.0,0.0
2007-03-14,0.0,0.0,0.0,0.0810807981750822,0.14380135785200998,0.0,0.11734590010697003,0.0,0.0,0.0,0.0,-0.12749073699333704,0.0,0.0,0.0,-0.5302812068726006,0.0,0.0
2007-03-15,0.0,0.0,0.0,0.0807573734914843,0.143426808716198,0.0,0.117473299533243,0.0,0.0,0.0,0.0,-0.12650660581486392,0.0,0.0,0.0,-0.5318359124442109,0.0,0.0
2007-03-16,0.0,0.0,0.0,0.08089449709522008,0.143553292247859,0.0,0.11688068831317568,0.0,0.0,0.0,0.0,-0.1271276951041497,0.0,0.0,0.0,-0.5315438272395955,0.0,0.0
2007-03-19,0.0,0.0,0.0,0.07953282428623996,0.14029321742782996,0.0,0.11618543991391801,0.0,0.0,0.0,0.0,-0.12558071809835225,0.0,0.0,0.0,-0.5384078002736599,0.0,0.0
2007-03-20,0.0,0.0,0.0,0.08000109591932612,0.13971345828925433,0.0,0.1160784006408892,0.0,0.0,0.0,0.0,-0.12508258148056903,0.0,0.0,0.0,-0.5391244636699614,0.0,0.0
2007-03-21,0.0,0.0,0.0,0.029167768003230926,0.05047350370602934,0.0,0.04395777908147589,0.0,0.0,0.0,0.0,0.0,0.0,0.0,-0.6722246643381325,-0.20417628487113126,0.0,0.0
2007-03-22,0.0,0.0,0.0,0.029597880108579368,0.05111438094884358,0.0,0.04455835375355432,0.0,0.0,0.0,0.0,0.0,0.0,0.0,-0.6692351783153551,-0.20549420687366765,0.0,0.0
2007-03-23,0.0,0.0,0.0,0.029788048238734627,0.05143805995539713,0.0,0.04486098498143383,0.0,0.0,0.0,0.0,0.0,0.0,0.0,-0.6672769050516411,-0.20663600177279337,0.0,0.0
2007-03-26,0.0,0.0,0.0,0.07915767678978498,0.13640979694492097,0.0,0.11840283499149157,0.0,0.0,0.0,0.0,-0.12457021108594697,0.0,0.0,0.0,-0.5414594801878554,0.0,0.0
2007-03-27,0.0,0.0,0.0,0.07897109496162795,0.13589789423686147,0.0,0.11827815057470839,0.0,0.0,0.0,0.0,-0.12436562315042385,0.0,0.0,0.0,-0.5424872370763782,0.0,0.0
2007-03-28,0.0,0.0,0.0,0.07758956689462143,0.13381854613176544,0.0,0.11712007785333525,0.0,0.0,0.0,0.0,-0.12325188145894203,0.0,0.0,0.0,-0.5482199276613359,0.0,0.0
2007-03-29,0.0,0.0,0.0,0.07716272154092167,0.13343122080054826,0.0,0.11710035339028226,0.0,0.0,0.0,0.0,-0.12438153182981251,0.0,0.0,0.0,-0.5479241724384353,0.0,0.0
2007-03-30,0.0,0.0,0.0,0.07252139554535983,0.12605663728035324,0.0,0.0,0.0,0.16157537389151197,0.0,0.0,-0.1172873388426675,0.0,0.0,0.0,-0.5225592544401075,0.0,0.0
2007-04-02,0.0,0.0,0.0,0.03402807771947578,0.05918449611095121,0.0,0.0,0.0,0.07591249961940309,0.0,0.0,-0.05513526503194858,0.0,0.0,-0.7757396615182214,0.0,0.0,0.0
2007-04-03,0.0,0.0,0.0,0.07299010113801797,0.1271851000775325,0.0,0.0,0.0,0.1626316684820147,0.0,0.0,-0.11911376454774059,0.0,0.0,0.0,-0.5180793657546943,0.0,0.0
2007-04-04,0.0,0.0,0.0,0.03374609378590458,0.0587561925184037,0.0,0.0,0.0,0.07528022972680228,0.0,0.0,-0.0550320533838208,0.0,0.0,-0.7771854305850686,0.0,0.0,0.0
2007-04-05,0.0,0.0,0.0,0.03381111726563205,0.0585933078179071,0.0,0.0,0.0,0.07500102103212113,0.0,0.0,-0.05483959327994313,0.0,0.0,-0.7777549606043965,0.0,0.0,0.0
2007-04-09,0.0,0.0,0.0,0.07462848650153643,0.12882253604959018,0.0,0.0,0.0,0.16315516780024164,0.0,0.0,-0.1219913512975934,0.0,0.0,0.0,-0.5114024583510385,0.0,0.0
2007-04-10,0.0,0.0,0.0,0.036335322615368704,0.06250258962972167,0.0,0.0,0.0,0.07944155497593065,0.0,0.0,-0.059355347145704083,0.0,0.0,-0.7623651856332748,0.0,0.0,0.0
2007-04-11,0.0,0.0,0.0,0.03677413114869842,0.062336045157574335,0.0,0.0,0.0,0.07919600291756129,0.0,0.0,-0.05926685372462649,0.0,0.0,-0.7624269670515395,0.0,0.0,0.0
2007-04-12,0.0,0.0,0.0,0.03750612217184911,0.06415207703422439,0.0,0.0,0.0,0.08110149633877149,0.0,0.0,0.0,0.0,0.0,-0.7824947376394097,0.0,0.0,-0.03474556681574536
2007-04-13,0.0,0.0,0.0,0.07911515361411366,0.13517230660075888,0.0,0.0,0.0,0.17056791599578358,0.0,0.0,0.0,0.0,0.0,0.0,-0.5410639974399636,0.0,-0.0740806263493802
2007-04-16,0.0,0.0,0.0,0.03749797466359886,0.06374643035685316,0.0,0.0,0.0,0.0798550621049112,0.0,0.0,0.0,0.0,0.0,-0.7840470262414563,0.0,0.0,-0.03485350663318057
2007-04-17,0.0,0.0,0.0,0.03789168537885025,0.0645167438061181,0.0,0.0,0.0,0.08084740471161016,0.0,0.0,0.0,0.0,0.0,-0.7810034574394095,0.0,0.0,-0.03574070866401191
2007-04-18,0.0,0.0,0.0,0.038150873003402266,0.06502791621069262,0.0,0.0,0.0,0.08145689889184314,0.0,0.0,0.0,0.0,0.0,-0.7790852760489665,0.0,0.0,-0.03627903584509542
2007-04-19,0.0,0.0,0.0,0.13443598721358885,0.22876043566085708,0.0,0.0,0.0,0.2867585821486997,0.0,0.0,-0.2218224007639872,0.0,0.0,0.0,0.0,0.0,-0.1282225942128672
2007-04-20,0.0,0.0,0.0,0.13511305053326728,0.2292132082382659,0.0,0.0,0.0,0.2854501104140506,0.0,0.0,-0.22057066804405734,0.0,0.0,0.0,0.0,0.0,-0.12965296277035882
2007-04-23,0.0,0.0,0.0,0.13517846241863565,0.22803696623311365,0.0,0.0,0.0,0.2858591112140368,0.0,0.0,-0.2217456319656708,0.0,0.0,0.0,0.0,0.0,-0.1291798281685431
2007-04-24,0.0,0.0,0.0,0.13570485508631253,0.22713173328110378,0.0,0.0,0.0,0.28393595613776107,0.0,0.0,-0.22143695595429153,0.0,0.0,0.0,0.0,0.0,-0.13179049954053113
2007-04-25,0.0,0.0,0.0,0.038879281707852875,0.06500696779917893,0.0,0.0,0.0,0.08108029661001166,0.0,0.0,0.0,0.0,0.0,-0.7774058718625033,0.0,0.0,-0.03762758202045329
2007-04-26,0.0,0.0,0.0,0.03983845727453573,0.06610295262446472,0.0,0.0,0.0,0.08228156530273523,0.0,0.0,0.0,0.0,0.0,-0.7740167259859405,0.0,0.0,-0.037760298812323775
2007-04-27,0.0,0.0,0.0,0.0398167269132845,0.06604517897943582,0.0,0.0,0.0,0.08220521801725426,0.0,0.0,0.0,0.0,0.0,-0.7740135191254303,0.0,0.0,-0.037919356964595266
2007-04-30,0.0,0.0,0.0,0.1370810707135727,0.2283613178806376,0.0,0.0,0.0,0.2828931493560326,0.0,0.0,-0.21768004530371582,0.0,0.0,0.0,0.0,0.0,-0.1339844167460413
2007-05-01,0.0,0.0,0.0,0.13794616991850886,0.22903886194740486,0.0,-0.20607630752466793,0.0,0.28429851623529917,0.0,0.0,0.0,0.0,0.0,0.0,0.0,0.0,-0.14264014437411923
2007-05-02,0.0,0.0,0.0,0.13683732777430818,0.22850032840582055,0.0,-0.20718216614541554,0.0,0.28455852207702365,0.0,0.0,0.0,0.0,0.0,0.0,0.0,0.0,-0.14292165559743217
2007-05-03,0.0,0.0,0.0,0.1370609874023669,0.22937128320624045,0.0,-0.2056714175786176,0.0,0.28487714011414583,0.0,0.0,0.0,0.0,0.0,0.0,0.0,0.0,-0.14301917169862924
2007-05-04,0.0,0.0,0.0,0.13671614477801497,0.22765403154290823,0.0,-0.20691011793143074,0.0,0.2837054461942633,0.0,0.0,0.0,0.0,0.0,0.0,0.0,0.0,-0.1450142595533827
2007-05-07,0.0,0.0,0.0,0.13656405157176865,0.2279203508897626,0.0,-0.20683789134311645,0.0,0.2837205276320849,0.0,0.0,0.0,0.0,0.0,0.0,0.0,0.0,-0.14495717856326745
2007-05-08,0.0,0.0,0.0,0.13633624011168077,0.22757097852693622,0.0,-0.20727740739741332,0.0,0.28424231929305377,0.0,0.0,0.0,0.0,0.0,0.0,0.0,0.0,-0.14457305467091586
2007-05-09,0.0,0.0,0.0,0.13572823274485268,0.22749628805545763,0.0,-0.2069495439467408,0.0,0.284126441479989,0.0,0.0,0.0,0.0,0.0,0.0,0.0,0.0,-0.14569949377295988
2007-05-10,0.0,0.0,0.0,0.1354270811478429,0.22386533269996192,0.0,-0.20594478817245868,0.0,0.2822690624460516,0.0,0.0,0.0,0.0,0.0,0.0,0.0,0.0,-0.15249373553368487
2007-05-11,0.0,0.0,0.0,0.13492104869944171,0.22180747547521562,0.0,-0.20775765785258848,0.0,0.2823110993335485,0.0,0.0,0.0,0.0,0.0,0.0,0.0,0.0,-0.1532027186392056
2007-05-14,0.0,0.0,0.0,0.13380124843589244,0.22034325348508726,0.0,-0.20688951693682073,0.0,0.2810064813895654,0.0,0.0,0.0,0.0,0.0,0.0,0.0,0.0,-0.15795949975263418
2007-05-15,0.0,0.0,0.0,0.13354095294087262,0.22084412983484342,0.0,-0.20527696888326624,0.0,0.2816066608578545,0.0,0.0,0.0,0.0,0.0,0.0,0.0,0.0,-0.15873128748316329
2007-05-16,0.0,0.0,0.0,0.1339759697712934,0.22276149634632714,0.0,-0.20297900670578403,0.0,0.28047290021893134,0.0,0.0,0.0,0.0,0.0,0.0,0.0,0.0,-0.15981062695766413
2007-05-17,0.0,0.0,0.0,0.13491379597362563,0.223896337041755,0.0,-0.20373696601138547,0.0,0.28253513804049807,0.0,0.0,0.0,0.0,0.0,0.0,0.0,0.0,-0.15491776293273588
2007-05-18,0.0,0.0,0.0,0.13495503794628153,0.2233027014708726,0.0,-0.20322699689852824,0.0,0.28127907920928424,0.0,0.0,0.0,0.0,0.0,0.0,0.0,0.0,-0.15723618447503326
2007-05-21,0.0,0.0,0.0,0.13459084977372296,0.22223348388088005,0.0,-0.2057421644097065,0.0,0.2805445609302956,0.0,0.0,0.0,0.0,0.0,0.0,0.0,0.0,-0.15688894100539483
2007-05-22,0.0,0.0,0.0,0.13268110069599004,0.2196113186059571,0.0,-0.21529584968220628,0.0,0.2764376231768439,0.0,0.0,0.0,0.0,0.0,0.0,0.0,0.0,-0.15597410783900284
2007-05-23,0.0,0.0,0.0,0.13270519549964488,0.21953360558798804,0.0,-0.214917977924058,0.0,0.27650384149314994,0.0,0.0,0.0,0.0,0.0,0.0,0.0,0.0,-0.15633937949515914
2007-05-24,0.0,0.0,0.0,0.13220727054975154,0.22040021851334926,0.0,-0.21654023560257382,0.0,0.27615415692846834,0.0,0.0,0.0,0.0,0.0,0.0,0.0,0.0,-0.15469811840585698
2007-05-25,0.0,0.0,0.0,0.13177810760170716,0.22030503013337965,0.0,-0.21735177543050396,0.0,0.2759066032654924,0.0,0.0,0.0,0.0,0.0,0.0,0.0,0.0,-0.1546584835689168
2007-05-29,0.0,0.0,0.0,0.14419622478776284,0.21962937018318404,0.0,-0.2120230705096112,0.0,0.29152881942168296,0.0,0.0,0.0,0.0,0.0,0.0,0.0,0.0,-0.13262251509775877
2007-05-30,0.0,0.0,0.0,0.14523382141252575,0.21766573665089547,0.0,-0.21435543124082887,0.0,0.288709298499163,0.0,0.0,0.0,0.0,0.0,0.0,0.0,0.0,-0.134035712196587
2007-05-31,0.0,0.0,0.0,0.1467816730872231,0.22000596525228297,0.0,-0.21266161600671474,0.0,0.28795991593904186,0.0,0.0,0.0,0.0,0.0,0.0,0.0,0.0,-0.1325908297147372
2007-06-01,0.0,0.0,0.0,0.14041741246449704,0.21811585513082427,0.0,-0.22592800329007703,0.0,0.2872965006841253,0.0,0.0,0.0,0.0,0.0,0.0,0.0,0.0,-0.12824222843047645
2007-06-04,0.0,0.0,0.0,0.0867576999434374,0.13784472508880646,0.0,0.0,0.0,0.18007063482161706,0.0,0.0,0.0,0.0,0.0,0.0,-0.5175871671578186,0.0,-0.07773977298832041
2007-06-05,0.0,0.0,0.0,0.09177190723907146,0.1487581899355378,0.0,0.0,0.0,0.1841952348534565,0.0,0.0,0.0,0.0,0.0,0.0,-0.4986685237779748,0.0,-0.07660614419395936
2007-06-06,0.0,0.0,0.0,0.08945017958950417,0.14522506333420135,0.0,0.0,0.0,0.18169981973617125,0.0,0.0,0.0,0.0,0.0,0.0,-0.5052445492790297,0.0,-0.07838038806109357
2007-06-07,0.0,0.0,0.0,0.09697429664329989,0.15102000332171356,0.0,0.0,0.0,0.17978221322001103,0.0,0.0,0.0,0.0,0.0,0.0,-0.4884576991341994,0.0,-0.08376578768077618
2007-06-08,0.0,0.0,0.0,0.12071345710605681,0.18816006015203743,0.0,0.0,0.0,0.22142942707214858,0.0,0.0,0.0,0.0,0.0,0.0,0.0,-0.3659448814392586,-0.10375217423049868
2007-06-11,0.0,0.0,0.0,0.12009335404533356,0.18804100773398533,0.0,0.0,0.0,0.22063783960018238,0.0,0.0,0.0,0.0,0.0,0.0,0.0,-0.36790860907556866,-0.1033191895449301
2007-06-12,0.0,0.0,0.0,0.12342103148934042,0.19392112876633144,0.0,0.0,0.0,0.2332195180101748,0.0,0.0,0.0,0.0,0.0,0.0,0.0,-0.34634697569571926,-0.10309134603843405
2007-06-13,0.0,0.0,0.0,0.12576512668286166,0.1970445613520912,0.0,0.0,0.0,0.23412805696089897,0.0,0.0,0.0,0.0,0.0,0.0,0.0,-0.33688058911652796,-0.10618166588762012
2007-06-14,0.0,0.0,0.0,0.12525233800857927,0.19700684850090888,0.0,0.0,0.0,0.2345360328198993,0.0,0.0,0.0,0.0,0.0,0.0,0.0,-0.33774058691570347,-0.10546419375490906
2007-06-15,0.0,0.0,0.0,0.09727667360201277,0.1542273189211165,0.0,0.0,0.0,0.18600559858612062,0.0,0.0,0.0,0.0,0.0,0.0,-0.47954624768611614,0.0,-0.08294416120463405
2007-06-18,0.0,0.0,0.0,0.09815893960303049,0.15627912271503175,0.0,0.0,0.0,0.188307021811195,0.0,0.0,0.0,0.0,0.0,0.0,-0.47529121806191593,0.0,-0.08196369780882676
2007-06-19,0.0,0.0,0.0,0.09963667600038141,0.1595448024826525,0.0,0.0,0.0,0.19198913188776362,0.0,0.0,0.0,0.0,0.0,0.0,-0.4655904298767845,0.0,-0.083238959752418
2007-06-20,0.0,0.0,0.0,0.1019604741750054,0.16305218280878195,0.0,0.0,0.0,0.18985950291396592,0.0,0.0,0.0,0.0,0.0,0.0,-0.46302457309022854,0.0,-0.08210326701201819
2007-06-21,0.0,0.0,0.0,0.10126503878903631,0.1615271787706246,0.0,0.0,0.0,0.1879499381411807,0.0,0.0,0.0,0.0,0.0,0.0,-0.4652082802735969,0.0,-0.0840495640255615
2007-06-22,0.0,0.0,0.0,0.1027039034103397,0.161151672028985,0.0,0.0,0.0,0.18192911717526156,0.0,0.0,0.0,0.0,0.0,0.0,-0.4678557578380118,0.0,-0.08635954954740188
2007-06-25,0.0,0.0,0.0,0.10182798879988042,0.16045500393907794,0.0,0.0,0.0,0.18145062040919663,0.0,0.0,0.0,0.0,0.0,0.0,-0.4698536098140552,0.0,-0.08641277703778981
2007-06-26,0.0,0.0,0.0,0.10200200043829755,0.16120037412749824,0.0,0.0,0.0,0.1800143384699011,0.0,0.0,0.0,0.0,0.0,0.0,-0.4707598416351684,0.0,-0.08602344532913471
2007-06-27,0.0,0.0,0.0,0.10329391028420509,0.16223529711832474,0.0,0.0,0.0,0.17749203749310394,0.0,0.0,0.0,0.0,0.0,0.0,-0.470922816768659,0.0,-0.08605593833570707
2007-06-28,0.0,0.0,0.0,0.10446353627672826,0.16268625722674235,0.0,0.0,0.0,0.1765246629438159,0.0,0.0,0.0,0.0,0.0,0.0,-0.4680253013892087,0.0,-0.08830024216350468
2007-06-29,0.0,0.0,0.0,0.10648824508012342,0.16492231660221762,0.0,0.0,0.0,0.17994737345304013,0.0,0.0,0.0,0.0,0.0,0.0,-0.45892654882295886,0.0,-0.08971551604165996
2007-07-02,0.0,0.0,0.0,0.10622934554817288,0.1634793112745455,0.0,0.0,0.0,0.17874889050797296,0.0,0.0,0.0,0.0,0.0,0.0,-0.4608759815567392,0.0,-0.09066647111256948
2007-07-03,0.0,0.0,0.0,0.10653481345633492,0.16330890811446597,0.0,0.0,0.0,0.17912359651758586,0.0,0.0,0.0,0.0,0.0,0.0,-0.45935111262048534,0.0,-0.09168156929112793
2007-07-05,0.0,0.0,0.0,0.10696922010458024,0.16334361961387844,0.0,0.0,0.0,0.17948851314963532,0.0,0.0,0.0,0.0,0.0,0.0,-0.4586055882088084,0.0,-0.09159305892309742
2007-07-06,0.0,0.0,0.0,0.10611204385480479,0.1632880019464485,0.0,0.0,0.0,0.18018963166810187,0.0,0.0,0.0,0.0,0.0,0.0,-0.45861248244607294,0.0,-0.09179784008457191
2007-07-09,0.0,0.0,0.0,0.10511053058436651,0.16212563820561798,0.0,0.0,0.0,0.17891195520870598,0.0,0.0,0.0,0.0,0.0,0.0,-0.4586251297132267,0.0,-0.09522674628808289
2007-07-10,0.0,0.0,0.0,0.10541690052869922,0.1640021550599259,0.0,0.0,0.0,0.0,0.1864790688387832,0.0,0.0,0.0,0.0,0.0,-0.44630546397027493,0.0,-0.09779641160231664
2007-07-11,0.0,0.0,0.0,0.10663281953018736,0.16432212873299917,0.0,0.0,0.0,0.0,0.18744878770491832,0.0,0.0,0.0,0.0,0.0,-0.44306592984354143,0.0,-0.09853033418835366
2007-07-12,0.0,0.0,0.0,0.10675554499194664,0.16335610169206802,0.0,0.0,0.0,0.0,0.18483302541997573,0.0,0.0,0.0,0.0,0.0,-0.4433746159412836,0.0,-0.10168071195472607
2007-07-13,0.0,0.0,0.0,0.14885949216801178,0.22889787760224825,0.0,-0.22243476615327126,0.0,0.0,0.2584338531626912,0.0,0.0,0.0,0.0,0.0,0.0,0.0,-0.14137401091377755
2007-07-16,0.0,0.0,0.0,0.15839996099607612,0.24659222419473192,0.0,-0.23913165430906133,0.0,0.0,0.0,0.0,0.20471816456977737,0.0,0.0,0.0,0.0,0.0,-0.15115799593035317
2007-07-17,0.0,0.0,0.0,0.15824333804918958,0.2452980932806408,0.0,-0.23907561339218736,0.0,0.0,0.0,0.0,0.20423486892075146,0.0,0.0,0.0,0.0,0.0,-0.1531480863572308
2007-07-18,0.0,0.0,0.0,0.11089420432318911,0.17254523236462987,0.0,0.0,0.0,0.0,0.0,0.0,0.1442260451225736,0.0,0.0,0.0,-0.46538954178832803,0.0,-0.10694497640127938
2007-07-19,0.0,0.0,0.0,0.11093712129962735,0.17214468761121754,0.0,0.0,0.0,0.0,0.0,0.0,0.14433163104424981,0.0,0.0,0.0,-0.4639534660864337,0.0,-0.10863309395847166
2007-07-20,0.0,0.0,0.0,0.10622151473229742,0.16465271322135286,0.0,0.0,0.0,0.0,0.1856415282731309,0.0,0.0,0.0,0.0,0.0,-0.43855168073151796,0.0,-0.10493256304170075
2007-07-23,0.0,0.0,0.0,0.10307990893718724,0.16626976027771842,0.0,0.0,0.0,0.0,0.1849729011838304,0.0,0.0,0.0,0.0,0.0,-0.43919197329918797,0.0,-0.10648545630207604
2007-07-24,0.0,0.0,0.0,0.0993492249350327,0.16520954390302542,0.0,0.0,0.0,0.0,0.18128273012378412,0.0,0.0,0.0,0.0,0.0,-0.44646879633087877,0.0,-0.10768970470727891
2007-07-25,0.0,0.0,0.0,0.10038945314823089,0.16763017171742126,0.0,0.0,0.0,0.0,0.18338240735088318,0.0,0.0,0.0,0.0,0.0,-0.4460761095004816,0.0,-0.10252185828298312
2007-07-26,0.0,0.0,0.0,0.09438293964579589,0.15623737976726845,0.0,0.0,0.0,0.0,0.18298128364862162,0.0,0.0,0.0,0.0,0.0,-0.4612544625193182,0.0,-0.10514393441899597
2007-07-27,0.0,0.0,0.0,0.09478668934882137,0.1551789880145783,0.0,0.0,0.0,0.0,0.1748630381992268,0.0,0.0,-0.47061484395479475,0.0,0.0,0.0,0.0,-0.10455644048257881
2007-07-30,0.0,0.0,0.0,0.09348519180200215,0.15158729918485297,0.0,0.0,0.0,0.0,0.1732145461135633,0.0,0.0,0.0,0.0,0.0,-0.47625745033169414,0.0,-0.10545551256788756
2007-07-31,0.0,0.0,0.0,0.09188114531236626,0.151283661422417,0.0,0.0,0.0,0.0,0.17069073667214826,0.0,0.0,-0.4803260683603865,0.0,0.0,0.0,0.0,-0.10581838823268193
2007-08-01,0.0,0.0,0.0,0.09447989265425685,0.1547685810863519,0.0,0.0,0.0,0.0,0.17450059454678826,0.0,0.0,0.0,0.0,0.0,-0.46817611067557297,0.0,-0.10807482103703009
2007-08-02,0.0,0.0,0.0,0.13162746375229617,0.21578787526840046,0.0,-0.2605280889444577,0.0,0.0,0.24087673821434621,0.0,0.0,0.0,0.0,0.0,0.0,0.0,-0.15117983382049943
2007-08-03,0.0,0.0,0.0,0.1275471410542092,0.21775321903772657,0.0,-0.26653790968189667,0.0,0.0,0.23332835146726932,0.0,0.0,0.0,0.0,0.0,0.0,0.0,-0.1548333787588983
2007-08-06,0.0,0.0,0.0,0.09277966792239199,0.15795622939280116,0.0,0.0,0.0,0.0,0.1679927190815026,0.0,0.0,0.0,0.0,0.0,-0.4752628599231127,0.0,-0.10600852368019144
2007-08-07,0.0,0.0,0.0,0.09309334208798598,0.15847536641653343,0.0,0.0,0.0,0.0,0.1666792138018003,0.0,0.0,0.0,0.0,0.0,-0.4754203131856666,0.0,-0.10633176450801371
2007-08-08,0.0,0.0,0.0,0.09180589132626014,0.15682908698101833,0.0,0.0,0.0,0.0,0.16558104049196057,0.0,0.0,0.0,0.0,0.0,-0.47781045640349346,0.0,-0.10797352479726753
2007-08-09,0.0,0.0,0.0,0.13303821106510885,0.22686826128352122,0.0,-0.2982580284168369,0.0,0.0,0.0,0.0,0.1811446109913809,0.0,0.0,0.0,0.0,0.0,-0.16069088824315214
2007-08-10,0.0,0.0,0.0,0.09392998735437173,0.0,0.0,0.0,0.0,0.0,0.1671308485435321,0.0,0.12798273155404533,0.0,0.0,0.0,-0.49816175418828085,0.0,-0.11279467835976992
2007-08-13,0.0,0.0,0.0,0.09448323142933134,0.0,0.0,0.0,0.0,0.0,0.16765550304685625,0.0,0.1291653060582741,0.0,0.0,0.0,-0.49529384356099637,0.0,-0.11340211590454193
2007-08-14,0.0,0.0,0.0,0.09375039226244623,0.1607606160795213,0.0,0.0,0.0,0.0,0.0,0.0,0.12835975832007288,0.0,0.0,0.0,-0.5025394048214142,0.0,-0.11458982851654541
2007-08-15,0.0,0.0,0.0,0.09086304420813697,0.0,0.0,0.0,0.0,0.0,0.1633872160958932,0.0,0.12796903082427008,0.0,0.0,0.0,-0.5034586143869815,0.0,-0.1143220944847181
2007-08-16,0.0,0.0,0.0,0.09300006553338337,0.0,0.0,0.0,0.0,0.0,0.16809346057005134,0.0,0.13048020908810937,-0.4903490938973427,0.0,0.0,0.0,0.0,-0.11807717091111317
2007-08-17,0.0,0.0,0.0,0.09153386137196573,0.0,0.0,0.0,0.0,0.0,0.16517229645986373,0.0,0.13096349581381694,-0.4937576588927762,0.0,0.0,0.0,0.0,-0.11857268746157737
2007-08-20,0.0,0.0,0.0,0.08890920164580647,0.0,0.0,0.0,0.0,0.0,0.1604799229768707,0.0,0.12848607706083823,0.0,0.0,0.0,-0.5066417372748985,0.0,-0.11548306104158618
2007-08-21,0.0,0.0,0.0,0.08866685335413178,0.0,0.0,0.0,0.0,0.0,0.15979701142773667,0.0,0.12846129776564325,0.0,0.0,0.0,-0.508404852348216,0.0,-0.1146699851042722
2007-08-22,0.0,0.0,0.0,0.08612913829270302,0.0,0.0,0.0,0.0,0.0,0.1593169925688482,0.0,0.12868853632992455,0.0,0.0,0.0,-0.5101741023363356,0.0,-0.11569123047218867
2007-08-23,0.0,0.0,0.0,0.08739907538137863,0.15234512491683203,0.0,0.0,0.0,0.0,0.0,0.0,0.12955789469311937,0.0,0.0,0.0,-0.5118500261800637,0.0,-0.1188478788286062
2007-08-24,0.0,0.0,0.0,0.08725020729706226,0.15056474787582474,0.0,0.0,0.0,0.0,0.0,0.0,0.12931698020928145,0.0,0.0,0.0,-0.5143390028890205,0.0,-0.11852906172881113
2007-08-27,0.0,0.0,0.0,0.08686073692206354,0.14898256453578734,0.0,0.0,0.0,0.0,0.0,0.0,0.1280626979542794,0.0,0.0,0.0,-0.5160539312694981,0.0,-0.12004006931837163
2007-08-28,0.0,0.0,0.0,0.08507655626015735,0.1476226766023941,0.0,0.0,0.0,0.0,0.0,0.0,0.12604156309213918,0.0,0.0,0.0,-0.5198953996829434,0.0,-0.12136380436236598
2007-08-29,0.0,0.0,0.0,0.08440982617262759,0.14625712633325083,0.0,0.0,0.0,0.0,0.0,0.0,0.12541116178000913,0.0,0.0,0.0,-0.5224173396410388,0.0,-0.1215045460730737
2007-08-30,0.0,0.0,0.0,0.08254326810986828,0.14167804377115853,0.0,0.0,0.0,0.0,0.15248171813044625,0.0,0.0,0.0,0.0,0.0,-0.5054286530868416,0.0,-0.11786831690168535
2007-08-31,0.0,0.0,0.0,0.08176891889247513,0.1395419868944132,0.0,0.0,0.0,0.0,0.15190582014957063,0.0,0.0,0.0,0.0,0.0,-0.507601372009519,0.0,-0.11918190205402195
2007-09-04,0.0,0.0,0.0,0.0811837167373451,0.1386121305053628,0.0,0.0,0.0,0.0,0.14989321157280933,0.0,0.0,0.0,0.0,0.0,-0.5122258233102479,0.0,-0.11808511787423481
2007-09-05,0.0,0.0,0.0,0.08221137789985694,0.13923877333428886,0.0,0.0,0.0,0.0,0.15135315112377415,0.0,0.0,0.0,0.0,0.0,-0.5087018576643546,0.0,-0.11849483997772559
2007-09-06,0.0,0.0,0.0,0.07954706767137373,0.13608072280112274,0.0,0.0,0.0,0.0,0.1503518848599176,0.0,0.0,0.0,0.0,0.0,-0.5198458736030528,0.0,-0.11417445106453299
2007-09-07,0.0,0.0,0.0,0.13300035293775267,0.22854559563926824,0.0,0.0,0.0,0.0,0.2556929627450418,-0.18177477416672866,0.0,0.0,0.0,0.0,0.0,0.0,-0.20098631451120877
2007-09-10,0.0,0.0,0.0,0.1338909777384468,0.2298484638501817,0.0,0.0,0.0,0.0,0.25278718035316006,-0.18181195407006337,0.0,0.0,0.0,0.0,0.0,0.0,-0.2016614239881481
2007-09-11,0.0,0.0,0.0,0.08521250675239213,0.14638965135218035,0.0,0.0,0.0,0.0,0.1603561977864672,0.0,0.0,-0.47927730483840003,0.0,0.0,0.0,0.0,-0.12876433927056036
2007-09-12,0.0,0.0,0.0,0.08093001651189063,0.1394245440138076,0.0,0.20794055830015054,0.0,0.0,0.0,0.0,0.0,-0.450941107588782,0.0,0.0,0.0,0.0,-0.12076377358536926
2007-09-13,0.0,0.0,0.0,0.12316349353675612,0.2121910267610774,0.0,0.31407916938956043,0.0,0.0,0.0,-0.16489972121965457,0.0,0.0,0.0,0.0,0.0,0.0,-0.18566658909295158
2007-09-14,0.0,0.0,0.0,0.12386830128591074,0.21202141496222382,0.0,0.31312676387006155,0.0,0.0,0.0,-0.16621846164591408,0.0,0.0,0.0,0.0,0.0,0.0,-0.1847650582358899
2007-09-17,0.0,0.0,0.0,0.08295314477245667,0.14100802281569122,0.0,0.2060119730104029,0.0,0.0,0.0,-0.11137149359329059,0.0,-0.45865536580815863,0.0,0.0,0.0,0.0,0.0
2007-09-18,0.0,0.0,0.0,0.03547296266631806,0.05938498537389542,0.0,0.09123772037529591,0.0,0.0,0.0,0.0,0.0,-0.20786770898359147,0.0,-0.6060366226008992,0.0,0.0,0.0
2007-09-19,0.0,0.0,0.0,0.03529474372865532,0.059152795594676816,0.0,0.09223881919167108,0.0,0.0,0.0,0.0,0.0,-0.2055219923101009,0.0,-0.6077916491748958,0.0,0.0,0.0
2007-09-20,0.0,0.0,0.0,0.0696713613221761,0.1170252958145389,0.0,0.17669523048319374,0.0,0.0,0.0,0.0,0.0,-0.4058819668413177,0.0,0.0,0.0,-0.23072614553877338,0.0
2007-09-21,0.0,0.0,0.0,0.07005475747758552,0.11853647426319207,0.0,0.17650522039518354,0.0,0.0,0.0,0.0,0.0,-0.40434634548736037,0.0,0.0,0.0,-0.23055720237667843,0.0
2007-09-24,0.0,0.0,0.0,0.07024844525137611,0.11889233734356668,0.0,0.17796141883597683,0.0,0.0,0.0,0.0,0.0,-0.40085363909008087,0.0,0.0,0.0,-0.23204415947899953,0.0
2007-09-25,0.0,0.0,0.0,0.07009316810238578,0.11861679701626321,0.0,0.18165343599115796,0.0,0.0,0.0,0.0,0.0,-0.39926662365252413,0.0,0.0,0.0,-0.23036997523766892,0.0
2007-09-26,0.0,0.0,0.0,0.07023491046600408,0.11896560238074443,0.0,0.18107151080701445,0.0,0.0,0.0,0.0,0.0,-0.3989755938109183,0.0,0.0,0.0,-0.23075238253531868,0.0
2007-09-27,0.0,0.0,0.0,0.07027634623884871,0.11838916213520616,0.0,0.18153368462511443,0.0,0.0,0.0,0.0,0.0,-0.3997835663501129,0.0,0.0,0.0,-0.23001724065071785,0.0
2007-09-28,0.0,0.0,0.0,0.06960642021048913,0.11767274982103186,0.0,0.1784104158645184,0.0,0.0,0.0,0.0,0.0,-0.402471399889274,0.0,0.0,0.0,-0.23183901421468647,0.0
2007-10-01,0.0,0.0,0.0,0.06952267997014189,0.11882019996412012,0.0,0.1814335985189873,0.0,0.0,0.0,0.0,0.0,-0.39681370086622375,0.0,0.0,0.0,-0.23340982068052696,0.0
2007-10-02,0.0,0.0,0.0,0.07533769547608973,0.12881140079084136,0.0,0.0,0.0,0.0,0.0,0.0,0.11123118789897626,-0.42954929742902564,0.0,0.0,0.0,-0.2550704184050671,0.0
2007-10-03,0.0,0.0,0.0,0.07306285766355465,0.12718529947351714,0.0,0.0,0.0,0.0,0.0,0.0,0.10979514385563725,-0.43117926021191777,0.0,0.0,0.0,-0.2587774387953731,0.0
2007-10-04,0.0,0.0,0.0,0.06898788916411205,0.11998589415058487,0.0,0.17108312515739038,0.0,0.0,0.0,0.0,0.0,-0.39523180846147876,0.0,0.0,0.0,-0.2447112830664339,0.0
2007-10-05,0.0,0.0,0.0,0.06883625408447076,0.12093766041393411,0.0,0.1731051514377672,0.0,0.0,0.0,0.0,0.0,-0.3960842172095527,0.0,0.0,0.0,-0.24103671685427527,0.0
2007-10-08,0.0,0.0,0.0,0.06801347574686337,0.11927384492631062,0.0,0.1670875177412203,0.0,0.0,0.0,0.0,0.0,-0.39602625610329556,0.0,0.0,0.0,-0.2495989054823102,0.0
2007-10-09,0.0,0.0,0.0,0.06741473337370979,0.11829549021788897,0.0,0.16570392930510364,0.0,0.0,0.0,0.0,0.0,-0.3937810008308439,0.0,0.0,0.0,-0.25480484627245364,0.0
2007-10-10,0.0,0.0,0.0,0.06744947813006841,0.11868158274873801,0.0,0.1654976748656397,0.0,0.0,0.0,0.0,0.0,-0.39393263144789303,0.0,0.0,0.0,-0.25443863280766077,0.0
2007-10-11,0.0,0.0,0.0,0.0653750334512442,0.11491061043633341,0.0,0.15991656749557517,0.0,0.0,0.0,0.0,0.0,0.0,0.0,0.0,-0.4132306862066168,-0.24656710241023036,0.0
2007-10-12,0.0,0.0,0.0,0.0674885802582598,0.11882540931506279,0.0,0.16501545190706784,0.0,0.0,0.0,0.0,0.0,-0.3908391537711028,0.0,0.0,0.0,-0.2578314047485068,0.0
2007-10-15,0.0,0.0,0.0,0.09627923079622645,0.16955443141784224,0.0,0.2357287559270325,0.0,0.0,0.0,-0.12879229877029247,0.0,0.0,0.0,0.0,0.0,-0.3696452830886064,0.0
2007-10-16,0.0,0.0,0.0,0.09895810015433693,0.0,0.0,0.24600045731328993,0.0,0.0,0.0,-0.13258977804843058,0.0,0.0,0.0,0.0,0.0,-0.38214288107562194,0.14030878340832054
2007-10-17,0.0,0.0,0.0,0.0804963016184943,0.1409391844382679,0.0,0.19963408319552195,0.0,0.0,0.0,-0.1085372081797624,0.0,-0.4703932225679534,0.0,0.0,0.0,0.0,0.0
2007-10-18,0.0,0.0,0.0,0.08315126499065771,0.0,0.0,0.2004870914846555,0.0,0.0,0.0,-0.11279988093540609,0.0,-0.48663292262887564,0.0,0.0,0.0,0.0,0.11692883996040498
2007-10-19,0.0,0.0,0.0,0.08265189468370701,0.0,0.0,0.20298071522042538,0.0,0.0,0.0,-0.11084770356454474,0.0,-0.4854059038421017,0.0,0.0,0.0,0.0,0.11811378268922111
2007-10-22,0.0,0.0,0.0,0.04417636009200737,0.0,0.0,0.10387424404576287,0.0,0.0,0.0,-0.05824260700612742,0.0,0.0,0.0,-0.7308740904031041,0.0,0.0,0.0628326984529983
2007-10-23,0.0,0.0,0.0,0.08391358315437382,0.0,0.0,0.20036448305865917,0.0,0.0,0.0,-0.11173377854206396,0.0,-0.478212940003834,0.0,0.0,0.0,0.0,0.1257752152410691
2007-10-24,0.0,0.0,0.0,0.045190491079678353,0.0,0.0,0.10712428660697565,0.0,0.0,0.0,-0.058786200697877676,0.0,0.0,0.0,-0.7249523717792363,0.0,0.0,0.06394664983623201
2007-10-25,0.0,0.0,0.0,0.08715151706202912,0.0,0.0,0.20636266195523414,0.0,0.0,0.0,-0.11487517462900752,0.0,-0.4695437427551773,0.0,0.0,0.0,0.0,0.12206690359855188
2007-10-26,0.0,0.0,0.0,0.08820616936500467,0.0,0.0,0.2012350373726347,0.0,0.0,0.0,-0.11560108608074691,0.0,-0.47224097968713463,0.0,0.0,0.0,0.0,0.12271672749447911
2007-10-29,0.0,0.0,0.0,0.08849377041029591,0.0,0.0,0.20115810113654914,0.0,0.0,0.0,-0.11588692700555371,0.0,-0.4718575733030266,0.0,0.0,0.0,0.0,0.12260362814457465
2007-10-30,0.0,0.0,0.0,0.0885990867681458,0.0,0.0,0.20017542641063554,0.0,0.0,0.0,-0.11663219940686989,0.0,-0.47752706438241044,0.0,0.0,0.0,0.0,0.11706622303193825
2007-10-31,0.0,0.0,0.0,0.08987122425979634,0.0,0.0,0.200950915989061,0.0,0.0,0.0,-0.11797482921693098,0.0,-0.4795762152170043,0.0,0.0,0.0,0.0,0.1116268153172073
2007-11-01,0.0,0.0,0.0,0.09077184337628588,0.0,0.0,0.2013140900126626,0.0,0.0,0.0,-0.11946707993141696,0.0,-0.47528384922782085,0.0,0.0,0.0,0.0,0.11316313745181368
2007-11-02,0.0,0.0,0.0,0.09181957876928362,0.0,0.0,0.1959343162721701,0.0,0.0,0.0,-0.12121038178373068,0.0,-0.47249260454439035,0.0,0.0,0.0,0.0,0.11854311863042537
2007-11-05,0.0,0.0,0.0,0.08985727887318941,0.0,0.0,0.19649381081479095,0.0,0.0,0.0,-0.12140929856356569,0.0,-0.4741715407164328,0.0,0.0,0.0,0.0,0.11806807103202109
2007-11-06,0.0,0.0,0.0,0.09057340573730167,0.0,0.0,0.19416936765078419,0.0,0.0,0.0,-0.12626292835462175,0.0,-0.4705375553467125,0.0,0.0,0.0,0.0,0.11845674291057992
2007-11-07,0.0,0.0,0.0,0.1293236376887398,0.0,0.0,0.2844212741424686,0.0,-0.24168574582345773,0.0,-0.17798467445732177,0.0,0.0,0.0,0.0,0.0,0.0,0.16658466788801204
2007-11-08,0.0,0.0,0.0,0.09069131827688759,0.0,0.0,0.20073879334637265,0.0,0.0,0.0,-0.12598725555578064,0.0,-0.4667545051186941,0.0,0.0,0.0,0.0,0.11582812770226501
2007-11-09,0.0,0.0,0.0,0.12793818452288325,0.0,0.0,0.2875940988559513,0.0,-0.2388497829446756,0.0,-0.1804211812618816,0.0,0.0,0.0,0.0,0.0,0.0,0.1651967524146083
2007-11-12,0.0,0.0,0.0,0.12925288365139934,0.0,0.0,0.25256052002093193,0.0,-0.2552547018846083,0.0,-0.19341560609255684,0.0,0.0,0.0,0.0,0.0,0.0,0.16951628835050347
2007-11-13,0.0,0.0,0.0,0.08706590079142626,0.0,0.0,0.17583168139984914,0.0,0.0,0.0,-0.12998034287455015,0.0,-0.4911432009638762,0.0,0.0,0.0,0.0,0.11597887397029821
2007-11-14,0.0,0.0,0.0,0.08496479666866066,0.0,0.0,0.17578347327320384,0.0,0.0,0.0,-0.12941311625014537,0.0,-0.49524882070184845,0.0,0.0,0.0,0.0,0.11458979310614167
2007-11-15,0.0,0.0,0.0,0.12774805299057695,0.0,0.0,0.2485335085085343,0.0,-0.2551451611880664,0.0,-0.1965906779999935,0.0,0.0,0.0,0.0,0.0,0.0,0.1719825993128288
2007-11-16,0.0,0.0,0.0,0.12781391920386231,0.0,0.0,0.2485497746942983,0.0,-0.25556145623469173,0.0,-0.1962408188754563,0.0,0.0,0.0,0.0,0.0,0.0,0.17183403099169145
2007-11-19,0.0,0.0,0.0,0.12473164344953716,0.0,0.0,0.2501017174574202,0.0,-0.25322566477742264,0.0,-0.195156850762356,0.0,0.0,0.0,0.0,0.0,0.0,0.176784123553264
2007-11-20,0.0,0.0,0.0,0.12730609089095424,0.0,0.0,0.24359491697594984,0.0,-0.2576593579576475,0.0,-0.19771532878260456,0.0,0.0,0.0,0.0,0.0,0.0,0.17372430539284384
2007-11-21,0.0,0.0,0.0,0.12377135194071902,0.0,0.0,0.24609504352861192,0.0,-0.25722891779930973,0.0,-0.19879891285292603,0.0,0.0,0.0,0.0,0.0,0.0,0.17410577387843335
2007-11-23,0.0,0.0,0.0,0.12454197653825877,0.0,0.0,0.24441290144784453,0.0,-0.2566771112455051,0.0,-0.1978475457475493,0.0,0.0,0.0,0.0,0.0,0.0,0.17652046502084212
2007-11-26,0.0,0.0,0.0,0.12373741523069075,0.0,0.0,0.248423860303766,0.0,-0.2537022246798437,0.0,-0.19533651644465613,0.0,0.0,0.0,0.0,0.0,0.0,0.17879998334104324
2007-11-27,0.0,0.0,0.0,0.12446206191632414,0.0,0.0,0.24517209360663555,0.0,-0.25716495407266726,0.0,-0.1983852786515079,0.0,0.0,0.0,0.0,0.0,0.0,0.1748156117528651
2007-11-28,0.0,0.0,0.0,0.08812736462175702,0.0,0.0,0.17563617949702742,0.0,0.0,0.0,-0.13822846488702267,0.0,-0.47517011206388216,0.0,0.0,0.0,0.0,0.12283787893031077
2007-11-29,0.0,0.0,0.0,0.12539051280010644,0.0,0.0,0.2466707526075782,0.0,-0.2558998793418282,0.0,-0.19698184872887214,0.0,0.0,0.0,0.0,0.0,0.0,0.17505700652161504
2007-11-30,0.0,0.0,0.0,0.12694302208263947,0.0,0.0,0.24651527132950934,0.0,-0.2545371438772631,0.0,-0.1989950233763152,0.0,0.0,0.0,0.0,0.0,0.0,0.17300953933427293
2007-12-03,0.0,0.0,0.0,0.12691271896359252,0.0,0.0,0.24649451937541256,0.0,-0.2546559135153936,0.0,-0.19867753442423122,0.0,0.0,0.0,0.0,0.0,0.0,0.1732593137213701
2007-12-04,0.0,0.0,0.0,0.12762264126702583,0.0,0.0,0.2455220142756623,0.0,-0.25639957369371036,0.0,-0.19851297420985264,0.0,0.0,0.0,0.0,0.0,0.0,0.17194279655374875
2007-12-05,0.0,0.0,0.0,0.12606722514665217,0.0,0.0,0.24887029603454439,0.0,-0.2553178679813964,0.0,-0.19712209203692935,0.0,0.0,0.0,0.0,0.0,0.0,0.17262251880047777
2007-12-06,0.0,0.0,0.0,0.08935245478468005,0.0,0.0,0.17518354776787007,0.0,0.0,0.0,-0.13685883709954247,0.0,-0.4793468781873311,0.0,0.0,0.0,0.0,0.11925828216057627
2007-12-07,0.0,0.0,0.0,0.0902321838027814,0.0,0.0,0.17627616417245148,0.0,0.0,0.0,-0.13929189994322533,0.0,-0.4745528949643062,0.0,0.0,0.0,0.0,0.11964685711723569
2007-12-10,0.0,0.0,0.0,0.09006922795858065,0.0,0.0,0.17436891994110432,0.0,0.0,0.0,-0.13918439510536904,0.0,-0.4773810746272643,0.0,0.0,0.0,0.0,0.11899638236768181
2007-12-11,0.0,0.0,0.0,0.12755528920736117,0.0,0.0,0.250022973104216,0.0,-0.2537613519374807,0.0,-0.19562992951960245,0.0,0.0,0.0,0.0,0.0,0.0,0.1730304562313397
2007-12-12,0.0,0.0,0.0,0.12803252050491315,0.0,0.0,0.2496809872977843,0.0,-0.25714248005356927,0.0,-0.1978431799463352,0.0,0.0,0.0,0.0,0.0,0.0,0.16730083219739803
2007-12-13,0.0,0.0,0.0,0.08987903275219006,0.0,0.0,0.1718573228400907,0.0,0.0,0.0,-0.14027201938242784,0.0,-0.47956971493590156,0.0,0.0,0.0,0.0,0.1184219100893899
2007-12-14,0.0,0.0,0.0,0.12778777779465053,0.0,0.0,0.2473794158374819,0.0,-0.2576317502801177,0.0,-0.198072075248089,0.0,0.0,0.0,0.0,0.0,0.0,0.1691289808396609
2007-12-17,0.0,0.0,0.0,0.12531787698537136,0.0,0.0,0.24242915388981331,0.0,-0.2619360576593191,0.0,-0.20374073800987494,0.0,0.0,0.0,0.0,0.0,0.0,0.16657617345562142
2007-12-18,0.0,0.0,0.0,0.12476748113284936,0.0,0.0,0.24187894265183105,0.0,-0.2632024476542118,0.0,-0.2034934174702251,0.0,0.0,0.0,0.0,0.0,0.0,0.16665771109088273
2007-12-19,0.0,0.0,0.0,0.12418640728337595,0.0,0.0,0.24341061840522227,0.0,-0.2635138650251093,0.0,-0.20305470878704943,0.0,0.0,0.0,0.0,0.0,0.0,0.16583440049924317
2007-12-20,0.0,0.0,0.0,0.12460791157862958,0.0,0.0,0.24358474228421287,0.0,-0.26369006790958643,0.0,-0.20164320737835656,0.0,0.0,0.0,0.0,0.0,0.0,0.16647407084921448
2007-12-21,0.0,0.0,0.0,0.12495024729135093,0.0,0.0,0.243452598337403,0.0,-0.2638913207262517,0.0,-0.20068520319160663,0.0,0.0,0.0,0.0,0.0,0.0,0.16702063045338766
2007-12-24,0.0,0.0,0.0,0.12470334824538074,0.0,0.0,0.24355469044655095,0.0,-0.26331804872142106,0.0,-0.20061119408885178,0.0,0.0,0.0,0.0,0.0,0.0,0.16781271849779544
2007-12-26,0.0,0.0,0.0,0.09145625877474003,0.0,0.0,0.17701939369058126,0.0,0.0,0.0,-0.14709510782083512,0.0,-0.46262472003945126,0.0,0.0,0.0,0.0,0.12180451967439233
2007-12-27,0.0,0.0,0.0,0.12507406773430174,0.0,0.0,0.24359902282940488,0.0,-0.26360477962551127,0.0,-0.1985672237129026,0.0,0.0,0.0,0.0,0.0,0.0,0.16915490609787942
2007-12-28,0.0,0.0,0.0,0.12523909799346788,0.0,0.0,0.2423156220053688,0.0,-0.26389991940443935,0.0,-0.19847113398569677,0.0,0.0,0.0,0.0,0.0,0.0,0.17007422661102717
2007-12-31,0.0,0.0,0.0,0.12538000529909574,0.0,0.0,0.2400208991529343,0.0,-0.2644817571392861,0.0,-0.2002163015671378,0.0,0.0,0.0,0.0,0.0,0.0,0.16990103684154612
2008-01-02,0.0,0.0,0.0,0.12590682421669672,0.0,0.0,0.2400806584396816,0.0,-0.26489329521193583,0.0,-0.20131356700282044,0.0,0.0,0.0,0.0,0.0,0.0,0.16780565512886544
2008-01-03,0.0,0.0,0.0,0.1270006095010865,0.0,0.0,0.2404319867302121,0.0,-0.2648230547413405,0.0,-0.19979892939864102,0.0,0.0,0.0,0.0,0.0,0.0,0.16794541962871976
2008-01-04,0.0,0.0,0.0,0.12708066864559187,0.0,0.0,0.2431876897778203,0.0,-0.2615020308174804,0.0,-0.19867573264002714,0.0,0.0,0.0,0.0,0.0,0.0,0.16955387811908015
2008-01-07,0.0,0.0,0.0,0.12823241591013967,0.0,0.0,0.24244002463673547,0.0,-0.26197116427963046,0.0,-0.20022178184807857,0.0,0.0,0.0,0.0,0.0,0.0,0.16713461332541593
2008-01-08,0.0,0.0,0.0,0.1291928136121277,0.0,0.0,0.24203602916109845,0.0,-0.2594061352170533,0.0,-0.19864735322475244,0.0,0.0,0.0,0.0,0.0,0.0,0.17071766878496805
2008-01-09,0.0,0.0,0.0,0.12845269472992782,0.0,0.0,0.24274422895993866,0.0,-0.25910228084812015,0.0,-0.19892838907851335,0.0,0.0,0.0,0.0,0.0,0.0,0.17077240638350002
2008-01-10,0.0,0.0,0.0,0.1290461657699124,0.0,0.0,0.2417334165031922,0.0,-0.2592779873783623,0.0,-0.19876678488168806,0.0,0.0,0.0,0.0,0.0,0.0,0.1711756454668451
2008-01-11,0.0,0.0,0.0,0.1284874088344853,0.0,0.0,0.24266600858032386,0.0,-0.2592579221317686,0.0,-0.1977474304039897,0.0,0.0,0.0,0.0,0.0,0.0,0.17184123004943253
2008-01-14,0.0,0.0,0.0,0.12883310341348453,0.0,0.0,0.2428075829483449,0.0,-0.25906303542929254,0.0,-0.19773153052386605,0.0,0.0,0.0,0.0,0.0,0.0,0.17156474768501193
2008-01-15,0.0,0.0,0.0,0.12764891036552845,0.0,0.0,0.24190325302534763,0.0,-0.2573001199124466,0.0,-0.19897961691035984,0.0,0.0,0.0,0.0,0.0,0.0,0.17416809978631753
2008-01-16,0.0,0.0,0.0,0.12639075334270192,0.0,0.0,0.2403364973590971,0.0,-0.25913591531597,0.0,-0.19923216006484257,0.0,0.0,0.0,0.0,0.0,0.0,0.17490467391738837
2008-01-17,0.0,0.0,0.0,0.12764162594097023,0.0,0.0,0.24378631790271393,0.0,-0.2530756231860067,0.0,-0.1990403706545091,0.0,0.0,0.0,0.0,0.0,0.0,0.17645606231580013
2008-01-18,0.0,0.0,0.0,0.12671772092674272,0.0,0.0,0.24548712405543394,0.0,-0.25202861039373564,0.0,-0.1981462333884986,0.0,0.0,0.0,0.0,0.0,0.0,0.1776203112355891
2008-01-22,0.0,0.0,0.0,0.12666535104371676,0.0,0.0,0.24257863398339252,0.0,-0.25472297095868635,0.0,-0.2003898010721712,0.0,0.0,0.0,0.0,0.0,0.0,0.17564324294203315
2008-01-23,0.0,0.0,0.0,0.12822616978122797,0.0,0.0,0.24788773338634168,0.0,-0.2503014345751509,0.0,-0.1963175694433097,0.0,0.0,0.0,0.0,0.0,0.0,0.17726709281396963
2008-01-24,0.0,0.0,0.0,0.12933078574255202,0.0,0.0,0.24500487556005357,0.0,-0.2511514750147979,0.0,-0.197252011030913,0.0,0.0,0.0,0.0,0.0,0.0,0.1772608526516835
2008-01-25,0.0,0.0,0.0,0.12898734918884414,0.0,0.0,0.24473087845866578,0.0,-0.24933678899212267,0.0,-0.19715948994579213,0.0,0.0,0.0,0.0,0.0,0.0,0.17978549341457528
2008-01-28,0.0,0.0,0.0,0.12944052834884384,0.0,0.0,0.24542991365564493,0.0,-0.24534543440956638,0.0,-0.19530603432936758,0.0,0.0,0.0,0.0,0.0,0.0,0.1844780892565772
2008-01-29,0.0,0.0,0.0,0.12973687104024834,0.0,0.0,0.24611247148462725,0.0,-0.2449497351711957,0.0,-0.1954536385491325,0.0,0.0,0.0,0.0,0.0,0.0,0.18374728375479615
2008-01-30,0.0,0.0,0.0,0.13034359241766655,0.0,0.0,0.24548668720054623,0.0,-0.24479781255357816,0.0,-0.19455779083798413,0.0,0.0,0.0,0.0,0.0,0.0,0.18481411699022493
2008-01-31,0.0,0.0,0.0,0.13012949888183428,0.0,0.0,0.246259087122369,0.0,-0.24185711284224523,0.0,-0.19018378228077612,0.0,0.0,0.0,0.0,0.0,0.0,0.19157051887277546
2008-02-01,0.0,0.0,0.0,0.12978043938640194,0.0,0.0,0.2416440440296889,0.0,-0.23991735104013662,0.0,-0.18869943824935748,0.0,0.0,0.0,0.0,0.0,0.0,0.19995872729441505
2008-02-04,0.0,0.0,0.0,0.12950561906559935,0.0,0.0,0.23828933201227506,0.0,-0.24309795212895954,0.0,-0.19236380176729043,0.0,0.0,0.0,0.0,0.0,0.0,0.19674329502587576
2008-02-05,0.0,0.0,0.0,0.12743158950729072,0.0,0.0,0.2425502624244466,0.0,-0.23662395684786452,0.0,-0.19125810376285254,0.0,0.0,0.0,0.0,0.0,0.0,0.20213608745754563
2008-02-06,0.0,0.0,0.0,0.0,0.0,0.0,0.15463896197766072,0.0,-0.15179441839083702,0.0,-0.12263835358217282,0.0,0.0,0.0,0.0,0.44176645279459725,0.0,0.1291618132547322
2008-02-07,0.0,0.0,0.0,0.12932621875907088,0.0,0.0,0.24226298850898423,0.0,-0.23605101832459902,0.0,-0.18970276423178178,0.0,0.0,0.0,0.0,0.0,0.0,0.20265701017556426
2008-02-08,0.0,0.0,0.0,0.13011083763407083,0.0,0.0,0.24105038651011584,0.0,-0.2430833195881821,0.0,-0.1924756319667296,0.0,0.0,0.0,0.0,0.0,0.0,0.19327982430090154
2008-02-11,0.0,0.0,0.0,0.13008825461077866,0.0,0.0,0.24140474361083125,0.0,-0.24393621228770598,0.0,-0.19309994941522007,0.0,0.0,0.0,0.0,0.0,0.0,0.19147084007546405
2008-02-12,0.0,0.0,0.0,0.1310871875431841,0.0,0.0,0.23819839912144103,0.0,-0.2444999506565975,0.0,-0.1939126930443917,0.0,0.0,0.0,0.0,0.0,0.0,0.19230176963438567
2008-02-13,0.0,0.0,0.0,0.13112239217966687,0.0,0.0,0.25483774725407443,0.0,-0.23743485950047183,0.0,-0.1865349657310315,0.0,0.0,0.0,0.0,0.0,0.0,0.19007003533475525
2008-02-14,0.0,0.0,0.0,0.13591722030555253,0.0,0.0,0.2509041490115405,0.0,-0.2390628148105883,0.0,-0.1864960308908826,0.0,0.0,0.0,0.0,0.0,0.0,0.18761978498143603
2008-02-15,0.0,0.0,0.0,0.13536153756513603,0.0,0.0,0.25111197232954624,0.0,-0.23819969873636931,0.0,-0.18608456311592167,0.0,0.0,0.0,0.0,0.0,0.0,0.1892422282530268
2008-02-19,0.0,0.0,0.0,0.13554067272629644,0.0,0.0,0.2547404663576158,0.0,-0.2400836086914171,0.0,-0.1863372186527233,0.0,0.0,0.0,0.0,0.0,0.0,0.1832980335719474
2008-02-20,0.0,0.0,0.0,0.1358817346347859,0.0,0.0,0.2528490708010165,0.0,-0.24006346901523118,0.0,-0.18597550381378342,0.0,0.0,0.0,0.0,0.0,0.0,0.18523022173518316
2008-02-21,0.0,0.0,0.0,0.1442970730676661,0.0,0.0,0.26280786849332965,0.0,0.0,0.0,-0.19304664205962654,-0.21076827931945635,0.0,0.0,0.0,0.0,0.0,0.18908013705992124
2008-02-22,0.0,0.0,0.0,0.14339120443627007,0.0,0.0,0.26688643525939193,0.0,0.0,0.0,-0.19053731782055325,-0.20782783189143078,0.0,0.0,0.0,0.0,0.0,0.19135721059235397
2008-02-25,0.0,0.0,0.0,0.14760894268550323,0.0,0.0,0.26538215897147627,0.0,0.0,0.0,-0.18878828315582616,-0.20664038874848134,0.0,0.0,0.0,0.0,0.0,0.1915802264387131
2008-02-26,0.0,0.0,0.0,0.14767812332397287,0.0,0.0,0.26769784007223124,0.0,0.0,0.0,-0.18931893506146388,-0.2066161513257953,0.0,0.0,0.0,0.0,0.0,0.1886889502165367
2008-02-27,0.0,0.0,0.0,0.14377516094152565,0.0,0.0,0.253603196858051,0.0,-0.2392459889959016,0.0,-0.1847405328867426,0.0,0.0,0.0,0.0,0.0,0.0,0.1786351203177792
2008-02-28,0.0,0.0,0.0,0.14608974189012516,0.0,0.0,0.255254387466512,0.0,-0.23823792207969458,0.0,-0.1833139121502796,0.0,0.0,0.0,0.0,0.0,0.0,0.17710403641338868
2008-02-29,0.0,0.0,0.0,0.1465445190499478,0.0,0.0,0.25175515230029893,0.0,-0.23745548156585924,0.0,-0.1858949626122576,0.0,0.0,0.0,0.0,0.0,0.0,0.17834988447163647
2008-03-03,0.0,0.0,0.0,0.1461715522076485,0.0,0.0,0.2547964422223276,0.0,-0.2365606773153516,0.0,-0.18508648260950086,0.0,0.0,0.0,0.0,0.0,0.0,0.17738484564517143
2008-03-04,0.0,0.0,0.0,0.14542926329995082,0.0,0.0,0.2505802170803845,0.0,-0.24097000223582674,0.0,-0.18529367993095386,0.0,0.0,0.0,0.0,0.0,0.0,0.17772683745288415
2008-03-05,0.0,0.0,0.0,0.1463899977153307,0.0,0.0,0.24876790788219041,0.0,-0.24450062310157997,0.0,-0.18828515989988348,0.0,0.0,0.0,0.0,0.0,0.0,0.17205631140101538
2008-03-06,0.0,0.0,0.0,0.14548988816549913,0.0,0.0,0.2500624447048996,0.0,-0.24144075152127248,0.0,-0.1872994334710811,0.0,0.0,0.0,0.0,0.0,0.0,0.1757074821372478
2008-03-07,0.0,0.0,0.0,0.14825370185804485,0.0,0.0,0.24834023788411277,0.0,-0.2416448574106052,0.0,-0.18754674018025794,0.0,0.0,0.0,0.0,0.0,0.0,0.17421446266697924
2008-03-10,0.0,0.0,0.0,0.1545901328790787,0.0,0.0,0.25855357522952854,0.0,0.0,0.0,-0.1985277839445275,-0.20477506070081894,0.0,0.0,0.0,0.0,0.0,0.18355344724604641
2008-03-11,0.0,0.0,0.0,0.14858334184806532,0.0,0.0,0.26817103958215727,0.0,0.0,0.0,-0.19148020122722548,-0.19992384884790415,0.0,0.0,0.0,0.0,0.0,0.19184156849464773
2008-03-12,0.0,0.0,0.0,0.1475471697108231,0.0,0.0,0.26928878856589183,0.0,0.0,0.0,-0.19161110669125525,-0.2002675015692566,0.0,0.0,0.0,0.0,0.0,0.19128543346277327
2008-03-13,0.0,0.0,0.0,0.14291527354239425,0.0,0.0,0.2572445220083645,0.0,-0.23391953155904338,0.0,-0.18466136618341458,0.0,0.0,0.0,0.0,0.0,0.0,0.1812593067067832
2008-03-14,0.0,0.0,0.0,0.14725594729455146,0.0,0.0,0.2695326035296123,0.0,0.0,0.0,-0.1887734674333526,-0.1968999841687559,0.0,0.0,0.0,0.0,0.0,0.1975379975737277
2008-03-17,0.0,0.0,0.0,0.1472644214799217,0.0,0.0,0.2805535782314865,0.0,0.0,0.0,-0.1874793394408183,-0.19480206805675332,0.0,0.0,0.0,0.0,0.0,0.18990059279102023
2008-03-18,0.0,0.0,0.0,0.1484003718262411,0.0,0.0,0.2784851024597225,0.0,0.0,0.0,-0.1861145287289291,-0.19166501405784622,0.0,0.0,0.0,0.0,0.0,0.1953349829272611
2008-03-19,0.0,0.0,0.0,0.0,0.0,0.0,0.1797992957097955,0.0,0.0,0.0,-0.12742851725011292,-0.13239537351971084,0.0,0.0,0.0,0.43109373045147553,0.0,0.1292830830689052
2008-03-20,0.0,0.0,0.0,0.0,0.0,0.0,0.17291682858043805,0.0,0.0,0.0,-0.12794495042059037,-0.13346979726566469,0.0,0.0,0.0,0.43520253204376663,0.0,0.1304658916895403
2008-03-24,0.0,0.0,0.0,0.1458395166466962,0.0,0.0,0.2529104559217877,0.0,-0.22645873279118958,0.0,-0.18425440939415072,0.0,0.0,0.0,0.0,0.0,0.0,0.19053688524617585
2008-03-25,0.0,0.0,0.0,0.14622015706694672,0.0,0.0,0.24852154054999293,0.0,-0.22800790540371652,0.0,-0.18634957997261967,0.0,0.0,0.0,0.0,0.0,0.0,0.19090081700672423
2008-03-26,0.0,0.0,0.0,0.14764101206749336,0.0,0.0,0.24937282156372645,0.0,-0.22846193852942545,0.0,-0.1881412962103564,0.0,0.0,0.0,0.0,0.0,0.0,0.18638293162899816
2008-03-27,0.0,0.0,0.0,0.14841839034968482,0.0,0.0,0.24922392710833993,0.0,-0.22849445848800023,0.0,-0.18764086326348306,0.0,0.0,0.0,0.0,0.0,0.0,0.186222360790492
2008-03-28,0.0,0.0,0.0,0.14862516697208522,0.0,0.0,0.24802346789977847,0.0,-0.22860083949256654,0.0,-0.18739052644719303,0.0,0.0,0.0,0.0,0.0,0.0,0.1873599991883767
2008-03-31,0.0,0.0,0.0,0.15014719790008388,0.0,0.0,0.24639061424727052,0.0,-0.22980824663605776,0.0,-0.19071420995817565,0.0,0.0,0.0,0.0,0.0,0.0,0.1829397312584122
2008-04-01,0.0,0.0,0.0,0.15146733330749265,0.0,0.0,0.241365467371329,0.0,-0.22896245049969052,0.0,-0.189895197406432,0.0,0.0,0.0,0.0,0.0,0.0,0.188309551415056
2008-04-02,0.0,0.0,0.0,0.1528737105468811,0.0,0.0,0.2383116596023185,0.0,-0.23099271385428014,0.0,-0.19169677700252005,0.0,0.0,0.0,0.0,0.0,0.0,0.18612513899400038
2008-04-03,0.0,0.0,0.0,0.15129759968740447,0.0,0.0,0.24149133163630507,0.0,-0.22907904576334284,0.0,-0.189959661255716,0.0,0.0,0.0,0.0,0.0,0.0,0.18817236165723147
2008-04-04,0.0,0.0,0.0,0.15136926064872686,0.0,0.0,0.2412242750728568,0.0,-0.22884215136536293,0.0,-0.19116780872244205,0.0,0.0,0.0,0.0,0.0,0.0,0.18739650419061135
2008-04-07,0.0,0.0,0.0,0.15180857382175744,0.0,0.0,0.23932675846233042,0.0,-0.23084163114363218,0.0,-0.19279572464674558,0.0,0.0,0.0,0.0,0.0,0.0,0.1852273119255344
2008-04-08,0.0,0.0,0.0,0.15153492085467993,0.0,0.0,0.23821848017292505,0.0,-0.23052160643466013,0.0,-0.19244669073013243,0.0,0.0,0.0,0.0,0.0,0.0,0.18727830180760255
2008-04-09,0.0,0.0,0.0,0.15067248050831897,0.0,0.0,0.23815074299187308,0.0,-0.2324650783941775,0.0,-0.19305421018445845,0.0,0.0,0.0,0.0,0.0,0.0,0.1856574879211721
2008-04-10,0.0,0.0,0.0,0.15202965376970032,0.0,0.0,0.23730680013651484,0.0,-0.23290743759892185,0.0,-0.1923423964612288,0.0,0.0,0.0,0.0,0.0,0.0,0.1854137120336343
2008-04-11,0.0,0.0,0.0,0.0,0.0,0.0,0.165665080005916,0.0,-0.15981189623578254,0.0,-0.1321298552159541,0.0,0.0,0.0,0.0,0.4133536090837376,0.0,0.12903955945860973
2008-04-14,0.0,0.0,0.0,0.0,0.0,0.0,0.1648982199827609,0.0,-0.15948888761079583,0.0,-0.13279766860489428,0.0,0.0,0.0,0.0,0.4140058765205052,0.0,0.12880934728104368
2008-04-15,0.0,0.0,0.0,0.0,0.0,0.0,0.16539891337027315,0.0,-0.1596630137429491,0.0,-0.13259804899943897,0.0,0.0,0.0,0.0,0.413786253166398,0.0,0.12855377072094087
2008-04-16,0.0,0.0,0.0,0.15480928263788202,0.0,0.0,0.23851277577444222,0.0,-0.22986725121581422,0.0,-0.18966989611415275,0.0,0.0,0.0,0.0,0.0,0.0,0.1871407942577088
2008-04-17,0.0,0.0,0.0,0.15784664572787757,0.0,0.0,0.23829880518375762,0.0,-0.22830426698462628,0.0,-0.18859552730388976,0.0,0.0,0.0,0.0,0.0,0.0,0.18695475479984883
2008-04-18,0.0,0.0,0.0,0.15860953932594749,0.0,0.0,0.23294394812745184,0.0,-0.23268009690123895,0.0,-0.18956578114690958,0.0,0.0,0.0,0.0,0.0,0.0,0.18620063449845226
2008-04-21,0.0,0.0,0.0,0.1591963337785158,0.0,0.0,0.23283509002950079,0.0,-0.23240170673792296,0.0,-0.18991275982192063,0.0,0.0,0.0,0.0,0.0,0.0,0.18565410963213985
2008-04-22,0.0,0.0,0.0,0.16049348622639834,0.0,0.0,0.23301883636927342,0.0,-0.23188798264637026,0.0,-0.18787780541206295,0.0,0.0,0.0,0.0,0.0,0.0,0.18672188934589493
2008-04-23,0.0,0.0,0.0,0.1581141370566735,0.0,0.0,0.22905882310968675,0.0,-0.23425758660639426,0.0,-0.19268694000556746,0.0,0.0,0.0,0.0,0.0,0.0,0.185882513221678
2008-04-24,0.0,0.0,0.0,0.15862978942472128,0.0,0.0,0.23019328422063465,0.0,-0.23430885682596378,0.0,-0.19237378436034794,0.0,0.0,0.0,0.0,0.0,0.0,0.1844942851683324
2008-04-25,0.0,0.0,0.0,0.1591708796217307,0.0,0.0,0.23015125800486647,0.0,-0.23549012886297227,0.0,-0.19226484270950658,0.0,0.0,0.0,0.0,0.0,0.0,0.18292289080092392
2008-04-28,0.0,0.0,0.0,0.15885362306051107,0.0,0.0,0.22963961665085408,0.0,-0.23764765867408918,0.0,-0.19289935393659854,0.0,0.0,0.0,0.0,0.0,0.0,0.18095974767794715
2008-04-29,0.0,0.0,0.0,0.15927374161017852,0.0,0.0,0.22834886199200052,0.0,-0.24001036275611384,0.0,-0.19390990094892993,0.0,0.0,0.0,0.0,0.0,0.0,0.17845713269277716
2008-04-30,0.0,0.0,0.0,0.1587588951544815,0.0,0.0,0.2282397813885249,0.0,-0.24016960488592431,0.0,-0.19475955528393502,0.0,0.0,0.0,0.0,0.0,0.0,0.1780721632871341
2008-05-01,0.0,0.0,0.0,0.1600065333255435,0.0,0.0,0.22279192436999082,0.0,-0.24170982803986096,0.0,-0.19864812866345857,0.0,0.0,0.0,0.0,0.0,0.0,0.17684358560114607
2008-05-02,0.0,0.0,0.0,0.15943173529334534,0.0,0.0,0.2238240293730969,0.0,-0.24174944572687837,0.0,-0.19927003753316752,0.0,0.0,0.0,0.0,0.0,0.0,0.17572475207351176
2008-05-05,0.0,0.0,0.0,0.16022438349269502,0.0,0.0,0.22199613672737456,0.0,-0.24346728217273586,0.0,-0.20066349996939567,0.0,0.0,0.0,0.0,0.0,0.0,0.17364869763779883
2008-05-06,0.0,0.0,0.0,0.16460541705543036,0.0,0.0,0.21759963110192226,0.0,-0.2478741831001753,0.0,-0.19973863603068792,0.0,0.0,0.0,0.0,0.0,0.0,0.17018213271178415
2008-05-07,0.0,0.0,0.0,0.1632163867227756,0.0,0.0,0.2194212110468828,0.0,-0.24517289577924528,0.0,-0.19998134621422325,0.0,0.0,0.0,0.0,0.0,0.0,0.17220816023687313
2008-05-08,0.0,0.0,0.0,0.1634113851702848,0.0,0.0,0.21787006963108843,0.0,-0.24553458839616096,0.0,-0.20116700132926713,0.0,0.0,0.0,0.0,0.0,0.0,0.17201695547319876
2008-05-09,0.0,0.0,0.0,0.16212275856100344,0.0,0.0,0.21764975045471743,0.0,-0.24432371911659956,0.0,-0.2002159763317965,0.0,0.0,0.0,0.0,0.0,0.0,0.17568779553588304
2008-05-12,0.0,0.0,0.0,0.1625967751633282,0.0,0.0,0.21833035810687296,0.0,-0.24423881949796666,0.0,-0.19975894972952019,0.0,0.0,0.0,0.0,0.0,0.0,0.17507509750231184
2008-05-13,0.0,0.0,0.0,0.16256344839746414,0.0,0.0,0.21850225296513756,0.0,-0.24448480089490454,0.0,-0.1993047828844227,0.0,0.0,0.0,0.0,0.0,0.0,0.17514471485807104
2008-05-14,0.0,0.0,0.0,0.1633430783892742,0.0,0.0,0.21784723109580373,0.0,-0.24427314042959974,0.0,-0.2013033362542312,0.0,0.0,0.0,0.0,0.0,0.0,0.1732332138310911
2008-05-15,0.0,0.0,0.0,0.16266102954421255,0.0,0.0,0.21453260452505735,0.0,-0.24461611879387116,0.0,-0.2041280264605685,0.0,0.0,0.0,0.0,0.0,0.0,0.17406222067629037
2008-05-16,0.0,0.0,0.0,0.16319673567314055,0.0,0.0,0.21199544055669986,0.0,-0.2458483537626171,0.0,-0.20491264292658956,0.0,0.0,0.0,0.0,0.0,0.0,0.17404682708095282
2008-05-19,0.0,0.0,0.0,0.16208636355268538,0.0,0.0,0.214838112045886,0.0,-0.24361748486182214,0.0,-0.20307233410378495,0.0,0.0,0.0,0.0,0.0,0.0,0.17638570543582158
2008-05-20,0.0,0.0,0.0,0.16131871462806044,0.0,0.0,0.21530686396580917,0.0,-0.24305905857376742,0.0,-0.20416071064304625,0.0,0.0,0.0,0.0,0.0,0.0,0.17615465218931686
2008-05-21,0.0,0.0,0.0,0.1615461088325267,0.0,0.0,0.21424571768090916,0.0,-0.2427835989334921,0.0,-0.205968284641377,0.0,0.0,0.0,0.0,0.0,0.0,0.17545628991169515
2008-05-22,0.0,0.0,0.0,0.16228483719962675,0.0,0.0,0.213960778793394,0.0,-0.24443470981632962,0.0,-0.20634030192600814,0.0,0.0,0.0,0.0,0.0,0.0,0.17297937226464152
2008-05-23,0.0,0.0,0.0,0.16174053777209113,0.0,0.0,0.21358212311206295,0.0,-0.24353335786516064,0.0,-0.20883280053706443,0.0,0.0,0.0,0.0,0.0,0.0,0.17231118071362075
2008-05-27,0.0,0.0,0.0,0.16292945211276774,0.0,0.0,0.2126197455762661,0.0,-0.2448549158546298,0.0,-0.20907396740129314,0.0,0.0,0.0,0.0,0.0,0.0,0.17052191905504335
2008-05-28,0.0,0.0,0.0,0.16239790036795868,0.0,0.0,0.21329650412601764,0.0,-0.24453965600678151,0.0,-0.2086534917788121,0.0,0.0,0.0,0.0,0.0,0.0,0.17111244772043005
2008-05-29,0.0,0.0,0.0,0.16331596225505396,0.0,0.0,0.2099813940165827,0.0,-0.24656285028224104,0.0,-0.21104359028797995,0.0,0.0,0.0,0.0,0.0,0.0,0.16909620315814222
2008-05-30,0.0,0.0,0.0,0.1659409000317278,0.0,0.0,0.20575320743742803,0.0,-0.2498867478210341,0.0,-0.21115642098697224,0.0,0.0,0.0,0.0,0.0,0.0,0.1672627237228378
2008-06-02,0.0,0.0,0.0,0.1654747884995804,0.0,0.0,0.2064104213887834,0.0,-0.24893017713456955,0.0,-0.21177513597774977,0.0,0.0,0.0,0.0,0.0,0.0,0.16740947699931677
2008-06-03,0.0,0.0,0.0,0.16589711919258576,0.0,0.0,0.2077527570613992,0.0,-0.24793661458660288,0.0,-0.21126345246614248,0.0,0.0,0.0,0.0,0.0,0.0,0.16715005669326954
2008-06-04,0.0,0.0,0.0,0.1650182920378698,0.0,0.0,0.21050240945025403,0.0,-0.2450827915830585,0.0,-0.20866095673663176,0.0,0.0,0.0,0.0,0.0,0.0,0.17073555019218603
2008-06-05,0.0,0.0,0.0,0.1659144431243701,0.0,0.0,0.21080841101406037,0.0,-0.24795495445171706,0.0,-0.21199288559551804,0.0,0.0,0.0,0.0,0.0,0.0,0.16332930581433439
2008-06-06,0.0,0.0,0.0,0.16899886010472803,0.0,0.0,0.21341469766670582,0.0,-0.2476263394775476,0.0,-0.21434434913097247,0.0,0.0,0.0,0.0,0.0,0.0,0.15561575362004595
2008-06-09,0.0,0.0,0.0,0.16958320118798398,0.0,0.0,0.21198425306193436,0.0,-0.24924727718189651,0.0,-0.21584300469660753,0.0,0.0,0.0,0.0,0.0,0.0,0.15334226387157765
2008-06-10,0.0,0.0,0.0,0.0,0.0,0.0,0.1388926124774376,0.0,-0.17890502511871587,0.0,-0.15523594833646567,0.0,0.0,0.0,0.0,0.42518396895149346,0.0,0.10178244511588744
2008-06-11,0.0,0.0,0.0,0.0,0.0,0.0,0.1371747372633279,0.0,-0.17700157702390848,0.0,-0.1528499093962862,0.0,0.0,0.0,0.0,0.43349595761951226,0.0,0.09947781869696512
2008-06-12,0.0,0.0,0.0,0.0,0.0,0.0,0.13773006463450813,0.0,-0.17800233474979224,0.0,-0.1549395870837064,0.0,0.0,0.0,0.0,0.42954330521850326,0.0,0.09978470831349
2008-06-13,0.0,0.0,0.0,0.0,0.0,0.0,0.13679183046909354,0.0,-0.18123564619039903,0.0,-0.15607207538593162,0.0,0.0,0.0,0.0,0.4273719036016242,0.0,0.09852854435295158
2008-06-16,0.0,0.0,0.0,0.0,0.0,0.0,0.1338148510766789,0.0,-0.17909313638237412,0.0,-0.1550558019526654,0.0,0.0,0.0,0.0,0.43253320724075683,0.0,0.09950300334752471
2008-06-17,0.0,0.0,0.0,0.0,0.0,0.0,0.13136632823238825,0.0,-0.19162285477519092,0.0,-0.1642682265078405,0.0,0.0,0.0,0.0,0.4158843249708943,0.0,0.09685826551368597
2008-06-18,0.0,0.0,0.0,0.0,0.0,0.0,0.13364985436535326,0.0,-0.19337373559401863,0.0,-0.1665685555055453,0.0,0.0,0.0,0.0,0.4080636659522471,0.0,0.09834418858283564
2008-06-19,0.0,0.0,0.0,0.0,0.0,0.0,0.13659313005896695,0.0,-0.20162118836208362,0.0,-0.1684269355221859,0.0,0.0,0.0,0.0,0.3986998797662229,0.0,0.09465886629054066
2008-06-20,0.0,0.0,0.0,0.0,0.0,0.0,0.1312236910897867,0.0,-0.19081640045899836,0.0,-0.16574916358359662,0.0,0.0,0.0,0.0,0.42109983693698194,0.0,0.09111090793063631
2008-06-23,0.0,0.0,0.0,0.0,0.0,0.0,0.13306457661099427,0.0,-0.19075896085854863,0.0,-0.16418689870012185,0.0,0.0,0.0,0.0,0.42101753617970855,0.0,0.09097202765062663
2008-06-24,0.0,0.0,0.0,0.0,0.0,0.0,0.13394839496170713,0.0,-0.19234220341560296,0.0,-0.1627083100426869,0.0,0.0,0.0,0.0,0.4179313400126318,0.0,0.09306975156737124
2008-06-25,0.0,0.0,0.0,0.0,0.0,0.0,0.133701906729847,0.0,-0.19351987253476835,0.0,-0.16332902081253944,0.0,0.0,0.0,0.0,0.4175678737569445,0.0,0.09188132616590064
2008-06-26,0.0,0.0,0.0,0.0,0.0,0.0,0.13191903991198187,0.0,-0.18768583930687696,0.0,-0.16371421704793546,0.0,0.0,0.0,0.0,0.4242342227862451,0.0,0.0924466809469605
2008-06-27,0.0,0.0,0.0,0.0,0.0,0.0,0.13242819861815425,0.0,-0.18863558128820684,0.0,-0.16287192151753715,0.0,0.0,0.0,0.0,0.4211522801733485,0.0,0.09491201840275328
2008-06-30,0.0,0.0,0.0,0.0,0.0,0.0,0.13379111332065385,0.0,-0.1942512035903099,0.0,-0.16868144639363233,0.0,0.0,0.0,0.0,0.4126483189141025,0.0,0.09062791778130139
2008-07-01,0.0,0.0,0.0,0.0,0.0,0.0,0.1360802790089472,0.0,-0.1932863539748828,0.0,-0.16788546288746797,0.0,0.0,0.0,0.0,0.41123776755956737,0.0,0.0915101365691346
2008-07-02,0.0,0.0,0.0,0.0,0.0,0.0,0.1375371705787932,0.0,-0.19262903830743663,0.0,-0.16274906816790075,0.0,0.0,0.0,0.0,0.41477077383734706,0.0,0.0923139491085224
2008-07-03,0.0,0.0,0.0,0.0,0.0,0.0,0.13674396257598465,0.0,-0.1921696399133344,0.0,-0.16171672900739145,0.0,0.0,0.0,0.0,0.4172159771979879,0.0,0.09215369130530153
2008-07-07,0.0,0.0,0.0,0.0,0.0,0.0,0.13705388094345167,0.0,-0.19080423864465446,0.0,-0.1611560364003786,0.0,0.0,0.0,0.0,0.41878799022764696,0.0,0.09219785378386829
2008-07-08,0.0,0.0,0.0,0.0,0.0,0.0,0.14115346481733124,0.0,-0.1869115786632091,0.0,-0.15019724119854352,0.0,0.0,0.0,0.0,0.4306873216207046,0.0,0.09105039370021152
2008-07-09,0.0,0.0,0.0,0.0,0.0,0.0,0.1444067522499247,0.0,-0.1820556699422491,0.0,-0.14627043292709438,0.0,0.0,0.0,0.0,0.4352473784794084,0.0,0.09201976640132353
2008-07-10,0.0,0.0,0.0,0.0,0.0,0.0,0.14212016147529716,0.0,-0.18185375620492372,0.0,-0.14666395903661802,0.0,0.0,0.0,0.0,0.4391060269017873,0.0,0.09025609638137379
2008-07-11,0.0,0.0,0.0,0.0,0.0,0.0,0.14130734047391583,0.0,-0.1837541020295369,0.0,-0.14930607274033883,0.0,0.0,0.0,0.0,0.43570545491125434,0.0,0.0899270298449541
2008-07-14,0.0,0.0,0.0,0.0,0.0,0.0,0.14245654614896383,0.0,-0.18399513416921476,0.0,-0.14931322851654213,0.0,0.0,0.0,0.0,0.4333469858623779,0.0,0.09088810530290133
2008-07-15,0.0,0.0,0.0,0.0,0.0,0.0,0.14280272618756026,0.0,-0.18246571771597403,0.0,-0.15023827750647917,0.0,0.0,0.0,0.0,0.4361805038255377,0.0,0.0883127747644488
2008-07-16,0.0,0.0,0.0,0.0,0.0,0.0,0.1442356321905226,0.0,-0.17971714923911083,0.0,-0.14430885532015958,0.0,0.0,0.0,0.0,0.4435402377023419,0.0,0.08819812554786498
2008-07-17,0.0,0.0,0.0,0.0,0.0,0.0,0.14641958616357187,0.0,-0.17747756585922392,0.0,-0.14317541342402137,0.0,0.0,0.0,0.0,0.44524117103816013,0.0,0.08768626351502272
2008-07-18,0.0,0.0,0.0,0.0,0.0,0.0,0.14860570983691854,0.0,-0.17943065651223641,0.0,-0.14385021993907152,0.0,0.0,0.0,0.0,0.4406550123805725,0.0,0.08745840133120095
2008-07-21,0.0,0.0,0.0,0.0,0.0,0.0,0.1483257101929718,0.0,-0.17996903524402372,0.0,-0.14369292637492231,0.0,0.0,0.0,0.0,0.4409154206493903,0.0,0.08709690753869179
2008-07-22,0.0,0.0,0.0,0.0,0.0,0.0,0.14785984913302813,0.0,-0.1775117023190466,0.0,-0.14203890055760704,0.0,0.0,0.0,0.0,0.44533738286020824,0.0,0.08725216513011011
2008-07-23,0.0,0.0,0.0,0.0,0.0,0.0,0.14622560178800897,0.0,-0.17885151812101194,0.0,-0.14319090614138513,0.0,0.0,0.0,0.0,0.44476588011851137,0.0,0.08696609383108268
2008-07-24,0.0,0.0,0.0,0.0,0.0,0.0,0.1488790476192019,0.0,-0.1727795697785084,0.0,-0.1405780927746447,0.0,0.0,0.0,0.0,0.4503792736943279,0.0,0.08738401613331705
2008-07-25,0.0,0.0,0.0,0.0,0.0,0.0,0.14974849399206377,0.0,-0.1750428211340272,0.0,-0.14108721054886342,0.0,0.0,0.0,0.0,0.44607201433549676,0.0,0.08804945998954883
2008-07-28,0.0,0.0,0.0,0.0,0.0,0.0,0.15199159644803523,0.0,-0.1749952204566906,0.0,-0.14090836104683127,0.0,0.0,0.0,0.0,0.44295349410531515,0.0,0.08915132794312759
2008-07-29,0.0,0.0,0.0,0.0,-0.19577743574833273,0.0,0.1458720319330666,0.0,-0.15993085598676743,0.0,0.0,0.0,0.0,0.0,0.0,0.41369073517156457,0.0,0.08472894116026872
2008-07-30,0.0,0.0,0.0,0.0,-0.19586891048501,0.0,0.14621243381796173,0.0,-0.1579545954457962,0.0,0.0,0.0,0.0,0.0,0.0,0.4164056673463168,0.0,0.08355839290491526
2008-07-31,0.0,0.0,0.0,0.0,-0.19473684353118412,0.0,0.15115254138959935,0.0,-0.15865564520646627,0.0,0.0,0.0,0.0,0.0,0.0,0.4122566837106965,0.0,0.0831982861620538
2008-08-01,0.0,0.0,0.0,0.0,-0.19313823471333946,0.0,0.15131591909714304,0.0,-0.15911500761394043,0.0,0.0,0.0,0.0,0.0,0.0,0.41216963924487415,0.0,0.08426119933070284
2008-08-04,0.0,0.0,0.0,0.0,-0.19287736841099343,0.0,0.15201669106456933,0.0,-0.15893519869187944,0.0,0.0,0.0,0.0,0.0,0.0,0.4119463251437561,0.0,0.08422441668880172
2008-08-05,0.0,0.0,0.0,0.0,-0.18903526985871066,0.0,0.15183935903212978,0.0,-0.15647657328283857,0.0,0.0,0.0,0.0,0.0,0.0,0.41677498079669656,0.0,0.08587381702962447
2008-08-06,0.0,0.0,0.0,0.0,-0.19084810839221233,0.0,0.15131775731261005,0.0,-0.1578220065357559,0.0,0.0,0.0,0.0,0.0,0.0,0.4143537628864996,0.0,0.08565836487292212
2008-08-07,0.0,0.0,0.0,0.0,-0.19017547200290053,0.0,0.15419966710141536,0.0,-0.15677366248469646,0.0,0.0,0.0,0.0,0.0,0.0,0.41239730713952616,0.0,0.08645389127146143
2008-08-08,0.0,0.0,0.0,0.0,-0.19147374411872636,0.0,0.1531317337408014,0.0,-0.15374148770418503,0.0,0.0,0.0,0.0,0.0,0.0,0.41591660450345874,0.0,0.08573642993282857
2008-08-11,0.0,0.0,0.0,0.0,-0.19622659389527994,0.0,0.14718250273107597,0.0,-0.15590049024989158,0.0,0.0,0.0,0.0,0.0,0.0,0.4132396220545464,0.0,0.08745079106920604
2008-08-12,0.0,0.0,0.0,0.0,-0.1951651859738667,0.0,0.14796438321605038,0.0,-0.15380876132658072,0.0,0.0,0.0,0.0,0.0,0.0,0.4157369200567986,0.0,0.0873247494267036
2008-08-13,0.0,0.0,0.0,0.0,-0.19375606841567541,0.0,0.14750619477898289,0.0,-0.1544268314922004,0.0,0.0,0.0,0.0,0.0,0.0,0.4172100665232353,0.0,0.08710083878990599
2008-08-14,0.0,0.0,0.0,0.0,-0.19707334344705937,0.0,0.14545642887618593,0.0,-0.15366775052503154,0.0,0.0,0.0,0.0,0.0,0.0,0.4173723449475031,0.0,0.08643013220422016
2008-08-15,0.0,0.0,0.0,0.0,-0.19872019131213584,0.0,0.14631810287073158,0.0,-0.1528733234656896,0.0,0.0,0.0,0.0,0.0,0.0,0.4154920824868403,0.0,0.08659629986460265
2008-08-18,0.0,0.0,0.0,0.0,-0.19893606843783532,0.0,0.1451769262764225,0.0,-0.15211884612895102,0.0,0.0,0.0,0.0,0.0,0.0,0.41702817016276134,0.0,0.08673998899402995
2008-08-19,0.0,0.0,0.0,0.0,-0.19809508452520705,0.0,0.144086382522669,0.0,-0.15114786650892206,0.0,0.0,0.0,0.0,0.0,0.0,0.42018817793600877,0.0,0.08648248850719321
2008-08-20,0.0,0.0,0.0,0.0,-0.19778857648700107,0.0,0.14485931066347135,0.0,-0.15155144123158715,0.0,0.0,0.0,0.0,0.0,0.0,0.41792584041624414,0.0,0.08787483120169633
2008-08-21,0.0,0.0,0.0,0.0,-0.19939612663885653,0.0,0.1407160619576436,0.0,-0.1511483069570514,0.0,0.0,0.0,0.0,0.0,0.0,0.42274951774500985,0.0,0.0859899867014385
2008-08-22,0.0,0.0,0.0,0.0,-0.20037576542736718,0.0,0.14055800510142127,0.0,-0.15163992071678917,0.0,0.0,0.0,0.0,0.0,0.0,0.4242225587968975,0.0,0.0832037499575249
2008-08-25,0.0,0.0,0.0,0.0,-0.1976583358462622,0.0,0.14181958705226347,0.0,-0.1494289997185056,0.0,0.0,0.0,0.0,0.0,0.0,0.4276686371072109,0.0,0.08342444027575778
2008-08-26,0.0,0.0,0.0,0.0,-0.19483864656157796,0.0,0.14016994645802097,0.0,-0.14766347908630933,0.0,0.0,0.0,0.0,0.0,0.0,0.4346091089075185,0.0,0.08271881898657307
2008-08-27,0.0,0.0,0.0,0.0,-0.19216168134989017,0.0,0.1434892250602341,0.0,-0.14672501659237688,0.0,0.0,0.0,0.0,0.0,0.0,0.4345616894585742,0.0,0.0830623875389247
2008-08-28,0.0,0.0,0.0,0.0,-0.19096089896076057,0.0,0.14419695542825545,0.0,-0.14537514886335762,0.0,0.0,0.0,0.0,0.0,0.0,0.4364659656538192,0.0,0.08300103109380726
2008-08-29,0.0,0.0,0.0,0.0,-0.19155909440120641,0.0,0.14422486613676194,0.0,-0.14527603681942605,0.0,0.0,0.0,0.0,0.0,0.0,0.43601092665707125,0.0,0.08292907598553434
2008-09-02,0.0,0.0,0.0,0.0,-0.19086321830007544,0.0,0.14140167012049834,0.0,-0.14643143088940674,0.0,0.0,0.0,0.0,0.0,0.0,0.43879859706804775,0.0,0.08250508362197169
2008-09-03,0.0,0.0,0.0,0.0,-0.1902391098786362,0.0,0.14085316315740362,0.0,-0.1457125577650987,0.0,0.0,0.0,0.0,0.0,0.0,0.440831570101946,0.0,0.0823635990969154
2008-09-04,0.0,0.0,0.0,0.0,-0.20332202301471045,0.0,0.16152681778360295,0.0,-0.16463567648654923,0.0,0.0,0.0,0.0,0.0,0.0,0.0,0.3732581064068139,0.09725737630832355
2008-09-05,0.0,0.0,0.0,0.0,-0.2035816913942487,0.0,0.16092737533442628,0.0,-0.16397534125097388,0.0,0.0,0.0,0.0,0.0,0.0,0.0,0.36955500531423,0.10196058670612121
2008-09-08,0.0,0.0,0.0,0.0,-0.19886413633343267,0.0,0.16332297497321815,0.0,-0.16082842991201635,0.0,0.0,0.0,0.0,0.0,0.0,0.0,0.3730330529935031,0.10395140578782978
2008-09-09,0.0,0.0,0.0,-0.0956369801771092,-0.14520691187120868,0.0,0.0,0.0,0.0,0.0,0.0,0.0,0.0,0.0,0.0,0.4005292149938651,0.2813801289770141,0.07724676398080295
2008-09-10,0.0,0.0,0.0,-0.0951860011522954,-0.1449575113088986,0.0,0.0,0.0,0.0,0.0,0.0,0.0,0.0,0.0,0.0,0.4012843886778382,0.2795321999656476,0.07903989889532027
2008-09-11,0.0,0.0,0.0,-0.09311371179200494,-0.14186517397267995,0.0,0.0,0.0,0.0,0.0,0.0,0.0,0.0,0.0,0.0,0.40775769934351197,0.28004622495908815,0.07721718993271501
2008-09-12,0.0,0.0,0.0,-0.09311031288125295,-0.14281842664312963,0.0,0.0,0.0,0.0,0.0,0.0,0.0,0.0,0.0,0.0,0.40810094897659444,0.27672936426929945,0.07924094722972351
2008-09-15,0.0,0.0,0.0,-0.08938093006079836,-0.14228132523613007,0.0,0.0,0.0,0.0,0.0,0.0,0.0,0.0,0.0,0.0,0.43152891695459156,0.2563785658714,0.08043026187707991
2008-09-16,0.0,0.0,0.0,-0.09066991182075493,-0.1447215179046065,0.0,0.0,0.0,0.0,0.0,0.0,0.0,0.0,0.0,0.0,0.4226425566190975,0.26037635780968243,0.08158965584585871
2008-09-17,0.0,0.0,0.0,-0.12810635845485074,-0.2090037896737179,0.0,0.14443614001836405,0.0,0.0,0.0,0.0,0.0,0.0,0.0,0.0,0.0,0.3961894000308325,0.12226431182223478
2008-09-18,0.0,0.0,0.0,-0.12139023072518818,-0.20107061906770693,0.0,0.14802100058452203,0.0,0.0,0.0,0.0,0.0,0.0,0.0,0.0,0.0,0.40166402941357104,0.12785412020901174
2008-09-19,0.0,0.0,0.0,0.0,-0.18426855092974323,0.0,0.15083485410316208,0.0,-0.16339283098386984,0.0,0.0,0.0,0.0,0.0,0.0,0.0,0.37070963170295973,0.130794132280265
2008-09-22,0.0,0.0,0.0,-0.1143725498554989,-0.19297388215048686,0.0,0.15967912733706205,0.0,0.0,0.0,0.0,0.0,0.0,0.0,0.0,0.0,0.3982360524722661,0.13473838818468611
2008-09-23,0.0,0.0,0.0,-0.11379766632168387,-0.19261718233051955,0.0,0.15966687029432095,0.0,0.0,0.0,0.0,0.0,0.0,0.0,0.0,0.0,0.39925628766300153,0.1346619933904741
2008-09-24,0.0,0.0,0.0,-0.11411620767542471,-0.19328575918131832,0.0,0.15882454324219192,0.0,0.0,0.0,0.0,0.0,0.0,0.0,0.0,0.0,0.3987639957870842,0.13500949411398067
2008-09-25,0.0,0.0,0.0,-0.11186045213910718,-0.19200712180751084,0.0,0.16144953904119053,0.0,0.0,0.0,0.0,0.0,0.0,0.0,0.0,0.0,0.39803167341197543,0.136651213600216
2008-09-26,0.0,0.0,0.0,-0.11085293740286722,-0.19126694664404975,0.0,0.16128171876225936,0.0,0.0,0.0,0.0,0.0,0.0,0.0,0.0,0.0,0.4001510974083582,0.13644729978246548
2008-09-29,0.0,0.0,0.0,-0.11120913975104173,-0.16689077697483765,0.0,0.175485809695933,0.0,0.0,0.0,0.0,0.0,0.0,0.0,0.0,0.0,0.41209858816666234,0.13431568541152525
2008-09-30,0.0,0.0,0.0,-0.11186014054130083,-0.16595171822182822,0.0,0.17736078464398575,0.0,0.0,0.0,0.0,0.0,0.0,0.0,0.0,0.0,0.40948563387362497,0.13534172271926018
2008-10-01,0.0,0.0,0.0,-0.11249484119100583,-0.16684628910663676,0.0,0.17772028868137815,0.0,0.0,0.0,0.0,0.0,0.0,0.0,0.0,0.0,0.4070821966696849,0.13585638435129443
2008-10-02,0.0,0.0,0.0,-0.1094339056490226,-0.16602987142083042,0.0,0.17634020018704327,0.0,0.0,0.0,0.0,0.0,0.0,0.0,0.0,0.0,0.41219604766190826,0.1359999750811955
2008-10-03,0.0,0.0,0.0,-0.10933150424547981,-0.16634230656677204,0.0,0.17669377081043872,0.0,0.0,0.0,0.0,0.0,0.0,0.0,0.0,0.0,0.4113204504590029,0.13631196791830655
2008-10-06,0.0,0.0,0.0,-0.10849725496036387,-0.16364774373895702,0.0,0.1787431366451458,0.0,0.0,0.0,0.0,0.0,0.0,0.0,0.0,0.0,0.4107778500484429,0.13833401460709044
2008-10-07,0.0,0.0,0.0,-0.10671091908991358,-0.1619037126502898,0.0,0.17749818884715549,0.0,0.0,0.0,0.0,0.0,0.0,0.0,0.0,0.0,0.414595950408977,0.13929122900366428
2008-10-08,0.0,0.0,0.0,-0.10749129090260848,-0.16242399857506434,0.0,0.1779970188013932,0.0,0.0,0.0,0.0,0.0,0.0,0.0,0.0,0.0,0.4093590792373013,0.1427286124836327
2008-10-09,0.0,0.0,0.0,-0.10537731991337729,-0.15758388804701073,0.0,0.17909493034288274,0.0,0.0,0.0,0.0,0.0,0.0,0.0,0.0,0.0,0.4145452219559204,0.14339863974080885
2008-10-10,0.0,0.0,0.0,-0.03583372797419688,-0.05314396111967643,0.0,0.0568276357358309,0.0,0.0,0.0,0.0,0.0,0.0,0.0,0.7129738442585654,0.0,0.14122083091173038,0.0
2008-10-13,0.0,0.0,0.0,-0.03143068699297994,-0.04567164114064791,0.0,0.05930172784386406,0.0,0.0,0.0,0.0,0.0,0.0,0.0,0.7178968008719426,0.0,0.14569914315056542,0.0
2008-10-14,0.0,0.0,0.0,-0.031180259284676996,-0.0455168998319187,0.0,0.05914790626268447,0.0,0.0,0.0,0.0,0.0,0.0,0.0,0.7159979423550736,0.0,0.14815699226564608,0.0
2008-10-15,0.0,0.0,0.0,-0.02905130573493459,-0.0429786603269391,0.0,0.05979981238598292,0.0,0.0,0.0,0.0,0.0,0.0,0.0,0.7184147853622649,0.0,0.14975543618987858,0.0
2008-10-16,0.0,0.0,0.0,-0.028743334517085883,-0.04192543371672175,0.0,0.058204379714236254,0.0,0.0,0.0,0.0,0.0,0.0,0.0,0.7218004016565329,0.0,0.1493264503954231,0.0
2008-10-17,0.0,0.0,0.0,-0.028764737798571055,-0.04194527746477418,0.0,0.05801154492695159,0.0,0.0,0.0,0.0,0.0,0.0,0.0,0.7223492271381496,0.0,0.1489292126715536,0.0
2008-10-20,0.0,0.0,0.0,-0.028363145567128746,-0.040944598469437134,0.0,0.05807193840540929,0.0,0.0,0.0,0.0,0.0,0.0,0.0,0.7236885716702471,0.0,0.14893174588777777,0.0
2008-10-21,0.0,0.0,0.0,-0.02807004445980783,-0.04051966503519848,0.0,0.058113677312997755,0.0,0.0,0.0,0.0,0.0,0.0,0.0,0.723938835661412,0.0,0.14935777753058385,0.0
2008-10-22,0.0,0.0,0.0,-0.02409143066885079,-0.03476891089961809,0.0,0.0,0.0,0.0,0.0,0.0,0.0,0.0,0.0,0.6412187642177256,0.17130795520390937,0.12861293900989607,0.0
2008-10-23,0.0,0.0,0.0,-0.02398080768139031,-0.03457297613864293,0.0,0.0,0.0,0.0,0.0,0.0,0.0,0.0,0.0,0.6422793402650938,0.16995634028284223,0.12921053563203064,0.0
2008-10-24,0.0,0.0,0.0,-0.02361402119354356,-0.03423497301001626,0.0,0.0,0.0,0.0,0.0,0.0,0.0,0.0,0.0,0.6497864583338483,0.16283498819375988,0.12952955926883195,0.0
2008-10-27,0.0,0.0,0.0,-0.024049586004381764,-0.03423773835448771,0.0,0.0,0.0,0.0,0.0,0.0,0.0,0.0,0.0,0.6476269382403925,0.16321416516164,0.13087157223909804,0.0
2008-10-28,0.0,0.0,0.0,-0.022189817085442744,-0.03178542704012007,0.0,0.0,0.0,0.0,0.0,0.0,0.0,0.0,0.0,0.6517149471414388,0.16469418842986513,0.1296156203031333,0.0
2008-10-29,0.0,0.0,0.0,-0.022110653174656835,-0.03168250923526581,0.0,0.0,0.0,0.0,0.0,0.0,0.0,0.0,0.0,0.6529474661331747,0.16360764046430773,0.12965173099259494,0.0
2008-10-30,0.0,0.0,0.0,-0.021382594598924817,-0.03152983324763942,0.0,0.0,0.0,0.0,0.0,0.0,0.0,0.0,0.0,0.6538240987948721,0.16419972441659,0.12906374894197362,0.0
2008-10-31,0.0,0.0,0.0,-0.021435201215232125,-0.03155726131569756,0.0,0.0,0.0,0.0,0.0,0.0,0.0,0.0,0.0,0.6550308421461206,0.16421903371715146,0.12775766160579816,0.0
2008-11-03,0.0,0.0,0.0,-0.021507749212707913,-0.03174953764717808,0.0,0.0,0.0,0.0,0.0,0.0,0.0,0.0,0.0,0.6551140272901884,0.16305126171480555,0.12857742413511994,0.0
2008-11-04,0.0,0.0,0.0,-0.021372070608401447,-0.031380511557511113,0.0,0.0,0.0,0.0,0.0,0.0,0.0,0.0,0.0,0.6602880995457859,0.15973296730680542,0.12722635098149615,0.0
2008-11-05,0.0,0.0,0.0,-0.02073931209001373,-0.03102356627640893,0.0,0.0,0.0,0.0,0.0,0.0,0.0,0.0,0.0,0.6600243292603781,0.16037024593495156,0.12784254643824772,0.0
2008-11-06,0.0,0.0,0.0,-0.020665280275990676,-0.030592717624620618,0.0,0.0,0.0,0.0,0.0,0.0,0.0,0.0,0.0,0.6613426269065693,0.16013630277554433,0.12726307241727497,0.0
2008-11-07,0.0,0.0,0.0,-0.02043732350948119,-0.030221168144267615,0.0,0.0,0.0,0.0,0.0,0.0,0.0,0.0,0.0,0.6602728321764719,0.16117833337210516,0.12789034279767406,0.0
2008-11-10,0.0,0.0,0.0,-0.020533525887528194,-0.030369334667976283,0.0,0.0,0.0,0.0,0.0,0.0,0.0,0.0,0.0,0.6578397063759251,0.1622304192147643,0.12902701385380594,0.0
2008-11-11,0.0,0.0,0.0,-0.02043018382942983,-0.030299160173587317,0.0,0.0,0.0,0.0,0.0,0.0,0.0,0.0,0.0,0.6581063029287776,0.16203144799620356,0.12913290507200167,0.0
2008-11-12,0.0,0.0,0.0,-0.02031892003075883,-0.030082165954296566,0.0,0.0,0.0,0.0,0.0,0.0,0.0,0.0,0.0,0.6575378965188348,0.16277944550590445,0.1292815719902055,0.0
2008-11-13,0.0,0.0,0.0,-0.02001971205406842,-0.029734624140689024,0.0,0.0,0.0,0.0,0.0,0.0,0.0,0.0,0.0,0.6582634944924848,0.16515261208760382,0.12682955722515407,0.0
2008-11-14,0.0,0.0,0.0,-0.019878335235550236,-0.02962597242435493,0.0,0.0,0.0,0.0,0.0,0.0,0.0,0.0,0.0,0.6617347888716377,0.16391732466643877,0.12484357880201823,0.0
2008-11-17,0.0,0.0,0.0,-0.019916803294017352,-0.029674700971614898,0.0,0.0,0.0,0.0,0.0,0.0,0.0,0.0,0.0,0.661122641545466,0.16415882826148567,0.12512702592741612,0.0
2008-11-18,0.0,0.0,0.0,-0.019976791907676143,-0.029720772205219043,0.0,0.0,0.0,0.0,0.0,0.0,0.0,0.0,0.0,0.6623913826096489,0.16365300004680247,0.12425805323065328,0.0
2008-11-19,0.0,0.0,0.0,-0.019867318270132113,-0.029477196937129566,0.0,0.0,0.0,0.0,0.0,0.0,0.0,0.0,0.0,0.6655025369748785,0.16441112215259301,0.12074182566526694,0.0
2008-11-20,0.0,0.0,0.0,-0.019989085817298167,-0.029618266955770307,0.0,0.0,0.0,0.0,0.0,0.0,0.0,0.0,0.0,0.6767432475443756,0.16463359355246646,0.10901580613008942,0.0
2008-11-21,0.0,0.0,0.0,-0.02208050251173177,-0.03309110571153925,0.0,0.055652820841928165,0.0,0.0,0.0,0.0,0.0,0.0,0.0,0.7661926020352423,0.0,0.12298296889955856,0.0
2008-11-24,0.0,0.0,0.0,-0.02221156390903091,-0.03308048980265939,0.0,0.056011178650852846,0.0,0.0,0.0,0.0,0.0,0.0,0.0,0.7657450535077543,0.0,0.12295171412970243,0.0
2008-11-25,0.0,0.0,0.0,-0.022321651121684462,-0.033171960350963696,0.0,0.056226653606189496,0.0,0.0,0.0,0.0,0.0,0.0,0.0,0.7685050318817216,0.0,0.1197747030394408,0.0
2008-11-26,0.0,0.0,0.0,-0.022292625218160084,-0.03342850502104229,0.0,0.05668360908788629,0.0,0.0,0.0,0.0,0.0,0.0,0.0,0.7669078372726144,0.0,0.120687423400297,0.0
2008-11-28,0.0,0.0,0.0,-0.02229663905653453,-0.03343661564680101,0.0,0.05671564217256033,0.0,0.0,0.0,0.0,0.0,0.0,0.0,0.767133586318313,0.0,0.12041751680579113,0.0
2008-12-01,0.0,0.0,0.0,-0.02224538610147589,-0.03312303689552474,0.0,0.05596274706336423,0.0,0.0,0.0,0.0,0.0,0.0,0.0,0.7725044272867345,0.0,0.11616440265290068,0.0
2008-12-02,0.0,0.0,0.0,-0.0221274357801697,-0.032818587560005705,0.0,0.05588338644470055,0.0,0.0,0.0,0.0,0.0,0.0,0.0,0.7728830054403752,0.0,0.11628758477474867,0.0
2008-12-03,0.0,0.0,0.0,-0.01990439013781951,-0.02955826428524395,0.0,0.0,0.0,0.0,0.0,0.0,0.0,0.0,0.0,0.6940134750280293,0.1519731939137643,0.10455067663514275,0.0
2008-12-04,0.0,0.0,0.0,-0.019910522439197807,-0.02954375783743425,0.0,0.0,0.0,0.0,0.0,0.0,0.0,0.0,0.0,0.6955912806345199,0.15128147160555402,0.10367296748329385,0.0
2008-12-05,0.0,0.0,0.0,-0.01978418424034197,0.0,0.0,0.0,0.0,0.0,0.0,0.0,0.0,0.0,0.0,0.6926541834751261,0.1509645601096951,0.10227768620252484,-0.034319385972311996
2008-12-08,0.0,0.0,0.0,-0.019812277136150646,0.0,0.0,0.0,0.0,0.0,0.0,0.0,0.0,0.0,0.0,0.6931552509427431,0.1502050653275309,0.10283496374927861,-0.0339924428442967
2008-12-09,0.0,0.0,0.0,-0.019995209928355,0.0,0.0,0.0,0.0,0.0,0.0,0.0,0.0,0.0,0.0,0.6919060267170333,0.1509377578072195,0.10296278955494079,-0.03419821599245146
2008-12-10,0.0,0.0,0.0,-0.02218695662554236,0.0,0.0,0.05646433747298161,0.0,0.0,0.0,0.0,0.0,0.0,0.0,0.7688193913400078,0.0,0.11476604248662144,-0.03776327207484672
2008-12-11,0.0,0.0,0.11917646947483083,-0.018890140604484122,0.0,0.0,0.048370950218587824,0.0,0.0,0.0,0.0,0.0,0.0,-0.03357841413907327,0.6503433125677717,0.0,0.09838859647345263,-0.03125211652179962
2008-12-12,0.0,0.0,0.11367788935568632,-0.018091950271092967,0.0,0.0,0.04625698120364814,0.0,0.0,0.0,0.0,0.0,0.0,-0.03211363230430603,0.6634003982979686,0.0,0.09642643461147207,-0.030032713955825994
2008-12-15,0.0,0.0,0.11204474994688005,-0.01802561811850177,0.0,0.0,0.045957822992525495,0.0,0.0,0.0,0.0,0.0,0.0,-0.03201521270132198,0.66627758136163,0.0,0.09580953067756572,-0.02986948420157501
2008-12-16,0.0,0.0,0.10740481883453763,-0.017560915617298337,0.0,0.0,0.04952450806001225,0.0,0.0,0.0,0.0,0.0,0.0,-0.03086281610886972,0.6732714578071775,0.0,0.09200996748427283,-0.029365516087831868
2008-12-17,0.0,0.0,0.10477508769265047,-0.01760194711010091,0.0,0.0,0.04964433356674724,0.0,0.0,0.0,0.0,0.0,0.0,-0.030802149608484958,0.6773318941343154,0.0,0.09066621325627604,-0.02917837463142496
2008-12-18,0.0,0.0,0.10026392208342308,-0.01694996815543132,0.0,0.0,0.04741001092278327,0.0,0.0,0.0,0.0,0.0,0.0,-0.02937346667986623,0.6895721641787684,0.0,0.08878237501147691,-0.027648092968250843
2008-12-19,0.0,0.0,0.10057979989585816,-0.017059843690073746,0.0,0.0,0.04808726981920181,0.0,0.0,0.0,0.0,0.0,0.0,-0.029404953155233622,0.6877456584851913,0.0,0.08894683579101224,-0.028175639163429186
2008-12-22,0.0,0.0,0.10158289981470263,-0.017187815127044256,0.0,0.0,0.04844789428519793,0.0,0.0,0.0,0.0,0.0,0.0,-0.029962982496692585,0.6853878235725465,0.0,0.08940303516694535,-0.028027549536870717
2008-12-23,0.0,0.0,0.10109119578830102,-0.01710798933027113,0.0,0.0,0.04832055175316767,0.0,0.0,0.0,0.0,0.0,0.0,-0.030219307015440535,0.6865227680087521,0.0,0.0888532620446718,-0.02788492605939566
2008-12-24,0.0,0.0,0.09458046962833987,-0.016015272922101177,0.0,0.0,0.0,0.0,0.0,0.0,0.0,0.0,0.0,-0.028143648880461544,0.6467932053500539,0.10552040230838772,0.0828363198192374,-0.02611068109141841
2008-12-26,0.0,0.0,0.10140388331512216,-0.0170699115698308,0.0,0.0,0.04757758770376106,0.0,0.0,0.0,0.0,0.0,0.0,-0.029937043200749493,0.6880137045316095,0.0,0.08822416879242319,-0.02777370088650373
2008-12-29,0.0,0.0,0.10094441272779474,-0.01656124841270672,0.0,0.0,0.04577092188617814,0.0,0.0,0.0,0.0,0.0,0.0,-0.02963802051478367,0.6945543135526122,0.0,0.08578546021317514,-0.026745622692749504
2008-12-30,0.0,0.0,0.09712942007304246,-0.016061804591939805,0.0,0.0,0.045321201779723375,0.0,0.0,0.0,0.0,0.0,0.0,-0.02873000993096316,0.7013638895411071,0.0,0.08509349056492958,-0.026300183518294665
2008-12-31,0.0,0.0,0.09588384820716123,-0.01590763529037452,0.0,0.0,0.04491933387086439,0.0,0.0,0.0,0.0,0.0,0.0,-0.028412600757615432,0.7074299046737289,0.0,0.08245085182630833,-0.024995825373947164
2009-01-02,0.0,0.0,0.10090092456391753,-0.016938816203580107,0.0,0.0,0.04854133880764801,0.0,0.0,0.0,0.0,0.0,0.0,-0.030172970977323306,0.6930748622503705,0.0,0.08452202994388625,-0.025849057253274393
2009-01-05,0.0,0.0,0.09605180806556458,-0.016266799242405382,0.0,0.0,0.0,0.0,0.0,0.0,0.0,0.0,0.08494743501402115,-0.029034225942688376,0.6703136634896324,0.0,0.0788476990460076,-0.024538369199680495
2009-01-06,0.0,0.0,0.0,-0.0171245794521979,0.0,0.0,0.04860964306169966,0.0,0.0,0.0,0.0,0.0,0.08943222927161171,-0.030885770363317754,0.705587553000301,0.0,0.08260883975276147,-0.025751385098110393
2009-01-07,0.0,0.0,0.09518746007423336,-0.01638630689189979,0.0,0.0,0.0,0.0,0.0,0.0,0.0,0.0,0.08570494993064308,-0.02957138221286417,0.6706326180650171,0.0,0.07875649171525934,-0.023760791110083033
2009-01-08,0.0,0.0,0.09956968343018427,-0.01563627391947677,0.0,0.0,0.0,0.0,0.0,0.0,0.0,0.0,0.08199918945223873,-0.02825555691542724,0.6759916527661488,0.0,0.07587534956577308,-0.02267229395075122
2009-01-09,0.0,0.0,0.09889668425278832,-0.015711536142285484,0.0,0.0,0.0,0.0,0.0,0.0,0.0,0.0,0.08451243897437731,-0.028748763295414842,0.6735590745455509,0.0,0.07594209363811728,-0.022629409151465996
2009-01-12,0.0,0.0,0.10119562739084494,-0.015282943191229865,0.0,0.0,0.0,0.0,0.0,0.0,0.0,0.0,0.09932975757672272,-0.028091693098814288,0.6599062548457505,0.0,0.07417063963414908,-0.022023084262488692
2009-01-13,0.0,0.0,0.0,-0.015284695609292038,0.0,0.0,0.0,0.0,0.0,0.0,0.0,0.0,0.11242445627434976,-0.026478509205822162,0.6584995557974336,0.0970571812856157,0.06981194175417514,-0.02044366007331167
2009-01-14,0.0,0.0,0.0,-0.015211851122168723,0.0,0.0,0.0,0.0,0.0,0.0,0.0,0.0,0.11513991454921756,-0.026219384051167097,0.6537831273813166,0.09997696167454366,0.06927458756946364,-0.020394173652122663
2009-01-15,0.0,0.0,0.0,-0.015794347352942745,0.0,0.0,0.0,0.0,0.0,0.0,0.0,0.0,0.11315385033273433,-0.027102306202879015,0.6574141426481253,0.09822750347191196,0.06810792681860685,-0.020199923172799835
2009-01-16,0.0,0.0,0.10338071871350109,-0.015733868942410797,0.0,0.0,0.0,0.0,0.0,0.0,0.0,0.0,0.11274971746294633,-0.027502592749757634,0.653721987568555,0.0,0.06686733589798759,-0.020043778664841534
2009-01-20,0.0,0.0,0.0,-0.01571093267996149,0.0,0.0,0.0,0.0,0.0,0.0,0.0,0.0,0.11159028870506037,-0.027083226259400326,0.6592742581199454,0.0985627557261552,0.06762248921293815,-0.020156049296539146
2009-01-21,0.0,0.0,0.10404900187270032,-0.015670390778994476,0.0,0.0,0.0,0.0,0.0,0.0,0.0,0.0,0.11932037217878864,-0.026723594078046323,0.6500695178627599,0.0,0.06448171047726303,-0.019685412751447307
2009-01-22,0.0,0.0,0.10383994871935967,-0.01573509622328737,0.0,0.0,0.0,0.0,0.0,0.0,0.0,0.0,0.11883715341837238,-0.02667753879104335,0.6522310904000137,0.0,0.0630652018581733,-0.01961397058975033
2009-01-23,0.0,0.0,0.0,-0.01704917077970793,0.0,0.0,0.047122728034059445,0.0,0.0,0.0,0.0,0.0,0.1272134258056133,-0.028851117799015225,0.6921128915195851,0.0,0.06714831087374877,-0.020502355188270316
2009-01-26,0.0,0.0,0.11472218106738097,-0.017389025218497074,0.0,0.0,0.048261831270342476,0.0,0.0,0.0,0.0,0.0,0.0,-0.02943603748392443,0.7009814022714156,0.0,0.06823036229560431,-0.02097916039283513
2009-01-27,0.0,0.0,0.10730731047354655,-0.016569993194231674,0.0,0.0,0.0,0.0,0.0,0.0,0.0,0.0,0.11540989891478978,-0.028315946055061502,0.6503056700823967,0.0,0.06276277015235138,-0.019328411127622538
2009-01-28,0.0,0.0,0.10608369337653803,-0.016259669695117947,0.0,0.0,0.0,0.0,0.0,0.0,0.0,0.0,0.11409786958260623,-0.02800676640247522,0.6561254068984661,0.0,0.0603638784185165,-0.01906271562628001
2009-01-29,0.0,0.0,0.0,-0.018840165145857606,0.0,0.0,0.04731564640624813,0.0,0.0,0.0,0.0,0.0,0.12076765929553547,-0.03355441267300694,0.6948190009912434,0.0,0.06407259240665394,-0.020630523081454556
2009-01-30,0.0,0.0,0.0,-0.018836725627609473,0.0,0.0,0.04697342583098658,0.0,0.0,0.0,0.0,0.0,0.12289220875870445,-0.033654470103225385,0.6929412768591163,0.0,0.06393931367366346,-0.020762579146694403
2009-02-02,0.0,0.0,0.0,-0.01965682652032435,0.0,0.0,0.04656083519992971,0.0,0.0,0.0,0.0,0.0,0.12338897314846026,-0.033948333600461095,0.6921000126246556,0.0,0.06359307164740939,-0.020751947258759708
2009-02-03,0.0,0.0,0.0,-0.01968718698312477,0.0,0.0,0.04708161200554148,0.0,0.0,0.0,0.0,0.0,0.12401821703285577,-0.03406716213239335,0.6912328567338704,0.0,0.06302113940068826,-0.02089182571152607
2009-02-04,0.0,0.0,0.0,-0.019695340260325704,0.0,0.0,0.04712286179842134,0.0,0.0,0.0,0.0,0.0,0.12454241795108584,-0.03408266528927005,0.6905153306965202,0.0,0.06299984355709776,-0.021041540447279045
2009-02-05,0.0,0.0,0.0,-0.02002562997948243,0.0,0.0,0.04946719567122716,0.0,0.0,0.0,0.0,0.0,0.12275642103201977,-0.0349432961874797,0.6879889695029437,0.0,0.06324067989222247,-0.02157780773462474
2009-02-06,0.0,0.0,0.0,-0.020766790785442902,0.0,0.0,0.05018016554630675,0.0,0.0,0.0,0.0,0.0,0.12530601842180064,-0.034742816498812126,0.6848614550038734,0.0,0.06263093565461454,-0.02151181808914978
2009-02-09,0.0,0.0,0.0,-0.01973723085870382,0.0,0.0,0.0,0.0,0.0,0.0,0.0,0.0,0.11842299385982064,-0.033757986888029445,0.6447840936986078,0.10366010561227117,0.05911619583793541,-0.020521393244631824
2009-02-10,0.0,0.0,0.0,-0.021455309454113797,0.0,0.0,0.05056233581424221,0.0,0.0,0.0,0.0,0.0,0.0,-0.036668152512174194,0.6939805128459829,0.11207348125894177,0.06321898469914164,-0.022041223415403426
2009-02-11,0.0,0.0,0.0,-0.020615371285498226,0.0,0.0,0.04849539950708737,0.0,0.0,0.0,0.0,0.0,0.12410207400377785,-0.035332622687028595,0.6894557358083023,0.0,0.06071168465646886,-0.021287112051836695
2009-02-12,0.0,0.0,0.0,-0.0209256381442718,0.0,0.0,0.0490799357409381,0.0,0.0,0.0,0.0,0.0,0.12426995418025356,-0.03540420700670627,0.6882447796173737,0.0,0.060563911940414945,-0.021511573370041597
2009-02-13,0.0,0.0,0.0,-0.0214742314103274,0.0,0.0,0.05023506704846903,0.0,0.0,0.0,0.0,0.0,0.12363136156384144,-0.0365320991299669,0.6868591574665315,0.0,0.05953436376517958,-0.021733719615684217
2009-02-17,0.0,0.0,0.0,-0.022417456806029145,0.0,0.0,0.05007103444998003,0.0,0.0,0.0,0.0,0.0,0.12415949245545381,-0.036543237531216126,0.6860001633910443,0.0,0.05910525269983838,-0.021703362666438217
2009-02-18,0.0,0.0,0.0,-0.023494340477575242,0.0,0.0,0.05040676094549724,0.0,0.0,0.0,0.0,0.0,0.12435516467359058,-0.03708671924209913,0.6828298360555909,0.0,0.05981745575915652,-0.022009722846490477
2009-02-19,0.0,0.0,0.0,-0.023408390468705145,0.0,0.0,0.05009708505408241,0.0,0.0,0.0,0.0,0.0,0.12286472633323846,-0.03696511817973503,0.6861291674285153,0.0,0.05900727547804368,-0.021528237057680005
2009-02-20,0.0,0.0,0.0,-0.02364643598210312,0.0,0.0,0.050481709292276314,0.0,0.0,0.0,0.0,0.0,0.0,-0.03790827708067579,0.6954366735615726,0.1109322644661884,0.059818737666982785,-0.021775901950201033
2009-02-23,0.0,0.0,0.0,-0.02430263654180247,0.0,0.0,0.05023086393708597,0.0,0.0,0.0,0.0,0.0,0.0,-0.03723850200108359,0.6960141426380527,0.11027834798301375,0.06032303761302423,-0.021612469285937175
2009-02-24,0.0,0.0,0.0,-0.02404412631297667,0.0,0.0,0.04794404511667032,0.0,0.0,0.0,0.0,0.0,0.12156104237537706,-0.03610806182471144,0.6857355918513317,0.0,0.06327695881674411,-0.02133017370218873
2009-02-25,0.0,0.0,0.0,-0.02640840937235701,0.0,0.0,0.05247981141018676,0.0,0.0,0.0,0.0,0.0,0.0,-0.03742386528649828,0.6886073809567471,0.10989433487446795,0.0639179986370753,-0.021268199462667566
2009-02-26,0.0,0.0,0.0,-0.02628898710623655,0.0,0.0,0.05187419061773685,0.0,0.0,0.0,0.0,0.0,0.0,-0.038261040506985845,0.6887232130078651,0.11106884249245379,0.06272787627211661,-0.021055849996605435
2009-02-27,0.0,0.0,0.0,-0.02607770066071043,0.0,0.0,0.05137960289638952,0.0,0.0,0.0,0.0,0.0,0.11606052513174703,-0.03791609650911123,0.6835675932624903,0.0,0.06386764052336437,-0.02113084101618706
2009-03-02,0.0,0.0,0.0,-0.026174253119703006,0.0,0.0,0.05063344849881657,0.0,0.0,0.0,0.0,0.0,0.0,-0.03674961425072048,0.6906617582938018,0.11206527424806684,0.06285649614036226,-0.020859155448528812
2009-03-03,0.0,0.0,0.0,-0.02461081786185371,0.0,0.0,0.0,0.0,0.0,0.0,0.0,0.0,0.10849735937095438,-0.034545469173210795,0.648108807856678,0.10530515319696894,0.05930714730882447,-0.01962524523150963
2009-03-04,0.0,0.0,0.0,-0.025060228376624197,0.0,0.0,0.0,0.0,0.0,0.0,0.0,0.0,0.1096257044622143,-0.03427398866478241,0.642557267300944,0.10806375032789117,0.061503958028159965,-0.018915102839384156
2009-03-05,0.0,0.0,0.0,-0.02713833493318503,0.0,0.0,0.05351344871851685,0.0,0.0,0.0,0.0,0.0,0.0,-0.036448551735598515,0.6832429050243223,0.11548539623358932,0.06395518551799963,-0.02021617783678838
2009-03-06,0.0,0.0,0.0,0.0,-0.03518565855473558,0.0,0.053106697891959286,0.0,0.0,0.0,0.0,0.0,0.11698465945112461,-0.03601966312526734,0.6758058377557642,0.0,0.06314845694329059,-0.01974902627785833
2009-03-09,0.0,0.0,0.0,0.0,-0.03533582140948786,0.0,0.052779486186169566,0.0,0.0,0.0,0.0,0.0,0.0,-0.03587525622380568,0.6751087187259524,0.1166664104834458,0.06417658954193622,-0.02005771742920266
2009-03-10,0.0,0.0,0.0,0.0,-0.034145666144298065,0.0,0.052577299346738667,0.0,0.0,0.0,0.0,0.0,0.10703825312000251,-0.03534785023956784,0.685875983137887,0.0,0.06470138296044986,-0.020313565051056144
2009-03-11,0.0,0.0,0.0,0.0,-0.03472803233999837,0.0,0.05256384482353115,0.0,0.0,0.0,0.0,0.0,0.10734854135297095,-0.03566046991027606,0.6855888566611512,0.0,0.06390680133169217,-0.02020345358038009
2009-03-12,0.0,0.0,0.0,0.0,-0.03326026971165228,0.0,0.050260264109581856,0.0,0.0,0.0,0.0,0.0,0.0,-0.03427408150147471,0.6880627499853804,0.11245048953932373,0.06247562027296495,-0.019216524879622086
2009-03-13,0.0,0.0,0.0,0.0,-0.03169989630927562,0.0,0.0,0.0,0.0,0.0,0.0,0.0,0.09749991639924244,-0.033397809185742706,0.6531410919393217,0.10694256914661798,0.05905235008970212,-0.018266366930097575
2009-03-16,0.0,0.0,0.0,0.0,-0.03120299934711079,0.0,0.0,0.0,0.0,0.0,0.0,0.0,0.09624999478988654,-0.03281966559817575,0.6565883692323711,0.10692771766956688,0.057818721947388796,-0.018392531415500183
2009-03-17,0.0,0.0,0.0,0.0,-0.030959491211529154,0.0,0.0,0.0,0.0,0.0,0.0,0.0,0.09638151814667732,-0.03278431995775044,0.6568434507297634,0.10704978706209704,0.05773934203685914,-0.018242090855323568
2009-03-18,0.0,0.0,0.0,0.0,-0.03265743110608382,0.0,0.0,0.0,0.0,0.0,0.0,0.0,0.09834383609231248,-0.034703460813604474,0.6565569574777219,0.0995358178041986,0.058722977124804926,-0.019479519581273818
2009-03-19,0.0,0.0,0.0,0.0,-0.03509133496601618,0.0,0.05339868902652096,0.0,0.0,0.0,0.0,0.0,0.0,-0.03766808022915934,0.6776525889004382,0.11381828259592104,0.06223458709061664,-0.020136437191327797
2009-03-20,0.0,0.0,0.0,0.0,-0.03454343990931827,0.0,0.0526352957977952,0.0,0.0,0.0,0.0,0.0,0.0,-0.03733422050368916,0.6758238238492119,0.11658014386020436,0.06311739707086021,-0.01996567900892092
2009-03-23,0.0,0.0,0.0,0.0,-0.03309036886296359,0.0,0.05286280196299275,0.0,0.0,0.0,0.0,0.0,0.0,-0.03597795370922828,0.6761651645126997,0.11727894630587028,0.06442873072375425,-0.020196033922491082
2009-03-24,0.0,0.0,0.0,0.0,-0.03279673516273462,0.0,0.05288709265838111,0.0,0.0,0.0,0.0,0.0,0.0,-0.035879150733573395,0.6729033176764414,0.12134528030913905,0.06401608892722294,-0.020172334532507316
2009-03-25,0.0,0.0,0.0,0.0,-0.03237504001146925,0.0,0.05230877694813762,0.0,0.0,0.0,0.0,0.0,0.0,-0.03536226704477024,0.6756187477710632,0.1208102772562962,0.0631283175691347,-0.020396573399129026
2009-03-26,0.0,0.0,0.0,0.0,-0.03254349804715977,0.0,0.052846397748399984,0.0,0.0,0.0,0.0,0.0,0.0,-0.03557021808706438,0.6755075914085799,0.11989615644619009,0.06311162686426602,-0.020524511398340016
2009-03-27,0.0,0.0,0.0,0.0,-0.03235234520555826,0.0,0.052708951495106,0.0,0.0,0.0,0.0,0.0,0.0,-0.03554749212764905,0.6759717022863301,0.11992537819504583,0.06298487806192873,-0.020509252628382144
2009-03-30,0.0,0.0,0.0,0.0,-0.031919412429232547,0.0,0.0533457915976029,0.0,0.0,0.0,0.0,0.0,0.0,-0.03534476482581007,0.676567706249112,0.11980913508190001,0.06289796123621443,-0.020115228580127934
2009-03-31,0.0,0.0,0.0,0.0,-0.031445443750190594,0.0,0.05301290105040528,0.0,0.0,0.0,0.0,0.0,0.0,-0.035010143042511786,0.6794451018376249,0.11863198143023429,0.062221805190016126,-0.020232623699017155
2009-04-01,0.0,0.0,0.0,0.0,-0.031322741902002765,0.0,0.052667417734274295,0.0,0.0,0.0,0.0,0.0,0.0,-0.03457464170866874,0.6779351375663761,0.12150046205853526,0.061867431709219364,-0.020132167320923516
2009-04-02,0.0,0.0,0.0,0.0,-0.031056007123419483,0.0,0.05229931610822648,0.0,0.0,0.0,0.0,0.0,0.0,-0.03468708188993735,0.676606936578709,0.12188673913552317,0.06300473627256047,-0.020459182891623996
2009-04-03,0.0,0.0,0.0,0.0,-0.02865740224149864,0.0,0.04796760802961276,0.0,0.0,0.0,0.0,0.0,0.0,-0.03185359176605729,0.6959313004562412,0.11781046012700734,0.058496507188213184,-0.019283130191369534
2009-04-06,0.0,0.0,0.0,0.0,-0.028194218112317652,0.0,0.04690282059567244,0.0,0.0,0.0,0.0,0.0,0.0,-0.03139350095141335,0.6990199999423179,0.11637921429156964,0.058958277095812285,-0.01915196901089671
2009-04-07,0.0,0.0,0.0,0.0,-0.028122722688638538,0.0,0.0466016352957658,0.0,0.0,0.0,0.0,0.0,0.0,-0.03131735027145146,0.6988708879965084,0.11702076580115153,0.0590543876146089,-0.01901225033187537
2009-04-08,0.0,0.0,0.0,0.0,-0.02650617256300192,0.0,0.0,0.0,0.0,0.0,0.0,0.0,0.09977452017493288,-0.029550928237838166,0.6599859206337295,0.10990381320610142,0.0554550606859379,-0.018823584498458053
2009-04-09,0.0,0.0,0.0,0.0,-0.02651019689942769,0.0,0.0,0.0,0.0,0.0,0.0,0.0,0.10034164529788878,-0.029424019700925473,0.6583757975461744,0.11113509950203314,0.05544413162720183,-0.018769109426348688
2009-04-13,0.0,0.0,0.0,0.0,-0.028625490473046522,0.0,0.04833338613741706,0.0,0.0,0.0,0.0,0.0,0.0,-0.03147249922717307,0.6925281871000211,0.11990443572716993,0.05909360635523651,-0.020042394979935648
2009-04-14,0.0,0.0,0.0,0.0,-0.02715389736648335,0.0,0.0,0.0,0.0,0.0,0.0,0.0,0.10235020771806533,-0.029821238958303308,0.6518703676055417,0.1136344056617258,0.05601413601885218,-0.019155746671028238
2009-04-15,0.0,0.0,0.0,0.0,-0.027224383715938702,0.0,0.0,0.0,0.0,0.0,0.0,0.0,0.10158121337025063,-0.029959808809353495,0.6520270399859502,0.11379162310533364,0.05610158870933824,-0.019314342303835077
2009-04-16,0.0,0.0,0.0,0.0,-0.02768378592282188,0.0,0.0,0.0,0.0,0.0,0.0,0.0,0.10154826410344805,-0.030435491827557965,0.650617319457174,0.11359093191310886,0.05676592498300226,-0.019358281792886917
2009-04-17,0.0,0.0,0.0,0.0,-0.027746769959839407,0.0,0.0,0.0,0.0,0.0,0.0,0.0,0.10179601467375404,-0.03061721790963754,0.6516705330819809,0.11197951051652205,0.05670088777572561,-0.019489066082540387
2009-04-20,0.0,0.0,0.0,0.0,-0.027423261733117297,0.0,0.0,0.0,0.0,0.0,0.0,0.0,0.10191143380767984,-0.030189764387433995,0.6519404818621075,0.11275246230389295,0.05673487754226117,-0.019047718363507153
2009-04-21,0.0,0.0,0.0,0.0,-0.028682291158547372,0.0,0.0,0.0,0.0,0.0,0.0,0.0,0.10383599801682637,-0.031785349717755866,0.6485841643300878,0.11182745429198439,0.05622546542018084,-0.019059277064617356
2009-04-22,0.0,0.0,0.0,0.0,-0.028844181023182217,0.0,0.0,0.0,0.0,0.0,0.0,0.0,0.10235318384782205,-0.03217290512281445,0.6456100790110088,0.1143123166709521,0.05738958890063914,-0.019317745423581258
2009-04-23,0.0,0.0,0.0,0.0,-0.030535606243118168,0.0,0.050098137423500465,0.0,0.0,0.0,0.0,0.0,0.0,-0.0340194656433056,0.6826167768225102,0.12059273828215326,0.061632927791963985,-0.02050434779344831
2009-04-24,0.0,0.0,0.0,0.0,-0.030381896671647403,0.0,0.05293798825403222,0.0,0.0,0.0,0.0,0.0,0.0,-0.03389486912904681,0.6803051338260215,0.12029933273094441,0.06131531089889578,-0.020865468489411964
2009-04-27,0.0,0.0,0.0,0.0,-0.03040067662640972,0.0,0.05280136519073879,0.0,0.0,0.0,0.0,0.0,0.0,-0.03381395699406153,0.6804252533049862,0.12045175423555511,0.061339086023805015,-0.020767907624443693
2009-04-28,0.0,0.0,0.0,0.0,-0.03036753226690266,0.0,0.0523353680799647,0.0,0.0,0.0,0.0,0.0,0.0,-0.03370270780932246,0.6787389543681662,0.12133865204785786,0.06206464047746485,-0.02145214495032124
2009-04-29,0.0,0.0,0.0,0.0,-0.03040206201889256,0.0,0.05241078628568953,0.0,0.0,0.0,0.0,0.0,0.0,-0.03390291750859296,0.6776318679322494,0.12079647531623547,0.06349199676489158,-0.021363894173448476
2009-04-30,0.0,0.0,0.0,0.0,-0.03068208817031924,0.0,0.052329971263793,0.0,0.0,0.0,0.0,0.0,0.0,-0.03435600612684395,0.6785026409413184,0.11902117816409305,0.06402812426970723,-0.021079991063925038
2009-05-01,0.0,0.0,0.0,0.0,-0.03075430077103971,0.0,0.053174495834006553,0.0,0.0,0.0,0.0,0.0,0.0,-0.03435440428001577,0.6789352178317498,0.11770967676650286,0.06407343200320101,-0.020998472513484398
2009-05-04,0.0,0.0,0.0,0.0,-0.0301711462703744,0.0,0.053585531885721585,0.0,0.0,0.0,0.0,0.0,0.0,-0.033789573227375816,0.6791565815785727,0.1174244704097499,0.06496688938796566,-0.020905807240239927
2009-05-05,0.0,0.0,0.0,0.0,-0.030155511958209168,0.0,0.05323101127829797,0.0,0.0,0.0,0.0,0.0,0.0,-0.033706418078213216,0.6788389785715954,0.1169258737338912,0.06636984206111622,-0.020772364318676826
2009-05-06,0.0,0.0,0.0,0.0,-0.029743365943533752,0.0,0.05249321868073473,0.0,0.0,0.0,0.0,0.0,0.0,-0.033189485344767844,0.6826138712159184,0.11569763238188004,0.06579675330512563,-0.020465673128039836
2009-05-07,0.0,0.0,0.0,0.0,-0.03135756736289411,0.07631112349007119,0.05567063884798633,0.0,0.0,0.0,0.0,0.0,0.0,-0.03489220439568582,0.7125947590519601,0.0,0.06751637876777553,-0.02165732808362685
2009-05-08,0.0,0.0,0.0,0.0,-0.03098200856333067,0.07639186829736438,0.055720173950125323,0.0,0.0,0.0,0.0,0.0,0.0,-0.03473464410890818,0.7129766832336312,0.0,0.06755318089936185,-0.02164144094727847
2009-05-11,0.0,0.0,0.0,0.0,-0.031057133622775776,0.07730384633622374,0.05668411420157388,0.0,0.0,0.0,0.0,0.0,0.0,-0.03475785821986088,0.7107938120303419,0.0,0.06754453551234582,-0.02185870007687804
2009-05-12,0.0,0.0,0.0,0.0,-0.031217115842785966,0.07583734903947537,0.05595584457564413,0.0,0.0,0.0,0.0,0.0,0.0,-0.03488678754272503,0.7129074737690789,0.0,0.06757079420868246,-0.021624635021608184
2009-05-13,0.0,0.0,0.0,0.0,-0.029388506694480752,0.0,0.054400463924723516,0.0,0.0,0.0,0.0,0.0,0.0,-0.03284214413965809,0.6801334825661798,0.11780385414448656,0.06468738070961243,-0.020744167820858857
2009-05-14,0.0,0.0,0.0,0.0,-0.029235024123765774,0.0,0.05433024132750885,0.0,0.0,0.0,0.0,0.0,0.0,-0.03266365045603441,0.6816549757350586,0.11694347101933161,0.06452920825212484,-0.020643429086175842
2009-05-15,0.0,0.0,0.0,0.0,-0.028718459923695275,0.0,0.05335719928552418,0.0,0.0,0.0,0.0,0.0,0.0,-0.032193208033078555,0.6846133947132615,0.11516922150121109,0.06577241459630018,-0.02017610194692919
2009-05-18,0.0,0.0,0.0,0.0,-0.028455672182814144,0.0,0.05333159474062901,0.0,0.0,0.0,0.0,0.0,0.0,-0.031858693267314886,0.6872055786193656,0.11216167188780198,0.06670395760513674,-0.020282831696937606
2009-05-19,0.0,0.0,0.0,0.0,-0.028080135214131947,0.0,0.05306173081930029,0.0,0.0,0.0,0.0,0.0,0.0,-0.031480650662332875,0.6897632534557125,0.11150102363858269,0.0659826719366879,-0.02013053427325176
2009-05-20,0.0,0.0,0.0,0.0,-0.028261851743453095,0.0,0.05318138654777994,0.0,0.0,0.0,0.0,0.0,0.0,-0.03159641222513204,0.68755268944026,0.11194534713365371,0.06693311743404248,-0.020529195475678663
2009-05-21,0.0,0.0,0.0,0.0,-0.029704913350740988,0.07641454674060037,0.05609877473963573,0.0,0.0,0.0,0.0,0.0,0.0,-0.03315905245119422,0.714998495837556,0.0,0.06814706296193197,-0.021477153918340826
2009-05-22,0.0,0.0,0.09206394096559319,0.0,-0.029746909321104208,0.0,0.05494977140400169,0.0,0.0,0.0,0.0,0.0,0.0,-0.03432053422956725,0.7006925625470347,0.0,0.06687742050463008,-0.02134886102806874
2009-05-26,0.0,0.0,0.0,0.0,-0.03069074237260742,0.07849506998228674,0.058193503322126784,0.0,0.0,0.0,0.0,0.0,0.0,-0.03555931094532321,0.7077136311964063,0.0,0.06738400820788856,-0.021963733973360867
2009-05-27,0.0,0.0,0.0,0.0,-0.03025573392073641,0.07886013678857702,0.057727188490415894,0.0,0.0,0.0,0.0,0.0,0.0,-0.034745091571180685,0.7110034196528358,0.0,0.06544228280449622,-0.021966146771757997
2009-05-28,0.0,0.0,0.0,0.0,-0.02924109844773815,0.0,0.055532403991064766,0.0,0.0,0.0,0.0,0.0,0.11107328770814681,-0.033537252680168377,0.6867349052341448,0.0,0.06248420469827966,-0.021396847240457557
2009-05-29,0.0,0.0,0.0,0.0,-0.029562705303380805,0.0,0.05534985659452022,0.0,0.0,0.0,0.0,0.0,0.1099793482945171,-0.03395801417524025,0.6885698172286869,0.0,0.060967050083264876,-0.02161320832038985
2009-06-01,0.0,0.0,0.0,0.0,-0.030330386075293668,0.0,0.054850773033966405,0.0,0.0,0.0,0.0,0.0,0.1073741414682808,-0.03489937721029639,0.691736689161119,0.0,0.05805608713829229,-0.022752545912751346
2009-06-02,0.0,0.0,0.0,0.0,-0.030278029808702905,0.0,0.05488604713061997,0.0,0.0,0.0,0.0,0.0,0.10704613062099713,-0.03474073666511978,0.6924107250725248,0.0,0.05780000945111761,-0.02283832125091791
2009-06-03,0.0,0.0,0.0,0.0,-0.030582938842890133,0.0,0.054633095868350856,0.0,0.0,0.0,0.0,0.0,0.10770965380446275,-0.03571408513430956,0.6895222030256504,0.0,0.0579804297928745,-0.02385759353146187
2009-06-04,0.0,0.0,0.0,0.0,-0.03131909383142482,0.0,0.056011871881460375,0.0,0.0,0.0,0.0,0.0,0.10667652250752484,-0.03699180759555444,0.6861439658891926,0.0,0.05901606775685809,-0.023840670537984963
2009-06-05,0.0,0.0,0.0,0.0,-0.03649066642257442,0.0,0.06343461775981889,0.0,0.0,0.0,0.0,0.0,0.12396917468918188,-0.04296902211505228,0.6357454669728809,0.0,0.06900267564405235,-0.028388376396439288
2009-06-08,0.0,0.0,0.0,0.0,-0.03672751204308464,0.0,0.06389077950871394,0.0,0.0,0.0,0.0,0.0,0.14452768564880314,-0.0435626474520359,0.6146300307063634,0.0,0.06843752092857673,-0.02822382371242231
2009-06-09,0.0,0.0,0.0,0.0,-0.03881040328117142,0.0,0.06631374610637114,0.0,0.0,0.0,0.0,0.0,0.1492303803351004,-0.045216205486508836,0.6023380955546312,0.0,0.0695904493953068,-0.028500719840910363
2009-06-10,0.0,0.0,0.0,0.0,-0.03875184979941757,0.0,0.06663635464261647,0.0,0.0,0.0,0.0,0.0,0.14841912461335233,-0.0451488518767822,0.6022005989163933,0.0,0.06940606636422923,-0.029437153787208875
2009-06-11,0.0,0.0,0.0,0.0,-0.03906517351078293,0.0,0.0683638661966722,0.0,-0.037335424910425956,0.0,0.0,0.0,0.14923683494896145,0.0,0.6058571273182981,0.0,0.069322294603572,-0.03081927851128731
2009-06-12,0.0,0.0,0.0,0.0,-0.03875402949314046,0.0,0.06700120829745664,0.0,0.0,0.0,0.0,0.0,0.14922934598693444,-0.04481854942200745,0.6008904292694461,0.0,0.06849091329002145,-0.030815524240993368
2009-06-15,0.0,0.0,0.0,0.0,-0.03798825444852648,0.0,0.06711489569381275,0.0,-0.03687340048634232,0.0,0.0,0.0,0.1502384237763183,0.0,0.6076518343693246,0.0,0.069273674771728,-0.03085951645394781
2009-06-16,0.0,0.0,0.0,0.0,-0.03795481550863417,0.0,0.06679837283742165,0.0,0.0,0.0,0.0,0.0,0.15002044608047868,-0.0440714568912803,0.6022003581670685,0.0,0.06780497815566175,-0.03114957235945484
2009-06-17,0.0,0.0,0.0,0.0,-0.03607175859990106,0.0,0.0664915768763901,0.0,0.0,0.0,0.0,0.0,0.1574193878290699,-0.04171609370522287,0.5997826787020356,0.0,0.06919810927850505,-0.02932039500887529
2009-06-18,0.0,0.0,0.0,0.0,-0.036501077213823,0.0,0.06777329571857987,0.0,0.0,0.0,0.0,0.0,0.1509730423279743,-0.04218375137198439,0.6033933723942002,0.0,0.06936185192390425,-0.02981360904953399
2009-06-19,0.0,0.0,0.0,0.0,-0.03638692130295181,0.0,0.06755745381310131,0.0,0.0,0.0,0.0,0.0,0.15347691140092998,-0.0422076653226598,0.6028686509824099,0.0,0.06805463823162657,-0.02944775894632068
2009-06-22,0.0,0.0,0.0,0.0,-0.03838629103777056,0.0,0.06771588724474914,0.0,0.0,0.0,0.0,0.0,0.15336710751944116,-0.04415636381454409,0.5996359318462604,0.0,0.06775077541622186,-0.02898764312101273
2009-06-23,0.0,0.0,0.0,0.0,-0.03899757266685129,0.0,0.06794266793719075,0.0,-0.039218398583280675,0.0,0.0,0.0,0.15624817508320776,0.0,0.601676441728078,0.0,0.06727559312507864,-0.028641150876312887
2009-06-24,0.0,0.0,0.0,0.0,-0.039014463015096965,0.0,0.0681413563071864,0.0,-0.03924396453419202,0.0,0.0,0.0,0.15728179373599147,0.0,0.6003324928955479,0.0,0.06738206565949476,-0.028603863852490443
2009-06-25,0.0,0.0,0.0,0.0,-0.03915712296529958,0.0,0.06832503794538165,0.0,-0.03958167526273908,0.0,0.0,0.0,0.157216791077958,0.0,0.5997988722062705,0.0,0.06709478486105054,-0.02882571568130076
2009-06-26,0.0,0.0,0.0,0.0,-0.03998681892516331,0.0,0.06887800049913914,0.0,-0.039767149402053614,0.0,0.0,0.0,0.1568742644412511,0.0,0.5981182058290906,0.0,0.06715716861952022,-0.02921839228378204
2009-06-29,0.0,0.0,0.0,0.0,-0.04006050350187878,0.0888407103911973,0.0,0.0,0.0,0.0,0.0,0.0,0.1515029188430667,-0.04471941296312084,0.580217146321292,0.0,0.06495811752217855,-0.029701190457265898
2009-06-30,0.0,0.0,0.09896717426911004,0.0,-0.0394787963170116,0.0,0.0,0.0,0.0,0.0,0.0,0.0,0.15060894476251796,-0.04379944420560798,0.5742296533356763,0.0,0.06396197531663514,-0.028954011793441058
2009-07-01,0.0,0.0,0.0,0.0,-0.04046761956296597,0.08915122662275407,0.0,0.0,-0.04002301131768786,0.0,0.0,0.0,0.15333858518194607,0.0,0.5819681057155396,0.0,0.06553180640769718,-0.029519645191409323
2009-07-02,0.0,0.0,0.0,0.0,-0.04072190121448182,0.09076558668346187,0.0,0.0,-0.03930961602656935,0.0,0.0,0.0,0.15196006087065397,0.0,0.5811418748735416,0.0,0.0653092528323999,-0.030791707498891454
2009-07-06,0.0,0.0,0.0,0.0,-0.04001486358924785,0.08910055927827969,0.0,0.0,-0.038734522605637374,0.0,0.0,0.0,0.15192277652352285,0.0,0.5850079674763292,0.0,0.06556199317784091,-0.02965731734914207
2009-07-07,0.0,0.0,0.0,0.0,-0.03977036133314964,0.0918488166738642,0.0,0.0,-0.038384832017689295,0.0,0.0,0.0,0.15039030985808888,0.0,0.5848541103110511,0.0,0.06522117672548049,-0.029530393080676377
2009-07-08,0.0,0.0,0.09732570684923227,0.0,-0.040358753355083515,0.0,0.0,0.0,-0.039018792860634595,0.0,0.0,0.0,0.14832318555382717,0.0,0.581052997514159,0.0,0.06409580698925685,-0.0298247568778066
2009-07-09,0.0,0.0,0.09652796547913872,0.0,-0.04024465448669019,0.0,0.0,0.0,-0.0389567099622485,0.0,0.0,0.0,0.15140648318672123,0.0,0.5791140006598215,0.0,0.06388354629264267,-0.029866639932737252
2009-07-10,0.0,0.0,0.0,0.0,-0.040552269810564444,0.0908955114287702,0.0,0.0,-0.041478291423635995,0.0,0.0,0.0,0.15223982167025546,0.0,0.5806168259964536,0.0,0.06389778509341006,-0.030319494576910366
2009-07-13,0.0,0.0,0.0,0.0,-0.03976189066521105,0.09391062898473328,0.0,0.0,-0.040141368805198384,0.0,0.0,0.0,0.15323675410127005,0.0,0.5794401419436164,0.0,0.06319318961831845,-0.03031602588165235
2009-07-14,0.0,0.0,0.0,0.0,-0.03980261096518007,0.09553698245310716,0.0,0.0,-0.04094376471401405,0.0,0.0,0.0,0.1525332409841944,0.0,0.5784656560150806,0.0,0.06237041196294223,-0.03034733290548149
2009-07-15,0.0,0.0,0.0,0.0,-0.03958846810147543,0.10053038818251053,0.0,0.0,0.0,0.0,0.0,0.0,0.1517736155200679,-0.045247125323157056,0.5714766426853299,0.0,0.061230598311559595,-0.03015316187589942
2009-07-16,0.0,0.0,0.0,0.0,-0.03982809076069876,0.10109280610066998,0.0,0.0,-0.04136989160455627,0.0,0.0,0.0,0.1515413041513049,0.0,0.5745443078212739,0.0,0.061268442768369936,-0.03035515679312633
2009-07-17,0.0,0.0,0.0,0.0,-0.039604959000441906,0.10064201172811084,0.0,0.0,0.0,0.0,0.0,0.0,0.1501752424134062,-0.04468811405252176,0.5742246382650295,0.0,0.060595584841636484,-0.030069449698853407
2009-07-20,0.0,0.0,0.0,0.0,-0.040777725429468406,0.10137724061794655,0.0,0.0,-0.04432759514454673,0.0,0.0,0.0,0.15002568721613085,0.0,0.5702547277966555,0.0,0.06067833046825755,-0.03255869332699423
2009-07-21,0.0,0.0,0.0,0.0,-0.0415983607593767,0.10224351950329957,0.0,0.0,-0.04568099567750608,0.0,0.0,0.0,0.14424523670706066,0.0,0.5731445432397482,0.0,0.06016415606267206,-0.032923188050336755
2009-07-22,0.0,0.0,0.0,0.0,-0.04174978785846425,0.102249975521967,0.0,0.0,-0.045959337464967,0.0,0.0,0.0,0.14427949443329177,0.0,0.5727549893648003,0.0,0.06008688039873097,-0.03291953495777871
2009-07-23,0.0,0.0,0.0,0.0,-0.04232776551743647,0.10489604661583586,0.0,0.0,-0.04560654112614946,0.0,0.0,0.0,0.145098153855992,0.0,0.5694550520606112,0.0,0.059633486068745495,-0.03298295475522956
2009-07-24,0.0,0.0,0.0,0.0,-0.04244384112425877,0.10537529489356512,0.0,0.0,-0.045867261410330616,0.0,0.0,0.0,0.14492902775501187,0.0,0.5682439578475292,0.0,0.059692061405725944,-0.033448555563578446
2009-07-27,0.0,0.0,0.0,0.0,-0.04247606666654816,0.1069157823906367,0.0,0.0,-0.045944888825084455,0.0,0.0,0.0,0.1439952569622845,0.0,0.5676096372028991,0.0,0.05920878942612489,-0.03384957852642211
2009-07-28,0.0,0.0,0.0,0.0,-0.042352032707947906,0.1075885029814745,0.0,0.0,0.0,0.0,0.0,0.0,0.14368357670991497,-0.04778150031056223,0.565829098710546,0.0,0.059230862727736526,-0.03353442585181797
2009-07-29,0.0,0.0,0.0,0.0,-0.0429612698569544,0.10734782327473752,0.0,0.0,-0.04639140688826272,0.0,0.0,0.0,0.14386354786449404,0.0,0.5682638127199595,0.0,0.059576186223793806,-0.031595953171798016
2009-07-30,0.0,0.0,0.0,0.0,-0.04222675987637961,0.11801477881487667,0.0,0.0,-0.04562770404570229,0.0,0.0,0.0,0.14177948988786268,0.0,0.5640227538255059,0.0,0.058334386066124455,-0.029994127483548235
2009-07-31,0.0,0.0,0.0,0.0,-0.04468913539903833,0.0,0.07743078596393727,0.0,-0.0484043891280643,0.0,0.0,0.0,0.14480383468371907,0.0,0.5921050552165708,0.0,0.06082933830614319,-0.0317374613025271
2009-08-03,0.0,0.0,0.0,0.0,0.0,0.23173838539950634,0.14921133715539298,0.0,-0.09436312471330616,0.0,0.0,-0.08723118892742336,0.2643903345777142,0.0,0.0,0.0,0.11331172525700334,-0.05975390396965352
2009-08-04,0.0,0.0,0.0,0.0,-0.08562442848697857,0.2441274247776343,0.14710577977958628,0.0,-0.09327113374476877,0.0,0.0,0.0,0.25892508791209334,0.0,0.0,0.0,0.11168640050647494,-0.05925974479246371
2009-08-05,0.0,0.0,0.0,0.0,0.0,0.2408476379045281,0.14908469818024123,0.0,-0.09462423814479694,0.0,0.0,-0.08538580246983596,0.2592163060574882,0.0,0.0,0.0,0.11052033889320119,-0.060320978349908655
2009-08-06,0.0,0.0,0.0,0.0,0.0,0.23968599810898045,0.14717074872223662,0.0,-0.0938785947430449,0.0,0.0,-0.08503885012329791,0.26265488673203247,0.0,0.0,0.0,0.11200611439361968,-0.05956480717678795
2009-08-07,0.0,0.0,0.0,0.0,0.0,0.12236870383227841,0.07443709775875833,0.0,-0.049219167699255356,0.0,0.0,-0.043340626180703376,0.1344623023978952,0.0,0.5456915322334578,0.0,0.0,-0.03048056989765167
2009-08-10,0.0,0.0,0.18890790102541807,0.0,0.0,0.2178367111219261,0.1317946809133486,0.0,-0.09024980362698463,0.0,0.0,-0.07741727563130987,0.23945233770699745,0.0,0.0,0.0,0.0,-0.05434128997401533
2009-08-11,0.0,0.0,0.0,0.0,0.0,0.2421857420976396,0.14540070437846803,0.0,-0.09785155440362495,0.0,0.0,-0.08446710201219446,0.26088429331564883,0.0,0.0,0.0,0.11024014694109119,-0.058970456851332904
2009-08-12,0.0,0.0,0.18730399965213357,0.0,0.0,0.22090250289110785,0.13247293570399807,0.0,-0.09163409561828927,0.0,0.0,-0.081842987730037,0.23208604581969197,0.0,0.0,0.0,0.0,-0.053757432584742415
2009-08-13,0.0,0.0,0.2185106749089024,0.0,0.0,0.0,0.15386330884881658,0.0,0.0,0.0,-0.08697547109145043,-0.09561554974798417,0.2661609771148204,0.0,0.0,0.0,0.11619110355138684,-0.06268291473663931
2009-08-14,0.0,0.0,0.19514929240871803,0.0,0.0,0.2239059501204258,0.1347362978155564,0.0,0.0,0.0,-0.0753468943867008,-0.08288889877930297,0.23376382127990752,0.0,0.0,0.0,0.0,-0.054208845209388415
2009-08-17,0.0,0.0,0.2223559567078413,0.0,0.0,0.0,0.15240493946888034,0.0,0.0,0.0,-0.08605950608166224,-0.09439711491135992,0.26604802669254674,0.0,0.0,0.0,0.11587433023721115,-0.06286012590049843
2009-08-18,0.0,0.0,0.22269407748076667,0.0,0.0,0.0,0.15290676992242702,0.0,0.0,0.0,-0.0859358209808285,-0.09432019828603636,0.26616771498357883,0.0,0.0,0.0,0.11604871031497863,-0.06192670803138415
2009-08-19,0.0,0.0,0.22535606539791125,0.0,0.0,0.0,0.1538168285218082,0.0,0.0,0.0,-0.08566866242390077,-0.09322412245650835,0.26518641606506094,0.0,0.0,0.0,0.11536568888072339,-0.06138221625408723
2009-08-20,0.0,0.0,0.2177419987008935,0.0,0.0,0.0,0.15174801749254305,0.0,-0.10330090793844458,0.0,0.0,-0.09089145797735676,0.2629773863326277,0.0,0.0,0.0,0.11419082761491024,-0.05914940394322419
2009-08-21,0.0,0.0,0.19391391763392668,0.0,0.0,0.21632130212836614,0.1328157343224874,0.0,-0.09078479474086017,0.0,0.0,-0.080755475852418,0.23276413956073513,0.0,0.0,0.0,0.0,-0.05264463576120644
2009-08-24,0.0,0.0,0.2183436918432578,0.0,0.0,0.0,0.14729725601477553,0.0,-0.10403354346517471,0.0,0.0,-0.09734979616237568,0.2611622115340908,0.0,0.0,0.0,0.11249084121170533,-0.0593226597686202
2009-08-25,0.0,0.0,0.21716955972476962,0.0,0.0,0.0,0.14570623864397292,0.0,-0.10522323542382675,0.0,0.0,-0.09733602941390963,0.2633016491791841,0.0,0.0,0.0,0.11315819649700358,-0.058105091117333536
2009-08-26,0.0,0.0,0.2176882616314694,0.0,0.0,0.0,0.146201539294654,0.0,-0.10581869963860807,0.0,0.0,-0.09708096739459098,0.26117967616238114,0.0,0.0,0.0,0.11378669121470343,-0.05824416466359291
2009-08-27,0.0,0.0,0.2191702034892909,0.0,0.0,0.0,0.14714764820874535,0.0,-0.10376689622139436,0.0,0.0,-0.09555713621291176,0.2635049370213221,0.0,0.0,0.0,0.1139407304633791,-0.05691244838295654
2009-08-28,0.0,0.0,0.21642446690117573,0.0,0.0,0.0,0.14527466032334663,0.0,-0.10381190677194918,0.0,0.0,-0.09849927750956125,0.2602147734873544,0.0,0.0,0.0,0.11882946476095509,-0.05694545024565782
2009-08-31,0.0,0.0,0.22018706219308865,0.0,0.0,0.0,0.1476376360767837,0.0,0.0,0.0,-0.08995302398849472,-0.09963668597790712,0.26562121718431125,0.0,0.0,0.0,0.12061129852475344,-0.05635307605466104
2009-09-01,0.0,0.0,0.22012200682316144,0.0,0.0,0.0,0.15268560506820958,0.0,0.0,0.0,-0.08767486945675544,-0.09770821111515858,0.2638207989587222,0.0,0.0,0.0,0.12101919904005441,-0.05696930953793853
2009-09-02,0.0,0.0,0.21803103188700534,0.0,0.0,0.0,0.14832632409771876,0.0,-0.10339476311624693,0.0,-0.08707047073094969,0.0,0.2634411385968197,0.0,0.0,0.0,0.12209169412158102,-0.05764457744967845
2009-09-03,0.0,0.0,0.20740252250390584,0.0,0.0,0.20734208279941801,0.1364563421238082,0.0,-0.08995132396714603,0.0,-0.07573488013672489,0.0,0.23278857325832464,0.0,0.0,0.0,0.0,-0.05032427521067251
2009-09-04,0.0,0.0,0.20621871097076785,0.0,0.0,0.2111565866012468,0.1357981424288958,0.0,-0.08909272564884436,0.0,-0.07537433948680969,0.0,0.23230120419433473,0.0,0.0,0.0,0.0,-0.050058290669100766
2009-09-08,0.0,0.0,0.20567888445494759,0.0,0.0,0.21104942787563352,0.13610549382528678,0.0,-0.0889163642305548,0.0,-0.07513463980813595,0.0,0.23444040839451813,0.0,0.0,0.0,0.0,-0.048674781410923164
2009-09-09,0.0,0.0,0.24635787873426102,0.07643363034598874,0.0,0.0,0.15753443138506495,0.0,-0.10289908273329691,0.0,-0.08696316480475696,0.0,0.27305853271388697,0.0,0.0,0.0,0.0,-0.056753279282744463
2009-09-10,0.0,0.0,0.2517419141858069,0.07659399062214609,0.0,0.0,0.15649555506736726,0.0,-0.10204304774664205,0.0,-0.08630389713403062,0.0,0.2701363973244925,0.0,0.0,0.0,0.0,-0.056685197919514485
2009-09-11,0.0,0.0,0.2505499146295027,0.0772249032416453,0.0,0.0,0.15974813307757865,0.0,-0.10205687089934112,0.0,-0.08634521158337778,0.0,0.26855045612260026,0.0,0.0,0.0,0.0,-0.05552451044595407
2009-09-14,0.0,0.0,0.21716950557912887,0.0,0.0,0.2111261461745869,0.1361440431570935,0.0,-0.08927240323890416,0.0,-0.07453111988907495,0.0,0.22451724911655707,0.0,0.0,0.0,0.0,-0.04723953284465469
2009-09-15,0.0,0.0,0.2530210652017526,0.07939790975371142,0.0,0.0,0.15845813662881497,0.0,-0.10525969846643765,0.0,-0.08784358516039568,0.0,0.26154055301760565,0.0,0.0,0.0,0.0,-0.054479051771282004
2009-09-16,0.0,0.0,0.0,0.07882650575227867,0.0,0.25724060367234913,0.1572516778121543,0.0,-0.10445704624173123,0.0,-0.08686942327462958,0.0,0.26115785519828816,0.0,0.0,0.0,0.0,-0.054196888048568766
2009-09-17,0.0,0.0,0.0,0.0779751881886931,0.0,0.2533927795529292,0.0,0.15188808782665777,-0.10335708472091995,0.0,-0.08591503275453406,0.0,0.27379716350567335,0.0,0.0,0.0,0.0,-0.053674663450592484
2009-09-18,0.0,0.0,0.0,0.07732757619002015,0.0,0.2579078812202553,0.15405844665321264,0.0,-0.10248836043739389,0.0,-0.08520095698525584,0.0,0.2695187481180971,0.0,0.0,0.0,0.0,-0.0534980303957651
2009-09-21,0.0,0.0,0.2089530094048926,0.0,0.0,0.2212854280527002,0.13272486048775717,0.0,-0.09052017869448203,0.0,-0.07436985879006426,0.0,0.22668497214649397,0.0,0.0,0.0,0.0,-0.045461692423609666
2009-09-22,0.0,0.0,0.20587939918469889,0.0,0.0,0.23170343092744244,0.12877997153382317,0.0,-0.08893022713549052,0.0,-0.07367011366075887,0.0,0.22628369953168984,0.0,0.0,0.0,0.0,-0.044753158026096286
2009-09-23,0.0,0.0,0.0,0.07731339044543963,0.0,0.27027018531056524,0.14910099763907916,0.0,-0.1028721762347736,0.0,-0.08507973882514386,0.0,0.26472492270935644,0.0,0.0,0.0,0.0,-0.05063858883564206
2009-09-24,0.0,0.0,0.0,0.0775515832783304,0.0,0.2691028948903225,0.14689384057846544,0.0,-0.10283820248479421,0.0,-0.08517331140964128,0.0,0.2680779050181237,0.0,0.0,0.0,0.0,-0.05036226234032262
2009-09-25,0.0,0.0,0.0,0.0,0.0,0.26381530797252994,0.1344998522844876,0.13679248643287573,-0.09446511367114616,0.0,-0.07811156760146871,0.0,0.24592918631245128,0.0,0.0,0.0,0.0,-0.0463864857250405
2009-09-28,0.0,0.0,0.0,0.0,0.0,0.2646936448344188,0.13449389101303869,0.13769703495524246,-0.09373373063154744,0.0,-0.07670130521866042,0.0,0.2459305430576839,0.0,0.0,0.0,0.0,-0.04674985028940832
2009-09-29,0.0,0.0,0.0,0.07634747380833491,0.0,0.28249974152942253,0.0,0.14725105164209884,-0.10068524128758767,0.0,-0.08217202662840385,0.0,0.260873352968951,0.0,0.0,0.0,0.0,-0.05017111213520125
2009-09-30,0.0,0.0,0.0,0.07754166387947298,0.0,0.27769882540529955,0.0,0.14856110742438913,-0.10113485728850376,0.0,-0.0826085094917616,0.0,0.26348133448257816,0.0,0.0,0.0,0.0,-0.048973702027994816
2009-10-01,0.0,0.0,0.2059321556025762,0.0,0.0,0.24153676341948496,0.12796423073153063,0.0,-0.08921878734301436,0.0,-0.07198089424563621,0.0,0.22003351479942113,0.0,0.0,0.0,0.0,-0.043333653858336665
2009-10-02,0.0,0.0,0.0,0.078588878147627,0.0,0.2814576648753906,0.14938860996459294,0.0,-0.10343556206674634,0.0,-0.08387496324494419,0.0,0.25199720991840857,0.0,0.0,0.0,0.0,-0.05125711178229049
2009-10-05,0.0,0.0,0.0,0.07907967846181246,0.0,0.2824330473111923,0.1463219197499456,0.0,-0.10442336250335037,0.0,-0.0846292664419926,0.0,0.2516041062125481,0.0,0.0,0.0,0.0,-0.05150861931915861
2009-10-06,0.0,0.0,0.0,0.0828892110826166,0.0,0.292665965670896,0.0,0.0,-0.10924530017100914,0.0,-0.08828596959880722,0.0,0.267648409454588,0.10441098618722573,0.0,0.0,0.0,-0.05485415783485725
2009-10-07,0.0,0.0,0.0,0.03477986686231088,0.0,0.1242566629046398,0.0,0.0,0.0,0.0,0.0,0.0,0.11075269365016853,0.04359152106146074,-0.6118632942162022,0.0,-0.0519404960765878,-0.022815465228630098
2009-10-08,0.0,0.0,0.0,0.03649052710550038,0.0,0.1338908354088107,0.0,0.06945379012447543,0.0,0.0,0.0,0.0,0.0,0.045651191153077926,-0.6367199048719595,0.0,-0.054024838309572,-0.023768913026604027
2009-10-09,0.0,0.0,0.0,0.0369356583098182,0.0,0.13542653236778465,0.0,0.07028020995395373,0.0,0.0,0.0,0.0,0.0,0.04618351695660017,-0.6342298085843314,0.0,-0.052919552611843584,-0.02402472121566829
2009-10-12,0.0,0.0,0.0,0.037062335201681604,0.0,0.1357761504168659,0.0,0.07043996869405893,0.0,0.0,0.0,0.0,0.0,0.04632481186038875,-0.6322943573068319,0.0,-0.05402579601835684,-0.024076580501816134
2009-10-13,0.0,0.0,0.0,0.037289999901928016,0.0,0.12654707263152762,0.0,0.0,0.0,0.0,-0.03876426039611093,0.0,0.10864886754232489,0.04337274108531552,-0.6225264064902755,0.0,0.0,-0.022850651952517596
2009-10-14,0.0,0.0,0.0,0.03576055226515263,0.0,0.12625276796024607,0.0,0.0,0.0,0.0,0.0,0.0,0.10722553409864921,0.04283338027848099,-0.6139834994742294,0.0,-0.05144891992306872,-0.022495346000172976
2009-10-15,0.0,0.0,0.0,0.03807891759285416,0.049285209280662455,0.1342824822938472,0.0,0.0,0.0,0.0,0.0,0.0,0.0,0.045971133014161135,-0.652847500192674,0.0,-0.05574969214226748,-0.0237850654835336
2009-10-16,0.0,0.0,0.0,0.03819488855386035,0.0,0.12997566588547296,0.0,0.0716655401404838,0.0,0.0,0.0,0.0,0.0,0.045488335332971946,-0.6370128733432942,0.0,-0.05437907438686584,-0.023283622357051035
2009-10-19,0.0,0.0,0.0,0.03753768534259172,0.0,0.1295724569384056,0.0,0.07108567872716155,0.0,0.0,0.0,0.0,0.0,0.04497200388259041,-0.6386725314613875,0.0,-0.055099860791547196,-0.02305978285631611
2009-10-20,0.0,0.0,0.0,0.03720532809067632,0.0,0.12956708099618,0.0,0.07101527891044394,0.0,0.0,0.0,0.0,0.0,0.044806186370021095,-0.6390538287723495,0.0,-0.05534324009819337,-0.023009056762135837
2009-10-21,0.0,0.0,0.0,0.03744745938348297,0.0,0.1271976376531565,0.060994533148546914,0.0,0.0,0.0,0.0,0.0,0.0,0.04392815865473699,-0.6516963153064268,0.0,-0.05597660390259862,-0.02275929195105128
2009-10-22,0.0,0.0,0.0,0.03744356590347971,0.0,0.12605011856160853,0.060959826030799635,0.0,0.0,0.0,0.0,0.0,0.0,0.043934261128509344,-0.6529773152335518,0.0,-0.05586110944197137,-0.022773803700079576
2009-10-23,0.0,0.0,0.0,0.037966600464485196,0.0,0.1288318072147168,0.061783489622128755,0.0,0.0,0.0,0.0,0.0,0.0,0.0442032840765577,-0.6469882332293693,0.0,-0.05715148564686115,-0.023075099745881178
2009-10-26,0.0,0.0,0.0,0.03870015000315129,0.047121385240523735,0.13026920155478336,0.0,0.0,0.0,0.0,0.0,0.0,0.0,0.044676751636880604,-0.6575849976425383,0.0,-0.058029920165839376,-0.023617593756283316
2009-10-27,0.0,0.0,0.0,0.03970803455066237,0.04797137212797501,0.13413755817613698,0.0,0.0,0.0,0.0,0.0,0.0,0.0,0.045303555499827994,-0.6488526300384727,0.0,-0.05841877417681021,-0.0256080754301146
2009-10-28,0.0,0.0,0.0,0.03721307328949734,0.0,0.1277128564555876,0.0,0.07143563115502351,0.0,0.0,0.0,0.0,0.0,0.0428966456354265,-0.635552910679716,0.0,-0.058847490671724366,-0.02634139211302472
2009-10-29,0.0,0.0,0.0,0.035328875158895635,0.0,0.12833453318411736,0.06418551379284314,0.0,0.0,0.0,0.0,0.0,0.0,0.0416973312151161,-0.644167475317827,0.0,-0.05992912717376544,-0.026357144157435352
2009-10-30,0.0,0.0,0.0,0.03399161573923967,0.0,0.1295334466701433,0.06364267480000158,0.0,0.0,0.0,0.0,0.0,0.0,0.04176582257274957,-0.6456851911145137,0.0,-0.05959515036758675,-0.025786098735765404
2009-11-02,0.0,0.0,0.0,0.034482494803783084,0.0,0.1309095518167521,0.06416485302451547,0.0,0.0,0.0,-0.03841128459997152,0.0,0.0,0.04261326122397412,-0.6632777238185983,0.0,0.0,-0.02614083071240547
2009-11-03,0.0,0.0,0.0,0.0344761280176413,0.0,0.1345082302057303,0.06132848503961468,0.0,0.0,0.0,-0.03816756771019166,0.0,0.0,0.0425511900687634,-0.6629694630823559,0.0,0.0,-0.02599893587570276
2009-11-04,0.0,0.0,0.0,0.08964094274316413,0.0,0.35202835942969246,0.16035563046922743,0.0,-0.11964923364882646,0.0,-0.09957187528816656,0.0,0.0,0.1108271548297298,0.0,0.0,0.0,-0.06792680359119316
2009-11-05,0.0,0.0,0.0,0.034722928946829934,0.0,0.0,0.06317793778424373,0.073710307522944,0.0,0.0,0.0,0.0,0.0,0.042973188371585466,-0.6961660465422921,0.0,-0.0626303976502316,-0.02661919318187333
2009-11-06,0.0,0.0,0.0,0.03542383096552078,0.045621571080235866,0.0,0.0648441791782239,0.0,0.0,0.0,0.0,0.0,0.0,0.0436775221703192,-0.7193028070428195,0.0,-0.06440378598962175,-0.02672630357325894
2009-11-09,0.0,0.0,0.0,0.03164205824948731,0.0,0.1268101795979209,0.058977588047659964,0.0,0.0,0.0,0.0,0.0,0.0,0.03886834416363529,-0.6600587952661805,0.0,-0.059240824255418184,-0.02440221041969792
2009-11-10,0.0,0.0,0.0,0.03165999277987497,0.0,0.12658415368338946,0.05901462486949326,0.0,0.0,0.0,0.0,0.0,0.0,0.03884888443701318,-0.6595295016679799,0.0,-0.059899502931247184,-0.024463339631002147
2009-11-11,0.0,0.0,0.0,0.03434296379927168,0.044110695723574275,0.0,0.0634906949684233,0.0,0.0,0.0,0.0,0.0,0.0,0.04227692300295446,-0.7236225228432587,0.0,-0.06569988835964961,-0.02645631130286803
2009-11-12,0.0,0.0,0.0,0.03414015748826571,0.0437735884736904,0.0,0.06272887254687108,0.0,0.0,0.0,0.0,0.0,0.0,0.04190635829290595,-0.7248145138303269,0.0,-0.06567827722485486,-0.02695823214308511
2009-11-13,0.0,0.0,0.0,0.03189746871000098,0.0,0.1308360480772169,0.057135019049443465,0.0,0.0,0.0,0.0,0.0,0.0,0.03950088848768359,-0.6564082255856767,0.0,-0.05996662756374905,-0.024255722526229158
2009-11-16,0.0,0.0,0.0,0.03499692225742285,0.04525056987040104,0.0,0.061864162355981224,0.0,0.0,0.0,0.0,0.0,0.0,0.04343318279787151,-0.7221239219555011,0.0,-0.06542276578197997,-0.0269084749808423
2009-11-17,0.0,0.0,0.0,0.03491169056826661,0.04512986024131147,0.0,0.06180331866717772,0.0,0.0,0.0,0.0,0.0,0.0,0.04323519713660942,-0.7220236939234493,0.0,-0.06556869613115388,-0.027327543332031586
2009-11-18,0.0,0.0,0.0,0.03494396816771425,0.045056449932867754,0.0,0.06186746307857087,0.0,0.0,0.0,0.0,0.0,0.0,0.04344717962926307,-0.7217130903237159,0.0,-0.06562512934146378,-0.027346719526404197
2009-11-19,0.0,0.0,0.0,0.03374257679151274,0.04382016456389669,0.0,0.06086301987872258,0.0,0.0,0.0,0.0,0.0,0.0,0.04206375155426499,-0.7264611284049783,0.0,-0.06666391791049392,-0.026385440896130766
2009-11-20,0.0,0.0,0.0,0.033964643479403187,0.04406101047718176,0.0,0.0,0.0,0.0,0.0,0.0,0.04218329761919553,0.0,0.04225150809591628,-0.7415220394986454,0.0,-0.0694561105954987,-0.026561390234159165
2009-11-23,0.0,0.0,0.0,0.033705074093162944,0.043720459031091174,0.0,0.0,0.0,0.0,0.0,0.0,0.041732170589040746,0.0,0.04214763617727697,-0.7419206325752798,0.0,-0.0697681321619699,-0.027005895372178443
2009-11-24,0.0,0.0,0.0,0.03240727842698852,0.0,0.0,0.0,0.08255759041284794,0.0,0.0,0.0,0.04012051923305253,0.0,0.040493840117253176,-0.7116115254592601,0.0,-0.06699770581201632,-0.025811540538581527
2009-11-25,0.0,0.0,0.0,0.0323378873854047,0.0,0.0,0.0,0.08308388259153046,0.0,0.0,0.0,0.04011267800655301,0.0,0.04049741701850312,-0.711268962052604,0.0,-0.0669482003573302,-0.025750972588074416
2009-11-27,0.0,0.0,0.0,0.03043194195567429,0.0,0.0,0.05690166033877887,0.08081531416159687,0.0,0.0,0.0,0.0,0.0,0.03866650808661667,-0.7024681125513474,0.0,-0.065730743943199,-0.024985718962786972
2009-11-30,0.0,0.0,0.0,0.030615447079008744,0.0,0.0,0.056987487761869356,0.08043251427841944,0.0,0.0,0.0,0.0,0.0,0.03854129223018321,-0.7023845865855322,0.0,-0.06543202625130509,-0.025606645813681998
2009-12-01,0.0,0.0,0.0,0.031702858248252246,0.0411105303545095,0.0,0.05864973156536707,0.0,0.0,0.0,0.0,0.0,0.0,0.039860900844094806,-0.7346712574121766,0.0,-0.06716492490545287,-0.02683979667014696
2009-12-02,0.0,0.0,0.0,0.030318672222193775,0.0,0.0,0.05738794099249412,0.08190159483999257,0.0,0.0,0.0,0.0,0.0,0.03807884725835301,-0.7012167856808784,0.0,-0.06566079176694287,-0.025435367239145232
2009-12-03,0.0,0.0,0.0,0.030245886350060886,0.0,0.0,0.05725593097042611,0.0817766675019248,0.0,0.0,0.0,0.0,0.0,0.037979480336447685,-0.7027427699337536,0.0,-0.0647569261933678,-0.02524233871401902
2009-12-04,0.0,0.0,0.0,0.032343633148554846,0.0,0.0,0.05221538808955581,0.08744908269944515,0.0,0.0,0.0,0.0,0.0,0.04058807916605557,-0.6902991480839904,0.0,-0.07026542411032391,-0.026839244702074327
2009-12-07,0.0,0.0,0.0,0.033375544870748806,0.0,0.0,0.053398207781564885,0.09258077891675637,0.0,0.0,0.0,0.0,0.0,0.04261820962786668,-0.6770489559876905,0.0,-0.07249551335543944,-0.028482789459933322
2009-12-08,0.0,0.0,0.0,0.03321859573085418,0.0,0.0,0.052258528346194606,0.09513533415606641,0.0,0.0,0.0,0.0,0.0,0.042303709560291024,-0.6757517795585474,0.0,-0.07285825119416303,-0.0284738014538833
2009-12-09,0.0,0.0,0.0,0.03318421079445933,0.0,0.0,0.05208740807390621,0.0988715128275576,0.0,0.0,0.0,0.0,0.0,0.04239490319795745,-0.6699055089900439,0.0,-0.07547587255780909,-0.028080583558266453
2009-12-10,0.0,0.0,0.0,0.0331158331845357,0.0,0.0,0.052253376463172206,0.09994937128136715,0.0,0.0,0.0,0.0,0.0,0.04234999114657883,-0.6688466375928089,0.0,-0.0745406996256975,-0.028944090705839656
2009-12-11,0.0,0.0,0.0,0.03284261562510058,0.0,0.0,0.0,0.09907269934544503,0.0,0.06567671584236567,0.0,0.0,0.0,0.04197985005798741,-0.6570410382715892,0.0,-0.07471777984801986,-0.028669301009492255
2009-12-14,0.0,0.0,0.0,0.033166130501421205,0.0,0.0,0.0,0.09958063567222554,0.0,0.06578809922175974,0.0,0.0,0.0,0.04229278045894711,-0.654367470123873,0.0,-0.07549321347133464,-0.02931167055043886
2009-12-15,0.0,0.0,0.0,0.03377209851698399,0.0,0.0,0.0,0.10359577010432544,0.0,0.0,0.0,0.04278954000278521,0.0,0.04295741251224242,-0.6712468427455959,0.0,-0.07593680618515396,-0.02970152993291307
2009-12-16,0.0,0.0,0.0,0.03263773328317719,0.0,0.0,0.0,0.1000435786765132,0.0,0.06469921082351814,0.0,0.0,0.0,0.041508302996538786,-0.6576958884066272,0.0,-0.07500644939190536,-0.028408836421720263
2009-12-17,0.0,0.0,0.0,0.032510771306975925,0.0,0.0,0.0,0.10212547055119364,0.0,0.06479429928250344,0.0,0.0,0.0,0.04184141613396391,-0.6554995669721838,0.0,-0.07430753616939287,-0.028920939583786363
2009-12-18,0.0,0.0,-0.0975233071932824,0.03040854679432672,0.0,0.0,0.0,0.09529321598355012,0.0,0.060267570273580054,0.0,0.0,0.0,0.039206116452894256,-0.6080143847742769,0.0,-0.06928685852808954,0.0
2009-12-21,0.0,0.0,-0.10217550378884831,0.031003620874911715,0.0,0.0,0.0,0.0966355250298599,0.0,0.060829176257125424,0.0,0.0,0.0,0.040027576982387104,-0.6015271912392797,0.0,-0.06780140582758791,0.0
2009-12-22,0.0,0.0,-0.10794852451001975,0.03289095897332016,0.0,0.0,0.0,0.0,0.0,0.06467190649396218,0.0,0.04148980221382617,0.0,0.04240680133059609,-0.6390209136005538,0.0,-0.07157109287772193,0.0
2009-12-23,0.0,0.0,-0.1088283428216417,0.03310472657831232,0.0,0.0,0.0,0.0,0.0,0.06479334037378143,0.0,0.041698036022809505,0.0,0.0424170452847072,-0.6376547121600167,0.0,-0.07150379675873123,0.0
2009-12-24,0.0,0.0,-0.11058799513238267,0.03324502668660949,0.0,0.0,0.0,0.0,0.0,0.06535231704664878,0.0,0.042017078995498613,0.0,0.042673236574952186,-0.6333367341934057,0.0,-0.07278761137050241,0.0
2009-12-28,0.0,0.0,-0.11164897873725693,0.033664314936714436,0.0,0.0,0.0,0.0,0.0,0.06668597454715525,0.0,0.04309898024920977,0.0,0.04327966633017692,-0.6272581745178204,0.0,-0.07436391068166619,0.0
2009-12-29,0.0,0.0,-0.1114479191138502,0.03375785522502683,0.0,0.0,0.0,0.0,0.0,0.06685706151196993,0.0,0.04324441682041933,0.0,0.043484999006302316,-0.6271682370240277,0.0,-0.07403951129840378,0.0
2009-12-30,0.0,0.0,-0.11117823746233539,0.03358199960340435,0.0,0.0,0.0,0.0,0.0,0.06653887539719845,0.0,0.04325104276608988,0.0,0.04328922487898342,-0.6290719542186798,0.0,-0.0730886656733088,0.0
2009-12-31,0.0,0.0,-0.11100173633838284,0.03405644851522089,0.0,0.0,0.0,0.0,0.0,0.06894772871096563,0.0,0.04466431663097144,0.0,0.04456719808630698,-0.6223130693587595,0.0,-0.0744495023593927,0.0
2010-01-04,0.0,0.0,-0.11254187213905853,0.03381121610776396,0.0,0.0,0.0,0.0,0.0,0.0689592913826409,0.0,0.044155470711608455,0.0,0.04457309308673626,-0.6203670926851769,0.0,-0.07559196388701515,0.0
2010-01-05,0.0,0.0,0.0,0.03733242944251581,0.0,0.0,0.0,0.0,0.0,0.0756888244776542,0.0,0.04875367004871794,0.0,0.049511769740730516,-0.669382946916538,0.0,-0.08197592293884036,-0.0373544364350032
2010-01-06,0.0,0.0,0.0,0.033481646586164746,0.0,0.0,0.0,0.0,0.0,0.06860739817629515,0.0,0.04391880004073106,-0.13816541965501047,0.04466824846746535,-0.5987121922757779,0.0,-0.07244629479855538,0.0
2010-01-07,0.0,0.0,-0.11076188175238551,0.0341064699090698,0.0,0.0,0.0,0.0,0.0,0.07000212416366487,0.0,0.0447897481583209,0.0,0.04562775704529252,-0.619312221901457,0.0,-0.07539979706980945,0.0
2010-01-08,0.0,0.0,-0.11164385269010504,0.03408201853804593,0.0,0.0,0.0,0.0,0.0,0.07004082583763775,0.0,0.044709714821835465,0.0,0.045867830519115284,-0.617650715968967,0.0,-0.07600504162429339,0.0
2010-01-11,0.0,0.0,0.0,0.03228490863890945,0.0,0.0,0.0,0.0,0.0,0.06653835016653574,0.0,0.04263503199256491,-0.14313420159781126,0.043278139199004174,-0.5952979391469047,0.0,-0.07683142925826976,0.0
2010-01-12,0.0,0.0,0.0,0.031198861401255898,0.0,0.0,0.0,0.0,0.0,0.06408369417575761,0.0,0.04112743338553672,0.0,0.04178380982735276,-0.5825958164943946,-0.16774191108688413,-0.07146847362881832,0.0
2010-01-13,0.0,0.0,0.0,0.0320326293620561,0.04192799093251972,0.0,0.0,0.0,0.0,0.0,0.0,0.042004455412865946,0.0,0.04268080766285345,-0.5958545357831627,-0.17287547835555148,-0.07262410249099055,0.0
2010-01-14,0.0,0.0,0.0,0.032516696650448415,0.04242159679304102,0.0,0.0,0.0,0.0,0.0,0.0,0.04211821056765426,0.0,0.043065435089954834,-0.5949326168882145,-0.17325589301081096,-0.071689550999876,0.0
2010-01-15,0.0,0.0,0.0,0.03252968262091022,0.0420934151528775,0.0,0.0,0.0,0.0,0.0,0.0,0.04184630946885942,0.0,0.04302803724181704,-0.596077688696679,-0.1727615108502315,-0.07166335596862539,0.0
2010-01-19,0.0,0.0,0.0,0.03229596929304405,0.04227432663300067,0.0,0.0,0.0,0.0,0.0,0.0,0.041402089694353855,0.0,0.04295478488200597,-0.595758888260453,-0.17318700787572752,-0.07212693336141493,0.0
2010-01-20,0.0,0.0,0.0,0.031983649311464794,0.0413649110836289,0.0,0.0,0.0,0.0,0.0,0.0,0.04105421300756206,0.0,0.04187331089507427,-0.5944590145996136,-0.17770659369361436,-0.07155830740904197,0.0
2010-01-21,0.0,0.0,0.0,0.031505298659765216,0.04078940762644962,0.0,0.0,0.0,0.0,0.0,0.0,0.04092971446788016,0.0,0.041602163097092484,-0.594985738024052,-0.17820472052099778,-0.0719829576037629,0.0
2010-01-22,0.0,0.0,0.0,0.031159680403534253,0.04020920417691461,0.0,0.0,0.0,0.0,0.0,0.0,0.0407073489004563,0.0,0.040727363519415714,-0.5941364471657821,-0.18075186647281022,-0.07230808936108674,0.0
2010-01-25,0.0,0.0,0.0,0.031226519390531993,0.04018372611153834,0.0,0.0,0.0,0.0,0.0,0.0,0.04100532249950568,0.0,0.04051396168916469,-0.5905788939474383,-0.1840315830009834,-0.07245999336083762,0.0
2010-01-26,0.0,0.0,0.0,0.03039362457108508,0.039806642911952544,0.0,0.0,0.0,0.0,0.0,0.0,0.0408097438225841,0.0,0.04000271064140573,-0.5967370607771287,-0.18061681924141856,-0.0716333980344252,0.0
2010-01-27,0.0,0.0,0.0,0.030137693389708824,0.03970531569569404,0.0,0.0,0.0,0.0,0.0,0.0,0.040437342152633914,0.0,0.040044768347449654,-0.5963930606391091,-0.18089396213912326,-0.07238785763628124,0.0
2010-01-28,0.0,0.0,-0.1064349355837257,0.03218097442998068,0.0417457154518993,0.0,0.0,0.0,0.0,0.0,0.0,0.042624649809117794,0.0,0.042419100943663406,-0.6555925343038722,0.0,-0.07900208947774087,0.0
2010-01-29,0.0,0.0,-0.10372935905882466,0.0335723114171779,0.041899911111720915,0.0,0.0,0.0,0.0,0.0,0.0,0.04459578877559037,0.0,0.04416895008755395,-0.6546496365430378,0.0,-0.07738404300609449,0.0
2010-02-01,0.0,0.0,0.0,0.03145794814638469,0.038861741215972655,0.0,0.0,0.0,0.0,0.0,0.0,0.04081043634332224,0.0,0.042269201043022224,-0.5970420701150889,-0.17905389316189832,-0.07050470997431085,0.0
2010-02-02,0.0,0.0,0.0,0.03271591104880666,0.039183971179284766,0.0,0.0,0.0,0.0,0.057413994788212845,0.0,0.0,0.0,0.04056600393638361,-0.5850599965969027,-0.17463989793430135,-0.07042022451610805,0.0
2010-02-03,0.0,0.0,0.0,0.033145919567721324,0.03943704778940717,0.0,0.0,0.0,0.0,0.05800781264809767,0.0,0.0,0.0,0.04075943828331269,-0.5856576711462878,-0.17320391448982028,-0.06978819607535323,0.0
2010-02-04,0.0,0.0,0.0,0.0322007705990622,0.038029788447828186,0.0,0.0,0.0,0.0,0.0,0.0,0.040585684737425354,0.0,0.03939517808288374,-0.5985012163736352,-0.18039996555745771,-0.07088739620170773,0.0
2010-02-05,0.0,0.0,-0.10394300712813914,0.0359338380058398,0.04233638481440253,0.0,0.0,0.0,0.0,0.0,0.0,0.04528099882669736,0.0,0.04358591469583959,-0.6494830314760088,0.0,-0.07943682505307288,0.0
2010-02-08,0.0,0.0,0.0,0.03246455423160231,0.0,0.0,0.0,0.0,0.0,0.05692884975547727,0.0,0.04201884630120151,0.0,0.03900589895575987,-0.5804517134027368,-0.17818482375197978,-0.07094531360124251,0.0
2010-02-09,0.0,0.0,0.0,0.03190818418646541,0.03661314582323955,0.0,0.0,0.0,0.0,0.056992703609697486,0.0,0.0,0.0,0.03830342109502244,-0.5855290611542394,-0.17963351349076537,-0.07101997064057027,0.0
2010-02-10,0.0,0.0,0.0,0.03422536733876118,0.03887159917292607,0.0,0.0,0.0,0.0,0.0,0.0,0.0,0.0,0.040730565828272114,-0.5949318987318504,-0.18774057985881248,-0.07219170742470644,0.031308281644671414
2010-02-11,0.0,0.0,0.0,0.03354293296997121,0.03880464213732118,0.0,0.0,0.0,0.0,0.0,0.0,0.0,0.0,0.040570592094898064,-0.5960703117376545,-0.18760966597040976,-0.0720974510788773,0.031304404010868016
2010-02-12,0.0,0.0,0.0,0.03333923407272026,0.038569208995544856,0.0,0.0,0.0,0.0,0.0,0.0,0.0,0.0,0.04022835613368489,-0.5958080934398385,-0.18919285366143587,-0.07178060049162115,0.03108165320515445
2010-02-16,0.0,0.0,0.0,0.03300197036249177,0.0,0.0,0.0,0.0,0.0,0.0,0.0410811208317748,0.0,0.0,0.03970779390286577,-0.5934553403646777,-0.19094198196473108,-0.07144591386171296,0.03036587871174577
2010-02-17,0.0,0.0,0.0,0.033559586011604435,0.038524809851399125,0.0,0.0,0.0,0.0,0.0,0.0,0.0,0.0,0.040435047644066774,-0.5939910768001953,-0.19179108842391898,-0.07109696572263004,0.030601425546185536
2010-02-18,0.0,0.0,0.0,0.03360160039795535,0.0,0.0,0.0,0.0,0.0,0.0,0.04185703263242703,0.0,0.0,0.040139508699922805,-0.5828136891674276,-0.19993940596156712,-0.07122205317553934,0.030426709965160722
2010-02-19,0.0,0.0,0.0,0.033526949725598096,0.0,0.0,0.0,0.0,0.0,0.0,0.04181640860804548,0.0,0.0,0.04011940157541972,-0.5819704526436466,-0.201031794534964,-0.07117928047070775,0.030355712441618447
2010-02-22,0.0,0.0,0.0,0.033631840714635756,0.0,0.0,0.0,0.0,0.0,0.0,0.041859624252048935,0.0,0.0,0.0402003099163293,-0.5822809170502815,-0.20015649932371152,-0.07144347925455095,0.030427329488441922
2010-02-23,0.0,0.0,0.0,0.03364354327308352,0.0,0.0,0.0,0.0,0.0,0.0,0.04333193514144544,0.0,0.0,0.0408190790571073,-0.5829022439232752,-0.19905528746512532,-0.06938988969500309,0.030858021444960117
2010-02-24,0.0,0.0,0.0,0.03361377108220244,0.0,0.0,0.0,0.0,0.0,0.0,0.043279861362544234,0.0,0.0,0.04096226588876758,-0.5831966710900741,-0.1988008783329229,-0.069445157760337,0.030701394483151675
2010-02-25,0.0,0.0,0.0,0.03354812976175024,0.0,0.0,0.0,0.0,0.0,0.0,0.04332763563508082,0.04687496595076021,0.0,0.04068361129079631,-0.5713605129305275,-0.1961149781402768,-0.06809016629080823,0.0
2010-02-26,0.0,0.0,0.0,0.03336978635451541,0.0,0.0,0.0,0.0,0.0,0.0,0.043200727795429585,0.04682608586554868,0.0,0.04067842758843616,-0.5728934233554668,-0.19496127888908546,-0.068070270151518,0.0
2010-03-01,0.0,0.0,0.0,0.0331267095323578,0.0,0.0,0.0,0.0,0.0,0.0,0.0421659736805789,0.045256434480588345,0.0,0.04068841685521383,-0.572342542530016,-0.19827331275572624,-0.06814661016551884,0.0
2010-03-02,0.0,0.0,0.0,0.03436777769556965,0.0,0.0,0.0,0.0,0.0,0.0,0.04353387657610762,0.04611283310575118,0.0,0.04144675056095847,-0.5694202799522242,-0.1974555573206822,-0.0676629247887066,0.0
2010-03-03,0.0,0.0,0.0,0.03447353343233378,0.0,0.0,0.0,0.0,0.0,0.0,0.043534701225643756,0.0461049927275989,0.0,0.041243572327066415,-0.5693315101150418,-0.19759851669590128,-0.06771317347641405,0.0
2010-03-04,0.0,0.0,0.0,0.03530568386732342,0.0,0.0,0.0,0.0,0.0,0.0,0.04403538763184939,0.046470884515077505,0.0,0.04275176399427378,-0.5664829580220005,-0.1968180534646913,-0.06813526850478413,0.0
2010-03-05,0.0,0.0,0.0,0.034646021401006255,0.0,0.0,0.0,0.0,0.0,0.0,0.043532190358294795,0.046166553575718985,0.0,0.04231116120973439,-0.5692415215048356,-0.19705955021246674,-0.06704300173794307,0.0
2010-03-08,0.0,0.0,0.0,0.03458874400397663,0.0,0.0,0.0,0.0,0.0,0.0,0.044014000102398636,0.04645010136731775,0.0,0.04207221031684299,-0.5673036455386372,-0.19817269357823628,-0.06739860509259046,0.0
2010-03-09,0.0,0.0,0.0,0.03284774663699059,0.0,0.0,0.0,0.0,0.0,0.0,0.04317268312062181,0.04539580127171429,0.0,0.039988642834002705,-0.5712040400715829,-0.20261418822079139,-0.06477689784429631,0.0
2010-03-10,0.0,0.0,0.0,0.031942976373317576,0.0,0.0,0.0,0.0,0.0,0.0,0.04183786864138516,0.04393737688461542,0.0,0.038819734772235485,-0.5831529966560777,-0.19738506553508922,-0.06292398113727939,0.0
2010-03-11,0.0,0.0,0.0,0.03243389293837995,0.0,0.0,0.0,0.0,0.0,0.0,0.04220813411746409,0.04429125400190307,0.0,0.039806833036847615,-0.5808641376259875,-0.1974457539883043,-0.06294999429111348,0.0
2010-03-12,0.0,0.0,0.0,0.03225224048523333,0.0,0.0,0.0,0.0,0.0,0.0,0.04195651223095559,0.044005530763247314,0.0,0.039480278680527156,-0.5804959565151894,-0.1994749042751435,-0.062334577049703715,0.0
2010-03-15,0.0,0.0,0.0,0.03209015315863514,0.0,0.0,0.0,0.0,0.0,0.0,0.04179304335983483,0.04385191120032481,0.0,0.03926974729815436,-0.578098703105543,-0.20171929477295455,-0.06317714710455319,0.0
2010-03-16,0.0,0.0,0.0,0.031813085412159214,0.0,0.0,0.0,0.0,0.0,0.0,0.0416540010889186,0.04365817639592667,0.0,0.038933112537560155,-0.5841794836223111,-0.19735571353083373,-0.062406427412290515,0.0
2010-03-17,0.0,0.0,0.0,0.03138180572498167,0.0,0.0,0.0,0.0,0.0,0.0,0.041483705101641316,0.04364810706121827,0.0,0.03845044662631321,-0.5863434141829408,-0.1971240464813851,-0.06156847482151956,0.0
2010-03-18,0.0,0.0,0.0,0.03165054841456494,0.0,0.0,0.0,0.0,0.0,0.0,0.041789298096518164,0.04391273089329623,0.0,0.03883438860723221,-0.5878195898765888,-0.19393310266196373,-0.062060341449835896,0.0
2010-03-19,0.0,0.0,0.0,0.03156485210192874,0.0,0.0,0.0,0.0,0.0,0.0,0.0413587087408227,0.04346018258257291,0.0,0.038674611178082526,-0.5885352212474547,-0.19419048415965232,-0.062215939989486116,0.0
2010-03-22,0.0,0.0,0.0,0.03147248693927283,0.0,0.0,0.0,0.0,0.0,0.0,0.03997900713010487,0.04202317178878095,0.0,0.037924019173096686,-0.5950656802220026,-0.19107309541110779,-0.062462539335634365,0.0
2010-03-23,0.0,0.0,0.0,0.031335693360202796,0.0,0.0,0.0,0.0,0.0,0.0,0.03970864622207619,0.041593881286085176,0.0,0.037754204914630475,-0.5964161169187701,-0.19094846821838468,-0.06224298907985073,0.0
2010-03-24,0.0,0.0,0.0,0.0314232825102476,0.0,0.0,0.0,0.0,0.0,0.0,0.040171999374059804,0.04190049716231573,0.0,0.03785822331605105,-0.6033384385508567,-0.18249502335694356,-0.06281253572952565,0.0
2010-03-25,0.0,0.0,0.0,0.031105363067035242,0.0,0.0,0.0,0.0,0.0,0.0,0.039577103547671084,0.04139431081266307,0.0,0.03733363359874329,-0.6066773372412977,-0.1820178189243526,-0.06189443280823714,0.0
2010-03-26,0.0,0.0,0.0,0.031249301958723833,0.0,0.0,0.0,0.0,0.0,0.0,0.03990285675865163,0.04199504863638175,0.0,0.03739205378686593,-0.6050909610319359,-0.18243502962157107,-0.061934748205869826,0.0
2010-03-29,0.0,0.0,0.0,0.030575417802885325,0.0,0.0,0.0,0.0,0.0,0.0,0.039358392862834046,0.04136809829106555,0.0,0.03676356315541769,-0.6087388685695728,-0.181254718494928,-0.06194094082329642,0.0
2010-03-30,0.0,0.0,0.0,0.029958902635727667,0.0,0.0,0.0,0.0,0.0,0.0,0.03858645635673883,0.04053225587482323,0.0,0.03604897206307442,-0.6167228399156837,-0.17747061959956012,-0.06067995355439207,0.0
2010-03-31,0.0,0.0,0.0,0.03006464403467681,0.0,0.0,0.0,0.0,0.0,0.0,0.038541186286234874,0.04043630035600616,0.0,0.03615314678976371,-0.6180277594582099,-0.17593484670577733,-0.06084211636933143,0.0
2010-04-01,0.0,0.0,0.0,0.029418722149491348,0.0,0.0,0.0,0.0,0.0,0.0,0.038409048018866805,0.040341174496277624,0.0,0.03550376816485471,-0.6185190104483481,-0.17657410748649155,-0.06123416923566992,0.0
2010-04-05,0.0,0.0,0.0,0.03145457844416855,0.0,0.0,0.0,0.0,0.0,0.0,0.04104877279224689,0.043021618866873564,0.0,0.038040250886701356,-0.6048332230612828,-0.1784050849773811,-0.06319647097134563,0.0
2010-04-06,0.0,0.0,0.0,0.03195259727272032,0.0,0.0,0.0,0.0,0.0,0.0,0.04193296977186843,0.044131929104336165,0.0,0.03883191677384991,-0.6064718162136999,-0.17431051753013468,-0.06236825333339053,0.0
2010-04-07,0.0,0.0,0.0,0.032427437631667375,0.0,0.0,0.0,0.0,0.0,0.0,0.0426709680139875,0.04478671364609049,0.0,0.03953809320641409,-0.6084213433292492,-0.1698555657282447,-0.06229987844434651,0.0
2010-04-08,0.0,0.0,0.0,0.0323544898575544,0.0,0.0,0.0,0.0,0.0,0.0,0.042614339980047704,0.04468287349431816,0.0,0.03946851277896201,-0.6065716779925087,-0.17053002574769843,-0.06377808014891061,0.0
2010-04-09,0.0,0.0,0.0,0.03233840436690158,0.0,0.0,0.0,0.0,0.0,0.0,0.04282970617683366,0.04462614890460736,0.0,0.03919365685236287,-0.6066432078518159,-0.1706498404935049,-0.0637190353539736,0.0
2010-04-12,0.0,0.0,0.0,0.03218317494816686,0.0,0.0,0.0,0.0,0.0,0.0,0.04266934733983846,0.044426561272949534,0.0,0.03915845907423328,-0.6090577324173082,-0.16930623614515503,-0.06319848880234882,0.0
2010-04-13,0.0,0.0,0.0,0.03211216755787405,0.0,0.0,0.0,0.0,0.0,0.0,0.042717713519246324,0.0443447094329024,0.0,0.039233516427521466,-0.6086080933304726,-0.16970342043020775,-0.0632803793017754,0.0
2010-04-14,0.0,0.0,0.0,0.031863161957156896,0.0,0.0,0.0,0.0,0.0,0.0,0.0419045447940999,0.04333796480319123,0.0,0.03891951840488728,-0.6077308816527717,-0.17140688222869588,-0.0648370461591973,0.0
2010-04-15,0.0,0.0,0.0,0.031598465720504294,0.0,0.0,0.0,0.0,0.0,0.0,0.04203528976905991,0.04337355631905743,0.0,0.03887710228136003,-0.6058295815008092,-0.1725135072863492,-0.06577249712285983,0.0
2010-04-16,0.0,0.0,0.0,0.030998567391184076,0.0,0.0,0.0,0.0,0.0,0.0,0.041750255897193625,0.04352900448577989,0.0,0.03870612621109499,-0.6018508552397076,-0.1749968219001461,-0.06816836887489379,0.0
2010-04-19,0.0,0.0,0.0,0.031140764246087065,0.0,0.0,0.0,0.0,0.0,0.0,0.04231504925597634,0.04409265362784778,0.0,0.03887645583848402,-0.5991156323712145,-0.17588975780171792,-0.0685696868586725,0.0
2010-04-20,0.0,0.0,0.0,0.03142123847950731,0.0,0.0,0.0,0.0,0.0,0.0,0.04274937988476171,0.044304298878083216,0.0,0.03901593998925848,-0.599167831134393,-0.17485630905481472,-0.0684850025791816,0.0
2010-04-21,0.0,0.0,0.0,0.032025676325632635,0.0,0.0,0.0,0.0,0.0,0.0,0.04333809982822562,0.04485119391503396,0.0,0.04036881417077941,-0.5975886892696191,-0.17311157366738025,-0.06871595282332907,0.0
2010-04-22,0.0,0.0,0.0,0.03310795313835393,0.0,0.0,0.0,0.0,0.0,0.0,0.04386688566549779,0.04595585970730363,0.0,0.04091998552404307,-0.5961075413480701,-0.17145677866189513,-0.0685849959548365,0.0
2010-04-23,0.0,0.0,0.0,0.03353128771995967,0.0,0.0,0.0,0.0,0.0,0.0,0.04471002081932266,0.04691256375302641,0.0,0.04195864359074166,-0.5950432742556124,-0.17001118044403105,-0.06783302941730608,0.0
2010-04-26,0.0,0.0,-0.11295704348287597,0.03563016563976983,0.0,0.0,0.0,0.0,0.0,0.0,0.04722907419197351,0.04966979118248785,0.0,0.045064875565072514,-0.6372465875189133,0.0,-0.07220246241890707,0.0
2010-04-27,0.0,0.0,-0.11483788211047666,0.03586885131193033,0.0,0.0,0.0,0.0,0.0,0.0,0.046964385269098886,0.05031802711583988,0.0,0.0434279115100584,-0.6355531553673724,0.0,-0.07302978731522339,0.0
2010-04-28,0.0,0.0,-0.11369457055109325,0.035873822588059656,0.0,0.0,0.0,0.0,0.0,0.0,0.04718906006753991,0.050494194557048684,0.0,0.04318431993270849,-0.6372759142690315,0.0,-0.07228811803451839,0.0
2010-04-29,0.0,0.0,-0.11315058698384041,0.03562498543100704,0.0,0.0,0.0,0.0,0.0,0.0,0.04713406285697562,0.0512378269184932,0.0,0.04283532045481951,-0.6379812098619381,0.0,-0.07203600749292619,0.0
2010-04-30,0.0,0.0,-0.11342708872665254,0.03600444547621819,0.0,0.0,0.0,0.0,0.0,0.0,0.04450924527400846,0.04888731203440131,0.0,0.043389746225206055,-0.6415209157749427,0.0,-0.07226124648857062,0.0
2010-05-03,0.0,0.0,-0.11214660643184549,0.03720490888087963,0.0,0.0,0.0,0.0,0.0,0.0,0.04398274080675901,0.04828093071555328,0.0,0.04397408244501975,-0.6405696732952015,0.0,-0.07384105742474134,0.0
2010-05-04,0.0,0.0,-0.11129266616588317,0.0,0.0,0.0,0.0,0.0,0.05158804064309829,0.0,0.041186025415323686,0.04561079590766233,0.0,0.04118475070999271,-0.6385354139618329,0.0,-0.07060230719620694,0.0
2010-05-05,0.0,0.0,-0.10704153667526291,0.0,0.0,0.0,0.0,0.0,0.05227445100298679,0.0,0.04138707856327467,0.045491362632074886,0.0,0.04096544347708005,-0.6398928614810233,0.0,-0.07294726616829737,0.0
2010-05-06,0.0,0.0,-0.10638416623816879,0.0,0.0,0.0,0.05556576377190469,0.0,0.0,0.0,0.04150002870214219,0.046229837189781776,0.0,0.0436245413873231,-0.6383077997926124,0.0,-0.06838786291806706,0.0
2010-05-07,0.0,0.0,-0.10726706782501215,0.03580940422113456,0.0,0.0,0.05534557166314145,0.0,0.0,0.0,0.03972727155397442,0.043674891585999166,0.0,0.0,-0.6514779506920411,0.0,-0.06669784245869724,0.0
2010-05-10,0.0,0.0,-0.10525142722487645,0.03218932086672572,0.0,0.0,0.05712957407142082,0.0,0.0,0.0,0.03680425375444617,0.040583867143451725,0.0,0.0,-0.6627643970490076,0.0,-0.06527715989007146,0.0
2010-05-11,0.0,0.0,-0.10680236440812879,0.032454047092164054,0.0,0.0,0.054723006280813634,0.0,0.0,0.0,0.0366763495623438,0.04044140494436348,0.0,0.0,-0.6633552345498798,0.0,-0.06554759316230635,0.0
2010-05-12,0.0,0.0,-0.10352399313040953,0.0,0.0,0.0,0.0532760070184081,0.0,0.0,0.051817031548817505,0.03479073151183831,0.03816301823401489,0.0,0.0,-0.6544066766284892,0.0,-0.06402254192802255,0.0
2010-05-13,0.0,0.0,-0.10544315213322836,0.032916671396374254,0.0,0.0,0.0,0.0,0.04734676273801647,0.0,0.035759125556766455,0.03952158728007911,0.0,0.0,-0.6730025869149917,0.0,-0.0660101139805436,0.0
2010-05-14,0.0,0.0,-0.10541216496712959,0.03274338384680358,0.0,0.0,0.05591606791653697,0.0,0.0,0.0,0.03527562667826984,0.03898320293740355,0.0,0.0,-0.6673223512294228,0.0,-0.0643472024244336,0.0
2010-05-17,0.0,0.0,-0.10694668943786785,0.03338608945232021,0.0,0.0,0.0,0.0,0.0,0.05260256578375314,0.03567229933925844,0.03928257812417491,0.0,0.0,-0.6677237309513976,0.0,-0.06438604691122779,0.0
2010-05-18,0.0,0.0,-0.10691596988582493,0.0,0.0,0.0,0.05862177548724972,0.0,0.0,0.05287855988603581,0.035516087522029706,0.03933722768587531,0.0,0.0,-0.6736808443979837,0.0,0.0,-0.03304953513500085
2010-05-19,0.0,0.0,-0.10332000933867468,0.0,0.0,0.0,0.05609050084501745,0.0,0.0,0.053113932255745414,0.035577092268038964,0.03931921904199039,0.0,0.0,-0.6788971295771793,0.0,0.0,-0.03368211667335381
2010-05-20,0.0,0.0,-0.10462628481059345,0.0,0.0,0.0,0.05704298969225877,0.0,0.0,0.05011559337651227,0.03312698004701125,0.03707300178366015,0.0,0.0,-0.684816779115842,0.0,0.0,-0.03319837117412194
2010-05-21,0.0,0.0,-0.10710805521679251,0.0,0.0,0.0,0.0,0.0,0.0441598260125066,0.050829683572838534,0.03354172976105998,0.03765533279169852,0.0,0.0,-0.6928975201959419,0.0,0.0,-0.03380785244916203
2010-05-24,0.0,0.0,-0.10489107283396418,0.0,0.0,0.0,0.056940646308654363,0.0,0.0,0.050306059465103824,0.03279004087884555,0.03706933189543018,0.0,0.0,-0.6845765217437779,0.0,0.0,-0.03342632687422407
2010-05-25,0.0,0.0,-0.10509946102569256,0.0,0.0,0.0,0.05695358656815295,0.0,0.0,0.05046307527436176,0.03278858871848409,0.03707185852994961,0.0,0.0,-0.6839494070231986,0.0,0.0,-0.033674022860160406
2010-05-26,0.0,0.0,-0.10341373141524149,0.0,0.0,0.0,0.0576206508492568,0.0,0.04387608298169575,0.0,0.03319498220484293,0.037531298087175875,0.0,0.0,-0.6905130117612716,0.0,0.0,-0.03385024270051562
2010-05-27,0.0,0.0,-0.1035806277794744,0.0,0.0,0.0,0.0586892771526644,0.0,0.0419915583834666,0.0,0.03206089430147858,0.03627688878900939,0.0,0.0,-0.6951664137959788,0.0,0.0,-0.032234339797927856
2010-05-28,0.0,0.0,-0.10619656360972074,0.0,0.0,0.0,0.06010108328188289,0.0,0.04291135244381988,0.0,0.033037931889311256,0.03761175154773022,0.0,0.0,-0.6870817222777001,0.0,0.0,-0.03305959494983486
2010-06-01,0.0,0.0,-0.3089775536391602,0.0,-0.0967314563387323,0.0,0.17626266303731847,0.0,0.12240123683857161,0.0,0.0933116664310732,0.10705614101772945,0.0,0.0,0.0,0.0,0.0,-0.09525928269741489
2010-06-02,0.0,0.0,-0.10655062116217195,0.0,0.0,0.0,0.06131715930423829,0.0,0.04134187984576071,0.0,0.031839036402116244,0.03632030444958563,0.0,0.0,-0.6896126875013759,0.0,0.0,-0.03301831133475128
2010-06-03,0.0,0.0,-0.10655480872653662,0.0,0.0,0.0,0.060412412768246236,0.0,0.04138409011622689,0.0,0.031819502298050244,0.03620553157320579,0.0,0.0,-0.6907628124524626,0.0,0.0,-0.032860842065271595
2010-06-04,0.0,0.0,-0.28530872963064224,0.0,-0.08631977920538161,0.0,0.16077776255095846,0.20918439307056028,0.0,0.0,0.08093660849701505,0.0924451846216451,0.0,0.0,0.0,0.0,0.0,-0.08502754242379723
2010-06-07,0.0,0.0,-0.2861323476590459,0.0,-0.08681953219637513,0.0,0.15941341918893887,0.20971444984640958,0.0,0.0,0.08077730367307322,0.09144282631705784,0.0,0.0,0.0,0.0,0.0,-0.08570012111909946
2010-06-08,0.0,0.0,-0.3184885239898707,0.0,-0.09650409005534613,0.0,0.178214080804011,0.0,0.118760373370662,0.0,0.09050423858052659,0.10245131366178653,0.0,0.0,0.0,0.0,0.0,-0.09507737953779706
2010-06-09,0.0,0.0,-0.3176683528855089,0.0,-0.096489831414583,0.0,0.17992207936261906,0.0,0.11880705363947895,0.0,0.0905668978503578,0.10256479459290971,0.0,0.0,0.0,0.0,0.0,-0.09398099025454248
2010-06-10,0.0,0.0,-0.10934373745295362,0.0,0.0,0.0,0.06094162382132697,0.0,0.039452584827440865,0.0,0.030393106569769294,0.03446484226560176,0.0,0.0,-0.6934740120107917,0.0,0.0,-0.0319300930521157
2010-06-11,0.0,0.0,-0.11063209915243828,0.0,0.0,0.0,0.06130782485562756,0.0,0.039636739648147706,0.0,0.03045721467625216,0.03445147996905819,0.0,0.0,-0.6914401303334439,0.0,0.0,-0.03207451136503218
2010-06-14,0.0,0.0,-0.10873802017754206,0.0,0.0,0.0,0.06132741079322403,0.0,0.03970299127506923,0.0,0.030495194462169608,0.034501213678008895,0.0,0.0,-0.6929690100082383,0.0,0.0,-0.03226615960574784
2010-06-15,0.0,0.0,-0.10964895739504664,0.0,0.0,0.0,0.06231827660765721,0.0,0.039260062456938236,0.0,0.03023728292753687,0.03420102452629545,0.0,0.0,-0.692059035526918,0.0,0.0,-0.03227536055960764
2010-06-16,0.0,0.0,-0.11016098191872682,0.0,0.0,0.0,0.06240057416193835,0.0,0.03928757310129169,0.0,0.030238293356247125,0.034183721974539005,0.0,0.0,-0.6914304437417643,0.0,0.0,-0.032298411745492625
2010-06-17,0.0,0.0,-0.10888825261946083,0.0,0.0,0.0,0.06191434036229769,0.0,0.03927821961410518,0.0,0.03023601960163469,0.03417751588709856,0.0,0.0,-0.6932328402811139,0.0,0.0,-0.03227281163428917
2010-06-18,0.0,0.0,-0.10932596882640416,0.03009754167943425,0.0,0.0,0.06391481936732606,0.0,0.0,0.0,0.030385661566891764,0.034371481726564644,0.0,0.0,-0.6994496080504929,0.0,0.0,-0.03245491878288607
2010-06-21,0.0,0.0,-0.10950110227813228,0.02999853315785755,0.0,0.0,0.061950126910127655,0.0,0.0,0.0,0.03048403772228741,0.0345256689340622,0.0,0.0,-0.7009523878110191,0.0,0.0,-0.03258814318651375
2010-06-22,0.0,0.0,-0.10866109994211991,0.029858961694554376,0.0,0.0,0.06181489319746794,0.0,0.0,0.0,0.030347428410165824,0.034430158530212605,0.0,0.0,-0.7023011542510551,0.0,0.0,-0.03258630397442423
2010-06-23,0.0,0.0,-0.10916947657565636,0.029261775068774722,0.0,0.0,0.062184830716632,0.0,0.0,0.0,0.029670998254683653,0.033754460337939884,0.0,0.0,-0.7041946784152041,0.0,0.0,-0.031763780631109184
2010-06-24,0.0,0.0,-0.11086828179558321,0.02906765206621285,0.0,0.0,0.06210722006000249,0.0,0.0,0.0,0.02951332749320413,0.03355296070079304,0.0,0.0,-0.7032048790587248,0.0,0.0,-0.03168567882547965
2010-06-25,0.0,0.0,-0.10964512799757237,0.029041079177151374,0.0,0.0,0.0627645645141213,0.0,0.0,0.0,0.029333210931484336,0.03337223797304047,0.0,0.0,-0.7050013940341459,0.0,0.0,-0.030842385372484266
2010-06-28,0.0,0.0,-0.10994568954389478,0.029218925694814695,0.0,0.0,0.06166060721361221,0.0,0.0,0.0,0.029334280195601924,0.033430018037530054,0.0,0.0,-0.7050597958641782,0.0,0.0,-0.0313506834503681
2010-06-29,0.0,0.0,-0.10506926210426333,0.0,0.0,0.0,0.059349716087878306,0.07242500902189551,0.0,0.0,0.027431152446249687,0.0309524267469186,0.0,0.0,-0.6752219751308415,0.0,0.0,-0.029550458461953137
2010-06-30,0.0,0.0,-0.10969255629655794,0.02849599758103062,0.0,0.0,0.062361617978182286,0.0,0.0,0.0,0.02866782956705188,0.03238304920694018,0.0,0.0,-0.7074031713025513,0.0,0.0,-0.030995778067685845
2010-07-01,0.0,0.0,-0.09901476769051774,0.0,0.0,0.0688453448599087,0.05197065845704143,0.07005068281613638,0.0,0.0,0.026579040127254976,0.0,0.0,0.0,-0.6549456047945019,0.0,0.0,-0.02859390125463886
2010-07-02,0.0,0.0,-0.09671341700240543,0.026068008840720663,0.0,0.0,0.0503948332931253,0.06837631883858562,0.0,0.0,0.026131780352508533,0.0,0.0,0.0,-0.7041115454421144,0.0,0.0,-0.028204096230540182
2010-07-06,0.0,0.0,-0.0966425584811364,0.025890966259561356,0.0,0.0,0.04942079649081934,0.06819453569722053,0.0,0.0,0.02611610419972008,0.0,0.0,0.0,-0.705546781540229,0.0,0.0,-0.028188257331313218
2010-07-07,0.0,0.0,-0.09788620732224136,0.026265794301590907,0.0,0.0,0.05072610724360111,0.0,0.03334157811034612,0.0,0.02615204317329216,0.0,0.0,0.0,-0.7374246210953135,0.0,0.0,-0.028203648753614915
2010-07-08,0.0,0.0,-0.09774945560753705,0.0262279754507246,0.0,0.0,0.0505881792250747,0.0,0.033228392185615796,0.0,0.02597854922105281,0.0,0.0,0.0,-0.7382691899329376,0.0,0.0,-0.027958258377057357
2010-07-09,0.0,0.0,-0.09858481931619625,0.026364567204266283,0.0,0.0,0.05089983713075157,0.0,0.0,0.0,0.026058153493632465,0.02918430607357449,0.0,0.0,-0.7407613649074378,0.0,0.0,-0.028146951874141027
2010-07-12,0.0,0.0,-0.09820775509893188,0.02623593517384722,0.0,0.0,0.05050743583744434,0.0,0.03328735160522271,0.0,0.025915773409908558,0.0,0.0,0.0,-0.7379243434390591,0.0,0.0,-0.02792140543558621
2010-07-13,0.0,0.0,-0.09438324443948752,0.025764139916665325,0.0,0.0,0.049577872755786775,0.0,0.0,0.0,0.02508816141028293,0.027977629907854018,0.0,0.0,-0.7208723226976962,0.0,-0.056336628872227304,0.0
2010-07-14,0.0,0.0,-0.0978478799677517,0.026810203895965088,0.0,0.0,0.051393165854875605,0.0,0.0,0.0,0.02619736692981843,0.029277865424032608,0.0,0.0,-0.7401770397135818,0.0,0.0,-0.028296478213974675
2010-07-15,0.0,0.0,-0.0949348507341882,0.0,0.0,0.0,0.051076556914673735,0.0,0.03364945099111415,0.0,0.02599060453940905,0.02903788668061013,0.0,0.0,-0.7372226855155275,0.0,0.0,-0.0280879646244772
2010-07-16,0.0,0.0,-0.08708384478718507,0.0,0.0,0.06338801700410003,0.04776446952258336,0.0637091105754097,0.0,0.0,0.023523023853904965,0.0,0.0,0.0,-0.6884954086653482,0.0,0.0,-0.026036125591468826
2010-07-19,0.0,0.0,-0.08897280710008884,0.0,0.0,0.0,0.048734910536701,0.06525461081604093,0.031300172768233714,0.0,0.024099835033538842,0.0,0.0,0.0,-0.7149684527251212,0.0,0.0,-0.026669211020275464
2010-07-20,0.0,0.0,-0.08896551670913158,0.0,0.0,0.0,0.04859821190576665,0.0656182485549454,0.03136450021521314,0.0,0.02403209727476778,0.0,0.0,0.0,-0.7148040709247195,0.0,0.0,-0.02661735441545591
2010-07-21,0.0,0.0,-0.08621598323350052,0.0,0.0,0.06292314567697742,0.047034439479609065,0.06353262328776954,0.0,0.0,0.023207193439287673,0.0,0.0,0.0,-0.6914248061362522,0.0,0.0,-0.025661808746603697
2010-07-22,0.0,0.0,-0.09056721699404263,0.024501167102366935,0.0,0.0,0.04860769880753627,0.0653511935224318,0.0,0.0,0.023598535230485027,0.0,0.0,0.0,-0.7214253852622149,0.0,0.0,-0.025948803080922473
2010-07-23,0.0,0.0,-0.08710825600579787,0.0,0.0,0.06266448406362121,0.04697747075907285,0.0629988954355227,0.0,0.0,0.022573516262010505,0.0,0.0,0.0,-0.6925776923728013,0.0,0.0,-0.025099685101173632
2010-07-26,0.0,0.0,-0.08994107941272397,0.0,0.0,0.0,0.048980854498342954,0.06572483742863693,0.0,0.0,0.02338675645031969,0.025686829199530456,0.0,0.0,-0.7200226920965133,0.0,0.0,-0.026256950913932722
2010-07-27,0.0,0.0,-0.08903539347596826,0.0,0.0,0.0,0.04754741287397782,0.06516101741940569,0.0,0.0,0.0229508916842003,0.025120970411485997,0.0,0.0,-0.724538134988276,0.0,0.0,-0.025646179146685908
2010-07-28,0.0,0.0,-0.08558871642749462,0.0,0.0,0.06183894285132,0.046004861165145815,0.0629981918187118,0.0,0.0,0.022158255890435352,0.0,0.0,0.0,-0.6964867966575355,0.0,0.0,-0.024924235189356898
2010-07-29,0.0,0.0,-0.08467163407787365,0.02491388931977119,0.0,0.06496677787620807,0.04826800379348094,0.0,0.0,0.0,0.02347865823470615,0.0,0.0,0.0,-0.727368356465973,0.0,0.0,-0.026332680231987114
2010-07-30,0.0,0.0,-0.08468413314131662,0.024688899037602404,0.0,0.06430159239102413,0.04768673089285471,0.0,0.0,0.0,0.023527273508998046,0.0,0.0,0.0,-0.7290720959856996,0.0,0.0,-0.02603927504250444
2010-08-02,0.0,0.0,-0.08803022071637455,0.025093868485807753,0.0,0.0,0.04898000973219878,0.0,0.0,0.0,0.02425677025572181,0.026351793683067757,0.0,0.0,-0.7610813168732836,0.0,0.0,-0.026206020253545844
2010-08-03,0.0,0.0,-0.08185040862989287,0.0,0.0,0.06352362556471086,0.047299396300806706,0.0,0.0,0.0,0.02370318893289699,0.02571177197840421,0.0,0.0,-0.731958922120062,0.0,0.0,-0.02595268647322629
2010-08-04,0.0,0.0,-0.08441155251530562,0.025046687966329285,0.0,0.06356928770542268,0.04686483560775582,0.0,0.0,0.0,0.0235522054005669,0.0,0.0,0.0,-0.7302031870069192,0.0,0.0,-0.026352243797700448
2010-08-05,0.0,0.0,-0.08207123909858678,0.02426153482289753,0.0,0.08320437651966914,0.04635408375666788,0.0,0.0,0.0,0.022582866635700624,0.0,0.0,0.0,-0.7162125526575744,0.0,0.0,-0.025313346508903597
2010-08-06,0.0,0.0,-0.0865731490423107,0.025695044003278735,0.0,0.0,0.04891852738438348,0.0,0.0,0.0,0.024204862276018264,0.02636352837842228,0.0,0.0,-0.76137369282687,0.0,0.0,-0.02687119608871661
2010-08-09,0.0,0.0,-0.07877436439314181,0.025080512179037,0.0,0.10915420294981606,0.043538586721088464,0.0,0.0,0.0,0.0,0.024610974883249096,0.0,0.0,-0.6946914974411214,0.0,0.0,-0.02414986143254607
2010-08-10,0.0,0.0,-0.07337538497677161,0.02410110104693471,0.0,0.1045654415359346,0.04371237952031154,0.0647492574729763,0.0,0.0,0.0,0.0,0.0,0.0,-0.6664445216477759,0.0,0.0,-0.02305191379929527
2010-08-11,0.0,0.0,0.0,0.024846041389700965,-0.024785669569357887,0.11006205895716818,0.04610258907823678,0.06754430147503315,0.0,0.0,0.0,0.0,0.0,0.0,-0.7028806655034063,0.0,0.0,-0.02377867402709673
2010-08-12,0.0,0.0,0.0,0.02532861424242604,-0.025312588087027875,0.11199162849365076,0.04652462700196561,0.0,0.0,0.0,0.0,0.0,0.0,0.0,-0.7157782627819091,0.0,0.05098630461997927,-0.024077974773041275
2010-08-13,0.0,0.0,-0.1851525042593984,0.0,-0.06332420334045508,0.27950613343714603,0.1143134536904403,0.17028053558399134,0.0,0.0,0.0,0.0,0.0,0.0,0.0,0.0,0.12669432000279476,-0.06072884968577418
2010-08-16,0.0,0.0,0.0,0.025211549448997027,-0.025407219390321763,0.11237072905700822,0.04591941929388852,0.0,0.0,0.0,0.0,0.0,0.0,0.0,-0.7176015823333993,0.0,0.048741305972088415,-0.02474819450429669
2010-08-17,0.0,0.0,-0.06854360667548878,0.02361084015785213,0.0,0.10361471263742825,0.042625823603522024,0.06350025189554147,0.0,0.0,0.0,0.0,0.0,0.0,-0.675089814888046,0.0,0.0,-0.023014950142121446
2010-08-18,0.0,0.0,-0.06828678734491468,0.023454172800991706,0.0,0.104733124052419,0.044146426951577736,0.06334884967290053,0.0,0.0,0.0,0.0,0.0,0.0,-0.6732438039700165,0.0,0.0,-0.02278683520717982
2010-08-19,0.0,0.0,0.0,0.024555908323945448,-0.023722571350547006,0.13459943416559905,0.043538510152321595,0.0752326162059071,0.0,0.0,0.0,0.0,0.0,0.0,-0.6752603600018617,0.0,0.0,-0.023090599799818062
2010-08-20,0.0,0.0,-0.1633367855398691,0.06247997089912173,-0.059568118413173485,0.34380558854726634,0.10845596611677757,0.20503263540399108,0.0,0.0,0.0,0.0,0.0,0.0,0.0,0.0,0.0,-0.05732093507980064
2010-08-23,0.0,0.0,-0.15562141755024098,0.0,-0.05737818755371625,0.3268408912069727,0.10447718983686279,0.19467055163330138,0.0,0.0,0.0,0.0,0.0,0.0,0.0,0.0,0.1068791315511189,-0.05413263066778705
2010-08-24,0.0,0.0,0.0,0.0,-0.06182314930333538,0.37772935001632313,0.11309411109948517,0.2087786530084656,0.0,0.0,0.0,0.0,0.0,-0.06656099981632975,0.0,0.0,0.11381552936982596,-0.05819820738623499
2010-08-25,0.0,0.0,0.0,0.0,-0.06179840990527325,0.3705078547549186,0.1125110930196954,0.21762924910280737,0.0,0.0,0.0,0.0,0.0,-0.06650771171215723,0.0,0.0,0.11301365476431735,-0.0580320267408307
2010-08-26,0.0,0.0,0.0,0.0,-0.06525492213535307,0.3549155674889528,0.10957623468070397,0.2232975765844978,0.0,0.0,0.0,0.0,0.0,-0.07115439597194187,0.0,0.0,0.11565694093908177,-0.060144362199468775
2010-08-27,0.0,0.0,0.0,0.0,-0.06640083899817283,0.3549662459524677,0.11133483877520808,0.22684008532684016,0.0,0.0,0.0,0.0,0.0,-0.07189958405140781,0.0,0.0,0.10863465283290934,-0.059923754062994085
2010-08-30,0.0,0.0,0.0,0.0,-0.06623399756065043,0.35323631956610596,0.11209499540179339,0.2294524953731914,0.0,0.0,0.0,0.0,0.0,-0.07195401070585994,0.0,0.0,0.10649289517005923,-0.06053528622233958
2010-08-31,0.0,0.0,0.0,0.0,-0.06663184992576773,0.3593313407510185,0.10980631681493963,0.2277378229154104,0.0,0.0,0.0,0.0,0.0,-0.07239469753386349,0.0,0.0,0.10545147603121055,-0.05864649602778965
2010-09-01,0.0,0.0,0.0,0.025787751154557916,-0.024308516509118146,0.13890024488189195,0.04225419607677824,0.0831336384955392,0.0,0.0,0.0,0.0,0.0,0.0,-0.6639120293242466,0.0,0.0,-0.021703623557867917
2010-09-02,0.0,0.0,-0.05808801627189039,0.02408934261949302,0.0,0.12771714776283147,0.037895639230501196,0.07515276533861137,0.0,0.0,0.0,0.0,0.0,0.0,-0.6567689545759863,0.0,0.0,-0.020288134200686175
2010-09-03,0.0,0.0,-0.05858695495644451,0.024168671182404258,0.0,0.13004931276087267,0.038894294743592565,0.07646539855592002,0.0,0.0,0.0,0.0,0.0,0.0,-0.6516789267610571,0.0,0.0,-0.0201564410397089
2010-09-07,0.0,0.0,-0.1587223120146248,0.06592508326640355,-0.06234356467569663,0.34583550154480336,0.10524788720720162,0.2069184293591131,0.0,0.0,0.0,0.0,0.0,0.0,0.0,0.0,0.0,-0.0550072219321569
2010-09-08,0.0,0.0,-0.15692890378611712,0.0,-0.06269046645212763,0.3176721128603254,0.10599236906568862,0.2080966828878265,0.0,0.0,0.0,0.0,0.0,0.0,0.0,0.0,0.09274731400468744,-0.05587215094322741
2010-09-09,0.0,0.0,-0.1582222726119812,0.06962513536637967,-0.06671836065564606,0.32396246387407807,0.1080649363523094,0.2161016630971851,0.0,0.0,0.0,0.0,0.0,0.0,0.0,0.0,0.0,-0.05730516804242043
2010-09-10,0.0,0.0,-0.15540634436973702,0.06997209652354949,-0.06702088370391916,0.3245718010196226,0.10927789672458521,0.21692039905434954,0.0,0.0,0.0,0.0,0.0,0.0,0.0,0.0,0.0,-0.056830578604237104
2010-09-13,0.0,0.0,-0.14536803668834783,0.06987572877232771,-0.06757149342026515,0.3289207884423593,0.11127052245342889,0.21926989429986668,0.0,0.0,0.0,0.0,0.0,0.0,0.0,0.0,0.0,-0.057723535923404456
2010-09-14,0.0,0.0,-0.14308207184682764,0.07153781099711029,-0.06921754147455025,0.32594649220515687,0.10804822954799001,0.22382230901001712,0.0,0.0,0.0,0.0,0.0,0.0,0.0,0.0,0.0,-0.05834554491834782
2010-09-15,0.0,0.0,-0.13956896637958843,0.07197284312191483,-0.06972642102467631,0.326234597531372,0.1090305021962672,0.22485962470969087,0.0,0.0,0.0,0.0,0.0,0.0,0.0,0.0,0.0,-0.05860704503649035
2010-09-16,0.0,0.0,-0.13911731218058232,0.0716333422569,-0.06931213242939362,0.3243667504962521,0.1098429166100882,0.2275888477895633,0.0,0.0,0.0,0.0,0.0,0.0,0.0,0.0,0.0,-0.05813869823722042
2010-09-17,0.0,0.0,-0.13746906335127504,0.0714269319874492,-0.06903767257009892,0.3261118138344365,0.11006230180135013,0.22792691958159014,0.0,0.0,0.0,0.0,0.0,0.0,0.0,0.0,0.0,-0.05796529687380009
2010-09-20,0.0,0.0,-0.13685681918001297,0.07122665164020274,-0.06809598423662006,0.3249681760835576,0.11411087282602052,0.22754525299452502,0.0,0.0,0.0,0.0,0.0,0.0,0.0,0.0,0.0,-0.057196243039061186
2010-09-21,0.0,0.0,-0.13442158302086327,0.07178683005731036,-0.06799168813762788,0.3253039035844592,0.11303369005981667,0.23105716922769137,0.0,0.0,0.0,0.0,0.0,0.0,0.0,0.0,0.0,-0.05640513591223132
2010-09-22,0.0,0.0,-0.13028774269276677,0.0,-0.0670251002464236,0.31940006399188653,0.1116093128331691,0.2255493352241683,0.0,0.0,0.0,0.0,0.0,0.0,0.0,0.0,0.08992518633764823,-0.05620325867393742
2010-09-23,0.0,0.0,0.0,0.028886702141961783,-0.02723480207806656,0.13073312319905014,0.045018394004827544,0.0,0.0,0.0,0.0,0.0,0.0,0.0,-0.7090951086399406,0.0,0.03636513930289742,-0.02266673063325601
2010-09-24,0.0,0.0,-0.052247229713054316,0.028314241466492862,0.0,0.12921495744093647,0.04502695458800733,0.0,0.0,0.0,0.0,0.021807821976267794,0.0,0.0,-0.7004924811439691,0.0,0.0,-0.02289631367127209
2010-09-27,0.0,0.0,-0.05212029222035963,0.028279768634372874,0.0,0.1271446065968704,0.045856260212569354,0.0,0.0,0.0,0.0,0.021725961697790643,0.0,0.0,-0.7019874507535704,0.0,0.0,-0.022885659884466815
2010-09-28,0.0,0.0,0.0,0.03139286833662177,-0.02810855209809231,0.1298022484895507,0.04637264303397982,0.0,0.0,0.0,0.0,0.02310177242024758,0.0,0.0,-0.7173434108607396,0.0,0.0,-0.02387850476076838
2010-09-29,0.0,0.0,-0.051985932042681586,0.030758968999279015,0.0,0.1266162210565886,0.04526914661814673,0.0,0.0,0.0,0.0,0.022618282123290086,0.0,0.0,-0.6997703191784711,0.0,0.0,-0.022981129981542933
2010-09-30,0.0,0.0,0.0,0.03106278537716022,-0.027804416376662738,0.12879912703223437,0.05658140890609406,0.0,0.0,0.0,0.0,0.022855917643237352,0.0,0.0,-0.7094130187894021,0.0,0.0,-0.02348332587520922
2010-10-01,0.0,0.0,-0.05328251520613241,0.031033501100658684,0.0,0.0,0.0576775785843426,0.09789345429713946,0.0,0.0,0.0,0.0230929123023334,0.0,0.0,-0.7136408572156191,0.0,0.0,-0.0233791812937743
2010-10-04,0.0,0.0,-0.05299114441733914,0.031203209482631892,0.0,0.0,0.06070993203808761,0.0986699168406758,0.0,0.0,0.0,0.022954094570732886,0.0,0.0,-0.7102135641939421,0.0,0.0,-0.023258138456590617
2010-10-05,0.0,0.0,-0.0570745145850635,0.034126337174624946,0.0,0.0,0.06306803410213684,0.0,0.0,0.0,0.02522940742193253,0.02513716859052398,0.0,0.0,-0.7695542483267538,0.0,0.0,-0.025810289798964423
2010-10-06,0.0,0.0,-0.05195825223521691,0.031315041948370995,0.0,0.0,0.058071973921408906,0.10540566668540917,0.0,0.0,0.0,0.023118032917903715,0.0,0.0,-0.7062738223428003,0.0,0.0,-0.023857209948890002
2010-10-07,0.0,0.0,-0.05228362880991735,0.031453916331582205,0.0,0.0,0.05745401895362034,0.10653603473975078,0.0,0.0,0.0,0.023354716127624645,0.0,0.0,-0.7053019900497323,0.0,0.0,-0.023615694987772357
2010-10-08,0.0,0.0,-0.05255452743978404,0.03146697033146245,0.0,0.0,0.057839521339969974,0.10629319052379013,0.0,0.0,0.0,0.023405258916334316,0.0,0.0,-0.7048604533674103,0.0,0.0,-0.023580078081248658
2010-10-11,0.0,0.0,0.0,0.03187982942328571,-0.028620546255154783,0.0,0.058760872101284646,0.0,0.0,0.0,0.0,0.02422038677025692,0.10761472134450871,0.0,-0.7247660692073705,0.0,0.0,-0.02413757489813866
2010-10-12,0.0,0.0,0.0,0.030880390991025932,-0.027742157031781865,0.1308875668790509,0.05685558543629959,0.0,0.0,0.0,0.0,0.023488269215020372,0.0,0.0,-0.7067335537730013,0.0,0.0,-0.02341247667382003
2010-10-13,0.0,0.0,-0.057583108641071266,0.033372162189136204,0.0,0.0,0.060115909597330874,0.0,0.0,0.0,0.025836621400897833,0.025625447811900855,0.0,0.0,-0.7720360443990895,0.0,0.0,-0.02543070596057351
2010-10-14,0.0,0.0,0.0,0.03211478732859123,-0.028867247883028236,0.12536411956955507,0.056789071385920604,0.0,0.0,0.0,0.0,0.02441352957329662,0.0,0.0,-0.7092526810670706,0.0,0.0,-0.023198563192537654
2010-10-15,0.0,0.0,0.0,0.03219182910044385,-0.028774886438784154,0.12498931382737996,0.05667042159706564,0.0,0.0,0.0,0.0,0.02433767768089416,0.0,0.0,-0.7100139356187011,0.0,0.0,-0.023021935736731152
2010-10-18,0.0,0.0,0.0,0.03659821859542906,-0.03194817299148616,0.0,0.06316431024885866,0.0,0.0,0.0,0.027256825473097848,0.02715353060846753,0.0,0.0,-0.7886281794337557,0.0,0.0,-0.025250762648905002
2010-10-19,0.0,0.0,0.0,0.0,-0.026846124218203527,0.11285822151915562,0.04562099609708713,0.1035062696040276,0.0,0.0,0.0,0.02272225307022117,0.0,0.0,-0.6681287883692818,0.0,0.0,-0.02031734712202305
2010-10-20,0.0,0.0,0.0,0.0,-0.030090043145064325,0.0,0.049462383435281594,0.11726943302188579,0.0,0.0,0.02604333285180531,0.025472860585431318,0.0,0.0,-0.7293416633307308,0.0,0.0,-0.022320283629800923
2010-10-21,0.0,0.0,0.0,0.03559333793084884,-0.032701869045384094,0.0,0.05238949519580091,0.0,0.0,0.0,0.028680467036338538,0.02819731554380045,0.0,0.0,-0.7985106855671179,0.0,0.0,-0.023926829680709246
2010-10-22,0.0,0.0,0.0,0.0,-0.029713776492663043,0.122001743081782,0.04780596246376726,0.0,0.0,0.0,0.026393816127943483,0.025928701981274928,0.0,0.0,-0.7266294951461303,0.0,0.0,-0.021526504706438968
2010-10-25,0.0,0.0,-0.05113279486840715,0.03420976216032519,0.0,0.0,0.05308870742208231,0.0,0.0,0.0,0.02801605742893122,0.027543114232328737,0.0,0.0,-0.7829251954535403,0.0,0.0,-0.023084368434384876
2010-10-26,0.0,0.0,-0.051634038747172185,0.03460148584184737,0.0,0.0,0.05351899509099329,0.0,0.0,0.0,0.028528032820717496,0.02819512708711159,0.0,0.0,-0.7801875604568982,0.0,0.0,-0.023334759955259864
2010-10-27,0.0,0.0,-0.05276856423090287,0.033728208020907154,0.0,0.0,0.0521542869116939,0.0,0.0,0.0,0.028339039860777644,0.028058614689208023,0.0,0.0,-0.7815395022705646,0.0,0.0,-0.023411784015945767
2010-10-28,0.0,0.0,-0.054060182420907245,0.03474807314893937,0.0,0.0,0.05338840910628129,0.0,0.0,0.0,0.02917143463635512,0.028874817348070698,0.0,0.0,-0.7755828425607673,0.0,0.0,-0.024174240778678968
2010-10-29,0.0,0.0,-0.053745016268066256,0.03577889073753151,0.0,0.0,0.05274906712537756,0.0,0.0,0.0,0.029352917442528412,0.029018815414325865,0.0,0.0,-0.7746033321477781,0.0,0.0,-0.024751960864392263
2010-11-01,0.0,0.0,-0.055194735246816756,0.03541864394839486,0.0,0.0,0.05203970092795249,0.0,0.0,0.0,0.029181324870893,0.028794377299857062,0.0,0.0,-0.7749247585012115,0.0,0.0,-0.024446459204874448
2010-11-02,0.0,0.0,-0.05467366967373429,0.03492076339532979,0.0,0.0,0.05173387072537921,0.0,0.0,0.0,0.028619863363119596,0.02829757760178418,0.0,0.0,-0.7776062091447802,0.0,0.0,-0.024148046095872837
2010-11-03,0.0,0.0,-0.053090296490069,0.03407260122966592,0.0,0.0,0.04991844410500228,0.0,0.0,0.0,0.02803945736020783,0.027735828638858494,0.0,0.0,-0.7837032952923689,0.0,0.0,-0.02344007688382773
2010-11-04,0.0,0.0,-0.05340104039548275,0.0335402626268113,0.0,0.0,0.045231560419681564,0.0,0.0,0.0,0.02759336252722497,0.027535121236003896,0.0,0.0,-0.78921750619442,0.0,0.0,-0.023481146600375646
2010-11-05,0.0,0.0,-0.05318616500455539,0.03383569386462452,0.0,0.0,0.04581848635394749,0.0,0.0,0.0,0.027913880249410324,0.02786238620937452,0.0,0.0,-0.7876473835379724,0.0,0.0,-0.023736004780115363
2010-11-08,0.0,0.0,-0.05392064753888855,0.034287274690216224,0.0,0.0,0.04559522171016206,0.0,0.0,0.0,0.028348648574601856,0.02837453516754651,0.0,0.0,-0.7854877792691081,0.0,0.0,-0.023985893049476743
2010-11-09,0.0,0.0,-0.055600443178441296,0.037645590820861184,0.0,0.0,0.04581596908899942,0.0,0.0,0.0,0.03124712421863344,0.031384777594595785,0.0,0.0,-0.7728430213141071,0.0,0.0,-0.02546307378436173
2010-11-10,0.0,0.0,-0.05584538237778424,0.037769007889257876,0.0,0.0,0.04602769009797955,0.0,0.0,0.0,0.03138272553714544,0.03156791555496876,0.0,0.0,-0.7718139693646623,0.0,0.0,-0.025593309178201778
2010-11-11,0.0,0.0,-0.05992922884696748,0.03916980754873039,0.0,0.0,0.04820344917401688,0.0,0.0,0.0,0.033058122241961196,0.03331817838754928,0.0,0.0,-0.7595475923056364,0.0,0.0,-0.026773621495138483
2010-11-12,0.0,0.0,-0.06062244104223788,0.0372932682305849,0.0,0.0,0.04400574029176835,0.0,0.0,0.0,0.03219448385985075,0.032438500743149544,0.0,0.0,-0.7679626201549,0.0,0.0,-0.025482945677508667
2010-11-15,0.0,0.0,-0.05982475572910165,0.03768068890054022,0.0,0.0,0.04385768686538402,0.0,0.0,0.0,0.03274076249552912,0.03300862358522721,0.0,0.0,-0.7672119247648639,0.0,0.0,-0.025675557659353816
2010-11-16,0.0,0.0,-0.17129006843639671,0.0,-0.10815725375805335,0.0,0.12464239634187689,0.3384988039314919,0.0,0.0,0.09210412154033291,0.0931476659027798,0.0,0.0,0.0,0.0,0.0,-0.07215969008906833
2010-11-17,0.0,0.0,-0.17188552074083813,0.0,-0.11041500533090269,0.32791260378988774,0.12473396546207224,0.0,0.0,0.0,0.09624072876498031,0.0969040156348974,0.0,0.0,0.0,0.0,0.0,-0.07190816027642147
2010-11-18,0.0,0.0,-0.05676004793860141,0.0,0.0,0.0,0.04028357595949684,0.10216171467311823,0.0,0.0,0.03106092707675285,0.03116183535348468,0.0,0.0,-0.7153518432088621,0.0,0.0,-0.023220055789683676
2010-11-19,0.0,0.0,-0.061376218190206944,0.03609829373459748,0.0,0.0,0.043525454629584376,0.0,0.0,0.0,0.034008237467991385,0.033997827258464425,0.0,0.0,-0.7657904646624134,0.0,0.0,-0.02520350405674197
2010-11-22,0.0,0.0,-0.061822399061003654,0.03668555351475287,0.0,0.0,0.043597160093048655,0.0,0.0,0.0,0.034411652870971816,0.034541444618686364,0.0,0.0,-0.7633062347947476,0.0,0.0,-0.025635555046788844
2010-11-23,0.0,0.0,-0.21197643693804635,0.0,-0.12685378902716005,0.0,0.15260263446921318,0.0,0.0,0.17776445659657486,0.12010314605743198,0.12041646876144864,0.0,0.0,0.0,0.0,0.0,-0.09028306815012503
2010-11-24,0.0,0.0,-0.06269760264918496,0.0,0.0,0.0,0.04508158860101932,0.0,0.0,0.05187928717571293,0.0350434232465793,0.035055672900301586,0.0,0.0,-0.7441927748642381,0.0,0.0,-0.026049650562963794
2010-11-26,0.0,0.0,-0.21049510522820528,0.0,-0.12582958038015538,0.0,0.15220347864485775,0.0,0.0,0.17793065805787125,0.12147410339863579,0.1218690768850669,0.0,0.0,0.0,0.0,0.0,-0.09019799740520763
2010-11-29,0.0,0.0,-0.057893551845630255,0.0,0.0,0.0,0.0437244528633231,0.0,0.0,0.052433622301569574,0.03590641623689288,0.03608498768856095,0.0,0.0,-0.7481281159833901,0.0,0.0,-0.025828853080633138
2010-11-30,0.0,0.0,-0.20113161686992545,0.0,-0.1255308493299818,0.0,0.1509213029583614,0.0,0.0,0.18152765919834135,0.12397892659723715,0.12527011842988356,0.0,0.0,0.0,0.0,0.0,-0.09163952661626926
2010-12-01,0.0,0.0,-0.19709023998434436,0.0,-0.12566049510801994,0.0,0.14801878790115985,0.0,0.0,0.18546709129225722,0.12636143377903583,0.12764337734766606,0.0,0.0,0.0,0.0,0.0,-0.08975857458751653
2010-12-02,0.0,0.0,-0.05958359905017565,0.035663623935204114,0.0,0.0,0.0,0.0,0.0,0.05661590480447499,0.03854673123283628,0.03918331594467129,0.0,0.0,-0.7430235909931561,0.0,0.0,-0.02738323403948156
2010-12-03,0.0,0.0,-0.05956447115222145,0.0,0.0,0.0,0.044584562667941446,0.0,0.0,0.05802743327420135,0.03943083938933887,0.03997153372960378,0.0,0.0,-0.730774452638386,0.0,0.0,-0.027646707148307175
2010-12-06,0.0,0.0,-0.05879295747318132,0.0,0.0,0.0,0.04396192345736638,0.0,0.0,0.05801600974787061,0.0400876543937057,0.04046581872020862,0.0,0.0,-0.7313116230473328,0.0,0.0,-0.027364013160334592
2010-12-07,0.0,0.0,-0.06078510132538883,0.0,0.0,0.0,0.04435346412246698,0.0,0.0,0.06021739382262072,0.0416476145123239,0.04204132996903704,0.0,0.0,-0.7226106888654938,0.0,0.0,-0.02834440738266869
2010-12-08,0.0,0.0,-0.06163733195333846,0.0,0.0,0.0,0.044819396799955946,0.0,0.0,0.06116820031815778,0.04230142077235774,0.04270363667662191,0.0,0.0,-0.7185059132556595,0.0,0.0,-0.028864100223908607
2010-12-09,0.0,0.0,-0.058139469330045206,0.0,0.0,0.0,0.04157943152288574,0.0,0.0,0.056808301444539404,0.03926024927353996,0.03963639618248443,0.0,0.0,-0.6668582006110609,-0.09771795163544426,0.0,0.0
2010-12-10,0.0,0.0,-0.06297573309991593,0.0,0.0,0.0,0.041601183344945496,0.0,0.0,0.0,0.039942803648768774,0.04066826073719224,0.0,0.042757978406668194,-0.6734288063742488,-0.0986252343882605,0.0,0.0
2010-12-13,0.0,0.0,-0.062485250045388144,0.0,0.0,0.0,0.042440173713949765,0.0,0.0,0.0,0.03997324815910524,0.040500876139995215,0.0,0.04262914856824353,-0.6747363412388034,-0.09723496213451459,0.0,0.0
2010-12-14,0.0,0.0,-0.06350389382525663,0.0,0.0,0.0,0.04261198516270955,0.0,0.0,0.0,0.04011182373621228,0.04063789877593921,0.0,0.04272072874901253,-0.675628177016552,-0.0947854927343179,0.0,0.0
2010-12-15,0.0,0.0,-0.06706852870255989,0.0,0.0,0.0,0.04459481630005934,0.0,0.0,0.0,0.04252798478211378,0.04295984286865691,0.0,0.044689759623029,-0.712989703329696,0.0,-0.045169364393885116,0.0
2010-12-16,0.0,0.0,-0.06842263399017944,0.0,0.0,0.0,0.04514598197974007,0.0,0.0,0.0,0.04314114457928165,0.043564803431947574,0.0,0.04542177899351046,-0.7245449606528768,0.0,0.0,-0.029758696372463995
2010-12-17,0.0,0.0,-0.0687470161799142,0.0,0.0,0.0,0.04535734347034678,0.0,0.0,0.0,0.04506212520174386,0.04543848629941218,0.0,0.046112681561265266,-0.7191858301864844,0.0,0.0,-0.030096517100833303
2010-12-20,0.0,0.0,-0.06935940764634164,0.0,0.0,0.0,0.045108286603983104,0.0,0.0,0.0,0.04485794913245574,0.04528521860387095,0.0,0.045754070092766976,-0.7194443556046366,0.0,0.0,-0.030190712315945004
2010-12-21,0.0,0.0,-0.06594645833705808,0.0,0.0,0.0,0.0418558424625685,0.0,0.0,0.0,0.04210144937953693,0.04258763319163925,0.0,0.04245110969033561,-0.6671802666677703,-0.09787724027109149,0.0,0.0
2010-12-22,0.0,0.0,-0.0713115325193632,0.0,0.0,0.0,0.044884911533056814,0.0,0.0,0.0,0.04606431910451459,0.046079168340143035,0.0,0.04592496793713265,-0.7157061217470492,0.0,0.0,-0.030028978818740476
2010-12-23,0.0,0.0,-0.0720319421620765,0.0,0.0,0.0,0.045366847763241624,0.0,0.0,0.0,0.04938242981660374,0.049450885000427366,0.0,0.0477793810097189,-0.7053015714698011,0.0,0.0,-0.030686942778130857
2010-12-27,0.0,0.0,-0.07272217007553944,0.0,0.0,0.0,0.045507555550775756,0.0,0.0,0.0,0.049642844117257286,0.04965611353027995,0.0,0.047921783326637095,-0.7037959796196588,0.0,0.0,-0.030753553779851766
2010-12-28,0.0,0.0,-0.07419600464811824,0.0,0.0,0.0,0.0457658477436888,0.0,0.0,0.0,0.05063891864883788,0.050428988042715645,0.0,0.048833735533162,-0.6988613842342735,0.0,0.0,-0.03127512114920394
2010-12-29,0.0,0.0,-0.0770672666879112,0.0,0.0,0.0,0.048525198839598535,0.0,0.0,0.0,0.05371089801974617,0.05348949036008564,0.0,0.05088717211342202,-0.6827609343462019,0.0,0.0,-0.0335590396330345
2010-12-30,0.0,0.0,-0.0770553934548129,0.0,0.0,0.0,0.04842062557969517,0.0,0.0,0.0,0.05373553752020459,0.05365022004365063,0.0,0.05121669386608267,-0.682154694895484,0.0,0.0,-0.0337668346400701
2010-12-31,0.0,0.0,-0.0773607548476617,0.0,0.0,0.0,0.048860835758457184,0.0,0.0,0.0,0.054159033820684085,0.05395019085417594,0.0,0.05207956202049134,-0.679360325949555,0.0,0.0,-0.03422929674897468
2011-01-03,0.0,0.0,-0.07734531049665822,0.0,0.0,0.0,0.04879252080554411,0.0,0.0,0.0,0.05400770210964554,0.054282175667040695,0.0,0.05230397831705465,-0.6790390067425449,0.0,0.0,-0.03422930586151199
2011-01-04,0.0,0.0,-0.07822061502551428,0.0,0.0,0.0,0.04775005039787377,0.0,0.0,0.0,0.054699288326565225,0.05568313191333997,0.0,0.0530466252418314,-0.6771104997086829,0.0,0.0,-0.03348978938619248
2011-01-05,0.0,0.0,-0.07929622111123841,0.0,0.0,0.0,0.04904517752988329,0.0,0.0,0.0,0.055845936045281326,0.05693199500729967,0.0,0.05427760412476132,-0.6703522943631544,0.0,0.0,-0.034250771818381674
2011-01-06,0.0,0.0,-0.07929247030279024,0.0,0.0,0.0,0.04959674947644255,0.0,0.0,0.0,0.0560905352002672,0.05706420217277692,0.0,0.054068829681928846,-0.669446298816115,0.0,0.0,-0.03444091434967938
2011-01-07,0.0,0.0,-0.07856784745607288,0.0,0.0,0.0,0.04936272491026205,0.0,0.0,0.07862931611644004,0.05574536910483799,0.05661238549879323,0.0,0.0,-0.6466339894243363,0.0,0.0,-0.03444836748925746
2011-01-10,0.0,0.0,-0.19356360716911217,0.0,-0.12555349486209794,0.0,0.12235712842843634,0.0,0.0,0.1948679887150727,0.13814238556765857,0.13986642687948214,0.0,0.0,0.0,0.0,0.0,-0.08564896837814018
2011-01-11,0.0,0.0,-0.07828333259288688,0.0,0.0,0.0,0.0493872706654043,0.0,0.0,0.07873103933579048,0.05578681169772847,0.05654770715563144,0.0,0.0,-0.6469543473726019,0.0,0.0,-0.03430949117995643
2011-01-12,0.0,0.0,-0.07743550034342105,0.0,0.0,0.0,0.05003529589755867,0.0,0.0,0.07865004660570808,0.05638972784669358,0.056981141390990205,0.0,0.0,-0.6460812661280873,0.0,0.0,-0.03442702178754118
2011-01-13,0.0,0.0,-0.07741715113613537,0.0,0.0,0.0,0.04976753377874082,0.0,0.0,0.07867016538107714,0.056317523593718194,0.05702857760019549,0.0,0.0,-0.646438323288358,0.0,0.0,-0.03436072522177507
2011-01-14,0.0,0.0,-0.07779374625588227,0.0,0.0,0.0,0.04954332731812071,0.0,0.0,0.0787177352217538,0.05621305278645388,0.05698333653686565,0.0,0.0,-0.6462132603393917,0.0,0.0,-0.034535541541532
2011-01-18,0.0,0.0,-0.07761328435584672,0.0,0.0,0.0,0.04943687649024905,0.0,0.0,0.07857343490835206,0.056905524304853454,0.056996512538728165,0.0,0.0,-0.6455336571725195,0.0,0.0,-0.03494071022945113
2011-01-19,0.0,0.0,-0.0828815108412938,0.0,0.0,0.0,0.05374725008189174,0.0,0.0,0.0,0.056641875779089045,0.05704102936694137,0.0,0.05587088204019893,-0.6554375087969223,0.0,0.0,-0.03837994309366288
2011-01-20,0.0,0.0,0.0,0.0,0.0,0.0,0.054991237682403236,0.0,0.0,0.0,0.059232633464187064,0.0585233202260696,0.0,0.05812696051203427,-0.6771764887395832,0.0,-0.05189577078582267,-0.040053588589900074
2011-01-21,0.0,0.0,-0.08474764540094362,0.0,0.0,0.0,0.05380504043683559,0.0,0.0,0.0,0.057110924865431165,0.056234451115195594,0.0,0.05604450966797327,-0.6527202897780084,0.0,0.0,-0.03933713873561227
2011-01-24,0.0,0.0,0.0,0.0,0.0,0.0,0.0,0.0,0.0,0.08378396307625377,0.0572007516033064,0.056659955570019974,0.0,0.056327946876783344,-0.6559217932974274,0.0,-0.0505452275872746,-0.03956036198893457
2011-01-25,0.0,0.0,-0.08229495010277113,0.0,0.0,0.0,0.0,0.0,0.0,0.08142904231473092,0.055472539366587637,0.055093512483144966,0.0,0.05466188241418239,-0.633150251653572,0.0,0.0,-0.037897821665011
2011-01-26,0.0,0.0,0.0,0.0,0.0,0.0,0.05569397035306878,0.0,0.0,0.0,0.0583349820658473,0.057396279341896124,0.0,0.057963840912580604,-0.6788040715466953,0.0,-0.05185787974710792,-0.039948976032804145
2011-01-27,0.0,0.0,0.0,0.0,0.0,0.0,0.0,0.0,0.0,0.08395255340094793,0.056943728344213934,0.05586281595009336,0.0,0.05692230504223436,-0.6577603266625297,0.0,-0.05051727413751559,-0.038040996462465115
2011-01-28,0.0,0.0,0.0,0.0,0.0,0.0,0.0,0.0,0.0,0.07219978667050132,0.049848768201169506,0.04923352765703095,0.0,0.050569734752206726,-0.6156110694543312,-0.11609831388290888,-0.04643879938185139,0.0
2011-01-31,0.0,0.0,0.0,0.0,0.0,0.0,0.0,0.0,0.0,0.07177559623579974,0.04978816755265301,0.04910692207484392,0.0,0.050540387506338984,-0.6155548371612262,-0.11663028548653931,-0.0466038039825989,0.0
2011-02-01,0.0,0.0,0.0,0.0,0.0,0.0,0.0,0.0,0.0,0.0772795576645445,0.053825136367718414,0.05334638552129231,0.0,0.05308444953962738,-0.6751748717236574,0.0,-0.05158260963687711,-0.03570698954628282
2011-02-02,0.0,0.0,0.0,0.0,0.0,0.0,0.0,0.0,0.0,0.07766439042471449,0.05484523524375573,0.05422733306147213,0.0,0.05293789268129336,-0.6725377027513202,0.0,-0.05207062037005883,-0.03571682546738533
2011-02-03,0.0,0.0,0.0,0.0,0.0,0.0,0.0,0.0,0.0,0.07134687187692877,0.05035380689034382,0.049770683131362035,0.0,0.04867551663268065,-0.6134823435472173,-0.11755267724986071,-0.048818100671606766,0.0
2011-02-04,0.0,0.0,0.0,0.0,0.0,0.0,0.0,0.0,0.0,0.07411465250211534,0.05257593433581893,0.051169983977202155,0.0,0.04938117389092911,-0.6077687457194086,-0.11636028986063841,-0.04862921971388752,0.0
2011-02-07,0.0,0.0,0.0,0.0,0.0,0.0,0.0,0.0,0.0,0.07365737103483556,0.05223954887496419,0.050800353674409666,0.0,0.04915168747780889,-0.6086237576140526,-0.11634241359547069,-0.04918486772845837,0.0
2011-02-08,0.0,0.0,0.0,0.0,0.0,0.0,0.0,0.0,0.0,0.08108262661787448,0.057534490069285876,0.055829715698098914,0.0,0.05438355852620936,-0.6613814442350809,0.0,-0.05410316973735756,-0.03568499511609286
2011-02-09,0.0,0.0,0.0,0.0,0.0,0.0,0.0,0.0,0.0,0.08088074403665214,0.058057179897188456,0.05588799958057863,0.0,0.05399083822860213,-0.6607695871715734,0.0,-0.05490928370854612,-0.03550436737685908
2011-02-10,0.0,0.0,0.0,0.0,0.0,0.0,0.0,0.0,0.0,0.08074800334847607,0.05838115785502812,0.05590363039914248,0.0,0.05336420830580795,-0.6610518007709187,0.0,-0.05434985092536844,-0.03620134839525815
2011-02-11,0.0,0.0,0.0,0.0,0.0,0.0,0.0,0.0,0.0,0.07949354758660909,0.05727031271443187,0.05487899473374121,0.0,0.053356494545952524,-0.6667974346769039,0.0,-0.05268212525679511,-0.035521090485566335
2011-02-14,0.0,0.0,0.0,0.0,0.0,0.0,0.0,0.0,0.0,0.08203586559089052,0.0586483017994926,0.05599397776863625,0.0,0.05311604602961553,-0.6611475202995629,0.0,-0.05229782710302826,-0.03676046140877398
2011-02-15,0.0,0.0,0.0,0.0,0.0,0.0,0.0,0.0,0.0,0.0757254399519403,0.05411377321689255,0.05144736892103503,0.0,0.04905915558570883,-0.6118465770397263,-0.12399285392167826,0.0,-0.03381483136301866
2011-02-16,0.0,0.0,0.0,0.0,0.0,0.0,0.0,0.0,0.0,0.07902177305160778,0.055851251307258154,0.052436281471551924,0.0,0.05034091333119803,-0.605485492155457,-0.12253675293755789,0.0,-0.03432753574536939
2011-02-17,0.0,0.0,0.0,0.0,0.0,0.0,0.0,0.0,0.0,0.08574124040768238,0.06046496391941376,0.05682279429626483,0.0,0.05466058570195965,-0.648774954835971,0.0,-0.055986010181220125,-0.03754945065748833
2011-02-18,0.0,0.0,0.0,0.0,0.0,0.0,0.0,0.0,0.0,0.08850974026011713,0.06122208955304069,0.057758988851175565,0.0,0.05626969569330036,-0.6427863462496407,0.0,-0.05564104522283144,-0.03781209416989408
2011-02-22,0.0,0.0,0.0,0.0,0.0,0.0,0.06444082186084213,0.0,0.0,0.0,0.06039815733620349,0.05631109539821888,0.0,0.05519221389024815,-0.6701047432167535,0.0,-0.057655318793636307,-0.03589764950409748
2011-02-23,0.0,0.0,0.0,0.0,0.0,0.0,0.06433048353604502,0.0,0.0,0.0,0.05892930624566304,0.05461950478090348,0.0,0.055097234760896334,-0.6747312531108046,0.0,-0.05751069579906234,-0.034781521766625134
2011-02-24,0.0,0.0,0.0,0.0,0.0,0.0,0.06382120489301807,0.0,0.0,0.0,0.05921549446641062,0.054687974686239336,0.0,0.059517407579647665,-0.6716011221055244,0.0,-0.05707872245199923,-0.034078073817160645
2011-02-25,0.0,0.0,0.0,0.0,0.0,0.0,0.062085728927958425,0.0,0.0,0.0,0.05758128363768071,0.05354995800783054,0.0,0.05784061463530395,-0.6781663049456461,0.0,-0.056895966248354066,-0.03388014359722631
2011-02-28,0.0,0.0,0.0,0.0,0.0,0.0,0.06219961266925792,0.0,0.0,0.0,0.05758806713387378,0.053378611248684815,0.0,0.057820068259248965,-0.6778942065607332,0.0,-0.05757366268344002,-0.033545771444761244
2011-03-01,0.0,0.0,0.0,0.0,0.0,0.0,0.06115556585079804,0.0,0.0,0.0,0.05603496842064196,0.05207313996017815,0.0,0.05822602590803945,-0.6807534344506508,0.0,-0.05842201963626886,-0.033334845773422675
2011-03-02,0.0,0.0,0.0,0.0,0.0,0.0,0.06198857670067098,0.0,0.0,0.0,0.05631150059765197,0.051993654215439035,0.0,0.05850840069663414,-0.6805872102258924,0.0,-0.05733289837615842,-0.03327775918755306
2011-03-03,0.0,0.0,0.0,0.0,0.0,0.0,0.06151961829443515,0.0,0.0,0.0,0.057050094227093354,0.05217888002986417,0.0,0.0619714341924238,-0.6729923782282603,0.0,-0.05985765209939329,-0.03442994292852987
2011-03-04,0.0,0.0,0.0,0.0,0.0,0.0,0.06328701803225618,0.0,0.0,0.0,0.05914424514176713,0.05421397935623124,0.0,0.06706752236924819,-0.6595583282595967,0.0,-0.06156788074396625,-0.03516102609693419
2011-03-07,0.0,0.0,0.0,0.0,0.0,0.0,0.063493243328881,0.0,0.0,0.08337559432016846,0.0,0.051245320504134946,0.0,0.06506030707891185,-0.6434015130248817,0.0,-0.059403895325412244,-0.03402012641760984
2011-03-08,0.0,0.0,-0.10045704179763106,0.0,0.0,0.0,0.06102564657773961,0.0,0.0,0.0,0.05267413847563305,0.04853003303784666,0.0,0.062217845945576125,-0.6172913975245057,0.0,-0.05780389664106771,0.0
2011-03-09,0.0,0.0,0.0,0.0,0.0,0.0,0.06472009914507815,0.0,0.0,0.08097549196589633,0.0,0.04935813704034357,0.0,0.06346596853762963,-0.6473255656085546,0.0,-0.060845416373253386,-0.033309321329244274
2011-03-10,0.0,0.0,-0.10068583179221245,0.0,0.0,0.0,0.06221995488877039,0.0,0.0,0.07316249235819554,0.0,0.04536719778893593,0.0,0.05655832813767783,-0.6303135726840464,0.0,0.0,-0.0316926223501614
2011-03-11,0.0,0.0,0.0,0.0,0.0,0.0,0.06512428552917912,0.0,0.0,0.07608945109533223,0.0,0.04744870006808776,0.0,0.05925371013961495,-0.659365376104612,0.0,-0.059890313541284386,-0.032828163521889615
2011-03-14,0.0,0.0,0.0,0.0,0.0,0.0,0.06555310646647036,0.0,0.0,0.07657479413954817,0.05194288530927817,0.04810674464322606,0.0,0.0,-0.664055661548423,0.0,-0.06060378120576051,-0.03316302668729366
2011-03-15,0.0,0.0,0.0,0.0,-0.0572528302907826,0.0,0.0638019085809818,0.0,0.0,0.07579314717242594,0.052196239522820716,0.04846441254637893,0.0,0.0,-0.6703351665906238,0.0,0.0,-0.032156295295986265
2011-03-16,0.0,0.0,0.0,0.0,-0.05474177985983115,0.0,0.06565568796401551,0.0,0.0,0.07404010640343721,0.05316761614780781,0.049612539218746934,0.0,0.0,-0.6697323567213692,0.0,0.0,-0.03304991368479215
2011-03-17,0.0,0.0,0.0,0.0,-0.05170506015547276,0.0,0.06661855377859152,0.0,0.0,0.0735518769830785,0.05346967968936194,0.04985527246532042,0.0,0.0,-0.6720844421592516,0.0,0.0,-0.03271511476892325
2011-03-18,0.0,0.0,0.0,0.0,0.0,-0.15793159118903838,0.060541413961435565,0.0,0.0,0.0,0.048388625110473295,0.045389449921959486,0.0,0.045901976804592515,-0.6119611643519995,0.0,0.0,-0.029885778660501194
2011-03-21,0.0,0.0,0.0,0.0,0.0,0.0,0.06765908653339826,0.0,0.0,0.0,0.0525529254021683,0.04948542239659342,0.0,0.049403983611668416,-0.6807061891098064,0.0,-0.06673177632993162,-0.03346061661643357
2011-03-22,0.0,0.0,0.0,0.0,0.0,0.0,0.06794431030022685,0.0,0.0,0.0,0.05258763815681113,0.049449587874643736,0.0,0.04936961027648495,-0.680726490892768,0.0,-0.06669539785874976,-0.033226964640315396
2011-03-23,0.0,0.0,0.0,0.04426873064142547,0.0,-0.163285721922598,0.06065833680954853,0.0,0.0,0.0,0.0,0.044618890160653,0.0,0.04443578714152752,-0.6128281817991578,0.0,0.0,-0.029904351525089683
2011-03-24,0.0,0.0,0.0,0.04417299242214143,0.0,-0.16415928537737523,0.06049938460326474,0.0,0.0,0.0,0.0,0.044610014637813236,0.0,0.04418917569244968,-0.6123034097432648,0.0,0.0,-0.03006573752369098
2011-03-25,0.0,0.0,0.0,0.0,0.0,-0.14403953383399087,0.05314037301526888,0.0,0.0,0.0,0.04186351855792537,0.03900427210019958,-0.13921350213016442,0.03853079278784266,-0.5442080075746082,0.0,0.0,0.0
2011-03-28,0.0,0.0,0.0,0.0,0.0,-0.16233162981622976,0.059729732396791434,0.0,0.0,0.0,0.047154590560168755,0.04396920645967634,0.0,0.04342703004365485,-0.6138452183721979,0.0,0.0,-0.02954259235128093
2011-03-29,0.0,0.0,0.0,0.0,0.0,0.0,0.06711892753639515,0.0,0.0,0.0,0.05152226914864335,0.04804895491025608,0.0,0.04751842831900552,-0.6850745858156176,0.0,-0.06839614113156209,-0.03232069313852002
2011-03-30,0.0,0.0,0.0,0.0,0.0,0.0,0.06425103666142526,0.0,0.0,0.0,0.04891659307264858,0.04556737591351147,0.0,0.04586289129057476,-0.697395533101072,0.0,-0.06708365866513137,-0.03092291129563658
2011-03-31,0.0,0.0,0.0,0.0,0.0,0.0,0.05682479474003104,0.0,0.0,0.05945821051160298,0.04344568872714054,0.040479876804393314,-0.15454766985568613,0.0,-0.6178055966654417,0.0,0.0,-0.027438162695704336
2011-04-01,0.0,0.0,0.0,0.0,0.0,-0.15518654042444827,0.05829455623567834,0.0,0.0,0.0,0.04412916509840583,0.04118440536549985,0.0,0.04139559506043248,-0.6318078370703762,0.0,0.0,-0.028001900745158976
2011-04-04,0.0,0.0,0.0,0.0,0.0,-0.1528878541172854,0.05733461385618213,0.0,0.0,0.05962868780266436,0.0,0.04098498055710981,0.0,0.040842568727485644,-0.6208061063890633,0.0,0.0,-0.027515188550209395
2011-04-05,0.0,0.0,0.0,0.0,0.0,-0.15682331067924912,0.05978006904186816,0.0,0.0,0.059879850628584766,0.0,0.04153596444768312,0.0,0.0408521798623176,-0.613096716586925,0.0,0.0,-0.028031908753372213
2011-04-06,0.0,0.0,0.0,0.0,0.0,0.0,0.06394637737333064,0.0,0.0,0.06412847659806259,0.04826831083959952,0.04474643320075705,0.0,0.0,-0.682328703722847,0.0,-0.06658075489350751,-0.030000943371895766
2011-04-07,0.0,0.0,0.0,0.0,0.0,0.0,0.06373209302396769,0.0,0.0,0.06368303066127276,0.04787290608839429,0.04444028076732849,0.0,0.0,-0.6838178074729329,0.0,-0.06629537326850035,-0.030158508717603685
2011-04-08,0.0,0.0,0.0,0.03699027711929555,0.0,0.0,0.054931189346169425,0.0,0.0,0.05501941999425745,0.0,0.03837765811521616,-0.14901549158847122,0.0,-0.6082322785216886,0.0,-0.057433685314901624,0.0
2011-04-11,0.0,0.0,0.0,0.04291631084402029,0.0,0.0,0.06341841815457347,0.0,0.0,0.0,0.0,0.0444764980660914,0.0,0.0437375874738908,-0.7093890024494277,0.0,-0.0670219566402216,-0.02904022637177467
2011-04-12,0.0,0.0,0.0,0.0,0.0,0.0,0.0634978401434943,0.0,0.0,0.06376355730730829,0.0,0.044274733262510226,0.0,0.043724503636409597,-0.6894219112065114,0.0,-0.06665524630877984,-0.02866220813498623
2011-04-13,0.0,0.0,0.0,0.0,0.0,-0.16509369461064327,0.05689873056971843,0.0,0.0,0.05739492509019022,0.0,0.039738991605842156,0.0,0.039934926888282075,-0.6153314408590749,0.0,0.0,-0.02560729037624915
2011-04-14,0.0,0.0,0.0,0.03848641747738638,0.0,-0.1640446797579839,0.05617645434444973,0.0,0.0,0.0,0.0,0.03930381315342921,0.0,0.03929039741167726,-0.6028605166052148,0.0,-0.05983772124985873,0.0
2011-04-15,0.0,0.0,0.0,0.03959480556475207,0.0,-0.16796296270662403,0.058293825520908796,0.0,0.0,0.0,0.0,0.040270143131291646,0.0,0.04060342160562339,-0.5927692074162575,0.0,-0.06050563405454258,0.0
2011-04-18,0.0,0.0,0.0,0.03975051208422202,0.0,-0.17466986885839492,0.06048852661405469,0.0,0.0,0.0,0.0,0.04111810033044513,0.0,0.04157067502561033,-0.6156003799404604,0.0,0.0,-0.026801937146812553
2011-04-19,0.0,0.0,0.0,0.039332481514960306,0.0,-0.17524126515370317,0.06024727355997514,0.0,0.0,0.0,0.0,0.042823064694263634,0.0,0.041251940135981685,-0.6143783873319147,0.0,0.0,-0.02672558760920132
2011-04-20,0.0,0.0,0.0,0.03681664177304866,0.0,-0.16802716932103826,0.06043875483929312,0.0,0.0,0.0,0.0,0.04020975075466131,0.0,0.038771453557976426,-0.5944430706323832,0.0,-0.06129315912159919,0.0
2011-04-21,0.0,0.0,0.0,0.03694452246646407,0.0,-0.16769921093594461,0.06051003322283301,0.0,0.0,0.0,0.0,0.04028432942356987,0.0,0.03868227062930569,-0.5941474273798575,0.0,-0.06173220594202528,0.0
2011-04-25,0.0,0.0,0.0,0.03684664118245742,0.0,-0.1678259965396564,0.06084462853898001,0.0,0.0,0.0,0.0,0.04030442839724319,0.0,0.03866673984492301,-0.5939123138180619,0.0,-0.061599251678678114,0.0
2011-04-26,0.0,0.0,0.0,0.03695312994606702,0.0,-0.16806879333647762,0.06094279145939551,0.0,0.0,0.0,0.0,0.04043654866724719,0.0,0.03876057441039291,-0.5930682959470376,0.0,-0.061769866233382105,0.0
2011-04-27,0.0,0.0,0.0,0.03718525865255502,0.0,0.0,0.05925526981031076,0.0,0.0,0.0,0.0,0.04114562215938585,-0.16516382355892278,0.03884300997202819,-0.5952832335798025,0.0,-0.06312378226699496,0.0
2011-04-28,0.0,0.0,0.0,0.0,0.03964127823730744,0.0,0.06654333890587003,0.0,0.0,0.0,0.0,0.0418727471582911,0.0,0.03942534945384524,-0.6091323734469907,-0.13944556895772575,-0.06393934383996976,0.0
2011-04-29,0.0,0.0,0.0,0.03968592046588082,0.0,0.0,0.06666778792267518,0.0,0.0,0.0,0.0,0.043344407464918695,0.0,0.04022165727924107,-0.6066667645345065,-0.13959711167673322,-0.06381635065604449,0.0
2011-05-02,0.0,0.0,0.0,0.038850866904656674,0.0,0.0,0.06308464401927896,0.0,0.0,0.0,0.0,0.04169355446229478,-0.16310786725518817,0.03924363380961547,-0.5912370301933347,0.0,-0.06278240335563118,0.0
2011-05-03,0.0,0.0,0.0,0.0,0.04008507403303806,0.0,0.06218034214879207,0.0,0.0,0.0,0.0,0.04144759025703146,-0.16135696623143636,0.04027833155690585,-0.5926133912892859,0.0,-0.062038304483510255,0.0
2011-05-04,0.0,0.0,0.0,0.0,0.04098930597486454,0.0,0.0617519969205768,0.0,0.0,0.0,0.0,0.042006872038457085,0.0,0.041348453634677776,-0.6110911740745903,-0.13918436937005527,-0.06362782798677824,0.0
2011-05-05,0.0,0.0,0.0,0.04457668124666539,0.04616990813892616,0.0,0.0,0.0,0.0,0.0,0.0,0.04837661062549742,0.0,0.046731282858009135,-0.7144199471845103,0.0,-0.07352428791322094,-0.026201282033170757
2011-05-06,0.0,0.0,0.0,0.043819197734168175,0.045745106366790037,0.0,0.0,0.0,0.0,0.0,0.0,0.04784042730183222,0.0,0.04629812037217897,-0.7163372814611814,0.0,-0.07387332218222456,-0.026086544581624658
2011-05-09,0.0,0.0,0.0,0.0,0.0,0.0,0.05262016378733068,0.0,0.0,0.05745660360771976,0.0,0.040232155544236724,0.0,0.039055293560314355,-0.6066332145212604,-0.1415512852763908,-0.06245128370274728,0.0
2011-05-10,0.0,0.0,0.0,0.03769047396640537,0.03940863147382363,0.0,0.0,0.0,0.0,0.0,0.0,0.040900061937159955,0.0,0.0397712241535853,-0.6299466165259988,-0.1478942731147883,-0.06438871882823867,0.0
2011-05-11,0.0,0.0,0.0,0.0,0.04358730929684685,0.0,0.06081261142523639,0.0,0.0,0.0,0.0,0.04536803755420284,0.0,0.04417282851712901,-0.7090026770335897,0.0,-0.07317825627453683,-0.023878279898458418
2011-05-12,0.0,0.0,0.0,0.0,0.037852252362844625,0.0,0.0,0.0,0.0,0.05655692822574864,0.0,0.03923788826570247,0.0,0.038528356432800795,-0.6146182370825429,-0.14874609103691172,-0.06446024659344883,0.0
2011-05-13,0.0,0.0,0.0,0.0,0.03733658783470074,0.0,0.0,0.0,0.0,0.05625771015428397,0.0,0.03903437821365896,0.0,0.03788679321591582,-0.6133727755938639,-0.15058578013385646,-0.06552597485372003,0.0
2011-05-16,0.0,0.0,0.0,0.0,0.037415495192146764,0.0,0.0,0.0,0.0,0.05591780533067762,0.0,0.0384234652748671,0.0,0.03799388464173468,-0.613939078809375,-0.15084376947407635,-0.06546650127712254,0.0
2011-05-17,0.0,0.0,0.0,0.0372860396190618,0.03814674160173586,0.0,0.0,0.0,0.0,0.0,0.0,0.03926062994295612,0.0,0.0387829544567477,-0.6267276955876332,-0.15377608329036901,-0.06601985550149615,0.0
2011-05-18,0.0,0.0,0.0,0.037138399693912034,0.03853791852952008,0.0,0.0,0.0,0.0,0.0,0.0,0.038966969656194436,0.0,0.03901016650102935,-0.6269556035317442,-0.15493532589743125,-0.06445561619016855,0.0
2011-05-19,0.0,0.0,0.0,0.03672361594634611,0.03814076567933304,0.0,0.0,0.0,0.0,0.0,0.0,0.03868931594896182,0.0,0.038651441884276334,-0.6309440012209571,-0.15300914373650498,-0.06384171558362069,0.0
2011-05-20,0.0,0.0,0.0,0.0,0.0,0.0,0.050989171264006025,0.0,0.0,0.05419856959658708,0.0,0.03724555117689893,0.0,0.03718621242033431,-0.6087475462775371,-0.14987755452911827,-0.06175539473551814,0.0
2011-05-23,0.0,0.0,0.0,0.0,0.036775559482915623,0.0,0.0,0.0,0.0,0.05587862815388956,0.0,0.03786489606948375,0.0,0.037483463843280385,-0.6130201437674566,-0.1559657443173456,-0.06301156436562848,0.0
2011-05-24,0.0,0.0,0.0,0.03680821340312647,0.03745302736436234,0.0,0.0,0.0,0.0,0.0,0.0,0.03936009024001153,0.0,0.038151869806360726,-0.6264154887870613,-0.15753385992103955,-0.06427745047803825,0.0
2011-05-25,0.0,0.0,0.0,0.036779210417308285,0.037340363265690076,0.0,0.0,0.0,0.0,0.0,0.0,0.038958880951296244,0.0,0.038112621430641626,-0.625908277332617,-0.15870253361434203,-0.0641981129881048,0.0
2011-05-26,0.0,0.0,0.0,0.0,0.036691420984929994,0.0,0.0,0.0,0.0,0.056710561750100696,0.0,0.03883007795844736,0.0,0.037678425912451095,-0.6114105193843075,-0.15609821125277523,-0.0625807827569881,0.0
2011-05-27,0.0,0.0,0.0,0.0,0.03669242908011765,0.0,0.0,0.0,0.0,0.056706210768294935,0.0,0.03870146540514378,0.0,0.037573628190958434,-0.6105216102786557,-0.1573292513371198,-0.06247540493970967,0.0
2011-05-31,0.0,0.0,0.0,0.03624021746404661,0.0369052325886988,0.0,0.0,0.0,0.0,0.0,0.0,0.040041657036299715,0.0,0.0375269935749732,-0.623052065971236,-0.16266652109843846,-0.06356731226630717,0.0
2011-06-01,0.0,0.0,0.0,0.0,0.03545358982597374,0.0,0.0,0.0,0.0,0.055276735326500244,0.0,0.03710759897256434,0.0,0.03638308177498731,-0.6158349655160161,-0.1559698471406578,-0.06397418144330033,0.0
2011-06-02,0.0,0.0,0.0,0.0,0.03440739548711226,0.0,0.051721216018478594,0.0,0.0,0.0,0.0,0.036998275075182975,0.0,0.03506897520687877,-0.6334695682113616,-0.14935628382513697,-0.05897828617584874,0.0
2011-06-03,0.0,0.0,0.0,0.033237217905478726,0.033177584681299534,0.0,0.0,0.0,0.0,0.0,0.0,0.03499124392854954,0.0,0.03370794486287031,-0.6595792379102476,-0.14841193853544946,-0.05689483217610475,0.0
2011-06-06,0.0,0.0,0.0,0.03283847778595734,0.03275983778004489,0.0,0.0,0.0,0.0,0.0,0.0,0.03455039339028349,0.0,0.03324759572042368,-0.6629933809064555,-0.1473807678574393,-0.05622954655939589,0.0
2011-06-07,0.0,0.0,0.0,0.03303197117354664,0.03264984134412216,0.0,0.0,0.0,0.0,0.0,0.0,0.034975085882111456,0.0,0.03319714611155701,-0.6622444538850278,-0.14731414278918778,-0.056587358814447056,0.0
2011-06-08,0.0,0.0,0.0,0.032829449619431385,0.032275316107186196,0.0,0.0,0.0,0.0,0.0,0.0,0.03457994087754415,0.0,0.03278387673559455,-0.6641198268915034,-0.14679837702504286,-0.05661321274369751,0.0
2011-06-09,0.0,0.0,0.0,0.0,0.032508874429667226,0.0,0.04922538697238782,0.0,0.0,0.0,0.0,0.03507431529538069,0.0,0.03326175901616919,-0.6449359611764103,-0.1475739591336214,-0.057419743976363416,0.0
2011-06-10,0.0,0.0,0.0,0.0,0.03191263715983143,0.0,0.049097170785955616,0.0,0.0,0.0,0.0,0.034835077464440124,0.0,0.032708411446753426,-0.6440616814518543,-0.14945644870855043,-0.05792857298261459,0.0
2011-06-13,0.0,0.0,0.0,0.0,0.0323976128575735,0.0,0.04846749779516558,0.0,0.0,0.0,0.0,0.034814878767269165,0.0,0.033563214149542143,-0.6437532201950075,-0.14944049873260926,-0.05756307750283284,0.0
2011-06-14,0.0,0.0,0.0,0.0,0.03288642850891675,0.0,0.0509177737245272,0.0,0.0,0.0,0.0,0.034194857732440395,0.0,0.034887019778525645,-0.6409038993250585,-0.1488415298165621,-0.05736849111396935,0.0
2011-06-15,0.0,0.0,0.0,0.0,0.037083483701863325,0.0,0.05777880432138864,0.0,0.0,0.0,0.0,0.03829561990887353,0.0,0.03888752422505594,-0.7429075628237689,0.0,-0.06329181259038828,-0.02175519242866143
2011-06-16,0.0,0.0,0.0,0.0,0.0,0.0,0.056130277877226256,0.0,0.0,0.05848713905415681,0.0,0.03715714565431639,0.0,0.03932058086995716,-0.7256145034091327,0.0,-0.06193260745340648,-0.021357745681804364
2011-06-17,0.0,0.0,0.0,0.0,0.03868620656664625,0.0,0.05728298211591418,0.0,0.0,0.0,0.0,0.0379497403325149,0.0,0.0412258768816102,-0.7407591239475452,0.0,-0.06255651862088958,-0.02153955153487977
2011-06-20,0.0,0.0,0.0,0.0,0.0,0.0,0.05475619896611662,0.0,0.0,0.05857636351073845,0.0,0.037110684243587516,0.0,0.04108407730438874,-0.7278644631029406,0.0,-0.06005956241259553,-0.020548650459632584
2011-06-21,0.0,0.0,0.0,0.0,0.0,0.0,0.05481785194930232,0.0,0.0,0.056606886458614086,0.0,0.03598157569785329,0.0,0.040091288045069486,-0.7317417180710646,0.0,-0.060008319348443064,-0.020752360429653317
2011-06-22,0.0,0.0,0.0,0.0,0.0,0.0,0.048358863345992244,0.0,0.0,0.04939285111827186,0.0,0.031402355363314954,0.0,0.03504715402921135,-0.6385262426867562,-0.14471955560138144,-0.052552977855071945,0.0
2011-06-23,0.0,0.0,0.0,0.0,0.0,0.0,0.0,0.0,0.0,0.0576920578471186,0.04283511565288137,0.036080345591486054,0.0,0.040631154317926334,-0.7416422178836514,0.0,-0.060565218898866145,-0.020553889808070148
2011-06-24,0.0,0.0,0.0,0.0,0.03742213242300402,0.0,0.0,0.0,0.0,0.05630297995131729,0.0,0.03607315059950855,0.0,0.04036389616159992,-0.7491066038430458,0.0,-0.060235744886035884,-0.020495492135488496
2011-06-27,0.0,0.0,0.0,0.0,0.03790064593612149,0.0,0.0,0.0,0.0,0.05653504187022727,0.0,0.03654546970822818,0.0,0.040955348547214894,-0.7477407831853168,0.0,-0.05939486246060398,-0.020927848292287457
2011-06-28,0.0,0.0,0.0,0.0,0.03980578820644353,0.0,0.0,0.0,0.0,0.05823745049339923,0.0,0.03808910988159368,0.0,0.04279941482375443,-0.7363696699237041,0.0,-0.06273506187766392,-0.021963504793441162
2011-06-29,0.0,0.0,0.0,0.0,0.03428590944204905,0.0,0.0,0.0,0.0,0.0505378472569439,0.0,0.03342176178982976,-0.1481514112346239,0.036805499764420296,-0.6422773332363378,0.0,-0.05452023727579535,0.0
2011-06-30,0.0,0.0,0.0,0.0,0.0,0.0,0.0,0.0,0.0,0.04938404284189192,0.03934257810036416,0.032910539852976255,-0.14826280340301592,0.03576033257122501,-0.6404539197274179,0.0,-0.05388578350310888,0.0
2011-07-01,0.0,0.0,0.0,0.0,0.0,0.0,0.0,0.0,0.0,0.048128287187121095,0.03864756762722357,0.03247944213202472,-0.15062434895027596,0.03545332357661699,-0.640867371226091,0.0,-0.05379965930064658,0.0
2011-07-05,0.0,0.0,0.0,0.0,0.0,0.0,0.0,0.0,0.0,0.048816483260887424,0.039248708875526214,0.032898947678193985,-0.15182016122602737,0.03600354269424249,-0.6366370711263918,0.0,-0.05457508513873094,0.0
2011-07-06,0.0,0.0,0.0,0.0,0.0,0.0,0.0,0.0,0.0,0.04789591535319121,0.038536767640265125,0.032387866177856155,-0.14872468888244664,0.03534655115111609,-0.6434915760681706,0.0,-0.05361663472695408,0.0
2011-07-07,0.0,0.0,0.0,0.0,0.0,0.0,0.0,0.0,0.0,0.04789686883600302,0.03845020588096672,0.03248139295589439,-0.15281792016128148,0.03566253004461754,-0.6365279791446918,0.0,-0.05616310297654501,0.0
2011-07-08,0.0,0.0,0.0,0.0,0.0,0.0,0.0,0.0,0.0,0.04882190565195341,0.0393143029987279,0.03318950758884645,-0.15124506115838102,0.036354903099884636,-0.635023027101791,0.0,-0.0560512924004155,0.0
2011-07-11,0.0,0.0,0.0,0.0,0.0,0.0,0.047907551165519924,0.0,0.0,0.04699628001286453,0.03834552708185698,0.0321425171984205,-0.14938657969973354,0.0,-0.6306417577625103,0.0,-0.054579787079094166,0.0
2011-07-12,0.0,0.0,0.0,0.0,0.0,0.0,0.04799042503567193,0.0,0.0,0.04688393489585785,0.03857577733439817,0.03219048510864822,-0.14938887242897814,0.0,-0.6304372624720062,0.0,-0.05453324272443952,0.0
2011-07-13,0.0,0.0,0.0,0.0,0.0,0.0,0.04688777216441899,0.0,0.0,0.045992364543353044,0.0,0.03153127440922456,-0.14646962079850445,0.0330423118900259,-0.6422303448010562,0.0,-0.053846311393416876,0.0
2011-07-14,0.0,0.0,0.0,0.0,0.0,0.0,0.0471712242302793,0.0,0.0,0.04594643134586499,0.03751950783194186,0.03134049704970838,-0.14098325859518793,0.0,-0.6444024848537556,0.0,-0.052636596093261975,0.0
2011-07-15,0.0,0.0,0.0,0.0,0.0,0.0,0.04706728422193062,0.0,0.0,0.04476695335834298,0.036892752381161395,0.030776670724393353,-0.13950275908437845,0.0,-0.6492228862347162,0.0,-0.05177069399507699,0.0
2011-07-18,0.0,0.0,0.0,0.0,0.0,0.0,0.04498047313077782,0.0,0.0,0.04258552402165218,0.03495843859373633,0.02925143747546988,-0.13368704570405873,0.0,-0.6647160446826964,0.0,-0.04982103639160861,0.0
2011-07-19,0.0,0.0,0.0,0.0,0.0,0.0,0.044570657470424345,0.0,0.0,0.04186143093150546,0.03490763311490119,0.02904387489279797,-0.13236852418419176,0.0,-0.66949032571562,0.0,-0.047757553690559236,0.0
2011-07-20,0.0,0.0,0.0,0.0,0.0,0.0,0.04452194622898737,0.0,0.0,0.042092302327980974,0.035090877170061624,0.029165509426556574,-0.13237966139476856,0.0,-0.6695847651512062,0.0,-0.04716493830043866,0.0
2011-07-21,0.0,0.0,0.0,0.0,0.0,0.0,0.04438069486586488,0.0,0.0,0.04310052882606732,0.035433319457097774,0.029977267368460615,-0.13238483548852759,0.0,-0.6674963990491835,0.0,-0.04722695494479826,0.0
2011-07-22,0.0,0.0,0.0,0.0,0.0,0.0,0.04429113936831564,0.0,0.0,0.04341715521612031,0.0,0.030163250574917436,-0.1313360292723635,0.031939591852316096,-0.6717035794485143,0.0,-0.04714925426745284,0.0
2011-07-25,0.0,0.0,0.0,0.0,0.0,0.0,0.04450823560652624,0.0,0.0,0.04374795220290676,0.0,0.030242612660692354,-0.1295377744515031,0.03225959705132163,-0.672777636498379,0.0,-0.04692619152867101,0.0
2011-07-26,0.0,0.0,0.0,0.0,0.0,0.0,0.04422037096695294,0.0,0.0,0.043607191324744755,0.0,0.029932041514625442,-0.12868913831921516,0.03202590423225846,-0.6747572277185816,0.0,-0.046768125923621666,0.0
2011-07-27,0.0,0.0,0.0,0.0,0.0,0.0,0.04603927884772847,0.0,0.0,0.042065859489223444,0.0,0.028975806034456323,-0.12887857941229153,0.031893025335719596,-0.6743372756359368,0.0,-0.04781017524464394,0.0
2011-07-28,0.0,0.0,0.0,0.0,0.0,0.0,0.04622837011961194,0.0,0.0,0.042176699221472276,0.0,0.029072729060220362,-0.1297709724416622,0.03211114431389565,-0.6724725204196963,0.0,-0.0481675644234415,0.0
2011-07-29,0.0,0.0,0.0,0.0,0.0,0.0,0.054109688393348794,0.0,0.0,0.04803183801711544,0.0,0.03324734628067576,0.0,0.03663496290555745,-0.7536546185868503,0.0,-0.052828465630312925,-0.021493080186139376
2011-08-01,0.0,0.0,0.0,0.0,0.0,0.0,0.055244016949946954,0.0,0.0,0.04803011285575907,0.0,0.033494386881241546,0.0,0.03662651380795615,-0.7526468922211291,0.0,-0.052436346160353746,-0.021521731123613375
2011-08-02,0.0,0.0,0.0,0.0,0.0,0.0,0.054067482711374355,0.0,0.0,0.04710285631451009,0.0,0.03344425139614464,0.0,0.036272920177715724,-0.7566460151320118,0.0,-0.05023049945841808,-0.022235974809825403
2011-08-03,0.0,0.0,0.0,0.0,0.0,0.0,0.05536549808687015,0.0,0.0,0.046826134517114655,0.0,0.03345311087688898,0.0,0.036247555007084147,-0.7557645011775582,0.0,-0.05012888219565011,-0.02221431813883369
2011-08-04,0.0,0.0,0.0,0.0,-0.027401738068139177,0.0,0.058196389744250974,0.0,0.0,0.03718685101892496,0.0,0.027023031494670557,0.0,0.0,-0.700217797850935,0.12685020764749427,0.0,-0.0231239841755851
2011-08-05,0.0,0.0,0.0,0.0,-0.027430233450230938,0.0,0.0596989531821805,0.0,0.0,0.03770736626778525,0.0,0.027244522789395705,0.0,0.0,-0.7072107963023307,0.1172919527315807,0.0,-0.02341617527649614
2011-08-08,0.0,0.0,0.24214603426876502,-0.06938035266790435,-0.06574346106768246,0.0,0.1491455446858383,0.0,0.0,0.0,0.0,0.0,0.0,0.0,0.0,0.30457790453144756,0.10719335997983537,-0.06181334279852688
2011-08-09,0.0,0.0,0.0,-0.02391731925494131,0.0,0.0,0.05532425741820809,0.0,0.0,0.029828359854280145,0.0,0.021458150076113056,0.0,0.0,-0.7350166035690023,0.11139485924823647,0.0,-0.023060450579218544
2011-08-10,0.0,0.0,0.0,-0.08242560531441513,-0.0763499703050759,0.0,0.1816764542902135,0.0,0.0,0.0,0.0,0.07527085666546073,0.0,0.0,0.0,0.359332314657054,0.1391002135261421,-0.0858445852416387
2011-08-11,0.0,0.0,0.0,0.0,0.0,-0.09909321446533241,0.04534304889027504,0.0,0.0,0.02573256010832283,0.0,0.019027825005468693,0.0,0.0,-0.7081972291566491,0.08107538036442721,0.0,-0.021530742009524772
2011-08-12,0.0,0.0,0.0,-0.023996876405794437,0.0,0.0,0.05283656623912342,0.0,0.0,0.0298018445985717,0.0,0.022069653807302525,0.0,0.02132210799859139,-0.8249306566913585,0.0,0.0,-0.02504229425925818
2011-08-15,0.0,0.0,0.0,0.0,0.0,0.0,0.05212385196411384,0.0,0.0,0.02927736506780258,0.0,0.021679099203503985,0.0,0.020935775725449374,-0.815216333598286,0.0,-0.036214856310613906,-0.02455271813023035
2011-08-16,0.0,0.0,0.0,-0.022227116955078376,0.0,0.0,0.0491221239294708,0.0,0.0,0.027633745930711873,0.0,0.020377541172014936,0.0,0.0,-0.7705858411549317,0.08687342720502911,0.0,-0.023180203652763253
2011-08-17,0.0,0.0,0.0,-0.022186245578050646,0.0,0.0,0.04886800760668175,0.0,0.0,0.02756557531722021,0.0,0.020375913441481746,0.0,0.0,-0.7716173795571057,0.08605783664071646,0.0,-0.023329041858743446
2011-08-18,0.0,0.0,0.0,-0.02159160457567839,0.0,0.0,0.04830837341843391,0.0,0.0,0.026338933573670332,0.0,0.019484756629232484,0.0,0.0,-0.777151367933917,0.08537412536576275,0.0,-0.021750838503305024
2011-08-19,0.0,0.0,0.08507852913060532,-0.020256165532358282,0.0,0.0,0.045377514447844096,0.0,0.0,0.0,0.0,0.018258771476688793,0.0,0.0,-0.7304926924068614,0.08013082432464155,0.0,-0.020405502681000474
2011-08-22,0.0,0.0,0.08559216639637839,-0.020412568702914444,0.0,0.0,0.04376678313749964,0.0,0.0,0.0,0.0,0.018361700588042117,0.0,0.0,-0.7311218392977771,0.08027788106905136,0.0,-0.020467060808336823
2011-08-23,0.0,0.0,0.0,-0.021595260067966887,0.0,0.0,0.04208620356296543,0.0,0.0,0.0256988522620757,0.0,0.01906540458977579,-0.08913684873994282,0.019451871957381222,-0.7829655588198923,0.0,0.0,0.0
2011-08-24,0.0,0.0,0.0,0.0,0.0,0.0,0.039162384302478905,0.0,0.0,0.02572400773780715,0.0,0.01916171708712779,-0.08625570838372687,0.01953390598924865,-0.7878997776361434,0.0,0.0,-0.022262498863467275
2011-08-25,0.0,0.0,0.0,-0.023132163628664444,0.0,0.0,0.04191401758032169,0.0,0.0,0.02739905040854999,0.0,0.020436513202369052,0.0,0.020870624915207366,-0.8424336363836885,0.0,0.0,-0.023813993881198914
2011-08-26,0.0,0.0,0.0,-0.023075858122018875,0.0,0.0,0.040595359349217576,0.0,0.0,0.027153643633385734,0.0,0.020234429853737333,0.0,0.020853611229765683,-0.8442685090084792,0.0,0.0,-0.02381858880339565
2011-08-29,0.0,0.0,0.0,0.0,0.0,0.0,0.03718051741445321,0.0,0.0,0.02508276777592484,0.020076550599784432,0.01854027982213746,-0.08618814701469515,0.0,-0.7906599810486024,0.0,0.0,-0.022271756324402574
2011-08-30,0.0,0.0,0.0,0.0,0.0,0.0,0.03550992635200609,0.0,0.0,0.024931584362274495,0.0,0.01846993835558767,-0.08495237742303337,0.01924696137774188,-0.7848894103638497,0.0,-0.03199980176550681,0.0
2011-08-31,0.0,0.0,0.0,0.0,0.0,0.0,0.03541148247589003,0.0,0.0,0.024936918021098497,0.0,0.018482555133727277,-0.08674555041454672,0.019195326963166306,-0.7931603213187001,0.0,0.0,-0.022067845672871143
2011-09-01,0.0,0.0,0.0,-0.022536761146466553,0.0,0.0,0.03788328551537022,0.0,0.0,0.02668647969601896,0.0,0.019746340958989222,0.0,0.020476137280247178,-0.8490629361835444,0.0,0.0,-0.023608059219363455
2011-09-02,0.0,0.0,0.0,-0.02108220517793889,-0.01999737221650661,0.0,0.03451666906218841,0.0,0.0,0.02479435363388003,0.0,0.0,0.0,0.0,-0.791666571597292,0.07683286442967473,0.031109963882519312,0.0
2011-09-06,0.0,0.0,0.0,-0.02224844997714944,-0.02086299411848939,0.0,0.03639421496119329,0.0,0.0,0.026150619312016923,0.0,0.019374250528128627,0.0,0.0,-0.8422087342722251,0.0,0.03276073683079728,0.0
2011-09-07,0.0,0.0,0.0,-0.021042320137780703,-0.019774169076412777,0.0,0.03333754058924084,0.0,0.0,0.024686617388410388,0.0,0.018285701737741022,0.0,0.0,-0.8060541737176928,0.07681947735272145,0.0,0.0
2011-09-08,0.0,0.0,0.0,-0.021457773379694824,-0.020223396747464886,0.0,0.03349213902699705,0.0,0.0,0.025276131519831394,0.0,0.018696362283297536,0.0,0.0,-0.8491224262396709,0.0,0.03173177080304339,0.0
2011-09-09,0.0,0.0,0.0,-0.09391316805969238,-0.0886208557818978,0.0,0.1482537291105989,0.0,0.0,0.0,0.0,0.08202937619830217,0.0,0.0,0.0,0.346510512338266,0.14001096943328134,-0.10066138907796128
2011-09-12,0.0,0.0,0.0,-0.0929808154743381,-0.08775908092153584,0.0,0.14431733465905816,0.0,0.0,0.10946934962933563,0.0,0.0,0.0,-0.08476111414714224,0.0,0.3418385588155368,0.13887374635305313,0.0
2011-09-13,0.0,0.0,0.0,-0.12608752524300382,-0.11887857961284962,0.0,0.1945842250360319,0.0,0.0,0.14819286884793495,0.0,0.10973293487703087,0.0,-0.11478290173509391,0.0,0.0,0.18774096464805506,0.0
2011-09-14,0.0,0.0,0.0,-0.12641742792818897,-0.11952861567014995,0.0,0.19333691255319624,0.0,0.0,0.14777627601458368,0.0,0.10929167700322491,0.0,-0.11522144306253797,0.0,0.0,0.18842764776811827,0.0
2011-09-15,0.0,0.0,0.0,-0.020276664232918764,-0.019102188401883907,0.0,0.030770637582488183,0.0,0.0,0.023656010761899476,0.0,0.017548307120131335,0.0,0.0,-0.8586229414108548,0.0,0.030023250489823558,0.0
2011-09-16,0.0,0.0,0.0,-0.020275538028537387,-0.019133816238167296,0.0,0.030739314114590494,0.0,0.0,0.02364288168763944,0.0,0.01754716974607258,0.0,0.0,-0.8586125612474877,0.0,0.030048718937504958,0.0
2011-09-19,0.0,0.0,0.0,-0.093059768330866,-0.08806540654823422,0.0,0.14118591745773398,0.0,0.0,0.10974198417106305,0.0,0.0,0.0,-0.08533279193235536,0.0,0.3442873380471328,0.13832679351261465,0.0
2011-09-20,0.0,0.0,0.0,-0.09347230149486625,-0.08854945575256819,0.0,0.14040330709476648,0.0,0.0,0.11022660860077962,0.0,0.0,0.0,-0.08572911534069447,0.0,0.3432471336906054,0.13837207802571963,0.0
2011-09-21,0.0,0.0,0.0,-0.09269441093470429,-0.08847607790334028,0.0,0.140552583785043,0.0,0.0,0.10972557336904329,0.0,0.0,0.0,-0.08593476159749268,0.0,0.34671314886509974,0.13590344354527675,0.0
2011-09-22,0.0,0.0,0.0,-0.08832680343970502,-0.08874808180354965,0.0,0.14059938985284354,0.0,0.0,0.10897509716637588,0.0,0.0,0.0,-0.086369630727718,0.0,0.3534543271574672,0.1335266698523407,0.0
2011-09-23,0.0,0.0,0.0,-0.06891650599140871,-0.06986434020440181,0.0,0.10157218775375129,0.0,0.0,0.0,0.0,0.0,0.31040464582139893,-0.06820084376986785,0.0,0.27698794702897117,0.10405352943020034,0.0
2011-09-26,0.0,0.0,0.0,-0.08908628303258292,-0.08997461731127745,0.0,0.13076857924304416,0.0,0.0,0.11074576305978015,0.0,0.0,0.0,-0.0882092593810391,0.0,0.35684866077791416,0.13436683719436218,0.0
2011-09-27,0.0,0.0,0.0,-0.08830991094173732,-0.08960090741223116,0.0,0.1300107972046357,0.0,0.0,0.11118747013579211,0.0,0.0,0.0,-0.0880200233080586,0.0,0.3590287338636625,0.1338421571338826,0.0
2011-09-28,0.0,0.0,0.0,-0.08687980245512512,-0.088933707989024,0.0,0.1261472452086122,0.0,0.0,0.10936319534203813,0.0,0.0,0.0,0.0,0.0,0.3553826936862449,0.13283168609951523,-0.10046166921944037
2011-09-29,0.0,0.0,0.0,-0.08690330008768138,-0.08883866248182133,0.0,0.12635790976267502,0.0,0.0,0.10976069495030527,0.0,0.0,0.0,0.0,0.0,0.35544226639352255,0.13307003917385118,-0.09962712715014325
2011-09-30,0.0,0.0,0.0,-0.06624212128826007,-0.06857902155362597,0.0,0.09860331723582533,0.0,0.0,0.0,0.0,0.0,0.3121188903685851,0.0,0.0,0.2765365457048516,0.10254414242434194,-0.07537596142451003
2011-10-03,0.0,0.0,0.0,-0.06642763445606288,-0.06853733268609988,0.0,0.0991592377776729,0.0,0.0,0.0,0.0,0.0,0.314384667260748,0.0,0.0,0.27379533508549236,0.10172760223894846,-0.07596819049497554
2011-10-04,0.0,0.0,0.0,-0.06668173299467993,-0.06877824530719935,0.0,0.09896816248658515,0.0,0.0,0.0,0.0,0.0,0.3109266765745716,0.0,0.0,0.27631675137665523,0.10181736222937597,-0.07651106903093265
2011-10-05,0.0,0.0,0.0,-0.08606305834112186,-0.088965961611491,0.0,0.12799221799029126,0.0,0.0,0.10871895963166961,0.0,0.0,0.0,0.0,0.0,0.3582272724270379,0.1317579424927359,-0.09827458750565253
2011-10-06,0.0,0.0,0.0,-0.08527865771418436,-0.08857873208835902,0.0,0.12864552769956353,0.0,0.0,0.1084612228032345,0.0,0.0,0.0,0.0,0.0,0.3608708400139039,0.13106403513824544,-0.09710098454250941
2011-10-07,0.0,0.0,0.0,-0.08555602173266358,-0.08914035065355548,0.0,0.12829184331415372,0.0,0.0,0.10861229908126886,0.0,0.0,0.0,0.0,0.0,0.3605873093810287,0.13079858978067596,-0.09701358605665382
2011-10-10,0.0,0.0,0.0,-0.08471090828038541,-0.08869674213348673,0.0,0.12825467822659223,0.0,0.0,0.10778727630885307,0.0,0.0,0.0,0.0,0.0,0.3623227606955921,0.13148129841317255,-0.09674633594191782
2011-10-11,0.0,0.0,0.0,-0.08497208045041148,-0.08892984158320293,0.0,0.12817826148710146,0.0,0.0,0.10774010853496428,0.0,0.0,0.0,0.0,0.0,0.3620102771645747,0.13128085210821602,-0.09688857867152922
2011-10-12,0.0,0.0,0.0,-0.08416680533675366,-0.08864727366493937,0.0,0.12798758972756946,0.0,0.0,0.10765446738207303,0.0,0.0,0.0,0.0,0.0,0.3630954801203781,0.13116536055786865,-0.09728302321041757
2011-10-13,0.0,0.0,0.0,-0.08413042847052661,-0.08859335154737202,0.0,0.12778039078006947,0.0,0.0,0.10775649668568893,0.0,0.0,0.0,0.0,0.0,0.3632771329041482,0.13090612216031677,-0.09755607745187814
2011-10-14,0.0,0.0,0.0,-0.08405585956240576,-0.08888993205201207,0.0,0.12829798180723687,0.0,0.0,0.1074348279877794,0.0,0.0,0.0,0.0,0.0,0.3642880438817654,0.13087681629654205,-0.0961565384122584
2011-10-17,0.0,0.0,0.0,-0.08337967212627918,-0.08860756720361913,0.0,0.1285605317183204,0.0,0.0,0.10750150952631772,0.0,0.0,0.0,0.0,0.0,0.36452866403830797,0.13106816065704424,-0.09635389473011144
2011-10-18,0.0,0.0,0.0,-0.08333578953096779,-0.08919816337750583,0.0,0.12962766258269245,0.0,0.0,0.10784667619710671,0.0,0.0,0.0,-0.08898883304938567,0.0,0.36851661791885065,0.13248625734349095,0.0
2011-10-19,0.0,0.0,0.0,-0.08280221431121021,-0.08883593211222082,0.0,0.12838912459501792,0.0,0.0,0.10692397322243612,0.0,0.0,0.0,0.0,0.0,0.3659683559985711,0.13185135773405507,-0.0952290420264889
2011-10-20,0.0,0.0,0.0,-0.08319995961422305,-0.08945755589322463,0.0,0.1289483008083634,0.0,0.0,0.1077153976010331,0.0,0.0,0.0,-0.08902074163600743,0.0,0.36913235249867615,0.13252569194847227,0.0
2011-10-21,0.0,0.0,0.0,-0.08206399892204189,-0.08841456276589754,0.0,0.12822242652515403,0.0,0.0,0.10667128499553366,0.0,0.0,0.0,0.0,0.0,0.36743225973335447,0.13199207714648376,-0.09520338991153451
2011-10-24,0.0,0.0,0.0,-0.11566604114685411,-0.12624715573176212,0.0,0.18321146040442274,0.0,0.0,0.15196499041421807,0.0,0.10823494600216749,0.0,-0.12568154006952217,0.0,0.0,0.18899386623105313,0.0
2011-10-25,0.0,0.0,0.0,-0.08221060492611366,-0.09005851664790364,0.0,0.1281737715239882,0.0,0.0,0.10832097177938206,0.0,0.0,0.0,-0.0894894089196542,0.0,0.3688667725556596,0.13287995364729854,0.0
2011-10-26,0.0,0.0,0.0,-0.08204103418536736,-0.08998520859303742,0.0,0.12811856892576376,0.0,0.0,0.10842153959672012,0.0,0.0,0.0,-0.08941727548266293,0.0,0.3702345866883462,0.13178178652810238,0.0
2011-10-27,0.0,0.0,0.0,-0.012966595880081703,-0.014228081038953799,0.0,0.020860311274162477,0.0,0.0,0.017436579870945212,0.0,0.012301859125912088,0.0,0.0,-0.9012150729935591,0.0,0.020991499816385806,0.0
2011-10-28,0.0,0.0,0.0,-0.012990403388639252,-0.014276751641715182,0.0,0.02091686682284569,0.0,0.0,0.017479834846550257,0.0,0.012331157370299694,0.0,0.0,-0.9009699009791311,0.0,0.0210350849508188,0.0
2011-10-31,0.0,0.0,0.0,-0.11467880474415319,-0.12391667710953337,0.0,0.18668178420040066,0.0,0.0,0.1552484016946436,0.0,0.10962632154208439,0.0,-0.1258578368205874,0.0,0.0,0.18399017388859729,0.0
2011-11-01,0.0,0.0,0.0,-0.06010978693318483,-0.06468197201231513,0.0,0.09826939114190066,0.0,0.0,0.0,0.0,0.0,0.33615289802880477,-0.06558227558434425,0.0,0.2802422647323383,0.09496141156711194,0.0
2011-11-02,0.0,0.0,0.0,-0.06030958319658763,-0.06692701686796644,0.0,0.0965721221784356,0.0,0.0,0.0,0.0,0.0,0.3338728256319565,-0.0680423997320301,0.0,0.2791609881447358,0.09511506424828796,0.0
2011-11-03,0.0,0.0,0.0,-0.08264262684269229,-0.09146019211583302,0.0,0.13189534333202524,0.0,0.0,0.0,0.0,0.07953205772262688,0.0,-0.09283794523463844,0.0,0.3891071055266685,0.13252472922551561,0.0
2011-11-04,0.0,0.0,0.0,-0.06107655429236098,-0.06733879217678664,0.0,0.0929228887816199,0.0,0.0,0.0,0.0,0.0,0.3406419378831391,-0.0710982913558352,0.0,0.27384334806247723,0.09307818744778087,0.0
2011-11-07,0.0,0.0,0.0,-0.08290251491504125,-0.093393117297241,0.0,0.12080987244708517,0.0,0.0,0.11502339364877309,0.0,0.0,0.0,-0.10264132085618066,0.0,0.36294893079057616,0.12228085004510274,0.0
2011-11-08,0.0,0.0,0.0,-0.08185436016486852,-0.09411523294161962,0.0,0.118573576228419,0.0,0.0,0.11410392375595214,0.0,0.0,0.0,-0.10382308416898911,0.0,0.3689986578572395,0.11853116488291206,0.0
2011-11-09,0.0,0.0,0.0,-0.05561924219337957,-0.06396179527890743,0.0,0.08212330221279415,0.0,0.0,0.0,0.0,0.0,0.3557838280301258,-0.072016854291745,0.0,0.28393681698141854,0.08655816101162946,0.0
2011-11-10,0.0,0.0,0.0,-0.054626235019144036,-0.0628480734058835,0.0,0.08068632482226103,0.0,0.0,0.0,0.0,0.0,0.3647066761740259,-0.07081188666197759,0.0,0.2812039993006397,0.08511680461606828,0.0
2011-11-11,0.0,0.0,0.0,-0.07647482228776274,-0.08791974268913426,0.0,0.1125972280668212,0.0,0.0,0.10821195301295375,0.0,0.0,0.0,-0.09944502150536526,0.0,0.39588021526500733,0.11947101717295538,0.0
2011-11-14,0.0,0.0,0.0,-0.054329610973832154,-0.06244585659840765,0.0,0.08034038857279291,0.0,0.0,0.0,0.0,0.0,0.3650809115202961,-0.07097285858643729,0.0,0.2818193893973531,0.08501098435088073,0.0
2011-11-15,0.0,0.0,0.0,-0.076165627579999,-0.08758173003252605,0.0,0.11263438421659837,0.0,0.0,0.10786882516523373,0.0,0.0,0.0,-0.0997505333382433,0.0,0.3960558522915249,0.11994304737587458,0.0
2011-11-16,0.0,0.0,0.0,-0.07704008120565858,-0.0898028117858918,0.0,0.11262807867037945,0.0,0.0,0.0,0.0,0.0,0.0,-0.10169592090596814,0.0,0.3998564640347815,0.12018767114975971,0.0987889722475608
2011-11-17,0.0,0.0,0.0,-0.07674274295600511,-0.09020301308297085,0.0,0.11158627400594347,0.0,0.0,0.0,0.0,0.0,0.0,-0.10193362802577759,0.0,0.4018371816184814,0.12040115617474481,0.09729600413607677
2011-11-18,0.0,0.0,0.0,-0.07659098975206664,-0.09008692056335145,0.0,0.11330376484775988,0.0,0.0,0.0,0.0,0.0,0.0,-0.10138092358910782,0.0,0.40114526928939404,0.12022938323808258,0.09726274872023766
2011-11-21,0.0,0.0,0.0,-0.07609698128824952,-0.08989905927145415,0.0,0.11455695042695935,0.0,0.0,0.0,0.0,0.0,0.0,-0.1006472124016174,0.0,0.40207349452070906,0.11983717308615047,0.09688912900486014
2011-11-22,0.0,0.0,0.0,-0.07334050189844996,-0.0865969010338988,0.0,0.1132518056758921,0.0,0.0,0.0,0.0,0.0,0.0,-0.09674086225729668,0.0,0.41815550349471153,0.11835510247020219,0.09355932316954892
2011-11-23,0.0,0.0,0.0,-0.050072674599680345,-0.059404602989404635,0.0,0.07793696010727937,0.0,0.0,0.0,0.0,0.0,0.3732817673118849,-0.06586782800013963,0.0,0.2919875362935105,0.08144863069810067,0.0
2011-11-25,0.0,0.0,0.0,-0.05038428393946028,-0.0598091150770605,0.0,0.08000204066997071,0.0,0.0,0.0,0.0,0.0,0.3703230206107574,-0.06635177292421506,0.0,0.2920122401792325,0.08111752659930345,0.0
2011-11-28,0.0,0.0,0.0,-0.049489011612486804,-0.058409064466256454,0.0,0.07956049593388453,0.0,0.0,0.0,0.0,0.0,0.37104216507499443,-0.0657155382803439,0.0,0.29441583910595637,0.08136788552607743,0.0
2011-11-29,0.0,0.0,0.0,-0.07084749657843417,-0.08356293154687719,0.0,0.11700141073391018,0.0,0.0,0.0,0.0,0.0,0.0,-0.09392044858701935,0.0,0.42630946599295094,0.11682039143356375,0.09153785512724429
2011-11-30,0.0,0.0,0.24128753563811342,-0.0576000845818418,-0.06813346806566746,0.0,0.09753125761914655,0.0,0.0,0.0,0.0,0.0,0.0,-0.07588911008013532,0.0,0.36114343611700644,0.09841510789808908,0.0
2011-12-01,0.0,0.0,0.2365308841878343,-0.05703680539669667,-0.0675286728423484,0.0,0.09655544977335923,0.0,0.0,0.0,0.0,0.0,0.0,-0.07491219464585638,0.0,0.3689937470756448,0.09844224607826035,0.0
2011-12-02,0.0,0.0,0.0,-0.04692343911155135,-0.055673472467798045,0.0,0.08132307313693245,0.0,0.0,0.0,0.0,0.0,0.3567464550657653,-0.061553829111100855,0.0,0.3151757620926599,0.08260396901419208,0.0
2011-12-05,0.0,0.0,0.0,-0.0467056402689736,-0.056341342322587674,0.0,0.08064008340395813,0.0,0.0,0.0,0.0,0.0,0.3513903501900885,-0.06236741256907366,0.0,0.3199642329563214,0.08259093828899709,0.0
2011-12-06,0.0,0.0,0.0,-0.04704014431671752,-0.057036679279788054,0.0,0.0830394071693815,0.0,0.0,0.0,0.0,0.0,0.3463466528083546,-0.06315133048553365,0.0,0.3200238100110774,0.08336197592914732,0.0
2011-12-07,0.0,0.0,0.0,-0.04725702674006266,-0.05734503708402057,0.0,0.08493677488420917,0.0,0.0,0.0,0.0,0.0,0.3389334060716302,-0.06334732087714634,0.0,0.324670210346527,0.08351022399640402,0.0
2011-12-08,0.0,0.0,0.0,-0.04731796964576109,-0.05763221751556457,0.0,0.08420517398680652,0.0,0.0,0.0,0.0,0.0,0.3380532606206267,-0.06333889236818853,0.0,0.3258021957770043,0.08365029008604825,0.0
2011-12-09,0.0,0.0,0.0,-0.047106185418903525,-0.05713165145326138,0.0,0.08547239117105687,0.0,0.0,0.0,0.0,0.0,0.3421213022136723,-0.0627501242253932,0.0,0.32302129016759756,0.08239705535011504,0.0
2011-12-12,0.0,0.0,0.0,-0.04657925743595304,-0.05663199323439183,0.0,0.08427683241538728,0.0,0.0,0.0,0.0,0.0,0.34329365275194174,-0.06211267386005813,0.0,0.3241096982479952,0.08299589205427273,0.0
2011-12-13,0.0,0.0,0.0,-0.04672678392303539,-0.05688629767343634,0.0,0.08354206548802655,0.0,0.0,0.0,0.0,0.0,0.3425106141592455,-0.06233495201935926,0.0,0.3247202611550518,0.08327902558184513,0.0
2011-12-14,0.0,0.0,0.0,-0.046731267393409395,-0.057158904934166345,0.0,0.08104963521457828,0.0,0.0,0.0,0.0,0.0,0.3442084195628991,-0.0627472127988531,0.0,0.3249564987793556,0.08314806131673816,0.0
2011-12-15,0.0,0.0,0.0,-0.0467702558765653,-0.057209253023493035,0.0,0.08148405745764802,0.0,0.0,0.0,0.0,0.0,0.34428127857566504,-0.06283163573232521,0.0,0.32414018636020553,0.0832833329740979,0.0
2011-12-16,0.0,0.0,0.0,-0.04707480961837569,-0.05777828284846965,0.0,0.08074778482050182,0.0,0.0,0.0,0.0,0.0,0.3436229977804791,-0.06316988590340405,0.0,0.32388520419692696,0.08372103483184279,0.0
2011-12-19,0.0,0.0,0.0,-0.04687320114480964,-0.05783166404235713,0.0,0.0815326782753762,0.0,0.0,0.0,0.0,0.0,0.3421685050592501,-0.06318886446680326,0.0,0.3248569549742371,0.08354813203716661,0.0
2011-12-20,0.0,0.0,0.0,-0.04669100134497551,-0.057529230809827074,0.0,0.08117943989011057,0.0,0.0,0.0,0.0,0.0,0.34262028054385835,-0.0626521107387763,0.0,0.32495254300389287,0.08437539366855931,0.0
2011-12-21,0.0,0.0,0.0,-0.049218667768602946,-0.05820821946833507,0.0,0.08234012280866357,0.0,0.0,0.0,0.0,0.0,0.33794132591551995,-0.06339185814306937,0.0,0.32153914254718424,0.08736066334862487,0.0
2011-12-22,0.0,0.0,0.0,-0.04856322538082144,-0.05715605567529114,0.0,0.08995378297079325,0.0,0.0,0.0,0.0,0.0,0.33422951024185354,-0.062113969839611,0.0,0.3212469512794117,0.086736504612218,0.0
2011-12-23,0.0,0.0,0.0,-0.04845444461669363,-0.057224336334015816,0.0,0.09022234954106227,0.0,0.0,0.0,0.0,0.0,0.3315791526686017,-0.06192601976636148,0.0,0.3237974044627807,0.08679629261048448,0.0
2011-12-27,0.0,0.0,0.0,-0.04881957267677805,-0.057614315155154014,0.0,0.09114921354327714,0.0,0.0,0.0,0.0,0.0,0.3308269307088179,-0.06240526774054096,0.0,0.3218522904155726,0.08733240975985919,0.0
2011-12-28,0.0,0.0,0.0,-0.04910064442239724,-0.057460203836643194,0.0,0.09144532222158823,0.0,0.0,0.0,0.0,0.0,0.33325512127324786,-0.06212301396644858,0.0,0.32048317064119164,0.08613252363848312,0.0
2011-12-29,0.0,0.0,0.0,-0.04900244861858061,-0.05735010698787839,0.0,0.09153165326385997,0.0,0.0,0.0,0.0,0.0,0.3326246411030624,-0.062035499161134086,0.0,0.3214294487585973,0.08602620210688729,0.0
2011-12-30,0.0,0.0,0.0,-0.050343085846135664,-0.05811619703067296,0.0,0.09043052130132495,0.0,0.0,0.0,0.0,0.0,0.33152060083533424,-0.062271090781525436,0.0,0.3199695870822928,0.08734891712271409,0.0
2012-01-03,0.0,0.0,0.0,-0.049372590400194344,-0.057306867309876046,0.0,0.08780523291562269,0.0,0.0,0.0,0.0,0.0,0.3263646814441118,-0.06106096020021831,0.0,0.3303658056145318,0.087723862115445,0.0
2012-01-04,0.0,0.0,0.0,-0.04855688850192859,-0.05644733912117832,0.0,0.08762216014823046,0.0,0.0,0.0,0.0,0.0,0.33684770532986424,-0.05993978401089406,0.0,0.32437397579492916,0.08621214709297509,0.0
2012-01-05,0.0,0.0,0.0,-0.04890548669010967,-0.056500925715725216,0.0,0.08809831319605342,0.0,0.0,0.0,0.0,0.0,0.3355009013441907,-0.05979102169075068,0.0,0.3246791537262168,0.08652419763695345,0.0
2012-01-06,0.0,0.0,0.0,-0.04927188494410641,-0.05680415726759065,0.0,0.08796270327881829,0.0,0.0,0.0,0.0,0.0,0.336301849686572,-0.0602581049344422,0.0,0.32214452490967777,0.08725677497879276,0.0
2012-01-09,0.0,0.0,0.0,-0.049191760447778295,-0.05669260139344981,0.0,0.08789810204119042,0.0,0.0,0.0,0.0,0.0,0.33499950889301844,-0.0601308787733814,0.0,0.32386744653730737,0.08721970191387429,0.0
2012-01-10,0.0,0.0,0.0,-0.049459709564237515,-0.05711306323819437,0.0,0.08847549873585875,0.0,0.0,0.0,0.0,0.0,0.32981809196997014,-0.06090353661984244,0.0,0.3274378563915912,0.08679224348030562,0.0
2012-01-11,0.0,0.0,0.0,-0.04944994654659548,-0.05709454380769818,0.0,0.08845924641159963,0.0,0.0,0.0,0.0,0.0,0.33061498671209,-0.060888715977268144,0.0,0.3272244455091173,0.08626811503563121,0.0
2012-01-12,0.0,0.0,0.0,-0.04969657145111213,-0.057009650714046546,0.0,0.08813867115816745,0.0,0.0,0.0,0.0,0.0,0.3285186121201908,-0.06078441825273373,0.0,0.3291773352904386,0.08667474101331077,0.0
2012-01-13,0.0,0.0,0.0,-0.0498457455161302,-0.05706785491545973,0.0,0.08835347051383985,0.0,0.0,0.0,0.0,0.0,0.3276721224037812,-0.0609578650161344,0.0,0.3291637587249999,0.08693918290965483,0.0
2012-01-17,0.0,0.0,0.0,-0.04983212496227361,-0.05701597188599952,0.0,0.08822429804791239,0.0,0.0,0.0,0.0,0.0,0.3264853569240622,-0.06095785126816259,0.0,0.3297497969948903,0.0877345999166993,0.0
2012-01-18,0.0,0.0,0.0,-0.05021539443914605,-0.05719422859402201,0.0,0.08796986121989367,0.0,0.0,0.0,0.0,0.0,0.3249660399649405,-0.06081815525642952,0.0,0.3308947226525415,0.0879415978730268,0.0
2012-01-19,0.0,0.0,0.0,-0.05052680175980706,-0.057128582555886445,0.0,0.08785163850092965,0.0,0.0,0.0,0.0,0.0,0.3258345105252565,-0.061015682370125085,0.0,0.33050117725462225,0.08714160703337294,0.0
2012-01-20,0.0,0.0,0.0,-0.05084000711667838,-0.05747957121590847,0.0,0.08835020461126383,0.0,0.0,0.0,0.0,0.0,0.32496982040366557,-0.06161030231160172,0.0,0.33011558402202895,0.08663451031885316,0.0
2012-01-23,0.0,0.0,0.0,-0.05114078317610276,-0.05749639271435528,0.0,0.08895939445415406,0.0,0.0,0.0,0.0,0.0,0.3250418834175094,-0.061599371619996485,0.0,0.3290492601095829,0.08671291450829903,0.0
2012-01-24,0.0,0.0,0.0,-0.05157547357940985,-0.057938184014797806,0.0,0.08899644689108098,0.0,0.0,0.0,0.0,0.0,0.32397748542735605,-0.06180252596831273,0.0,0.328731133936279,0.08697875018276369,0.0
2012-01-25,0.0,0.0,0.0,-0.052994983470269146,-0.05848777562272798,0.0,0.08724146455771982,0.0,0.0,0.0,0.0,0.0,0.3289845980215608,-0.06258954145816666,0.0,0.32211575282319305,0.0875858840463626,0.0
2012-01-26,0.0,0.0,0.0,-0.05282636702966406,-0.058262980009724595,0.0,0.08926266548660076,0.0,0.0,0.0,0.0,0.0,0.3191782408658584,-0.062313171091608485,0.0,0.32971021267729655,0.08844636283924714,0.0
2012-01-27,0.0,0.0,0.0,-0.0529694958954923,-0.05835906162144931,0.0,0.089168038982462,0.0,0.0,0.0,0.0,0.0,0.31864420601220783,-0.062394283069742866,0.0,0.3288775156243919,0.08958739879425384,0.0
2012-01-30,0.0,0.0,0.0,-0.05480439506517981,-0.06057973329390854,0.0,0.08787401982328312,0.0,0.0,0.0,0.0,0.0,0.31165482203141215,-0.06370895716357035,0.0,0.32858064645967155,0.09279742616297451,0.0
2012-01-31,0.0,0.0,0.0,-0.0548741441867795,-0.060647368656986715,0.0,0.08775696991485447,0.0,0.0,0.0,0.0,0.0,0.3130809945895744,-0.06373493227701738,0.0,0.3270746063737414,0.09283098400104615,0.0
2012-02-01,0.0,0.0,0.0,-0.05437413224957467,-0.06259992289364456,0.0,0.08603697372488749,0.0,0.0,0.0,0.0,0.0,0.3027204573827203,-0.06464282840168108,0.0,0.3328051014825752,0.09682058386491674,0.0
2012-02-02,0.0,0.0,0.0,-0.05233001459943058,-0.061107025095616906,0.0,0.0815008606578306,0.0,0.0,0.0,0.0,0.0,0.2908083928905834,-0.06346560216315028,0.0,0.3523827736073571,0.09840533098603116,0.0
2012-02-03,0.0,0.0,0.0,-0.05414867512367469,-0.06224650669426601,0.0,0.08217610553065904,0.0,0.0,0.0,0.0,0.0,0.2987851790860831,-0.06483931523774689,0.0,0.3392329231713332,0.09857129515623704,0.0
2012-02-06,0.0,0.0,0.0,-0.05351925558981609,-0.06242766958754342,0.0,0.08215155782687648,0.0,0.0,0.0,0.0,0.0,0.2944747660852443,-0.0648929623016102,0.0,0.3444595599327803,0.09807422867612921,0.0
2012-02-07,0.0,0.0,0.0,-0.053510230661506085,-0.06259788394761363,0.0,0.08126989610576357,0.0,0.0,0.0,0.0,0.0,0.2937582943854897,-0.06482313580459136,0.0,0.347103479813443,0.09693707928159241,0.0
2012-02-08,0.0,0.0,0.0,-0.05286545685754756,-0.06182843908791603,0.0,0.08230601308399502,0.0,0.0,0.0,0.0,0.0,0.29325797375270474,-0.06403703310099533,0.0,0.3497302436794462,0.09597484043739524,0.0
2012-02-09,0.0,0.0,0.0,-0.05213824472876168,-0.061044276157528186,0.0,0.08120405257259632,0.0,0.0,0.0,0.0,0.0,0.2940335240797262,-0.06306288921306322,0.0,0.35339504120609316,0.09512197204223123,0.0
2012-02-10,0.0,0.0,0.0,-0.055312928833182,-0.0649942555244272,0.0,0.08064001077949096,0.0,0.0,0.0,0.0,0.0,0.2927844676973027,-0.06631504500901221,0.0,0.3440615097417777,0.09589178241480724,0.0
2012-02-13,0.0,0.0,0.0,-0.054788774425594766,-0.06466851609888714,0.0,0.08028820990427958,0.0,0.0,0.0,0.0,0.0,0.29533340343307724,-0.06583531700309891,0.0,0.3421899840157339,0.09689579511932822,0.0
2012-02-14,0.0,0.0,0.0,-0.05487793284790983,-0.06517660864446245,0.0,0.08076731553917743,0.0,0.0,0.0,0.0,0.0,0.29411919377262585,-0.06596750793427972,0.0,0.3428244721058325,0.09626696915571213,0.0
2012-02-15,0.0,0.0,0.0,-0.055054776466646096,-0.06580214894419295,0.0,0.08050460770790531,0.0,0.0,0.0,0.0,0.0,0.29290030629036345,-0.06621399453807285,0.0,0.34176781117830923,0.09775635487451002,0.0
2012-02-16,0.0,0.0,0.0,-0.05489714714279716,-0.06540340542828268,0.0,0.0804022379942669,0.0,0.0,0.0,0.0,0.0,0.29195045538399467,-0.06606925106341936,0.0,0.34410383618068086,0.09717366680655837,0.0
2012-02-17,0.0,0.0,0.0,-0.055583469913537575,-0.0658453864501779,0.0,0.08019601588870863,0.0,0.0,0.0,0.0,0.0,0.2916866574220612,-0.06717264590438558,0.0,0.3424583594674197,0.0970574649537094,0.0
2012-02-21,0.0,0.0,0.0,-0.055686382570978306,-0.06514487572382965,0.0,0.07974891118253251,0.0,0.0,0.0,0.0,0.0,0.3008829505208834,-0.06653368099412507,0.0,0.336829865496642,0.09517333351100908,0.0
2012-02-22,0.0,0.0,0.0,0.0,-0.06724638874121844,0.27906733276067436,0.08192661676851705,0.0,0.0,0.0,-0.06622602872697844,0.0,0.0,-0.06906915102210749,0.0,0.33930629728547346,0.09715818469503079,0.0
2012-02-23,0.0,0.0,0.0,-0.058308386548870786,-0.06775579601488435,0.2902101497372668,0.08328727920137727,0.0,0.0,0.0,0.0,0.0,0.0,-0.06993119512365181,0.0,0.3347810351607794,0.09572615821316964,0.0
2012-02-24,0.0,0.0,0.0,-0.05744047270137707,-0.06687225292490896,0.29635831302934923,0.08249945056084648,0.0,0.0,0.0,0.0,0.0,0.0,-0.06944092481580538,0.0,0.3323858042642744,0.09500278170343845,0.0
2012-02-27,0.0,0.0,0.0,-0.057824027632281,-0.0674354142788229,0.0,0.08057091434682756,0.0,0.0,0.0,0.0,0.0,0.3024733720862841,-0.07027541055638159,0.0,0.3285101569944672,0.09291070410493557,0.0
2012-02-28,0.0,0.0,0.0,0.0,-0.06589699043729146,0.3049872891160209,0.07865757962331704,0.0,0.0,0.0,-0.0655254267179867,0.0,0.0,-0.06857870655939854,0.0,0.3243333488049554,0.09202065874102985,0.0
2012-02-29,0.0,0.0,0.0,0.0,-0.06867938603700277,0.31717815554732165,0.0686304113570577,0.0,0.0,0.0,-0.06785986142613679,0.0,0.0,-0.07014402610193857,0.0,0.316672771995862,0.0908353875346806,0.0
2012-03-01,0.0,0.0,0.0,0.0,-0.07009094879789352,0.0,0.06965126928086458,0.0,0.0,0.0,-0.06949817526944639,0.0,0.30408845912509247,-0.07180607895904016,0.0,0.3220568649649279,0.0928082036027349,0.0
2012-03-02,0.0,0.0,0.0,0.0,-0.07503607299592546,0.0,0.06842656017467778,0.0,0.0,0.0,-0.07777397915967253,0.0,0.2965822790272052,-0.0772558408173755,0.0,0.314154611911022,0.09077065591412146,0.0
2012-03-05,0.0,0.0,0.0,-0.06496697948023063,-0.07549091917952665,0.3243854077044709,0.06862466253514758,0.0,0.0,0.0,0.0,0.0,0.2959518944422422,-0.07977945481516792,0.0,0.0,0.09080068184321415,0.0
2012-03-06,0.0,0.0,0.0,-0.0628275024140948,-0.07231653036208516,0.0,0.06857159086122432,0.0,0.0,0.0,0.0,0.0,0.3122115515380802,-0.07598426863877912,0.0,0.3158604140418063,0.09222814214392998,0.0
2012-03-07,0.0,0.0,0.0,-0.06236361488241233,-0.07143970875800226,0.0,0.06827727576460992,0.0,0.0,0.0,0.0,0.0,0.3205612980162461,-0.07516190272429679,0.0,0.3112310005980124,0.09096519925642016,0.0
2012-03-08,0.0,0.0,0.0,-0.06133269897701802,-0.0694154146567606,0.0,0.06727945999305601,0.0,0.0,0.0,0.0,0.0,0.3286174737173539,-0.07392497327379807,0.0,0.3095623782086052,0.08986760117340825,0.0
2012-03-09,0.0,0.0,0.0,-0.06308216449714169,-0.07143950037966439,0.30879089252413955,0.06921999913766229,0.0,0.0,0.0,0.0,0.0,0.0,-0.07614272695967596,0.0,0.3188349345091939,0.0924897819925223,0.0
2012-03-12,0.0,0.0,0.0,-0.0647704258167784,-0.0739519342217615,0.31007722656025655,0.06875334280333857,0.0,0.0,0.0,0.0,0.0,0.0,-0.07908828905170258,0.0,0.31174788789461894,0.09161089365154357,0.0
2012-03-13,0.0,0.0,0.0,-0.06353900400465459,-0.07457087607049512,0.30713758664823654,0.06741895012342729,0.0,0.0,0.0,0.0,0.0,0.0,-0.0794405601324153,0.0,0.3161992559933685,0.0916937670274026,0.0
2012-03-14,0.0,0.0,0.0,-0.01865382106509391,-0.021774660497008134,0.08284605928367841,0.019135194199584375,0.0,0.0,0.034609066228403616,0.0,0.0,0.0,0.0,-0.7983557017479391,0.0,0.02462549697829237,0.0
2012-03-15,0.0,0.0,0.0,-0.019276623843821804,0.0,0.08379667443554245,0.020036917864015964,0.0,0.0,0.03643404559849268,0.0,0.0,0.0,0.0,-0.7970026506707082,0.0,0.025510581738734255,-0.017942505848684592
2012-03-16,0.0,0.0,0.0,-0.08411704762195006,-0.09861595344788891,0.3624103804269882,0.09207108794520495,0.0,0.0,0.16393470237741886,0.0,0.0,0.0,0.0,0.0,0.0,0.11322612723559332,-0.08562470094495586
2012-03-19,0.0,0.0,0.0,-0.08258408874331549,-0.09694481168786291,0.35517534496379166,0.09061197420835775,0.0,0.0,0.16106530377530465,0.0,0.0,0.0,-0.10323843844973078,0.0,0.0,0.11038003817163687,0.0
2012-03-20,0.0,0.0,0.0,-0.08181705377842363,-0.09667210026946323,0.3532957627820986,0.09233925350933461,0.0,0.0,0.16092325195991594,0.0,0.0,0.0,-0.10261966122318168,0.0,0.0,0.1123329164775823,0.0
2012-03-21,0.0,0.0,0.0,-0.08268983016959623,-0.0945849272544975,0.0,0.09008131039998178,0.0,0.0,0.16033209800922552,0.0,0.0,0.0,-0.10122758187991253,0.0,0.36123236727811087,0.10985188500867551,0.0
2012-03-22,0.0,0.0,0.0,-0.08565424621985755,-0.09852390986743258,0.0,0.08896407891728554,0.0,0.0,0.17670538205842978,0.0,0.0,0.0,0.0,0.0,0.35357290034379163,0.11266052531536686,-0.08391895727783595
2012-03-23,0.0,0.0,0.0,-0.0835621990469535,-0.09640518963005634,0.0,0.08626712139720623,0.0,0.0,0.17389001741467508,0.0,0.0,0.0,-0.10199284385731541,0.0,0.34716728168676775,0.1107153469670256,0.0
2012-03-26,0.0,0.0,0.0,-0.0855216261982604,-0.09877618024243538,0.0,0.08772114482795781,0.0,0.0,0.17480156118070891,0.0,0.0,0.0,0.0,0.0,0.35467126765990337,0.11399047144829523,-0.08451774844243902
2012-03-27,0.0,0.0,0.0,-0.08390109256138124,-0.09688149942529753,0.0,0.08599757675192322,0.0,0.0,0.17300235323949614,0.0,0.0,0.0,-0.10181652247885885,0.0,0.3458172537881373,0.1125837017549057,0.0
2012-03-28,0.0,0.0,0.0,-0.07060856651301917,-0.08221913799628651,0.0,0.0730247590339442,0.0,0.0,0.0,0.0,0.0,0.2961868197115709,-0.08619220026040496,0.0,0.2957609444109691,0.09600757207380516,0.0
2012-03-29,0.0,0.0,0.0,-0.07230676819769895,-0.08463979545075705,0.0,0.07625200469095302,0.0,0.0,0.0,0.0,0.0,0.2981227239495902,0.0,0.0,0.29865852176048713,0.09931107081583307,-0.07070911513468053
2012-03-30,0.0,0.0,0.0,-0.07290892049632708,-0.086383575182554,0.0,0.07672108213504987,0.0,0.0,0.0,0.0,0.0,0.29786819618954574,0.0,0.0,0.2974844329160607,0.09755709437926162,-0.07107669870120119
2012-04-02,0.0,0.0,0.0,-0.0728038434790564,-0.08630065102306907,0.0,0.07746034907737234,0.0,0.0,0.0,0.0,0.0,0.3018991543970662,0.0,0.0,0.2933032635971766,0.0978378414189105,-0.07039489700734869
2012-04-03,0.0,0.0,0.0,-0.08828934519227845,-0.10280696374986285,0.0,0.09162295635197143,0.0,0.0,0.18723449085625826,0.0,0.0,0.0,0.0,0.0,0.32784172785698773,0.11351731366119931,-0.08868720233144187
2012-04-04,0.0,0.0,0.0,-0.07423198690663499,-0.08490761267800916,0.31234067483146505,0.07721771479379794,0.0,0.0,0.0,0.0,0.0,0.0,0.0,0.0,0.2806969641490036,0.09638376226961422,-0.0742212843714751
2012-04-05,0.0,0.0,0.0,-0.07650120662423963,-0.08863779716704254,0.0,0.07948890928607916,0.0,0.0,0.0,0.0,0.0,0.2915270335625996,0.0,0.0,0.28828924849975635,0.09871906220357286,-0.07683674265670971
2012-04-09,0.0,0.0,0.0,-0.07706856816083005,-0.09079407272453084,0.0,0.08021990711976479,0.0,0.0,0.0,0.0,0.0,0.28925587971067124,0.0,0.0,0.28934387020642516,0.09586519493795202,-0.07745250713982596
2012-04-10,0.0,0.0,0.0,-0.07661140843636942,-0.08878191997569472,0.0,0.08080107172214585,0.0,0.0,0.0,0.0,0.0,0.2933023199100856,0.0,0.0,0.28658002002134925,0.09604058935750431,-0.07788267057685082
2012-04-11,0.0,0.0,0.0,-0.07761224793737331,-0.08868862068612639,0.0,0.081317635617239,0.0,0.0,0.0,0.0,0.0,0.29311620726943927,0.0,0.0,0.2874228149523496,0.09470850182451611,-0.07713397171295619
2012-04-12,0.0,0.0,0.0,-0.07356682910775665,-0.08496471890923596,0.3128204885231696,0.07909993888172916,0.0,0.0,0.0,0.0,0.0,0.0,0.0,0.0,0.28069259493828536,0.09359589196307698,-0.07525953767674624
2012-04-13,0.0,0.0,0.0,-0.07536558437395574,-0.08597242697375959,0.0,0.081520438006687,0.0,0.0,0.0,0.0,0.0,0.2934969432573553,0.0,0.0,0.28862181335700243,0.09510501092951072,-0.07991778310172919
2012-04-16,0.0,0.0,0.0,-0.07522782497020629,-0.08604489830734698,0.0,0.08131329760669533,0.0,0.0,0.0,0.0,0.0,0.29415210402389824,0.0,0.0,0.28834252462975696,0.09537789942970147,-0.07954145103239471
2012-04-17,0.0,0.0,0.0,-0.061173224161074624,-0.06882562657919772,0.2591507144362811,0.0,0.0,0.0,0.0,0.0,0.0,0.23787397656534076,0.0,0.0,0.23158750443239068,0.07692513609100325,-0.06446381773471198
2012-04-18,0.0,0.0,0.0,-0.07147107239152617,-0.07924466366660363,0.29974796541139864,0.0,0.0,0.0,0.12587179546050456,0.0,0.0,0.0,0.0,0.0,0.26300804656758353,0.0882853866967188,-0.07237106980566486
2012-04-19,0.0,0.0,0.0,-0.062319358653268875,-0.06934552856389654,0.2613774980491714,0.0,0.0,0.0,0.0,0.0,0.0,0.23612227901565896,0.0,0.0,0.22992380687525837,0.07793184531739891,-0.06297968352534704
2012-04-20,0.0,0.0,0.0,-0.06203174994395181,-0.06890814231090701,0.25963329726908924,0.0,0.0,0.0,0.0,0.0,0.0,0.2369716131310538,0.0,0.0,0.22944976823937363,0.07856579208153366,-0.0644396370240908
2012-04-23,0.0,0.0,0.0,-0.061281719652387004,-0.0673643871262302,0.2585038718931337,0.0,0.0,0.0,0.0,0.0,0.0,0.23816889239750433,0.0,0.0,0.23084151457311078,0.07871296699197201,-0.06512664736566216
2012-04-24,0.0,0.0,0.0,-0.06102421732447045,-0.06697955778732557,0.26082841483677044,0.0,0.0,0.0,0.0,0.0,0.0,0.23813447492511497,0.0,0.0,0.22991478734213155,0.07806512338896145,-0.06505342439522556
2012-04-25,0.0,0.0,0.0,-0.06054860046338333,-0.06602596536157702,0.2579857392574435,0.0,0.0,0.0,0.0,0.0,0.0,0.23711154504786297,0.0,0.0,0.2367414904688413,0.07715811378935279,-0.06442854561153914
2012-04-26,0.0,0.0,0.0,-0.059242321598588554,-0.064555798606695,0.26106715386527474,0.0,0.0,0.0,0.0,0.0,0.0,0.24259647575280638,0.0,0.0,0.23302856418735673,0.07642373560089304,-0.0630859503883854
2012-04-27,0.0,0.0,0.0,-0.05923638437687626,-0.06442521028579973,0.2615892259664079,0.0,0.0,0.0,0.0,0.0,0.0,0.24227340333809919,0.0,0.0,0.23308842814077377,0.07637793005387611,-0.06300941783816709
2012-04-30,0.0,0.0,0.0,-0.05966093790945832,-0.06464934364868587,0.2600307173222022,0.0,0.0,0.0,0.0,0.0,0.0,0.24180423320742658,0.0,0.0,0.2338016650201279,0.07701509430637593,-0.0630380085857231
2012-05-01,0.0,0.0,0.0,-0.05927467429982675,-0.06416941669958215,0.26067596268367277,0.0,0.0,0.0,0.0,0.0,0.0,0.24046992358431413,0.0,0.0,0.2360194402972044,0.07715781294955047,-0.062232769485849285
2012-05-02,0.0,0.0,0.0,-0.059947311743681266,-0.06393992620110081,0.25880489094366665,0.0,0.0,0.0,0.0,0.0,0.0,0.2381958175306768,-0.0697886317965222,0.0,0.23272311110610483,0.07660031067824755,0.0
2012-05-03,0.0,0.0,0.0,-0.060098401836760615,-0.06395586051293403,0.2657337057065085,0.0,0.0,0.0,0.0,0.0,0.0,0.24005034777728546,0.0,0.0,0.2335136253909514,0.07697099495154537,-0.05967706382401471
2012-05-04,0.0,0.0,0.0,-0.07052441518229906,-0.07511908486678151,0.31141951891061614,0.07808418006941809,0.0,0.0,0.0,0.0,0.0,0.0,-0.08034658559119301,0.0,0.29072571402247727,0.09378050135721493,0.0
2012-05-07,0.0,0.0,0.0,-0.05839258050644937,-0.06192552871688349,0.257179670479634,0.0,0.0,0.0,0.0,0.0,0.0,0.23371345342126826,-0.06632029182644193,0.0,0.24428870186728951,0.07817977318203342,0.0
2012-05-08,0.0,0.0,0.0,-0.05768391230792145,-0.06122234233023432,0.25617837787855086,0.0,0.0,0.0,0.0,0.0,0.0,0.2334139354683273,-0.06520132387470218,0.0,0.24710069398787832,0.07919941415238564,0.0
2012-05-09,0.0,0.0,0.0,-0.05800938536241528,-0.06143839700600804,0.2522808663059184,0.0,0.0,0.0,0.0,0.0,0.0,0.23500821502746344,-0.06430192664904213,0.0,0.24901388156457116,0.0799473280845815,0.0
2012-05-10,0.0,0.0,0.0,-0.0576233387719175,-0.0610571031037531,0.25107070707077533,0.0,0.0,0.0,0.0,0.0,0.0,0.2350759506172226,-0.06350251518790279,0.0,0.2517203069250578,0.0799500783233707,0.0
2012-05-11,0.0,0.0,0.0,-0.05817036395240799,-0.061758696247260825,0.24931422533005831,0.0,0.0,0.0,0.0,0.0,0.0,0.23222924924004937,-0.06346413552126876,0.0,0.25490333802479775,0.08015999168415704,0.0
2012-05-14,0.0,0.0,0.0,-0.059561678219039446,-0.0630418218472543,0.23109934235324991,0.0,0.0,0.0,0.0,0.0,0.0,0.2418726634181558,-0.06430270695444415,0.0,0.25881351596447183,0.08130827124338459,0.0
2012-05-15,0.0,0.0,0.0,-0.05978476716353224,-0.06295795760613582,0.22954385232394064,0.0,0.0,0.0,0.0,0.0,0.0,0.2424600929516269,-0.06385187834486075,0.0,0.25968225256390914,0.0817191990459944,0.0
2012-05-16,0.0,0.0,0.0,-0.05957771057357239,-0.06292298020475909,0.2277967774363425,0.0,0.0,0.0,0.0,0.0,0.0,0.24379919151140125,-0.06396958099032378,0.0,0.2599235929931417,0.08201016629045926,0.0
2012-05-17,0.0,0.0,0.0,-0.0608054116282691,-0.06454596935597419,0.22565072817140974,0.0,0.0,0.0,0.0,0.0,0.0,0.23728353507754985,-0.06525245411073542,0.0,0.2644942904243287,0.08196761123173307,0.0
2012-05-18,0.0,0.0,0.0,-0.060786070622723544,-0.06467349031296436,0.22622127035472525,0.0,0.0,0.0,0.0,0.0,0.0,0.2351445399614846,-0.06533033378253046,0.0,0.26575934629222975,0.08208494867334207,0.0
2012-05-21,0.0,0.0,0.0,-0.059157793125899735,-0.06307886749579372,0.2253361697553597,0.0,0.0,0.0,0.0,0.0,0.0,0.23705944262173742,-0.06408015880204568,0.0,0.2675396692852888,0.08374789891387517,0.0
2012-05-22,0.0,0.0,0.0,-0.05835271781554525,-0.06236810912579328,0.2225702434521934,0.0,0.0,0.0,0.0,0.0,0.0,0.24012042444810205,-0.0633855263223288,0.0,0.27054952830482404,0.08265345053121326,0.0
2012-05-23,0.0,0.0,0.0,-0.058656832388605036,-0.06296025947618761,0.21851277735181485,0.0,0.0,0.0,0.0,0.0,0.0,0.24081823391231086,-0.06395655535244986,0.0,0.2722094239886898,0.08288591752994207,0.0
2012-05-24,0.0,0.0,0.0,-0.05905064670379765,-0.06306977346104814,0.21866907232928548,0.0,0.0,0.0,0.0,0.0,0.0,0.24076811903765344,-0.06431905328574171,0.0,0.271223178888316,0.08290015629415745,0.0
2012-05-25,0.0,0.0,0.0,-0.059065834514511036,-0.0629573424887549,0.2179081957225378,0.0,0.0,0.0,0.0,0.0,0.0,0.24167548995651447,-0.06424463083145836,0.0,0.27098076435079227,0.08316774213543102,0.0
2012-05-29,0.0,0.0,0.0,-0.05740661405100806,-0.06282248277832272,0.21998820284680584,0.0,0.0,0.0,0.0,0.0,0.0,0.2439160937565927,-0.06348765318039702,0.0,0.26897354791790334,0.0834054054689702,0.0
2012-05-30,0.0,0.0,0.0,-0.057329266645244285,-0.0621658325634925,0.22205389850987955,0.0,0.0,0.0,0.0,0.0,0.0,0.24607034173596753,-0.06289536852204712,0.0,0.2693697492648531,0.080115542758516,0.0
2012-05-31,0.0,0.0,0.0,-0.05842065389514271,-0.06354699308923194,0.22570347351210343,0.0,0.0,0.0,0.0,0.0,0.0,0.24106438581231626,0.0,0.0,0.2703841085944419,0.0813944699539648,-0.05948591514279891
2012-06-01,0.0,0.0,0.0,-0.06829020540737653,-0.07429826213492767,0.0,0.08881475304984708,0.0,0.0,0.0,0.0,0.0,0.28154227961275635,-0.07246569134509664,0.0,0.3203330470280972,0.09425576142189859,0.0
2012-06-04,0.0,0.0,0.0,-0.06079387793587364,-0.06532997662132475,0.19843532296818706,0.0,0.0,0.0,0.0,0.0,0.0,0.2391835003211441,-0.06401514170715795,0.0,0.28889688608190767,0.08334529436440488,0.0
2012-06-05,0.0,0.0,0.0,-0.06282784550755212,-0.06750486027886478,0.19967330090315288,0.0,0.0,0.0,0.0,0.0,0.0,0.2360156881100183,-0.06589564421765842,0.0,0.28649952291796965,0.08158313806478397,0.0
2012-06-06,0.0,0.0,0.0,-0.06257475058859861,-0.06722413653316078,0.19535619648411676,0.0,0.0,0.0,0.0,0.0,0.0,0.24201886196783365,0.0,0.0,0.2886136417111742,0.08151532053614538,-0.06269709217897061
2012-06-07,0.0,0.0,0.0,-0.06357227339273543,-0.06875637090632397,0.19593457891981514,0.0,0.0,0.0,0.0,0.0,0.0,0.24017826982486976,0.0,0.0,0.28728763196595875,0.08191492302930217,-0.06235595196099482
2012-06-08,0.0,0.0,0.0,-0.06374904479004842,0.0,0.19590373950096757,0.0,0.0,0.0,0.0,0.0,0.0,0.23930193298802782,-0.06685333820020509,0.0,0.2890759182948289,0.08227664240847883,-0.06283938381744335
2012-06-11,0.0,0.0,0.0,-0.06362966437332046,0.0,0.1969607037607798,0.0,0.0,0.0,0.0,0.0,0.0,0.2403923367412381,-0.06652035639159237,0.0,0.28968244211623045,0.08236051972884635,-0.06045397688799236
2012-06-12,0.0,0.0,0.0,-0.06453003007995278,0.0,0.19599050491480163,0.0,0.0,0.0,0.0,0.0,0.0,0.23993474745913224,-0.06717082940549893,0.0,0.28974382615554806,0.08393850177794422,-0.058691560207121976
2012-06-13,0.0,0.0,0.0,-0.061272741286571016,0.0,0.1854635477751293,0.0,0.0,0.0,0.0,0.0,0.0,0.24995068422382663,-0.06326989639255069,0.0,0.3010359421105796,0.0837578696868017,-0.05524931852454101
2012-06-14,0.0,0.0,0.0,-0.06133774527074664,0.0,0.1865907512996956,0.0,0.0,0.0,0.0,0.0,0.0,0.25084969274031976,-0.06340733011047706,0.0,0.30007344850730716,0.0836937766670199,-0.054047255404433746
2012-06-15,0.0,0.0,0.0,-0.06107500406779552,0.0,0.189063586048156,0.0,0.0,0.0,0.0,0.0,0.0,0.2521633851856022,-0.06322325174038465,0.0,0.2936595043146337,0.08487713559704911,-0.0559381330463787
2012-06-18,0.0,0.0,0.0,0.0,-0.078091708120381,0.22571441588212451,0.0,0.0,0.0,0.09728842782075689,0.0,0.0,0.0,-0.07538195936345425,0.0,0.35365788674490234,0.10298043100044516,-0.06688517106793597
2012-06-19,0.0,0.0,0.0,0.0,-0.07746466459859247,0.22719808542127062,0.0,0.0,0.0,0.09669243862444998,0.0,0.0,0.0,-0.07526787345361051,0.0,0.3549007617094864,0.10120437787500644,-0.06727179831758355
2012-06-20,0.0,0.0,0.0,-0.060505772401818404,-0.06423203328435774,0.18878144154691198,0.0,0.0,0.0,0.0,0.0,0.0,0.2543256391906935,0.0,0.0,0.29390847994764246,0.08460311132698557,-0.05364352230159036
2012-06-21,0.0,0.0,0.0,-0.058483027747616094,-0.06319208171907509,0.19027172614956828,0.0,0.0,0.0,0.0,0.0,0.0,0.2586043633710158,0.0,0.0,0.2908645595107763,0.08572571596546723,-0.05285852553648137
2012-06-22,0.0,0.0,0.0,-0.0591308262501044,-0.06363661824559112,0.19174211344800093,0.0,0.0,0.0,0.0,0.0,0.0,0.2604882952867395,0.0,0.0,0.2872373686621128,0.08509596637230016,-0.05266881173515122
2012-06-25,0.0,0.0,0.0,-0.059582296191067474,-0.06317716229406248,0.19233532253368713,0.0,0.0,0.0,0.0,0.0,0.0,0.26101123552649336,0.0,0.0,0.2864621499451621,0.08455634232858507,-0.05287549118094248
2012-06-26,0.0,0.0,0.0,-0.058491634511884,-0.06214562822829437,0.18963994165001832,0.0,0.0,0.0,0.0,0.0,0.0,0.2694099844013681,0.0,0.0,0.28484358688579575,0.08334743839052182,-0.052121785932117894
2012-06-27,0.0,0.0,0.0,-0.05882035633604583,-0.061793298684622605,0.18886178539854956,0.0,0.0,0.0,0.0,0.0,0.0,0.27017762734876366,0.0,0.0,0.28536077528639825,0.08334413034775567,-0.05164202659786457
2012-06-28,0.0,0.0,0.0,-0.058749833902025816,-0.06176869809480454,0.18863014423012334,0.0,0.0,0.0,0.0,0.0,0.0,0.2702530509095667,0.0,0.0,0.28554963157953633,0.08350082430623017,-0.051547816977713046
2012-06-29,0.0,0.0,0.0,-0.055226610516105355,0.0,0.18836120978370413,0.0,0.0,0.0,0.0,0.0,0.0,0.2762783770951292,-0.05866021532232905,0.0,0.2918074171567572,0.08577531167784104,-0.04389085844813387
2012-07-02,0.0,0.0,0.0,-0.05567912523913173,0.0,0.18687730062063787,0.0,0.0,0.0,0.0,0.0,0.0,0.2715410900667689,-0.05878221365735038,0.0,0.2974038377318748,0.08533211983262709,-0.044384312851609244
2012-07-03,0.0,0.0,0.0,-0.052217537406911596,0.0,0.17875500980728706,0.0,0.0,0.0,0.0,0.0,0.0,0.2859868945224028,-0.055915846251461995,0.0,0.30375395916597864,0.08339771700245667,-0.03997303584350112
2012-07-05,0.0,0.0,0.0,-0.051658101341929906,-0.05667975829403004,0.1753707174001196,0.0,0.0,0.0,0.0,0.0,0.0,0.2802350522228131,-0.055743224457558166,0.0,0.2974474303514018,0.08286571593214744,0.0
2012-07-06,0.0,0.0,0.0,-0.05209300865449099,0.0,0.1791399766903812,0.0,0.0,0.0,0.0,0.0,0.0,0.2844415018507713,-0.056558378883742925,0.0,0.30399034126722946,0.08413554923834235,-0.039641243415041924
2012-07-09,0.0,0.0,0.0,-0.05137269525052191,0.0,0.1759820974435771,0.0,0.0,0.0,0.0,0.0,0.0,0.28973673759596236,-0.055421050783153694,0.0,0.30324270372542256,0.08575927744981228,-0.03848543775155001
2012-07-10,0.0,0.0,0.0,-0.05116171931137676,0.0,0.1755290774466454,0.0,0.0,0.0,0.0,0.0,0.0,0.28621004355450974,-0.055298748476155665,0.0,0.3085363969017033,0.0854505241696076,-0.037813490140001384
2012-07-11,0.0,0.0,0.0,-0.05127980064587304,0.0,0.1745090986670438,0.0,0.0,0.0,0.0,0.0,0.0,0.2862695842511434,-0.0558697100032712,0.0,0.30768632114148475,0.08704824918101739,-0.03733723611016624
2012-07-12,0.0,0.0,0.0,-0.052333647863656685,0.0,0.17555302068155906,0.0,0.0,0.0,0.0,0.0,0.0,0.280592973300748,-0.05701195838065808,0.0,0.3096383519589649,0.08731360090449207,-0.03755644690992107
2012-07-13,0.0,0.0,0.0,-0.0512821363542796,0.0,0.17245860722281955,0.0,0.0,0.0,0.0,0.0,0.0,0.2828235466926842,-0.05626266531910743,0.0,0.31215277076677983,0.08810003521242137,-0.036920238431908156
2012-07-16,0.0,0.0,0.0,-0.05141961582536715,0.0,0.17184593568673495,0.0,0.0,0.0,0.0,0.0,0.0,0.28210836765858555,-0.05636475946115452,0.0,0.3131291728292552,0.08831170984944654,-0.03682043868945627
2012-07-17,0.0,0.0,0.0,-0.0513455690390965,0.0,0.17187993869398277,0.0,0.0,0.0,0.0,0.0,0.0,0.2822235491287694,-0.056982764047099996,0.0,0.31316993041293145,0.08749248671719681,-0.03690576196092305
2012-07-18,0.0,0.0,0.0,-0.05166604683571927,0.0,0.17290673028926956,0.0,0.0,0.0,0.0,0.0,0.0,0.2768243409005119,-0.05730801843169501,0.0,0.31615591575973745,0.08800589344065664,-0.03713305434241008
2012-07-19,0.0,0.0,0.0,-0.05023652001253203,-0.05735010398284722,0.16866201899446312,0.0,0.0,0.0,0.0,0.0,0.0,0.26982895475858576,-0.05549331218640225,0.0,0.312714531198552,0.08571455886661765,0.0
2012-07-20,0.0,0.0,0.0,-0.0501597921110192,-0.056369039810635777,0.16979807022906043,0.0,0.0,0.0,0.0,0.0,0.0,0.27101628859008614,-0.0552200221772005,0.0,0.312441447383584,0.08499533969841397,0.0
2012-07-23,0.0,0.0,0.0,-0.05001632318604578,-0.05680264166466437,0.1684960665227259,0.0,0.0,0.0,0.0,0.0,0.0,0.26885429737849265,-0.05544596973011707,0.0,0.3145086764655304,0.08587602505242391,0.0
2012-07-24,0.0,0.0,0.0,-0.04997805712144065,-0.05671697069763463,0.16702848638210746,0.0,0.0,0.0,0.0,0.0,0.0,0.27026001673701217,-0.05557784133733524,0.0,0.31423288803990534,0.0862057396845645,0.0
2012-07-25,0.0,0.0,0.0,-0.05006998199442734,-0.05715281647436571,0.16715447787135362,0.0,0.0,0.0,0.0,0.0,0.0,0.26992069611706826,-0.05584234258612348,0.0,0.31323936257764046,0.08662032237902112,0.0
2012-07-26,0.0,0.0,0.0,-0.049319895550887734,-0.05495015522771716,0.16682552039922033,0.0,0.0,0.0,0.0,0.0,0.0,0.27084274566657324,-0.054386262990579304,0.0,0.31779679343684186,0.08587862672818034,0.0
2012-07-27,0.0,0.0,0.0,-0.04981983129176089,0.0,0.17287238516286899,0.0,0.0,0.0,0.0,0.0,0.0,0.27309289198657594,-0.05602359086137629,0.0,0.3260514630599561,0.08538308106847453,-0.036756756568987206
2012-07-30,0.0,0.0,0.0,-0.04896996498876409,-0.055155500625485986,0.16980245386344944,0.0,0.0,0.0,0.0,0.0,0.0,0.26813842338531374,-0.05510791351813038,0.0,0.31910088586017715,0.08372485775867931,0.0
2012-07-31,0.0,0.0,0.0,-0.05024280928133452,0.0,0.17393176398205423,0.0,0.0,0.0,0.0,0.0,0.0,0.27150207526616266,-0.056386490050227,0.0,0.3248522827658717,0.0861739266171307,-0.036910652037219126
2012-08-01,0.0,0.0,0.0,-0.06731905328780431,0.0,0.23220944760335466,0.0,0.0,0.0,0.0956585456128429,0.0,0.0,0.3647628363227247,-0.07555387278206607,0.0,0.0,0.11530535341969532,-0.04919089097151213
2012-08-02,0.0,0.0,0.0,-0.059888483548314074,-0.06733030140123117,0.2079156789678154,0.0,0.1694591477399582,0.0,0.0,0.0,0.0,0.3252982354319605,-0.06740661311068763,0.0,0.0,0.102701539800033,0.0
2012-08-03,0.0,0.0,0.0,-0.08903644620332868,0.0,0.0,-0.13317857781625383,0.2570754254590348,0.13668155708636676,0.1299684228863899,0.0,0.0,0.0,-0.10195924773000878,0.0,0.0,0.15210032281861732,0.0
2012-08-06,0.0,0.0,0.0,-0.08410917215786944,0.0,0.29798048490349105,-0.12572170957666293,0.0,0.129215017260061,0.12284476179921969,0.0,0.0,0.0,-0.0963125157559206,0.0,0.0,0.1438163385467751,0.0
2012-08-07,0.0,0.0,-0.049612408649520885,0.0,0.0,0.0,-0.02193420503276003,0.0,0.02192792895854909,0.02085958489125232,0.018427585206154257,0.016182507686426005,0.0,0.0,-0.8510557795753373,0.0,0.0,0.0
2012-08-08,0.0,0.0,-0.2871186160666397,0.0,0.0,0.0,-0.12692061952462474,0.0,0.12632378961762902,0.119997746821811,0.10599646669980871,0.0,0.0,-0.09627420015748317,0.0,0.0,0.13736856111200357,0.0
2012-08-09,0.0,0.0,-0.05021602835863314,0.0,0.0,0.0,-0.022289330237762462,0.0,0.022209479507403127,0.021083644511401368,0.01863883664123918,0.01633120224886039,0.0,0.0,-0.8492314784947005,0.0,0.0,0.0
2012-08-10,0.0,0.0,-0.04997455395833073,0.0,0.0,0.0,-0.022304867100429865,0.0,0.022163015047301324,0.02099291652727324,0.0185697240817077,0.0,0.0,0.0,-0.8418575564331477,0.0,0.024137366851809252,0.0
2012-08-13,0.0,0.0,-0.28467754339726375,0.0,0.0,0.0,-0.12748080151716135,0.0,0.12650830429921606,0.11962149146506625,0.10564453561153961,0.0,0.0,-0.09776591132141735,0.0,0.0,0.13830141238833554,0.0
2012-08-14,0.0,0.0,0.0,-0.10504936502865271,0.0,0.0,-0.1604942882278187,0.0,0.1589566569179528,0.1497979192117759,0.13200261762220375,0.0,0.0,-0.12372782843192154,0.0,0.0,0.16997132455967448,0.0
2012-08-15,0.0,0.0,-0.29511145879722167,-0.08531014595119393,0.0,0.0,-0.12930845282162096,0.0,0.1283950010213432,0.12086396070625213,0.10646436713862838,0.0,0.0,0.0,0.0,0.0,0.13454661356373954,0.0
2012-08-16,0.0,0.0,-0.3032140748616494,-0.08807223434881188,0.0,0.0,-0.1376516226301554,0.0,0.13388552159918723,0.1273714123093632,0.11155464642171244,0.09825048782912052,0.0,0.0,0.0,0.0,0.0,0.0
2012-08-17,0.0,0.0,-0.05174364164142526,0.0,0.0,0.0,-0.023728536598147647,0.0,0.02298543105253853,0.021906928362951033,0.019096826381170898,0.01682777727593369,0.0,0.0,-0.8437108586878329,0.0,0.0,0.0
2012-08-20,0.0,0.0,-0.05211085361032268,0.0,0.0,0.0,-0.023628232982367655,0.0,0.023125819435834815,0.02261101633751146,0.01934816669694283,0.017246089894533887,0.0,0.0,-0.8419298210424867,0.0,0.0,0.0
2012-08-21,0.0,0.0,-0.051862373687017974,0.0,0.0,0.0,-0.023738054880003343,0.0,0.02279854970402123,0.022256598451379617,0.019121299187223342,0.017029454021224633,0.0,0.0,-0.8431936700691298,0.0,0.0,0.0
2012-08-22,0.0,0.0,-0.05229810336641079,0.0,0.0,0.0,-0.023845808901434406,0.0,0.023063499436428072,0.02253971558981743,0.01930195552681728,0.017260715805277316,0.0,0.0,-0.8416902013738148,0.0,0.0,0.0
2012-08-23,0.0,0.0,-0.05123516425800515,0.0,0.0,0.0,-0.023304473808316017,0.0,0.02251906985139612,0.021996198939502002,0.018851147349132374,0.0,0.0,0.0,-0.8388863819361413,0.0,0.023207563857506983,0.0
2012-08-24,0.0,0.0,-0.05047145160904486,0.0,0.0,0.0,-0.023089858584093133,0.0,0.022196052145190465,0.021660886712363978,0.018591895222971857,0.016682990377508578,0.0,0.0,-0.8473068653488272,0.0,0.0,0.0
2012-08-27,0.0,0.0,-0.2890220737785791,-0.08682063652871945,0.0,0.0,-0.13339190703294626,0.0,0.1279021821992385,0.12508007858696338,0.10711064311056266,0.0,0.0,0.0,0.0,0.0,0.13067247876299057,0.0
2012-08-28,0.0,0.0,-0.2847832086749479,-0.08637573796842957,0.0,0.0,-0.13128252599525642,0.0,0.12906635615129333,0.1250747189701924,0.10754696677023243,0.0,0.0,0.0,0.0,0.0,0.13587048546964808,0.0
2012-08-29,0.0,0.0,-0.2848792814896738,-0.0861233519205861,0.0,0.0,-0.13044335578607383,0.0,0.12880353174354134,0.12528441564956164,0.10729723908713124,0.0,0.0,0.0,0.0,0.0,0.13716882432343228,0.0
2012-08-30,0.0,0.0,0.0,-0.10082644962844196,0.0,0.0,-0.17261891855327294,0.0,0.15655806504258116,0.15221666723996077,0.12788367510353157,0.0,0.0,-0.12414231290614007,0.0,0.0,0.16575391152607147,0.0
2012-08-31,0.0,0.0,0.0,-0.10200996603964735,0.0,0.0,-0.16528861919150548,0.0,0.15898876935907497,0.15348409040085803,0.12985626097074726,0.0,0.0,-0.12500806255605654,0.0,0.0,0.16536423148211035,0.0
2012-09-04,0.0,0.0,-0.28881540320453475,-0.08741235350346273,0.0,0.0,-0.14193250347097067,0.0,0.13706693753349936,0.131565228660438,0.11182622202997693,0.10138135159711757,0.0,0.0,0.0,0.0,0.0,0.0
2012-09-05,0.0,0.0,0.0,-0.016173764917560948,0.0,0.0,-0.025419282361493063,0.0,0.026003601958431773,0.024642650463892538,0.02070492415412567,0.018807495920159262,0.0,0.0,-0.8682482802243366,0.0,0.0,0.0
2012-09-06,0.0,0.0,-0.29087135471472847,-0.08661109141809474,0.0,0.0,-0.14390738083961324,0.0,0.13592501811281696,0.130343493943087,0.11111652605995825,0.10122513491170133,0.0,0.0,0.0,0.0,0.0,0.0
2012-09-07,0.0,0.0,0.0,-0.016131618249963536,0.0,0.0,-0.02602385044140705,0.0,0.02580257070208119,0.02477620486175204,0.021116590726287614,0.01927616443965185,0.0,0.0,-0.8668730005788567,0.0,0.0,0.0
2012-09-10,0.0,0.0,0.0,-0.01623767145040707,0.0,0.0,-0.025976206923219364,0.0,0.026359679723955916,0.02527525065847349,0.022040757637912287,0.02005943380703742,0.0,0.0,-0.8640509997989944,0.0,0.0,0.0
2012-09-11,0.0,0.0,-0.04906213437104427,0.0,0.0,0.0,-0.024633286504601924,0.0,0.025184964497805693,0.02409656046702302,0.02098956164667567,0.019156481074228758,0.0,0.0,-0.8368770114386207,0.0,0.0,0.0
2012-09-12,0.0,0.0,-0.049139389467802,0.0,0.0,0.0,-0.02463086396094118,0.0,0.02527218447100661,0.024329910558690073,0.021181403738937527,0.019416816852013866,0.0,0.0,-0.8360294309506087,0.0,0.0,0.0
2012-09-13,0.0,0.0,-0.048981081797973794,0.0,0.0,0.0,-0.0240601277696542,0.0,0.025218418702167934,0.024372759574998203,0.02137471219350533,0.019645410569019958,0.0,0.0,-0.8363474893926806,0.0,0.0,0.0
2012-09-14,0.0,0.0,-0.05086783972285929,0.0,0.0,0.0,-0.02434810581099051,0.0,0.025619975784344235,0.02486133488561299,0.0216479903660732,0.02003008183086075,0.0,0.0,-0.8326246715992589,0.0,0.0,0.0
2012-09-17,0.0,0.0,-0.05078066019646808,0.0,0.0,0.0,-0.023986545896866423,0.0,0.025263893851357057,0.024732748399219913,0.02140486853823881,0.01988484971779752,0.0,0.0,-0.8339464334000521,0.0,0.0,0.0
2012-09-18,0.0,0.0,-0.05087153988460726,0.0,0.0,0.0,-0.023920800139696746,0.0,0.0253259753980636,0.024923695415753164,0.021793570809907556,0.020162758804933067,0.0,0.0,-0.8330016595470385,0.0,0.0,0.0
2012-09-19,0.0,0.0,0.0,0.0,0.0,0.0,-0.024719748794089898,0.0,0.025978646354607834,0.02558506136127961,0.022332334962041577,0.020676696553252702,0.0,0.0,-0.8693659115483313,0.0,0.0,-0.011341600426397265
2012-09-20,0.0,0.0,0.0,0.0,0.0,0.0,-0.026730949680747646,0.0,0.027501864079506635,0.027609928431482113,0.023351000736281234,0.021768681433338745,0.0,0.0,-0.8614041163913122,0.0,0.0,-0.011633459247331428
2012-09-21,0.0,0.0,0.0,0.0,0.0,0.0,-0.0263692612686862,0.0,0.027190742142315528,0.027327211547441627,0.023176665392908385,0.02165801573597402,0.0,0.0,-0.84933825585328,0.0,-0.024939848059394244,0.0
2012-09-24,0.0,0.0,-0.05119578947293356,0.0,0.0,0.0,0.0,0.0,0.027455856833767372,0.027605893521601105,0.023229950249361694,0.021368693355367514,0.0,0.0,-0.8245103810661685,0.0,-0.02463343550080031,0.0
2012-09-25,0.0,0.0,-0.05135084751706524,0.0,0.0,0.0,0.0,0.0,0.027027129166298958,0.02709332783068263,0.0227064600572821,0.02104807230781547,0.0,0.0,-0.8263243712907031,0.0,-0.02444979183015244,0.0
2012-09-26,0.0,0.0,-0.0523372147570747,0.0,0.0,0.0,0.0,0.0,0.027754542099357505,0.027463217862249995,0.023405959573167275,0.021519496721953604,0.0,0.0,-0.8361318847186797,0.0,0.0,-0.011387684267517358
2012-09-27,0.0,0.0,-0.049131129403589165,0.0,0.0,0.0,0.0,0.0,0.025882789977391255,0.02567483121004405,0.021875170618894196,0.020019382115342516,0.0,0.0,-0.7855124736738623,-0.07190422300087645,0.0,0.0
2012-09-28,0.0,0.0,-0.05533498424929329,0.0,0.0,0.0,0.0,0.0,0.029763464106877337,0.02998569056319835,0.024778523802813666,0.023063033588861654,0.0,0.0,-0.8238009764569061,0.0,0.0,-0.013273327232049496
2012-10-01,0.0,0.0,-0.05421145210517189,0.0,0.0,0.0,0.0,0.0,0.029193774803932822,0.02941769047958085,0.024458877237293834,0.022882900637394406,0.0,0.0,-0.8149850252898554,0.0,-0.024850279446770752,0.0
2012-10-02,0.0,0.0,-0.05406472581476936,0.0,0.0,0.0,0.0,0.0,0.029329293165727577,0.029630483707863878,0.024801898928563243,0.023236425773106372,0.0,0.0,-0.8139664295267072,0.0,-0.02497074308326232,0.0
2012-10-03,0.0,0.0,-0.054858777483040105,0.0,0.0,0.0,0.0,0.0,0.029398909249300584,0.029197918702360107,0.02448507354424475,0.022956884629290887,0.0,0.0,-0.8143525371500937,0.0,-0.024749899241669985,0.0
2012-10-04,0.0,0.0,-0.054132243296909924,0.0,0.0,0.0,0.0,0.0,0.029147276133176837,0.029429934268412523,0.024288210476028374,0.023107931213484565,0.0,0.0,-0.8155915216067117,0.0,-0.024302883005276006,0.0
2012-10-05,0.0,0.0,0.0,0.0,0.0,0.0,0.0,0.0,0.0312916387677671,0.03146684015935851,0.026067840518191998,0.02469871436983523,0.0,0.0,-0.8470940096330606,0.0,-0.025799564499628478,-0.013581392052158024
2012-10-08,0.0,0.0,-0.05576618666258376,0.0,0.0,0.0,0.0,0.0,0.030669609116099512,0.03072420291120732,0.025403465685088913,0.024309998615546904,0.0,0.0,-0.8197975077850148,0.0,0.0,-0.013329029224458859
2012-10-09,0.0,0.0,-0.05550554147970731,0.0,0.0,0.0,0.0,0.0,0.03031604775281505,0.030019076609847404,0.025116776824267276,0.0239592535498663,0.0,0.0,-0.8218031529585352,0.0,0.0,-0.01328015082496147
2012-10-10,0.0,0.0,-0.055340459403254216,0.0,0.0,0.0,0.0,0.0,0.030004280719429784,0.029928229128267037,0.025084791247234315,0.023892701357333568,0.0,0.0,-0.8225465679904543,0.0,0.0,-0.0132029701540268
2012-10-11,0.0,0.0,-0.05171830299500911,0.0,0.0,0.08528208792741009,0.0,0.0,0.029102163588957525,0.0287398465626366,0.023640833128554188,0.0,0.0,0.0,-0.7692075737059597,0.0,0.0,-0.012309192091472692
2012-10-12,0.0,0.0,-0.05229834769571139,0.0,0.0,0.08428054400064867,0.0,0.0,0.028906879417977146,0.028831604337276544,0.023378602310467848,0.0,0.0,0.0,-0.7699532050855569,0.0,0.0,-0.012350817152361556
2012-10-15,0.0,0.0,0.0,0.0,0.0,0.08674735676447014,-0.029154227996250077,0.0,0.029751276902333722,0.029510647541463708,0.024011653632323295,0.0,0.0,0.0,-0.7880981289271434,0.0,0.0,-0.012726708236015759
2012-10-16,0.0,0.0,0.0,0.0,0.0,0.0,-0.030966137955452406,0.0,0.03131427501243744,0.031184071323880704,0.02547822078500727,0.024360808552347533,0.0,0.0,-0.8431405685603401,0.0,0.0,-0.013555917810534428
2012-10-17,0.0,0.0,-0.05376563975146022,0.0,0.0,0.08689545535061555,0.0,0.0,0.02925781555751402,0.0,0.02382740700475476,0.022936650272604053,0.0,0.0,-0.7702132890717552,0.0,0.0,-0.013103742991296114
2012-10-18,0.0,0.0,-0.057949569201837386,0.0,0.0,0.0,0.0,0.0,0.031374405085855324,0.03161922341852181,0.025448498751212894,0.02476796400339309,0.0,0.0,-0.8149048455193046,0.0,0.0,-0.013935494019874865
2012-10-19,0.0,0.0,-0.054869545020361066,0.0,0.0,0.09120755041621771,0.0,0.0,0.028679380028358317,0.0,0.02375828587528646,0.022626924800336283,0.0,0.0,-0.7654377097322391,0.0,0.0,-0.013420604127201113
2012-10-22,0.0,0.0,-0.05566734138364656,0.0,0.0,0.09303224058838952,0.0,0.0,0.02908298233734935,0.02879544577183731,0.02417445404095225,0.0,0.0,0.0,-0.7559666125517323,0.0,0.0,-0.013280923326092828
2012-10-23,0.0,0.0,0.0,0.0,0.0,0.09704075280736364,-0.02940925675953831,0.0,0.02924484275787081,0.02950472062992111,0.025253002264146066,0.0,0.0,0.0,-0.7759494531341247,0.0,0.0,-0.013597971647035427
2012-10-24,0.0,0.0,0.0,0.0,0.0,0.09856288342906315,-0.02940431370537624,0.0,0.030029469725979918,0.0304311897720528,0.02533539737123187,0.0,0.0,0.0,-0.7727036067861004,0.0,0.0,-0.01353313921019558
2012-10-25,0.0,0.0,0.0,0.0,0.0,0.09507166024130397,-0.028272034760669012,0.0,0.030422184099194293,0.03127120240926211,0.02595845935202475,0.0,0.0,0.0,-0.7759317295250087,0.0,0.0,-0.013072729612537172
2012-10-26,0.0,0.0,0.0,-0.0717635269420781,0.0,0.33237296817461714,-0.0993608996116289,0.0,0.10653023467196564,0.0,0.0,0.0,0.2629926271712979,0.0,0.0,0.0,0.08099346193311127,-0.04598628149530101
2012-10-31,0.0,0.0,0.0,-0.07161143872234328,0.0,0.32879498159537474,-0.09937936199546818,0.0,0.1070435482401329,0.0,0.0,0.0,0.26620765381568373,0.0,0.0,0.0,0.08038369530187567,-0.04657932032912157
2012-11-01,0.0,0.0,0.0,0.0,0.0,0.09549525686345459,-0.0290790635586866,0.0,0.030399601320688245,0.03093170769153389,0.02705987386227845,0.0,0.0,0.0,-0.7734672511785061,0.0,0.0,-0.013567245524852084
2012-11-02,0.0,0.0,0.0,0.0,0.0,0.09371516554282348,-0.027448058785322832,0.0,0.030495576312433766,0.03063108382796929,0.02656232118724735,0.0,0.0,0.0,-0.7776035569167512,0.0,0.0,-0.013544237427452208
2012-11-05,0.0,0.0,0.0,0.0,0.0,0.09167529612885227,-0.02721892773631986,0.0,0.031916758660287356,0.031789963750092055,0.02823372488781048,0.0,0.0,0.0,-0.7748941325169708,0.0,0.0,-0.01427119631966724
2012-11-06,0.0,0.0,0.0,0.0,0.0,0.09352062528607896,-0.026417951667930067,0.0,0.031882238569415966,0.03197072705282814,0.02839724948264441,0.0,0.0,0.0,-0.7738223521547843,0.0,0.0,-0.013988855786318003
2012-11-07,0.0,0.0,0.0,0.0,0.0,0.09806127529504098,-0.027693998823671465,0.0,0.02993878367413468,0.031668267902245285,0.02669246238927572,0.0,0.0,0.0,-0.7719877849434034,0.0,0.0,-0.013957426972228492
2012-11-08,0.0,0.0,0.0,0.0,0.0,0.09509561529351819,-0.026329168582872497,0.062230211734864406,0.02820343598041706,0.0,0.025020745330973444,0.0,0.0,0.0,-0.7497548013236722,0.0,0.0,-0.013366021753682346
2012-11-09,0.0,0.0,0.0,-0.07403059273499382,0.0,0.3463471319377417,-0.09149219330282764,0.0,0.09804901877062279,0.0,0.0,0.0,0.26468203602014423,0.0,0.0,0.0,0.07928527599064657,-0.04611375124302318
2012-11-12,0.0,0.0,0.0,0.0,0.0,0.10254735579625907,-0.02694196196323494,0.0,0.02891907427096123,0.030142622962251883,0.025647059114992578,0.0,0.0,0.0,-0.7722081616722377,0.0,0.0,-0.013593764220062659
2012-11-13,0.0,0.0,0.0,0.0,0.0,0.09887301739332059,-0.026300035070098274,0.061368775215675714,0.02794568939825894,0.0,0.024706925308064814,0.0,0.0,0.0,-0.7476452178027981,0.0,0.0,-0.013160339811783398
2012-11-14,0.0,0.0,0.0,0.0,0.0,0.09730427055365697,-0.02604312743415204,0.0,0.026728503835492825,0.0,0.0,0.0,0.07718214622873255,0.0,-0.737075500863012,0.0,0.022743011344455513,-0.012923439740498133
2012-11-15,0.0,0.0,0.0,0.0,0.0,0.09304105170656997,-0.02462972412491757,0.0573052801069633,0.02545220681082321,0.0,0.0,0.0,0.07527043323936793,0.0,-0.7119861240000619,0.0,0.0,-0.012315180011296114
2012-11-16,0.0,0.0,0.0,0.0,0.0,0.09205934929065844,-0.024640407000879966,0.05740446014973176,0.025464789406098462,0.0,0.0,0.0,0.07621285219229042,0.0,-0.7119658302290905,0.0,0.0,-0.012252311731250303
2012-11-19,0.0,0.0,0.0,0.0,0.0,0.09673782412965917,-0.025826025345052624,0.05543675877457584,0.02586765174296129,0.026588606038843807,0.0,0.0,0.0,0.0,-0.7566863816136592,0.0,0.0,-0.012856752355247882
2012-11-20,0.0,0.0,0.0,0.0,0.0,0.09631479779680577,-0.025961011967542726,0.05582015820603082,0.026031249163537246,0.02675604364797244,0.0,0.0,0.0,0.0,-0.7563426945866046,0.0,0.0,-0.0127740446315063
2012-11-21,0.0,0.0,0.0,0.0,0.0,0.09628812902776959,-0.026257221725319593,0.05599781826623586,0.026051748178962462,0.026791568863016736,0.0,0.0,0.0,0.0,-0.7558302818834162,0.0,0.0,-0.012783232055279523
2012-11-23,0.0,0.0,0.0,0.0,0.02317337747936375,0.0,-0.028455063030338453,0.0,0.027851184403932982,0.0284993048324612,0.02486208301166691,0.0,0.0,0.0,-0.8532489748065181,0.0,0.0,-0.013910012435718624
2012-11-26,0.0,0.0,0.0,0.0,0.0,0.10133815856086469,-0.02633946012260833,0.0,0.025758582620879475,0.026401094491065622,0.023015943797648337,0.0,0.0,0.0,-0.7843134698335771,0.0,0.0,-0.012833290573356491
2012-11-27,0.0,0.0,0.0,0.0,0.0,0.0,-0.028488902812465515,0.0,0.027894297758307013,0.028775230108180436,0.02497108642505572,0.0,0.0,0.026317387817216667,-0.8496392043521164,0.0,0.0,-0.013913890726658301
2012-11-28,0.0,0.0,0.0,0.0,0.0,0.0,-0.027985070400757022,0.0,0.027802604806375242,0.02863845920262827,0.024908899271406992,0.024896768498772294,0.0,0.0,-0.8518298183312887,0.0,0.0,-0.01393837948877144
2012-11-29,0.0,0.0,0.0,0.0,0.0,0.09774668715693081,-0.025846325247927494,0.0,0.025664875717166323,0.026385552451567134,0.022784648376289508,0.0,0.0,0.0,-0.788738432056095,0.0,0.0,-0.012833478994023784
2012-11-30,0.0,0.0,0.0,0.0,0.0,0.09783676969924358,-0.02586470710470466,0.0,0.025695856570838636,0.02641506469182115,0.02283087205830671,0.0,0.0,0.0,-0.7885401387705469,0.0,0.0,-0.012816591104538422
2012-12-03,0.0,0.0,0.0,0.0,0.0,0.09504194084280508,-0.025128578547847648,0.05393234760366419,0.02505392894115512,0.0,0.02240804324647691,0.0,0.0,0.0,-0.7659854405148259,0.0,0.0,-0.012449720303225286
2012-12-04,0.0,0.0,0.0,0.0,0.0,0.09199721990716947,-0.02556158868661937,0.052316527394702175,0.024275247658662947,0.0,0.02172849729343182,0.0,0.0,0.0,-0.7719507259631309,0.0,0.0,-0.012170193096283317
2012-12-05,0.0,0.0,0.0,0.0,0.0,0.09525666479553872,-0.026438972684114836,0.0,0.025000988743879,0.0,0.022620090380575813,0.0,0.0,0.024536563194263866,-0.7935320830526276,0.0,0.0,-0.012614637149000104
2012-12-06,0.0,0.0,0.0,0.0,0.0,0.09274738332561953,-0.02566431497619797,0.05246799529379052,0.024265258650054716,0.0,0.021962456019101902,0.0,0.0,0.0,-0.7707289428201608,0.0,0.0,-0.012163648915074515
2012-12-07,0.0,0.0,0.0,0.0,0.0,0.09251542008347145,-0.025752504002688137,0.0,0.025629584558564778,0.0,0.02274914393796789,0.0,0.0,0.02495029408652146,-0.7961713088418555,0.0,0.0,-0.0122317444889307
2012-12-10,0.0,0.0,0.0,0.0,0.0,0.09371215067122488,-0.027114741801808017,0.0,0.025476105086414576,0.026433688921188147,0.0226270731170877,0.0,0.0,0.0,-0.7923941571443115,0.0,0.0,-0.012242083257965178
2012-12-11,0.0,0.0,0.0,0.0,0.0,0.09352228666571795,-0.027153677186023666,0.0,0.02536118064816462,0.0,0.02237862946485409,0.0,0.0,0.02501012461722195,-0.7944034539431919,0.0,0.0,-0.012170647474825795
2012-12-12,0.0,0.0,0.0,0.0,0.0,0.09305928053403267,-0.02709861042837808,0.0,0.025278570670845896,0.0,0.022273693502309,0.0,0.0,0.02521826782789067,-0.7949716590467932,0.0,0.0,-0.012099917989750474
2012-12-13,0.0,0.0,0.0,0.0,0.022256384380628155,0.0928591124352964,-0.026789458782495404,0.0,0.02517244009924999,0.0,0.0,0.0,0.0,0.025225456201503373,-0.7956184367518697,0.0,0.0,-0.012078711348956854
2012-12-14,0.0,0.0,0.0,0.0,0.024153541876269346,0.0,-0.03044144425898018,0.0,0.027787499883147902,0.0,0.024189462748124717,0.0,0.0,0.02781132010568675,-0.8527355035078344,0.0,0.0,-0.01288122761995669
2012-12-17,0.0,0.0,0.0,0.0,0.02395589359902708,0.0,0.0,0.0,0.026898362930074905,0.0,0.02358971923263902,0.0,0.0,0.027512248909422273,-0.8589703745202735,0.0,-0.02638235347196261,-0.012691047336600616
2012-12-18,0.0,0.0,0.0,0.0,0.024803624697103,0.0,0.0,0.0,0.027721636606154138,0.0,0.024268650113202863,0.0,0.0,0.02845337247632779,-0.8536081021456642,0.0,-0.02759575436355874,-0.013548859597989321
2012-12-19,0.0,0.0,0.0,0.0,0.024964193249500624,0.0,0.0,0.0,0.02765847432121489,0.0,0.024397900510077095,0.0,0.0,0.028640105707748276,-0.8530610450829302,0.0,-0.02777964336250371,-0.013498637766025234
2012-12-20,0.0,0.0,0.0,0.0,0.024932077734693702,0.0,0.0,0.0,0.02754580051558601,0.0,0.02436668340158649,0.0,0.0,0.028218613986395562,-0.8526735516113877,0.0,-0.02797440328997265,-0.014288869460377942
2012-12-21,0.0,0.0,0.0,0.0,0.02477755326328767,0.0,-0.030176260829033963,0.0,0.027019179224150223,0.0,0.02420982548225275,0.0,0.0,0.027764879279335523,-0.8518374779092387,0.0,0.0,-0.014214824012701344
2012-12-24,0.0,0.0,0.0,0.0,0.024711133268194293,0.0,-0.030167534617251895,0.0,0.02696710691834066,0.0,0.024141664835805425,0.0,0.0,0.027728078233215228,-0.8520936913139954,0.0,0.0,-0.014190790813197102
2012-12-26,0.0,0.0,0.0,0.0,0.022905202502379984,0.09590327115921161,-0.027975568932232783,0.0,0.02491258459399487,0.0,0.0,0.0,0.0,0.025741908066489794,-0.7897493709108176,0.0,0.0,-0.012812093834873356
2012-12-27,0.0,0.0,0.0,0.0,0.02315867284870795,0.09653528536913732,-0.02808987333040008,0.0,0.025395652576738953,0.0,0.0,0.0,0.0,0.026035899024901603,-0.7878578849533291,0.0,0.0,-0.012926731896784917
2012-12-28,0.0,0.0,0.0,0.02355639250977082,0.023039795019963352,0.0961469627807268,-0.028049862795443106,0.0,0.0,0.0,0.0,0.0,0.0,0.02595425933657357,-0.7903170888770631,0.0,0.0,-0.012935638680459285
2012-12-31,0.0,0.0,0.0,0.02550486262649052,0.02465125481137292,0.0,0.0,0.0,0.026187326098564983,0.0,0.0,0.0,0.0,0.02789758269278675,-0.8543298839678315,0.0,-0.02722782440551734,-0.01420126539743611
2013-01-02,0.0,0.0,0.0,0.024397495097133983,0.02500816420909995,0.0,0.0,0.0,0.0,0.0,0.02171764641826754,0.0,0.0,0.026817458242563166,-0.8618676942563668,0.0,-0.026275773071310977,-0.013915768705257545
2013-01-03,0.0,0.0,0.0,0.024430938446126687,0.0,0.0,0.0,0.0,0.024299359003125975,0.0,0.021748321386745966,0.0,0.0,0.026565691964950656,-0.8631870649427178,0.0,-0.025827777822933464,-0.013940846433399334
2013-01-04,0.0,0.0,0.0,0.0,0.0,0.09451095669463741,0.0,0.0,0.02234537327992011,0.0,0.02005404715647468,0.0,0.0,0.024541098342873505,-0.801848523268041,0.0,-0.023806057020413243,-0.012893944237639987
2013-01-07,0.0,0.0,0.0,0.0,0.0,0.0,-0.029418161417669973,0.0,0.02397379171285679,0.0,0.02152749712538291,0.021526133270099446,0.0,0.02653422807077567,-0.8621656042645661,0.0,0.0,-0.014854584138649148
2013-01-08,0.0,0.0,0.0,0.0,0.024752240945742052,0.0,-0.029301754640156275,0.0,0.024062482192463763,0.0,0.021548319433871886,0.0,0.0,0.02712515399362179,-0.8573581152103736,0.0,0.0,-0.015851933583770628
2013-01-09,0.0,0.0,0.0,0.0,0.024381344207108833,0.0,-0.029009144656444098,0.0,0.02373032240130959,0.0,0.021261671233696197,0.0,0.0,0.02664999807364937,-0.8590949574547192,0.0,0.0,-0.015872561973072737
2013-01-10,0.0,0.0,0.0,0.0,0.02425721168086689,0.0,0.0,0.0,0.023684980498903354,0.0,0.021413770344097353,0.0,0.0,0.02648035691476235,-0.8619369305313428,0.0,-0.026326830317753337,-0.01589991971227378
2013-01-11,0.0,0.0,0.0,0.0,0.02491601911006658,0.0,-0.028605636006564267,0.0,0.023783844005261505,0.0,0.021580182611958237,0.0,0.0,0.027095248660268488,-0.8575283652731823,0.0,0.0,-0.01649070433269852
2013-01-14,0.0,0.0,0.0,0.0,0.02491909890113361,0.0,-0.02847482738324571,0.0,0.023891403121364726,0.0,0.021551088699316157,0.0,0.0,0.02711068491379125,-0.8575465432487126,0.0,0.0,-0.016506353732435797
2013-01-15,0.0,0.0,0.0,0.0,0.024943837592119253,0.0,-0.028293122660451264,0.0,0.023884854910520264,0.0,0.021557604031249258,0.0,0.0,0.02702959685039911,-0.8577065024214134,0.0,0.0,-0.01658448153384728
2013-01-16,0.0,0.0,0.0,0.0,0.02453055707237072,0.0,0.0,0.0,0.023714277135204076,0.0,0.021528401978191714,0.0,0.0,0.026621822162973856,-0.8613967821557762,0.0,-0.025833873314021392,-0.016374286181461913
2013-01-17,0.0,0.0,0.0,0.0,0.024471818874850466,0.0,0.0,0.0,0.023638892094799784,0.0,0.021323561579412127,0.0,0.0,0.02660287335519734,-0.8623734693190384,0.0,-0.025405871341034683,-0.016183513435667145
2013-01-18,0.0,0.0,0.0,0.0,0.02504123701605117,0.0,-0.02835029690913301,0.0,0.023727558975918214,0.0,0.021274511066352957,0.0,0.0,0.026818156382028512,-0.8586694504262703,0.0,0.0,-0.016118789224245793
2013-01-22,0.0,0.0,0.0,0.0,0.024174284209766205,0.0,-0.027070930870446458,0.0,0.022804780433590858,0.0,0.02046915665262847,0.0,0.0,0.025891618678806693,-0.8641925214119895,0.0,0.0,-0.015396707742771692
2013-01-23,0.0,0.0,0.0,0.0,0.0,0.0877194406177261,-0.02531662060853133,0.0,0.021288153265323576,0.0,0.0191547379497487,0.0,0.0,0.024166897793918243,-0.8080803277762484,0.0,0.0,-0.014273821988503726
2013-01-24,0.0,0.0,0.0,0.0,0.0247971554651111,0.0,-0.026980837550681744,0.0,0.02341308063753326,0.0,0.02112201224703437,0.0,0.0,0.02634314711945224,-0.8617390459205732,0.0,0.0,-0.015604721059614135
2013-01-25,0.0,0.0,0.0,0.0,0.02497074349100982,0.0,-0.027377090589289034,0.0,0.023664404196866155,0.0,0.021420027453437837,0.0,0.0,0.02665257552839125,-0.8599119519571241,0.0,0.0,-0.01600320678388189
2013-01-28,0.0,0.0,0.0,0.0,0.026384154503761137,0.0,-0.02759789177384813,0.0,0.024083173841308956,0.0,0.02119296068631288,0.0,0.0,0.027654252747707296,-0.8565288167530205,0.0,0.0,-0.016558749694041135
2013-01-29,0.0,0.0,0.0,0.0,0.02627508220425707,0.0,-0.027520549846637207,0.0,0.0240625609285987,0.0,0.021201867649848403,0.0,0.0,0.027649781176797623,-0.856657955003048,0.0,0.0,-0.016632203190812843
2013-01-30,0.0,0.0,0.0,0.0,0.026270281985354083,0.0,-0.02741385078760062,0.0,0.02395632685253237,0.0,0.02080035570754495,0.0,0.0,0.02768967857648588,-0.8572907230409843,0.0,0.0,-0.0165787830494979
2013-01-31,0.0,0.0,0.0,0.0,0.026061614707467887,0.0,-0.027128850061708853,0.0,0.02388483340818412,0.0,0.020700629847109592,0.0,0.0,0.027516475085647238,-0.8582686013736317,0.0,0.0,-0.016438995516250617
2013-02-01,0.0,0.0,0.0,0.0,0.1551946511617179,0.0,-0.16317004495408247,0.0,0.14195222564303225,0.0,0.12320332211127698,0.0,0.0,0.16180417625821225,0.0,0.0,-0.15628175310943831,-0.09839382676223994
2013-02-04,0.0,0.0,0.0,0.0,0.023717282488147355,0.0,-0.026010320666027622,0.0,0.022577315634586637,0.0,0.019490622294829243,0.0,0.0,0.024998250369022375,-0.8677712842385943,0.0,0.0,-0.01543492430879257
2013-02-05,0.0,0.0,0.0,0.0,0.15048537586903102,0.0,-0.1757744487834633,0.0,0.14156379221243265,0.0,0.12394767706789478,0.0,0.0,0.15758270149521186,0.0,0.0,-0.1510398298853036,-0.09960617468666284
2013-02-06,0.0,0.0,0.0,0.0,0.024164769388275612,0.0,-0.028217587658674208,0.0,0.02268680006679234,0.0,0.01986382190230361,0.0,0.0,0.025358658759686948,-0.8637022563266982,0.0,0.0,-0.01600610589756904
2013-02-07,0.0,0.0,0.0,0.0,0.023431724109856545,0.0,-0.029575515787411542,0.0,0.022191826480788726,0.0,0.019405039070157584,0.0,0.0,0.024737587304097756,-0.8643693583725132,0.0,0.0,-0.016288948875174753
2013-02-08,0.0,0.0,0.0,0.0,0.021272125697758687,0.0,-0.025868727916473898,0.0,0.021512358373759748,0.0,0.01871575150101612,0.0,0.0,0.022474432176184087,-0.873551110078601,0.0,0.0,-0.016605494256206534
2013-02-11,0.0,0.0,-0.23264707063434548,0.0,0.0,0.2816983726177995,-0.11723480971189036,0.0,0.1007786321863051,0.0,0.08804107831787071,0.0,0.0,0.10458647235650555,0.0,0.0,0.0,-0.07501356417528324
2013-02-12,0.0,0.0,0.0,0.0,0.0,0.06163995571704135,-0.025657698812083983,0.0,0.022066081714121447,0.0,0.019249780700667143,0.0,0.0,0.023045841867273816,-0.8317027848097042,0.0,0.0,-0.016637856379108182
2013-02-13,0.0,0.0,0.0,0.0,0.022588547278283525,0.0,-0.026701043471057263,0.0,0.023068978225381388,0.0,0.02018338592364577,0.0,0.0,0.024108882687177254,-0.865932717427719,0.0,0.0,-0.017416444986735773
2013-02-14,0.0,0.0,0.0,0.0,0.02254726706736175,0.0,-0.026616454905456683,0.0,0.023194001394040598,0.0,0.020400737605202543,0.0,0.0,0.024386737050720874,-0.8653570916558827,0.0,0.0,-0.017497710321334868
2013-02-15,0.0,0.0,0.0,0.0,0.02281391243320214,0.0,-0.025046437804273295,0.0,0.02405967376850357,0.0,0.021558165567413426,0.0,0.0,0.02460026660362345,-0.8649357453075766,0.0,0.0,-0.016985798515407508
2013-02-19,0.0,0.0,0.0,0.0,0.02255143903612466,0.0,-0.025256472185155164,0.0,0.02403054676006116,0.0,0.0217778734545174,0.0,0.0,0.024265900835467875,-0.8649474177372373,0.0,0.0,-0.01717034999143657
2013-02-20,0.0,0.0,-0.2829014536690176,0.0,0.12337180138314846,0.0,-0.1269968623416059,0.0,0.12859925017535404,0.0,0.1136676835945943,0.0,0.0,0.13213995898805717,0.0,0.0,0.0,-0.09232298984822258
2013-02-21,0.0,0.0,0.0,-0.11973825773843054,0.0,0.32177007585211714,-0.11884761442905618,0.0,0.12283579162128079,0.0,0.10767306882008734,0.0,0.0,0.12422350833785324,0.0,0.0,0.0,-0.0849116832011747
2013-02-22,0.0,0.0,-0.2881530885465792,0.0,0.0,0.0,-0.1272818004482083,0.0,0.13064529908553912,0.0,0.11443428369993236,0.11421617581865522,0.0,0.1299058264637517,0.0,0.0,0.0,-0.09536352593733421
2013-02-25,0.0,0.0,0.0,-0.11979099737595897,0.0,0.33680435689113636,-0.12068772145298319,0.0,0.11565201829802516,0.0,0.10282952169159718,0.0,0.0,0.11341598844956194,0.0,0.0,0.0,-0.09081939584073731
2013-02-26,0.0,0.0,-0.254305305248881,0.0,0.0,0.2774932909152887,-0.1028799759404252,0.0,0.09992274502093351,0.0,0.0883983094727505,0.0,0.0,0.09943546412134892,0.0,0.0,0.0,-0.07756490928037237
2013-02-27,0.0,0.0,-0.2521878669004095,0.0,0.0,0.2810929951626167,-0.10235240373719273,0.0,0.09869587486429007,0.0,0.08852729958287098,0.0,0.0,0.0987764488301436,0.0,0.0,0.0,-0.07836711092247632
2013-02-28,0.0,0.0,-0.25198949502849405,0.0,0.0,0.2818386100620479,-0.10132837021268332,0.0,0.0992200908387041,0.0,0.08869421907292903,0.0,0.0,0.09898768074825441,0.0,0.0,0.0,-0.07794153403688725
2013-03-01,0.0,0.0,-0.3128802163628272,0.0,0.0,0.0,-0.1275450137056805,0.0,0.12295307981632944,0.0,0.1097890661966328,0.10876043072669786,0.0,0.12244605672725438,0.0,0.0,0.0,-0.09562613646457781
2013-03-04,0.0,0.0,0.0,-0.1582939519096886,0.0,0.0,-0.15611821207596688,0.0,0.14966612304803717,0.0,0.13529884919718851,0.13383707993639415,0.0,0.15004377316636527,0.0,0.0,0.0,-0.11674201066635939
2013-03-05,0.0,0.0,0.0,-0.15605442234849784,0.0,0.0,-0.15786505370849008,0.0,0.1495453185561914,0.0,0.13521114802965226,0.13311305709730348,0.0,0.14993792173362858,0.0,0.0,0.0,-0.11827307852623634
2013-03-06,0.0,0.0,-0.3040715325907575,0.0,0.0,0.0,-0.1292584465617149,0.0,0.12386913072263249,0.0,0.11153120076509053,0.11011950535754728,0.0,0.12378663911909375,0.0,0.0,0.0,-0.09736354488316365
2013-03-07,0.0,0.0,-0.310170982001758,0.0,0.0,0.0,-0.12963724489500894,0.0,0.12289279916117372,0.0,0.1103403985783997,0.10898952622621581,0.0,0.12249642952047679,0.0,0.0,0.0,-0.09547261961696696
2013-03-08,0.0,0.0,-0.30324227372025736,0.0,0.0,0.0,-0.13121561335547674,0.0,0.12469208891466503,0.0,0.1114053713488249,0.1097973326150941,0.0,0.12276647491461513,0.0,0.0,0.0,-0.09688084513106664
2013-03-11,0.0,0.0,-0.3037682639497855,0.0,0.11871459502700187,0.0,-0.1314520384124196,0.0,0.12476358363189957,0.0,0.11143887655280423,0.10985789971563603,0.0,0.0,0.0,0.0,0.0,-0.10000474271045325
2013-03-12,0.0,0.0,-0.3017298495151251,0.0,0.0,0.0,-0.13031442961726983,0.0,0.12479752556786114,0.0,0.11123477037170974,0.10967101998290985,0.0,0.12233653980477237,0.0,0.0,0.0,-0.09991586514035204
2013-03-13,0.0,0.0,-0.30116565091037384,0.0,0.0,0.0,-0.13072552390688474,0.0,0.12479012898501714,0.0,0.11125907037428617,0.10969736310285154,0.0,0.12227082533206232,0.0,0.0,0.0,-0.1000914373885243
2013-03-14,0.0,0.0,-0.30154211501845357,0.0,0.0,0.0,-0.13106994134414643,0.0,0.12486011638301397,0.0,0.11107016822938448,0.11053111847268034,0.0,0.12086360299837891,0.0,0.0,0.0,-0.10006293755394238
2013-03-15,0.0,0.0,0.0,-0.15152611518601775,0.0,0.0,-0.15872977815218303,0.0,0.15128305426278058,0.0,0.1354125958620769,0.13454325220134675,0.0,0.14649320584872597,0.0,0.0,0.0,-0.12201199848686907
2013-03-18,0.0,0.0,0.0,-0.1495878711892674,0.0,0.0,-0.15803113326411225,0.0,0.15132300361414597,0.0,0.13587604032802328,0.13553600122027398,0.0,0.14667973099391865,0.0,0.0,0.0,-0.12296621939025862
2013-03-19,0.0,0.0,0.0,-0.1499619811206088,0.0,0.0,-0.15825642609365126,0.0,0.1520507200558438,0.0,0.13613441930240738,0.13560605250430874,0.0,0.14765703411704142,0.0,0.0,0.0,-0.12033336680613847
2013-03-20,0.0,0.0,0.0,-0.14907053735720094,0.0,0.0,-0.15780220145172658,0.0,0.15330051775239467,0.0,0.1376273547043798,0.1357869163076482,0.0,0.14723345317583925,0.0,0.0,0.0,-0.11917901925081059
2013-03-21,0.0,0.0,0.0,-0.147605754037375,0.0,0.0,-0.16095872215886678,0.0,0.15262169094866765,0.0,0.13763124406178512,0.13626187782937524,0.0,0.14770450678629587,0.0,0.0,0.0,-0.11721620417763433
2013-03-22,0.0,0.0,0.0,-0.14729671525721919,0.0,0.0,-0.16074474164569974,0.0,0.1542249952527614,0.0,0.13772580241835514,0.13642406643201652,0.0,0.14683444850879218,0.0,0.0,0.0,-0.11674923048515565
2013-03-25,0.0,0.0,0.0,-0.1474409075893051,0.0,0.0,-0.16362827565987836,0.0,0.1534178260085257,0.0,0.1373128177964897,0.13573398944129628,0.0,0.14674322509426865,0.0,0.0,0.0,-0.11572295841023608
2013-03-26,0.0,0.0,0.0,0.0,0.0,0.0,-0.023996418763290103,0.0,0.02281108249830205,0.0,0.020172962084387718,0.019983227952733648,0.0,0.021668048481680906,-0.8746242826606706,0.0,0.0,-0.01674397755893501
2013-03-27,0.0,0.0,-0.29045319188666463,0.0,0.0,0.0,-0.13530293792256093,0.0,0.12923233826022026,0.0,0.1148186531285422,0.11322731609496486,0.0,0.12212877679512651,0.0,0.0,0.0,-0.09483678591192062
2013-03-28,0.0,0.0,-0.2858171860804328,0.0,0.0,0.0,-0.13398677917427118,0.0,0.1291107380626655,0.0,0.11471398577384453,0.11435863034232366,0.0,0.12143718026005515,0.0,0.0,0.0,-0.10057550030640731
2013-04-01,0.0,0.0,0.0,-0.14441094627836867,0.0,0.0,-0.1634689114993933,0.0,0.15733682931113704,0.0,0.13727396973310463,0.1355165927804404,0.0,0.13947484127993415,0.0,0.0,0.0,-0.12251790911762175
2013-04-02,0.0,0.0,-0.2890716108641595,0.0,0.0,0.0,-0.1315312977770701,0.0,0.13419382471693084,0.0,0.1143098265367445,0.11288172471767598,0.0,0.11611436153718978,0.0,0.0,0.0,-0.10189735385022938
2013-04-03,0.0,0.0,0.0,-0.14655140766907232,0.13595751660941421,0.0,-0.1579640079643463,0.0,0.16296576270004703,0.0,0.13887902410247494,0.0,0.0,0.14201620960553085,0.0,0.0,0.0,-0.11566607134911436
2013-04-04,0.0,0.0,0.0,-0.14700121801792942,0.0,0.0,-0.15047923725475326,0.0,0.1686784548149546,0.0,0.14723707368926645,0.13933295456982206,0.0,0.13771649652603576,0.0,0.0,0.0,-0.10955456512723848
2013-04-05,0.0,0.0,0.0,-0.14769701871704238,0.0,0.0,-0.14582748303601792,0.0,0.1682842302649963,0.0,0.1473630350430341,0.0,0.0,0.13703226065462074,0.0,0.0,0.14434874518908494,-0.10944722709520356
2013-04-08,0.0,0.0,0.0,-0.14812411683402155,0.0,0.0,-0.14628046674962783,0.0,0.16928557815989323,0.0,0.14658865728975823,0.0,0.0,0.13679104490384572,0.0,0.0,0.14342593930137862,-0.10950419676147487
2013-04-09,0.0,0.0,0.0,0.0,0.020723402760671045,0.0,-0.022735662750453644,0.0,0.026621443524370226,0.0,0.022994689618767883,0.0,0.0,0.021367523588557494,-0.868459816966779,0.0,0.0,-0.017097460790400785
2013-04-10,0.0,0.0,0.0,0.0,0.020327455297893697,0.0,-0.022071076299403986,0.0,0.026362795174723803,0.0,0.022153575230872715,0.0,0.0,0.021175008092472445,-0.8708492441435387,0.0,0.0,-0.017060845761094574
2013-04-11,0.0,0.0,0.0,0.0,0.019787622671359223,0.0,-0.021537906297921364,0.0,0.02571964533664206,0.0,0.021653141457881653,0.0,0.0,0.020760643788446744,-0.8740335950250263,0.0,0.0,-0.016507445422722488
2013-04-12,0.0,0.0,0.0,0.0,0.020180210215046294,0.0,-0.017072527716516104,0.0,0.02589516176862739,0.0,0.021621589655955075,0.0,0.0,0.021245366455067378,-0.8783157544738707,0.0,0.0,-0.015669389714917003
2013-04-15,0.0,0.0,0.0,-0.16308580393519506,0.15275338359419294,0.0,-0.08682195258480506,0.0,0.1825452002694315,0.0,0.1420083425163715,0.0,0.0,0.15657068895429108,0.0,0.0,0.0,-0.11621462814571289
2013-04-16,0.0,0.0,0.0,-0.15825232621158034,0.15319973878783866,0.0,-0.08835702895494904,0.0,0.18271562235296196,0.0,0.14211984286289295,0.0,0.0,0.15662573683578618,0.0,0.0,0.0,-0.11872970399399088
2013-04-17,0.0,0.0,0.0,-0.15938134626910924,0.1506734218838391,0.0,-0.09139756568403425,0.0,0.1812940176261123,0.0,0.1413855771949815,0.0,0.0,0.15694173389581573,0.0,0.0,0.0,-0.11892633744610784
2013-04-18,0.0,0.0,0.0,-0.1599501265590838,0.15146079366233725,0.0,-0.09114444356669055,0.0,0.18120864541145468,0.0,0.14189268212539183,0.0,0.0,0.15759367514313957,0.0,0.0,0.0,-0.11674963353190232
2013-04-19,0.0,0.0,0.0,-0.15724903658779346,0.1522356419827406,0.0,-0.09131763125459928,0.0,0.18133716783301015,0.0,0.14206116803888663,0.0,0.0,0.15762682712678025,0.0,0.0,0.0,-0.11817252717618962
2013-04-22,0.0,0.0,0.0,0.0,0.01823336719097863,0.0,-0.010788765204284763,0.0,0.02175265681411696,0.0,0.017044468141902115,0.0,0.0,0.018895502849330385,-0.8992878395324478,0.0,0.0,-0.0139974002669392
2013-04-23,0.0,0.0,0.0,0.0,0.01780887474768542,0.0,-0.010738371633392444,0.0,0.021421655017739738,0.0,0.01666685462114971,0.0,0.0,0.018551822194570498,-0.9008378371377905,0.0,0.0,-0.013974584647671552
2013-04-24,0.0,0.0,0.0,0.0,0.017756327751525625,0.0,-0.010700829177446034,0.0,0.021494192818481708,0.0,0.01666959779280706,0.0,0.0,0.018559039280861594,-0.9012574025822261,0.0,0.0,-0.013562610596651887
2013-04-25,0.0,0.0,0.0,0.0,0.0178298325135353,0.0,-0.010538705022791377,0.0,0.021604829008171546,0.0,0.01673117389192833,0.0,0.0,0.018585140480167413,-0.9013257380075744,0.0,0.0,-0.013384581075831653
2013-04-26,0.0,0.0,0.0,0.0,0.01718573748663673,0.0,-0.010057937051872303,0.0,0.020693288865276414,0.0,0.015910529323949145,0.0,0.0,0.017856317605295813,-0.905527172453926,0.0,0.0,-0.012769017213043545
2013-04-29,0.0,0.0,0.0,0.0,0.01654986856570017,0.0,-0.009746338916789915,0.0,0.020089258104991764,0.0,0.015429098528732652,0.0,0.0,0.017406617224909222,-0.908485123731339,0.0,0.0,-0.012293694927537138
2013-04-30,0.0,0.0,0.0,0.0,0.016677701999228446,0.0,-0.009791984587878654,0.0,0.020223944448582803,0.0,0.015449782760978874,0.0,0.0,0.017443398462803933,-0.9080957679166518,0.0,0.0,-0.012317419823875561
2013-05-01,0.0,0.0,0.0,0.0,0.016299203959473305,0.0,-0.009609441122555339,0.0,0.01952498330878401,0.0,0.014562193595314483,0.0,0.0,0.017066905353170608,-0.9111224024046585,0.0,0.0,-0.011814870256043723
2013-05-02,0.0,0.0,0.0,0.0,0.0163963345609154,0.0,-0.009639774323561718,0.0,0.019500351678983372,0.0,0.014430438913896783,0.0,0.0,0.017165489570520647,-0.9116355357666375,0.0,0.0,-0.011232075185484662
2013-05-03,0.0,0.0,0.0,0.0,0.016805883374872297,0.0,-0.009966833173107313,0.0,0.020129501257330297,0.0,0.014736655386027996,0.0,0.0,0.017755433655763077,-0.9091225023724047,0.0,0.0,-0.011483190780494354
2013-05-06,0.0,0.0,0.0,0.0,0.017173071434461312,0.0,-0.009842954814514124,0.0,0.020182907516101054,0.0,0.014711274631963096,0.0,0.0,0.01795922621636177,-0.9086824825266974,0.0,0.0,-0.011448082859901168
2013-05-07,0.0,0.0,-0.3146485703816003,0.0,0.12883659669737227,0.0,-0.0735016318376903,0.0,0.15232189540469557,0.0,0.1101200417650493,0.0,0.0,0.13461863798952797,0.0,0.0,0.0,-0.08595262592406415
2013-05-08,0.0,0.0,0.0,0.0,0.01688549124347623,0.0,-0.009634346449781134,0.0,0.020102399765551095,0.0,0.014568312515848322,0.0,0.0,0.01767363815273537,-0.9098430381399818,0.0,0.0,-0.011292773732625895
2013-05-09,0.0,0.0,-0.3030687617070109,0.0,0.13033588967026274,0.0,-0.07437303885553972,0.0,0.15542185269824813,0.0,0.11270574106566802,0.0,0.0,0.1364383229257098,0.0,0.0,0.0,-0.08765639307756079
2013-05-10,0.0,0.0,-0.2886538030961957,0.0,0.133317997498118,0.0,-0.07577390653336143,0.0,0.15867787352084298,0.0,0.11500873127168931,0.0,0.0,0.13914431213821396,0.0,0.0,0.0,-0.08942337594157868
2013-05-13,0.0,0.0,-0.28909437996322956,0.0,0.13321837661402053,0.0,-0.07582308447822872,0.0,0.1584997759067414,0.0,0.1147312634063039,0.0,0.0,0.13891880559633552,0.0,0.0,0.0,-0.08971431403514032
2013-05-14,0.0,0.0,-0.2891123532933821,0.0,0.13387757860777738,0.0,-0.07610882959945504,0.0,0.15710543892029763,0.0,0.1144924614384711,0.0,0.0,0.1394341210930893,0.0,0.0,0.0,-0.08986921704752752
2013-05-15,0.0,0.0,-0.2888254064305076,0.0,0.1341450237468063,0.0,-0.07530304292394922,0.0,0.15718210610771505,0.0,0.11484487894475953,0.0,0.0,0.13958074401012732,0.0,0.0,0.0,-0.09011879783613508
2013-05-16,0.0,0.0,-0.28907792387386705,0.0,0.13431164123133257,0.0,-0.07554968734320786,0.0,0.1570487373144692,0.0,0.11508212693786539,0.0,0.0,0.13876761740331955,0.0,0.0,0.0,-0.09016226589593825
2013-05-17,0.0,0.0,0.0,0.0,0.15668493615749254,0.0,-0.08771748645801863,0.0,0.18164009381221186,0.0,0.13373291029578885,0.0,0.0,0.16045299486570833,0.0,0.0,-0.17380513560294625,-0.10596644280783363
2013-05-20,0.0,0.0,0.0,0.0,0.15767722154952138,0.0,-0.0846855261256978,0.0,0.18235514186710464,0.0,0.13376117699246695,0.0,0.0,0.16201695891486728,0.0,0.0,-0.17383086827879354,-0.10567310627154836
2013-05-21,0.0,0.0,0.0,0.0,0.15710426615959505,0.0,-0.08414137095795052,0.0,0.18523468750308342,0.0,0.13604839847803743,0.0,0.0,0.1613682271857948,0.0,0.0,-0.17005221497825412,-0.10605083473728469
2013-05-22,0.0,0.0,0.0,0.0,0.16039596154705715,0.0,-0.08484587253123195,0.0,0.18478528899536384,0.0,0.13462742377262205,0.0,0.0,0.1608931350419339,0.0,0.0,-0.16720124810680506,-0.10725107000498613
2013-05-23,0.0,0.0,0.0,0.0,0.16346560368312302,0.0,-0.0859092696168954,0.0,0.19080631984679974,0.0,0.13917919096688441,0.1392097773040918,0.0,0.0,0.0,0.0,-0.17122171668303543,-0.11020812189917019
2013-05-24,0.0,0.0,0.0,0.0,0.1658500377008699,0.0,-0.08233850606604276,0.0,0.19714547156277046,0.0,0.13851323730537765,0.13907191515173387,0.0,0.0,0.0,0.0,-0.17121619434316798,-0.10586463787003737
2013-05-28,0.0,0.0,0.0,0.0,0.16904064723358625,0.0,-0.08398523363151365,0.0,0.20029495330151423,0.0,0.1393705083088256,0.139014213943159,0.0,0.0,0.0,0.0,-0.16168569034520358,-0.10660875323619769
2013-05-29,0.0,0.0,0.0,0.0,0.1696886215329657,0.0,-0.0838424431372104,0.0,0.20489352375065084,0.0,0.13872629945391185,0.13864207371863477,0.0,0.0,0.0,0.0,-0.15958833028864894,-0.10461870811797733
2013-05-30,0.0,0.0,0.0,0.0,0.16965131674688624,0.0,-0.0834537267522608,0.0,0.20539485239159735,0.0,0.1385251222616835,0.13820432601546154,0.0,0.0,0.0,0.0,-0.15969218281182895,-0.10507847302028167
2013-05-31,0.0,0.0,0.0,0.0,0.16549821074983506,0.0,-0.08440807012179284,0.0,0.2009210992584497,0.0,0.13976191070963392,0.13988148904785344,0.0,0.0,0.0,0.0,-0.16356481252987437,-0.10596440758256069
2013-06-03,0.0,0.0,0.0,0.0,0.12171927374751852,0.0,-0.06129542129308435,0.0,0.14782780598992215,0.0,0.10215713093929868,0.10276358146803133,0.0,0.0,0.0,-0.3441018158652197,-0.12013497069692529,0.0
2013-06-04,0.0,0.0,0.0,0.0,0.12276973012658582,0.0,-0.06120467530022154,0.0,0.14831272395816195,0.0,0.1019507022003384,0.10295194987164792,0.0,0.0,0.0,-0.3435914707471932,-0.11921874779585125,0.0
2013-06-05,0.0,0.0,0.0,0.0,0.11818059266217047,0.0,-0.06224418602247204,0.0,0.14590101070993436,0.0,0.10204383324531822,0.10301725445356903,0.0,0.0,0.0,-0.348968109169965,-0.1196450137365708,0.0
2013-06-06,0.0,0.0,0.0,0.0,0.0,0.0,-0.061841862805185284,0.0,0.14353921864316743,0.0,0.10100072715864701,0.1018985443985535,0.0,0.12128400121558282,0.0,-0.35057226641605244,-0.11986337936281148,0.0
2013-06-07,0.0,0.0,0.0,0.0,0.11756216754606194,0.0,-0.062125887336008184,0.0,0.14386654925693268,0.0,0.10293895255916603,0.1037975816800892,0.0,0.0,0.0,-0.35031549216244884,-0.1193933694592931,0.0
2013-06-10,0.0,0.0,0.0,0.0,0.0,0.0,-0.0624785814485889,0.0,0.14505639582750843,0.0,0.10339816569556898,0.10436074923603948,0.0,0.12373203428142597,0.0,-0.34103077830971157,-0.11994329520115671,0.0
2013-06-11,0.0,0.0,0.0,0.0,0.11828283819617424,0.0,-0.06332796864789308,0.0,0.14376763554609442,0.0,0.10304724777020335,0.10484345057448514,0.0,0.0,0.0,-0.3465102918886599,-0.12022056737648969,0.0
2013-06-12,0.0,0.0,0.0,0.0,0.1204231094642366,0.0,-0.06430809681522416,0.0,0.1450105053620349,0.0,0.10415281587729845,0.10607919612968679,0.0,0.0,0.0,-0.3399415364370036,-0.12008473991451549,0.0
2013-06-13,0.0,0.0,0.0,0.0,0.0,0.0,-0.06584495067137941,0.0,0.14405960452130667,0.0,0.1046986452255345,0.10733290027138973,0.0,0.1251925687866398,0.0,-0.3325803199106555,-0.12029101061309443,0.0
2013-06-14,0.0,0.0,0.0,0.0,0.0,0.0,-0.06587820450677441,0.0,0.14321840494157953,0.0,0.10434680430825996,0.1071118774200687,0.0,0.12478022666609807,0.0,-0.3340078396365298,-0.12065664252068954,0.0
2013-06-17,0.0,0.0,0.0,0.0,0.0,0.0,-0.06617173337005193,0.0,0.14347924917762575,0.0,0.10457308470891806,0.1071767565441636,0.0,0.12237810860238027,0.0,-0.33501611609777443,-0.12120495149908592,0.0
2013-06-18,0.0,0.0,0.0,0.0,0.0,0.0,-0.06634411703692689,0.0,0.14367836086455874,0.0,0.10421933619356374,0.10697055072847968,0.0,0.12233486748824508,0.0,-0.33422173461416704,-0.12223103307405886,0.0
2013-06-19,0.0,0.0,0.0,0.0,0.0,0.0,-0.06874057673915332,0.0,0.14623180878653505,0.0,0.10708109148768868,0.1103637888775668,0.0,0.12460725192456712,0.0,-0.3158659131889707,-0.12710956899551829,0.0
2013-06-20,0.0,0.0,0.0,0.0,0.0,0.0,-0.06768270186456037,0.0,0.1436477148168575,0.0,0.10820911515123298,0.11141365074340186,0.0,0.11949549060875825,0.0,-0.31776539791617087,-0.1317859288990183,0.0
2013-06-21,0.0,0.0,0.0,0.0,0.0,0.0,-0.06859414919219274,0.0,0.1465853321037621,0.0,0.11019302170814321,0.11352165287960084,0.0,0.12186127272122582,0.0,-0.3079082599111095,-0.13133631148396574,0.0
2013-06-24,0.0,0.0,0.0,0.0,0.0,0.0,-0.06918128994091738,0.0,0.14504957668462354,0.0,0.10994462791314431,0.11336509943246359,0.0,0.12003254710213675,0.0,-0.31019033033316296,-0.13223652859355145,0.0
2013-06-25,0.0,0.0,0.0,0.0,0.0,0.0,-0.06950161354408646,0.0,0.1444725112756589,0.0,0.10961147093524765,0.1136732394642477,0.0,0.11972433230559631,0.0,-0.3107846106802471,-0.13223222179491592,0.0
2013-06-26,0.0,0.0,0.0,0.0,0.0,0.0,-0.06762814715469181,0.0,0.14432800105119153,0.0,0.1100959059813053,0.11409736076684222,0.0,0.12030034324931838,0.0,-0.31023487546389317,-0.13331536633275765,0.0
2013-06-27,0.0,0.0,0.0,0.0,0.0,0.0,-0.06855430480948302,0.0,0.14602859826889916,0.0,0.11067692158670328,0.11483888370923286,0.0,0.12153339970854904,0.0,-0.30379495887830865,-0.134572933038824,0.0
2013-06-28,0.0,0.0,0.0,0.0,0.0,0.0,-0.06711244949702837,0.0,0.14565606563798264,0.0,0.11126738224708738,0.11575777506559162,0.0,0.12464352900088504,0.0,-0.30104592141006886,-0.1345168771413562,0.0
2013-07-01,0.0,0.0,0.0,0.0,0.0,0.0,-0.06697180117883064,0.0,0.14609133625928705,0.0,0.11134471304337493,0.11443831142065974,0.0,0.1244664746079649,0.0,-0.30157951367104807,-0.13510784981883467,0.0
2013-07-02,0.0,0.0,0.0,0.0,0.0,0.0,-0.06654473286422286,0.0,0.1472412389052461,0.0,0.11216638396176565,0.11632892080565947,0.0,0.1236074514528556,0.0,-0.29883145395735805,-0.1352798180528923,0.0
2013-07-03,0.0,0.0,0.0,0.0,0.0,0.0,-0.06589320109727521,0.0,0.14647451209292442,0.0,0.11159474688517376,0.11567849493284194,0.0,0.12359470283126188,0.0,-0.3006427955311233,-0.1361215466293995,0.0
2013-07-05,0.0,0.0,0.0,0.0,0.0,0.0,-0.067595106934176,0.0,0.148871275561397,0.0,0.11347343478436922,0.11709216444367986,0.0,0.12717293042201508,0.0,-0.29321797983256326,-0.13257710802179976,0.0
2013-07-08,0.0,0.0,0.0,0.0,0.0,0.0,-0.06769698511843904,0.0,0.14994127152349435,0.0,0.11464273244180154,0.11801106890800435,0.0,0.1277790606893059,0.0,-0.28955515288665945,-0.13237372843229547,0.0
2013-07-09,0.0,0.0,0.0,0.0,0.0,0.0,-0.06776022324491866,0.0,0.14947889760954117,0.0,0.11443081774321272,0.11802736374216737,0.0,0.1278101049423878,0.0,-0.28997853681692976,-0.13251405590084234,0.0
2013-07-10,0.0,0.0,0.0,0.0,0.0,0.0,-0.06737325104101993,0.0,0.14933733311725123,0.0,0.1151122536927984,0.11886313937361678,0.0,0.1278267854990544,0.0,-0.2889921985562331,-0.13249503872002616,0.0
2013-07-11,0.0,0.0,0.0,0.0,0.0,0.0,-0.0674364570641857,0.0,0.15024988419340402,0.0,0.11662477221782207,0.12008087399354836,0.0,0.12337827905425999,0.0,-0.28898130360157387,-0.13324842987520613,0.0
2013-07-12,0.0,0.0,0.0,0.0,0.0,0.0,-0.06968689863059366,0.0,0.1491652885296216,0.0,0.1158167484359239,0.11918491048562123,0.0,0.12217281969380446,0.0,-0.2891026285369967,-0.13487070568743836,0.0
2013-07-15,0.0,0.0,0.0,0.0,0.0,0.0,-0.08172961456759296,0.0,0.15134644465575955,0.0,0.12231879930793212,0.12510748724350618,0.0,0.12028109527314258,0.0,-0.2706824153513153,-0.1285341436007514,0.0
2013-07-16,0.0,0.0,0.0,0.0,0.0,0.0,-0.08163946859880107,0.0,0.15232247269072738,0.0,0.12344617839739616,0.12608692985685876,0.0,0.12146244844178994,0.0,-0.266946050467677,-0.12809645154674965,0.0
2013-07-17,0.0,0.0,0.0,0.0,0.0,0.0,-0.08017811462544622,0.0,0.15491568604262995,0.0,0.1261203451320031,0.12776312995040043,0.0,0.12208193332476074,0.0,-0.2620118578338016,-0.12692893309095796,0.0
2013-07-18,0.0,0.0,0.0,0.0,0.0,0.0,-0.08026403150798093,0.0,0.15434582537893077,0.0,0.1254984782412104,0.12847974918663785,0.0,0.12159593279937518,0.0,-0.26410718217995754,-0.12570880070590723,0.0
2013-07-19,0.0,0.0,0.0,0.0,0.0,0.0,-0.08056506898654883,0.0,0.1557465190701019,0.0,0.1268067430685351,0.1296927882451438,0.0,0.12281704509493258,0.0,-0.2611905613907046,-0.12318127414403308,0.0
2013-07-22,0.0,0.0,0.0,0.0,0.0,0.0,-0.07914528751699879,0.0,0.15585889960623514,0.0,0.12680952509538684,0.1297753638305083,0.0,0.12269292495637815,0.0,-0.26250216946500116,-0.12321582952949163,0.0
2013-07-23,0.0,0.0,0.0,0.0,0.0,0.0,-0.07857313999730606,0.0,0.1566175051232035,0.0,0.12809073185489972,0.13047161896691176,0.0,0.12305779405564782,0.0,-0.2608246630698448,-0.12236454693218632,0.0
2013-07-24,0.0,0.0,0.0,0.0,0.0,0.0,-0.07892616020308826,0.0,0.15646353097606056,0.0,0.12837873459471139,0.13020254863540145,0.0,0.1243190376465494,0.0,-0.25924046844424503,-0.12246951949994386,0.0
2013-07-25,0.0,0.0,0.0,0.0,0.0,0.0,-0.08007773927710533,0.0,0.15631733487451185,0.0,0.12790136994366139,0.12963040604763662,0.0,0.12472485415703385,0.0,-0.25899736586866035,-0.12235092983139062,0.0
2013-07-26,0.0,0.0,0.0,0.0,0.0,0.0,-0.07989684466294629,0.0,0.15605712792499132,0.0,0.1277451268210665,0.12926229206687284,0.0,0.12417900040088126,0.0,-0.2602856854177366,-0.12257392270550518,0.0
2013-07-29,0.0,0.0,0.0,0.0,0.0,0.0,-0.08035397670660953,0.0,0.1565276277035553,0.0,0.1273434315024523,0.12876428160119252,0.0,0.12363085202403089,0.0,-0.26084962754615687,-0.12253020291600268,0.0
2013-07-30,0.0,0.0,0.0,0.0,0.0,0.0,-0.08038132226418784,0.0,0.15637534082980445,0.0,0.1275659542353003,0.12872058848511142,0.0,0.12371912107851611,0.0,-0.2607220321669434,-0.12251564094013645,0.0
2013-07-31,0.0,0.0,0.0,0.0,0.0,0.0,-0.07947268494576416,0.0,0.1568623978599201,0.0,0.13359331525599863,0.13395399248931558,0.0,0.12209469417863456,0.0,-0.25219037404497974,-0.12183254122538735,0.0
2013-08-01,0.0,0.0,0.0,0.0,0.0,0.0,-0.07991604952076743,0.0,0.1567202732770412,0.0,0.1358299282053458,0.13488858413421506,0.0,0.12169563402389981,0.0,-0.25100879329111414,-0.11994073754761654,0.0
2013-08-02,0.0,0.0,0.0,0.0,0.0,0.0,-0.07922050199060228,0.0,0.15659835870510366,0.0,0.13736927225224735,0.13582525276757088,0.0,0.1211877484989689,0.0,-0.24824567393311675,-0.12155319185239026,0.0
2013-08-05,0.0,0.0,0.0,0.0,0.0,0.0,-0.07921141565908724,0.0,0.15666765777926817,0.0,0.1377630131178798,0.13587163664029772,0.0,0.12105616159715835,0.0,-0.24817746382544456,-0.1212526513808642,0.0
2013-08-06,0.0,0.0,0.0,0.0,0.0,0.0,-0.07941500053084842,0.0,0.15657239965277558,0.0,0.1375507967122847,0.13520774411533876,0.0,0.12154906020670311,0.0,-0.24820527079746466,-0.12149972798458472,0.0
2013-08-07,0.0,0.0,0.0,0.0,0.0,0.0,-0.0802926083009324,0.0,0.15687733446812266,0.0,0.13733170822240126,0.13391636581483457,0.0,0.12253465515743918,0.0,-0.24796909626972255,-0.12107823176654756,0.0
2013-08-08,0.0,0.0,0.0,0.0,0.0,0.0,-0.07921629703449788,0.0,0.1574894911574898,0.0,0.13777716001882698,0.1342610192101252,0.0,0.12212258306338754,0.0,-0.24805088081063936,-0.12108256870503324,0.0
2013-08-09,0.0,0.0,0.0,0.0,0.0,0.0,-0.07913933676546797,0.0,0.15707022205995555,0.0,0.13764306443602498,0.13521309950964341,0.0,0.12199683433029689,0.0,-0.2474726999453236,-0.1214647429532877,0.0
2013-08-12,0.0,0.0,0.0,0.0,0.0,0.0,-0.0784263452787513,0.0,0.15713182267736345,0.0,0.13791128101834463,0.13499463468296444,0.0,0.12205130222809858,0.0,-0.24781441052298697,-0.12167020359149072,0.0
2013-08-13,0.0,0.0,0.0,0.0,0.0,0.0,-0.07817381347814563,0.0,0.15926675602254087,0.0,0.13909672479249546,0.13716678914229805,0.0,0.12171097468601301,0.0,-0.24374080586575453,-0.12084413601275248,0.0
2013-08-14,0.0,0.0,0.0,0.0,0.0,0.0,-0.07905960148549256,0.0,0.15914811723848118,0.0,0.13874454444778506,0.13658649437238857,0.0,0.12171587845554227,0.0,-0.24349254474791016,-0.12125281925240021,0.0
2013-08-15,0.0,0.0,0.0,0.0,0.0,0.0,-0.07923247170376244,0.0,0.158417918302434,0.0,0.1372503736763418,0.1325901766497401,0.0,0.12352515905085179,0.0,-0.24569232357607448,-0.12329157704079534,0.0
2013-08-16,0.0,0.0,0.0,0.0,0.0,0.0,-0.0798376755427305,0.0,0.15912313163383054,0.0,0.13697727040976718,0.1329079431248451,0.0,0.1236185522041097,0.0,-0.24407374539385499,-0.12346168169086214,0.0
2013-08-19,0.0,0.0,0.0,0.0,0.0,0.0,-0.08261293363782543,0.0,0.15815155465842923,0.0,0.13581706260487633,0.13247787028629826,0.0,0.12415107727860573,0.0,-0.24330981156677303,-0.1234796899671919,0.0
2013-08-20,0.0,0.0,0.0,0.0,0.0,-0.1452858627504475,-0.09475429505864935,0.0,0.17897017042360097,0.0,0.15140483470580543,0.14807437349117727,0.0,0.14112157400340286,0.0,0.0,-0.14038888956691667,0.0
2013-08-21,0.0,0.0,0.0,0.0,0.0,0.0,-0.08326234825137901,0.0,0.15790105438025157,0.0,0.1357635588384788,0.1324733264660419,0.0,0.12507808074985352,0.0,-0.2415058901475152,-0.12401574116647994,0.0
2013-08-22,0.0,0.0,0.0,0.0,0.0,0.0,-0.08456038774498398,0.0,0.15707967872060355,0.0,0.13385522420929422,0.13091562507916701,0.0,0.12826687531311115,0.0,-0.2419959856530664,-0.12332622327977374,0.0
2013-08-23,0.0,0.0,0.0,0.0,0.0,-0.14420908406809374,-0.094963938038377,0.0,0.17754029551070746,0.0,0.15140166393329316,0.14812496749175794,0.0,0.14579450232447713,0.0,0.0,-0.13796554863329366,0.0
2013-08-26,0.0,0.0,0.0,0.0,0.0,-0.14315402729616059,-0.09406455089611326,0.0,0.17590177050279984,0.0,0.15172613814153718,0.14929081012095002,0.0,0.14318985442764484,0.0,0.0,-0.14267284861479423,0.0
2013-08-27,0.0,0.0,0.0,0.0,0.0,-0.14708933683822337,-0.09619171089143698,0.0,0.17435875102005582,0.0,0.15024380438697865,0.1450372746517456,0.0,0.14163561979845488,0.0,0.0,-0.14544350241310455,0.0
2013-08-28,0.0,0.0,0.0,0.0,0.0,-0.14663303706552144,-0.09673767179078238,0.0,0.17428945946114419,0.0,0.1505804713282411,0.1455246120162022,0.0,0.1414814036171434,0.0,0.0,-0.1447533447209653,0.0
2013-08-29,0.0,0.0,0.0,0.0,0.0,-0.14557476166855715,-0.09722944275494405,0.0,0.17729260001053154,0.0,0.1504285519213926,0.14392542057324537,0.0,0.14300026208488475,0.0,0.0,-0.1425489609864445,0.0
2013-08-30,0.0,0.0,0.0,0.0,0.0,-0.14621817662859027,-0.098721511414337,0.0,0.1784532693353302,0.0,0.14892841661993497,0.14173149516405012,0.0,0.14225348160052997,0.0,0.0,-0.14369364923722738,0.0
2013-09-03,0.0,0.0,0.0,0.0,0.0,-0.1464477540258601,-0.09886891561929043,0.0,0.1798613628529254,0.0,0.15067506142874781,0.1426480039890675,0.0,0.1382878299392687,0.0,0.0,-0.14321107214484008,0.0
2013-09-04,0.0,0.0,0.0,0.0,0.0,-0.14504971954903417,-0.09709414724033362,0.0,0.18059683293234066,0.0,0.15069853690225585,0.1424757298377701,0.0,0.13997031595411233,0.0,0.0,-0.1441147175841533,0.0
2013-09-05,0.0,0.0,0.0,0.0,0.0,0.0,-0.08580615144942837,0.0,0.16306565199621234,0.0,0.1356835155497081,0.12812548374047236,0.0,0.12500587598203852,0.0,-0.23526870908589242,-0.127044612196248,0.0
2013-09-06,0.0,0.0,0.0,0.0,0.0,0.0,-0.0862247046430041,0.0,0.16467341493178272,0.0,0.13492829424246677,0.1280557625523695,0.0,0.12439784594159897,0.0,-0.23332026457617153,-0.1283997131126063,0.0
2013-09-09,0.0,0.0,0.0,0.0,0.0,0.0,-0.08687449737815166,0.0,0.16382592822190717,0.0,0.13387063978539535,0.12673678201823388,0.0,0.12238767380950383,0.0,-0.23694334997043087,-0.1293611288163774,0.0
2013-09-10,0.0,0.0,0.0,0.0,0.0,-0.14838356855808932,-0.09517682152988663,0.0,0.18317020169212825,0.0,0.1499429426829114,0.14017394209054512,0.0,0.13842454593398243,0.0,0.0,-0.14472797751245692,0.0
2013-09-11,0.0,0.0,0.0,0.0,0.0,-0.14886652910098502,-0.09471493300808335,0.0,0.18350271316069888,0.0,0.1506344516432071,0.14032135169023688,0.0,0.13745995553133805,0.0,0.0,-0.14450006586545086,0.0
2013-09-12,0.0,0.0,0.0,0.0,0.0,0.0,-0.08099244717776932,0.0,0.1679930460370383,0.0,0.13720335584916712,0.1254525983562129,0.0,0.12256416283753424,0.0,-0.2348417453869268,-0.1309526443553514,0.0
2013-09-13,0.0,0.0,0.0,0.0,0.0,-0.15046459795749648,-0.08962704497941106,0.0,0.1871170626146099,0.0,0.15270042841804907,0.13940650509962657,0.0,0.13628207324201327,0.0,0.0,-0.1444022876887937,0.0
2013-09-16,0.0,0.0,0.0,0.0,0.0,-0.14896563048895883,-0.08928599179867518,0.0,0.1874416729897783,0.0,0.15274571806319598,0.1395428933237106,0.0,0.1379241643189267,0.0,0.0,-0.1440939290167545,0.0
2013-09-17,0.0,0.0,0.0,0.0,0.0,0.0,-0.08070527433329638,0.0,0.16950527162473433,0.0,0.13831640761429775,0.12591945595549564,0.0,0.12442832239905526,0.0,-0.2324843484038679,-0.12864091966925276,0.0
2013-09-18,0.0,0.0,0.0,0.0,0.0,0.0,-0.07649610894941984,0.0,0.1723480134620677,0.0,0.14032690807057624,0.1277881563485878,0.0,0.12276205080178196,0.0,-0.2323551845751032,-0.12792357779246316,0.0
2013-09-19,0.0,0.0,0.0,0.0,0.0,0.0,-0.0790802328048894,0.0,0.1810156098145893,0.0,0.14155274268366314,0.12757121922309117,0.0,0.12760361596405376,0.0,-0.22192453218866579,-0.12125204732104741,0.0
2013-09-20,0.0,0.0,0.0,0.0,0.0,0.0,-0.07641281226772798,0.0,0.1774972101317245,0.0,0.14066132381570776,0.12636084913072068,0.0,0.12541776130760038,0.0,-0.23037197012025934,-0.12327807322625935,0.0
2013-09-23,0.0,0.0,0.0,0.0,0.0,0.0,-0.07502527422768633,0.0,0.1809136668617046,0.0,0.1419438209574401,0.12634048244589532,0.0,0.1294025970828103,0.0,-0.22610396634203947,-0.12027019208242387,0.0
2013-09-24,0.0,0.0,0.0,0.0,0.0,0.0,-0.07452821292830894,0.0,0.18349249393110587,0.0,0.1429215443468783,0.12567935366525484,0.0,0.12986002768370336,0.0,-0.22459555629531994,-0.11892281114942878,0.0
2013-09-25,0.0,0.0,0.0,0.0,0.0,0.0,-0.07939504661896273,0.0,0.18386553759960975,0.0,0.1415188032761006,0.12424926045614308,0.0,0.1291216734264384,0.0,-0.22367502750454846,-0.11817465111819704,0.0
2013-09-26,0.0,0.0,0.0,0.0,0.1409364811930062,0.0,-0.08351768238317882,0.0,0.0,0.0,0.1508307261005894,0.13042333934045408,0.0,0.13471533037194589,0.0,-0.23652382284989862,-0.12305261776092716,0.0
2013-09-27,0.0,0.0,0.0,0.0,0.0,0.0,-0.08121594190016149,0.0,0.18334943553396715,0.0,0.14235783612192424,0.12390880738895443,0.0,0.1273380984571688,0.0,-0.2248172806278683,-0.11701259996995558,0.0
2013-09-30,0.0,0.0,0.0,0.0,0.1388963133424371,0.0,-0.08566329809013543,0.0,0.0,0.0,0.15094737675067324,0.13321926254492766,0.0,0.13403658016797174,0.0,-0.23487178186844138,-0.12236538723541342,0.0
2013-10-01,0.0,0.0,0.0,0.0,0.0,0.0,-0.07930351852827455,0.0,0.18082355168594716,0.0,0.14296055443118344,0.1258893847221637,0.0,0.12822618409008021,0.0,-0.2256440820117821,-0.1171527245305688,0.0
2013-10-02,0.0,0.0,0.0,0.0,0.15187519924107898,-0.17587884970669246,-0.08891069627634184,0.0,0.0,0.0,0.16163180055927587,0.14278609515748422,0.0,0.1456447679795544,0.0,0.0,-0.13327259107957234,0.0
2013-10-03,0.0,0.0,0.0,0.0,0.1459158137129987,-0.18330720194816497,-0.08806866449526615,0.0,0.0,0.0,0.15656408028817398,0.1393267362904996,0.0,0.14017069702233087,0.0,0.0,-0.14664680624256576,0.0
2013-10-04,0.0,0.0,0.0,0.0,0.13419098703042273,0.0,-0.08107306908328829,0.0,0.0,0.0,0.14337846664615467,0.12753919128731475,0.0,0.12915493256156105,0.0,-0.2485790490097168,-0.13608430438154182,0.0
2013-10-07,0.0,0.0,0.0,0.0,0.13324937030203773,0.0,-0.08171940739542576,0.0,0.0,0.0,0.1445106129094309,0.1257159182844599,0.0,0.1275307336856442,0.0,-0.2504314801175015,-0.1368424773054998,0.0
2013-10-08,0.0,0.0,0.0,0.0,0.13332588648679788,0.0,-0.08249413762874586,0.0,0.0,0.0,0.14339332275335334,0.12066463540817761,0.0,0.12749792234973195,0.0,-0.25337528553831473,-0.1392488098348787,0.0
2013-10-09,0.0,0.0,0.0,0.0,0.1391880399198086,0.0,-0.0820092425728721,0.0,0.0,0.0,0.14097585381464678,0.11781655469550689,0.0,0.13375559284283925,0.0,-0.2501486469647217,-0.13610606918960466,0.0
2013-10-10,0.0,0.0,0.0,0.0,0.1384173551811158,0.0,-0.08319178522906848,0.0,0.0,0.0,0.13601322440465163,0.1139060469413858,0.0,0.1327486848082604,0.0,-0.25628618150997756,-0.13943672192554032,0.0
2013-10-11,0.0,0.0,0.0,0.0,0.1388302128711256,0.0,-0.08266419411920276,0.0,0.0,0.0,0.13293930172599416,0.11273976345695302,0.0,0.13317244699542893,0.0,-0.25938722579629636,-0.14026685503499906,0.0
2013-10-14,0.0,0.0,0.0,0.0,0.13888784941800691,0.0,-0.0828369233038642,0.0,0.0,0.0,0.13302027836256872,0.11310534171653182,0.0,0.1333089811450367,0.0,-0.25929929651637157,-0.1395413295376201,0.0
2013-10-15,0.0,0.0,0.0,0.0,0.13871043004399164,0.0,-0.08345417178900916,0.0,0.0,0.0,0.13225951139558173,0.11223297122777291,0.0,0.1328687679425292,0.0,-0.2604551925071034,-0.1400189550940119,0.0
2013-10-16,0.0,0.0,0.0,0.0,0.13858659741514592,0.0,-0.083595714119502,0.0,0.0,0.0,0.13229684338826675,0.1110213205542942,0.0,0.1331760331767809,0.0,-0.26149168020099534,-0.1398318111450148,0.0
2013-10-17,0.0,0.0,0.0,0.0,0.13653270861664502,0.0,-0.08062238340730933,0.0,0.0,0.0,0.13111553409334079,0.11101100995870751,0.0,0.1307407509266726,0.0,-0.2666348480393031,-0.1433427649580216,0.0
2013-10-18,0.0,0.0,0.0,0.0,0.0,0.0,-0.08145004093905693,0.0,0.15926953925897064,0.0,0.12647458396117794,0.10689704533813318,0.0,0.1272529538235144,0.0,-0.25921336004363016,-0.13944247663551673,0.0
2013-10-21,0.0,0.0,0.0,0.0,0.0,-0.2091986243089557,-0.08715446163880262,0.0,0.17003303324066002,0.0,0.13498771987378325,0.11407193466371564,0.0,0.1355283951217634,0.0,0.0,-0.1490258311523192,0.0
2013-10-22,0.0,0.0,0.0,0.0,0.14374902945573542,-0.2190342683784826,-0.08888406870943412,0.0,0.0,0.0,0.13904142675809592,0.11757936337356788,0.0,0.13861774784835257,0.0,0.0,-0.15309409547633157,0.0
2013-10-23,0.0,0.0,0.0,0.0,0.13267181171923018,0.0,-0.08346900770611543,0.0,0.0,0.0,0.13073230981617778,0.11083110097987559,0.0,0.12827002143982194,0.0,-0.27089951127154394,-0.14312623706723512,0.0
2013-10-24,0.0,0.0,0.0,0.0,0.13295364413203153,0.0,-0.08305623742075836,0.0,0.0,0.0,0.13096549288437573,0.11055822384566644,0.0,0.12848214160060437,0.0,-0.2706266123277934,-0.14335764778877008,0.0
2013-10-25,0.0,0.0,0.0,0.0,0.0,0.0,-0.08033015311691913,0.0,0.1572799530934437,0.0,0.1279194129842503,0.1075099840940391,0.0,0.12595843716544963,0.0,-0.26144129621995005,-0.13956076332594816,0.0
2013-10-28,0.0,0.0,0.0,0.0,0.0,0.0,-0.08043612970555764,0.0,0.15748342032225993,0.0,0.12804158186341497,0.10758296070355787,0.0,0.12533795269667866,0.0,-0.2616814836631375,-0.13943647104539345,0.0
2013-10-29,0.0,0.0,0.0,0.0,0.0,-0.2174056730156243,-0.08613848602067152,0.0,0.0,0.15937629631991654,0.13741910593242124,0.1154302900630573,0.0,0.1344292659540173,0.0,0.0,-0.14980088269429187,0.0
2013-10-30,0.0,0.0,0.0,0.0,0.0,0.0,-0.07900795765110655,0.0,0.15615538774102156,0.0,0.124905926922286,0.10462520944242228,0.0,0.1238183456044786,0.0,-0.26765847748802346,-0.1438286951506615,0.0
2013-10-31,0.0,0.0,0.0,0.0,0.0,0.0,-0.07856834358357437,0.0,0.0,0.14814534457003653,0.12476585914039985,0.10487759453557147,0.0,0.12499753563411507,0.0,-0.2717172172775316,-0.14692810525877115,0.0
2013-11-01,0.0,0.0,0.0,0.0,0.0,0.0,-0.07859859546458857,0.0,0.15643257152965478,0.0,0.12476090198722901,0.10482658426620728,0.0,0.12432968689696614,0.0,-0.2653784065744338,-0.1456732532809205,0.0
2013-11-04,0.0,0.0,0.0,0.0,0.0,0.0,-0.07910967507377917,0.0,0.15705388787056426,0.0,0.12448855651228678,0.10447985069771976,0.0,0.12393694257463302,0.0,-0.2654744660167308,-0.1454566212542863,0.0
2013-11-05,0.0,0.0,0.0,0.0,0.0,0.0,-0.07931570502860988,0.0,0.15741014331201178,0.0,0.12496285657944718,0.10564044997510215,0.0,0.1237397383642914,0.0,-0.265078809981128,-0.14385229675940964,0.0
2013-11-06,0.0,0.0,0.0,0.0,0.0,0.0,-0.08123507002124739,0.0,0.15764745115225348,0.0,0.1254627704160911,0.10543484791906121,0.0,0.12413668171869907,0.0,-0.2615746527906547,-0.14450852598199307,0.0
2013-11-07,0.0,0.0,0.0,0.0,0.0,0.0,-0.08228118403611642,0.0,0.1562378397885876,0.0,0.12388546314787398,0.10388737360802734,0.0,0.12273889977754131,0.0,-0.26567776412332883,-0.14529147551852442,0.0
2013-11-08,0.0,0.0,0.0,0.0,0.0,0.0,-0.0852661369416985,0.0,0.1561706924580196,0.0,0.12440878851435468,0.10365772752262031,0.0,0.1261557321216707,0.0,-0.2653716989158713,-0.13896922352576505,0.0
2013-11-11,0.0,0.0,0.0,0.0,0.0,0.0,-0.08451659358739991,0.0,0.1540959805626296,0.0,0.12277638127055716,0.10223776489359637,0.0,0.12465324192094243,0.0,-0.2711072862708025,-0.14061275149407196,0.0
2013-11-12,0.0,0.0,0.0,0.0,0.0,0.0,-0.08443561942419031,0.0,0.15419154466071905,0.0,0.12294753676771733,0.10238633379138318,0.0,0.12437574238032438,0.0,-0.2715100455722912,-0.1401531774033745,0.0
2013-11-13,0.0,0.0,0.0,0.0,0.0,0.0,-0.08427038789426737,0.0,0.15440479967174747,0.0,0.1232895219088997,0.10305688509967638,0.0,0.1230923967018701,0.0,-0.2718305507273261,-0.14005545799621288,0.0
2013-11-14,0.0,0.0,0.0,0.0,0.0,0.0,-0.0838915536009274,0.0,0.15477468747616693,0.0,0.12393509669031208,0.10303893757958912,0.0,0.1232766005480064,0.0,-0.2713885963254346,-0.1396945277795635,0.0
2013-11-15,0.0,0.0,0.0,0.0,0.0,0.0,-0.08288053847455121,0.0,0.15506381738426622,0.0,0.12494340600307124,0.10247257925179114,0.0,0.12126997362592645,0.0,-0.2738318199698853,-0.13953786529050843,0.0
2013-11-18,0.0,0.0,0.0,0.0,0.0,0.0,-0.08194050527253431,0.0,0.15411639835226018,0.0,0.12606780818895316,0.10226246270886967,0.0,0.12026474074146842,0.0,-0.2763419502492724,-0.13900613448664192,0.0
2013-11-19,0.0,0.0,0.0,0.0,0.0,0.0,-0.0811165916720955,0.0,0.15412637387227934,0.0,0.12546661293625902,0.10094856722123334,0.0,0.11988198729922674,0.0,-0.2795201910234951,-0.13893967597541096,0.0
2013-11-20,0.0,0.0,0.0,0.0,0.0,0.0,-0.08002955471118238,0.0,0.1564054039805166,0.0,0.12893467996109997,0.10299295123026758,0.0,0.12083279628372993,0.0,-0.27487754722918006,-0.13592706660402346,0.0
2013-11-21,0.0,0.0,0.0,0.0,0.0,0.0,-0.08097515461720091,0.0,0.15440942525739534,0.0,0.1252736707493475,0.0999867921541987,0.0,0.12051407885497024,0.0,-0.281116451639617,-0.13772442672727034,0.0
2013-11-22,0.0,0.0,0.0,0.0,0.0,0.0,-0.0809622483840836,0.0,0.15503010084156787,0.0,0.12489235660001997,0.09970593034375427,0.0,0.12176745509767377,0.0,-0.2813637540622656,-0.13627815467063478,0.0
2013-11-25,0.0,0.0,0.0,0.0,0.0,0.0,-0.07819708850015508,0.0,0.15823943358613973,0.0,0.12824280481484282,0.1017710057032276,0.0,0.1231708208472693,0.0,-0.2764932422689207,-0.1338856042794449,0.0
2013-11-26,0.0,0.0,0.0,0.0,0.0,0.0,-0.07796639210300427,0.0,0.15753656432561808,0.0,0.12766612182216316,0.10092362999548234,0.0,0.12307125918837168,0.0,-0.27828983143909497,-0.1345462011262655,0.0
2013-11-27,0.0,0.0,0.0,0.0,0.0,0.0,-0.0778699054001,0.0,0.15730534181765124,0.0,0.12747651439011656,0.10169113472779011,0.0,0.12280841522123803,0.0,-0.2773325813367713,-0.13551610710633272,0.0
2013-11-29,0.0,0.0,0.0,0.0,0.0,0.0,-0.07654914215283343,0.0,0.15543049316385013,0.0,0.13148480563233111,0.10320897122230796,0.0,0.12387536583259569,0.0,-0.27558165278407226,-0.13386956921200935,0.0
2013-12-02,0.0,0.0,0.0,0.0,0.0,0.0,-0.0747906820242089,0.0,0.15428975337071005,0.0,0.12834049349890675,0.10217846955479641,0.0,0.1291014689348724,0.0,-0.2753337878646243,-0.13596534475188124,0.0
2013-12-03,0.0,0.0,0.0,0.0,0.0,0.0,-0.0735649650398245,0.0,0.1517179063107153,0.14148370317718867,0.12557098674692244,0.09985052502695264,0.0,0.0,0.0,-0.2747991122184372,-0.13301280147995923,0.0
2013-12-04,0.0,0.0,0.0,0.0,0.0,0.0,-0.07290129183897848,0.0,0.15075821562613045,0.14056147444624165,0.1246503568374542,0.09915914044297149,0.0,0.0,0.0,-0.2774181590291181,-0.13455136177910562,0.0
2013-12-05,0.0,0.0,0.0,0.0,0.0,0.0,-0.07318561643231104,0.0,0.1493393737315987,0.14007318451881032,0.12440554388462603,0.09895794721989701,0.0,0.0,0.0,-0.2794194144227474,-0.1346189197900094,0.0
2013-12-06,0.0,0.0,0.0,0.0,0.0,0.0,-0.07282082462362968,0.0,0.14772192998944308,0.1407763352031952,0.12608445495019296,0.1002545283731755,0.0,0.0,0.0,-0.2787677026876478,-0.13357422417271572,0.0
2013-12-09,0.0,0.0,0.0,0.0,0.0,0.0,-0.07267730533579014,0.0,0.14807018014554704,0.14091775810365856,0.12624327228391555,0.10053938489667548,0.0,0.0,0.0,-0.27772885965477845,-0.13382323957963482,0.0
2013-12-10,0.0,0.0,0.0,0.0,0.0,0.0,-0.0714166780305052,0.0,0.1476553301620641,0.14032723257005267,0.1243118988709504,0.09948843620377783,0.0,0.0,0.0,-0.28246487269087783,-0.13433555147177204,0.0
2013-12-11,0.0,0.0,0.0,0.0,0.0,0.0,-0.07602532940388512,0.0,0.14503771985230252,0.0,0.12404338850224324,0.09880378730551488,0.0,0.132742332270862,0.0,-0.28761359354419297,-0.13573384912099928,0.0
2013-12-12,0.0,0.0,0.0,0.0,0.0,0.0,-0.07414060205706911,0.0,0.14437855458122245,0.1395665912150523,0.12361524993627213,0.09853521375230825,0.0,0.0,0.0,-0.28461421887571625,-0.13514956958235944,0.0
2013-12-13,0.0,0.0,0.0,0.0,0.0,0.0,-0.07399883322427776,0.0,0.14502766935681125,0.13964759550680209,0.1235383534894751,0.09827673099222516,0.0,0.0,0.0,-0.2840285391861145,-0.1354822782442941,0.0
2013-12-16,0.0,0.0,0.0,0.0,0.0,0.0,-0.073793931717842,0.0,0.14383575757800604,0.13925933672374427,0.12265530287594015,0.0977313814509045,0.0,0.0,0.0,-0.28636876943893996,-0.13635552021462305,0.0
2013-12-17,0.0,0.0,0.0,0.0,0.0,0.0,-0.07692242853908707,0.0,0.1377416418461674,0.13387894597636596,0.11705879185462267,0.09252010619564256,0.0,0.0,0.0,-0.3106088278578052,-0.1312692577303092,0.0
2013-12-18,0.0,0.0,0.0,0.0,0.0,0.0,-0.07814733829390079,0.0,0.13295041041645705,0.13173686685266736,0.11653251404648124,0.09289872204541026,0.0,0.0,0.0,-0.3137516832282629,-0.13398246511682022,0.0
2013-12-19,0.0,0.0,0.0,0.0,0.0,0.0,-0.07921683302489743,0.0,0.13428133664745967,0.13276100198329505,0.1149109101047246,0.09247536139732557,0.0,0.0,0.0,-0.31197315518600577,-0.13438140165629195,0.0
2013-12-20,0.0,0.0,0.0,0.0,0.0,0.0,-0.07935724569949505,0.0,0.1360087831510062,0.133790855748058,0.1129918153953286,0.09117269325425663,0.0,0.0,0.0,-0.3152225811136971,-0.1314560256381585,0.0
2013-12-23,0.0,0.0,0.0,0.0,0.0,0.0,-0.07947349419252418,0.0,0.13604514848919957,0.13317838881223013,0.11206896150522758,0.09054461123878081,0.0,0.0,0.0,-0.315031976723795,-0.1336574190382427,0.0
2013-12-24,0.0,0.0,0.0,0.0,0.0,0.0,-0.08001494872588572,0.0,0.13637736568299255,0.13428491518495256,0.11223678264599107,0.0908423522276451,0.0,0.0,0.0,-0.3134399066676959,-0.13280372886483713,0.0
2013-12-26,0.0,0.0,0.0,0.0,0.0,0.0,-0.07982701092484928,0.0,0.1360131260648347,0.1345747229775396,0.11205463227639836,0.09098633612187754,0.0,0.0,0.0,-0.31325259613704004,-0.1332915754974604,0.0
2013-12-27,0.0,0.0,0.0,0.0,0.0,0.0,-0.08010969415437867,0.0,0.13635826437904155,0.13462487931241188,0.11226759956638944,0.09088333673781543,0.0,0.0,0.0,-0.3126769498277084,-0.13307927602225478,0.0
2013-12-30,0.0,0.0,0.0,0.0,0.0,0.0,-0.07945374711067336,0.0,0.13785863351722422,0.13567939195158374,0.11231592341746295,0.09101024122218573,0.0,0.0,0.0,-0.31160713509975335,-0.13207492768111664,0.0
2013-12-31,0.0,0.0,0.0,0.0,0.0,0.0,-0.08236580223172121,0.0,0.13761484074338334,0.13599750911808886,0.11257639650178786,0.09148630673755567,0.0,0.0,0.0,-0.3093972471181743,-0.13056189754928885,0.0
2014-01-02,0.0,0.0,0.0,-0.10119053861666728,0.0,0.0,-0.10926859853868406,0.0,0.17716040540855185,0.17582483429324514,0.14604390770653983,0.11911414933768948,0.0,0.0,0.0,0.0,-0.17139756609862233,0.0
2014-01-03,0.0,0.0,0.0,-0.10032679354442252,0.0,0.0,-0.1072668868754494,0.0,0.17873522401116118,0.1777679094542068,0.14711248465301216,0.11891937348949941,0.0,0.0,0.0,0.0,-0.16987132797224858,0.0
2014-01-06,0.0,0.0,0.0,-0.10104172584802605,0.0,0.0,-0.10745342587464397,0.0,0.17957719617288967,0.17762339996866794,0.14637038065474267,0.11846558584637566,0.0,0.0,0.0,0.0,-0.16946828563465402,0.0
2014-01-07,0.0,0.0,0.0,-0.10035232501767567,0.0,0.0,-0.10700360159482625,0.0,0.18021834620960117,0.178966939555545,0.14641485623848124,0.11880022377932653,0.0,0.0,0.0,0.0,-0.16824370760454418,0.0
2014-01-08,0.0,0.0,0.0,-0.09848352854003603,0.0,0.0,-0.10438721744657414,0.0,0.1810114975175359,0.1847336529534472,0.14569973134308017,0.12145027183942125,0.0,0.0,0.0,0.0,-0.16423410035990535,0.0
2014-01-09,0.0,0.0,0.0,-0.09849066537914893,0.0,0.0,-0.10459911841346918,0.0,0.1805226231855712,0.1846427557927714,0.14516764527877338,0.12213398262090938,0.0,0.0,0.0,0.0,-0.16444320932935655,0.0
2014-01-10,0.0,0.0,0.0,-0.09556993151908758,0.0,0.0,-0.09963586320317344,0.0,0.18784461863783183,0.19333984937366155,0.14674116907651225,0.12318784074286065,0.0,0.0,0.0,0.0,-0.15368072744687278,0.0
2014-01-13,0.0,0.0,0.0,-0.09654022010475619,0.0,0.0,-0.10212275668525439,0.0,0.18582171110475953,0.1856295734481325,0.15043682978579428,0.12390813606145981,0.0,0.0,0.0,0.0,-0.15554077280984335,0.0
2014-01-14,0.0,0.0,0.0,-0.09715027784256547,0.0,0.0,-0.10279474245226271,0.0,0.18527650216328553,0.18245436650184788,0.15030571147388816,0.12348510619002159,0.0,0.0,0.0,0.0,-0.1585332933761287,0.0
2014-01-15,0.0,0.0,0.0,-0.09681387217718172,0.0,0.0,-0.1023496710036608,0.0,0.18642261297663507,0.18312042340920193,0.15044417061049775,0.12364239064967975,0.0,0.0,0.0,0.0,-0.15720685917314292,0.0
2014-01-16,0.0,0.0,0.0,-0.09527505501256439,0.0,0.0,-0.10036084018829294,0.0,0.18903970869374756,0.18623774061053788,0.1491446692346228,0.12298151675983607,0.0,0.0,0.0,0.0,-0.15696046950039835,0.0
2014-01-17,0.0,0.0,0.0,-0.09569956199814064,0.0,0.0,-0.10732731283363588,0.0,0.0,0.18662031298950899,0.15122772060693765,0.12323396878443998,0.0,0.1768957453723299,0.0,0.0,-0.15899537741500697,0.0
2014-01-21,0.0,0.0,0.0,-0.09527383440233037,0.0,0.0,-0.10620901721223203,0.0,0.0,0.1876426532479736,0.15140750305015244,0.12417708491526294,0.0,0.17693079166873438,0.0,0.0,-0.15835911550331425,0.0
2014-01-22,0.0,0.0,0.0,-0.09410971930070518,0.0,0.0,-0.10618055838226832,0.0,0.0,0.18774251098058134,0.1510549940509262,0.12424760621758646,0.0,0.17815661732562063,0.0,0.0,-0.15850799374231178,0.0
2014-01-23,0.0,0.0,0.0,-0.09282965321473002,0.0,0.0,-0.10639258003153107,0.0,0.0,0.18866142845446446,0.15127092878451012,0.1250084782327057,0.0,0.17741272522079665,0.0,0.0,-0.15842420606126192,0.0
2014-01-24,0.0,0.0,0.0,-0.08564057730942069,0.0,-0.2720537854453895,-0.09887139801586743,0.0,0.0,0.15705510969299313,0.1303636564131289,0.1080382292286367,0.0,0.14797724389456374,0.0,0.0,0.0,0.0
2014-01-27,0.0,0.0,0.0,-0.08518356765991775,0.0,-0.27064149067751714,-0.0984270669791768,0.0,0.15767358088766031,0.15516579455120122,0.1278225997425192,0.10508589950200761,0.0,0.0,0.0,0.0,0.0,0.0
2014-01-28,0.0,0.0,0.0,-0.08712007697591553,0.0,-0.27173808526542453,-0.1010106626801327,0.0,0.0,0.15885869839774755,0.13034248747961494,0.10623005280495035,0.0,0.14469993639621445,0.0,0.0,0.0,0.0
2014-01-29,0.0,0.0,0.0,-0.08759480522834955,0.0,-0.2742114150884252,-0.10078146524760313,0.0,0.0,0.15705407314790368,0.12893566625593877,0.10525990421853422,0.0,0.1461626708132454,0.0,0.0,0.0,0.0
2014-01-30,0.0,0.0,0.0,-0.08814095721729487,0.0,-0.2788620631427031,-0.09892515250809265,0.0,0.0,0.15449587001846146,0.12786420278383312,0.10443095724668394,0.0,0.14728079708293082,0.0,0.0,0.0,0.0
2014-01-31,0.0,0.0,0.0,-0.08278941395321097,0.0,0.0,-0.09280307333899986,0.0,0.0,0.14521289534865714,0.120656617343184,0.10021399904238677,0.0,0.13398977590574196,0.0,-0.32433422506781934,0.0,0.0
2014-02-03,0.0,0.0,0.0,-0.0889673858314957,0.0,-0.29393594673407913,-0.10361544836461517,0.0,0.0,0.14702189363488455,0.12284999335537646,0.10198451387295053,0.0,0.1416248182065985,0.0,0.0,0.0,0.0
2014-02-04,0.0,0.0,0.0,-0.08185081556675251,0.0,0.0,-0.09778077619318294,0.0,0.0,0.13695672443968662,0.11521659670967359,0.09587770400570053,0.0,0.1336341172729588,0.0,-0.338683265812045,0.0,0.0
2014-02-05,0.0,0.0,0.0,-0.0823962444658425,0.0,0.0,-0.09808276718346333,0.0,0.0,0.1375505144734007,0.11643127688865058,0.09633879130593188,0.0,0.1345195510646625,0.0,-0.3346808546180484,0.0,0.0
2014-02-06,0.0,0.0,0.0,-0.08228409306438562,0.0,0.0,-0.09863599239250222,0.0,0.0,0.13501072180376883,0.11647991217182103,0.09626477974616962,0.0,0.13045995217042983,0.0,-0.3408645486509228,0.0,0.0
2014-02-07,0.0,0.0,0.0,-0.0801423327689409,0.0,0.0,-0.09596022410517249,0.0,0.13624369428933883,0.1285048187098039,0.0,0.09298038020690777,0.0,0.12675418116918502,0.0,-0.33941436875065095,0.0,0.0
2014-02-10,0.0,0.0,0.0,-0.07976764641087347,0.0,0.0,-0.09471248420637769,0.0,0.13716171324695017,0.13096944766217927,0.0,0.09405130142343678,0.0,0.1283943531737923,0.0,-0.3349430538763903,0.0,0.0
2014-02-11,0.0,0.0,0.0,-0.09445841646601574,0.0,0.0,-0.11549545673034188,0.0,0.16784704558392272,0.15967269898186323,0.0,0.11753037652459088,0.0,0.153011326237554,0.0,0.0,-0.19198467947571163,0.0
2014-02-12,0.0,0.0,0.0,-0.09457445603175867,0.0,0.0,-0.11562023300448708,0.0,0.16791671267787572,0.1597049501676395,0.0,0.11755412259763534,0.0,0.15311226098326167,0.0,0.0,-0.19151726453734202,0.0
2014-02-13,0.0,0.0,0.0,-0.07866612294016304,0.0,0.0,-0.09655369154292948,0.0,0.0,0.1320408342595419,0.1156066342243956,0.09632021920038081,0.0,0.1274431495925521,0.0,-0.35336934824003713,0.0,0.0
2014-02-14,0.0,0.0,0.0,-0.0762971063954716,0.0,0.0,-0.09331356325350389,0.0,0.1362102659678015,0.1303402579995646,0.0,0.09475688921969892,0.0,0.12452375536979593,0.0,-0.34455816179416354,0.0,0.0
2014-02-18,0.0,0.0,0.0,-0.07816260370708976,0.0,0.0,-0.09551757233143414,0.0,0.0,0.1325528641665304,0.11433639569093786,0.0955151399080527,0.0,0.12518962438582684,0.0,-0.3587257998101283,0.0,0.0
2014-02-19,0.0,0.0,0.0,-0.07781486187879906,0.0,0.0,-0.09291747744558776,0.0,0.135038673003964,0.12916193411904797,0.0,0.09289841439278729,0.0,0.12235459727976411,0.0,-0.3498140418800498,0.0,0.0
2014-02-20,0.0,0.0,0.0,-0.08013775098939302,0.0,0.0,-0.09558830269656379,0.0,0.0,0.1325180418875537,0.11289054419921525,0.09495767186329951,0.0,0.1254845761770561,0.0,-0.35842311218691864,0.0,0.0
2014-02-21,0.0,0.0,0.0,-0.07956957955760571,0.0,0.0,-0.09508700285964963,0.0,0.0,0.1323454220288497,0.11256621033289604,0.09488082239100186,0.0,0.12498336990095088,0.0,-0.36056759292904617,0.0,0.0
2014-02-24,0.0,0.0,0.0,-0.09867381219057361,0.0,0.0,-0.12111323682146889,0.0,0.0,0.1628828737213682,0.1375181194067019,0.11645125321398327,0.0,0.15355413965233847,0.0,0.0,-0.2098065649935655,0.0
2014-02-25,0.0,0.0,0.0,-0.09775843520399506,0.0,0.0,-0.12072575861995291,0.0,0.0,0.16325780980851023,0.14005833255761532,0.11886127339436421,0.0,0.1533390301882518,0.0,0.0,-0.20599936022731044,0.0
2014-02-26,0.0,0.0,0.0,-0.0978653869796708,0.0,0.0,-0.1196522704432712,0.0,0.0,0.1635354072204882,0.13979002857968417,0.11849303348864779,0.0,0.15269977560642164,0.0,0.0,-0.20796409768181617,0.0
2014-02-27,0.0,0.0,0.0,-0.0777717464236902,0.0,0.0,-0.09628491097069886,0.0,0.0,0.1309562329387941,0.11209120978553237,0.09516287151000574,0.0,0.12293632116107236,0.0,-0.36479670721020635,0.0,0.0
2014-02-28,0.0,0.0,0.0,-0.07781975033516284,0.0,0.0,-0.09651677769463632,0.0,0.0,0.13119211959498303,0.11257222196582241,0.09488857295354212,0.0,0.12224484997224198,0.0,-0.36476570748361126,0.0,0.0
2014-03-03,0.0,0.0,0.0,-0.07830470571626742,0.0,0.0,-0.09565701722959509,0.0,0.0,0.13255653419891675,0.11478438216177096,0.09648937426577986,0.0,0.11682162074762133,0.0,-0.3653863656800486,0.0,0.0
2014-03-04,0.0,0.0,0.0,0.0,0.0,0.0,-0.09065892889510005,0.0,0.0,0.12313322113463286,0.10409793297240895,0.08753925595584129,0.0,0.1073375634838522,0.0,-0.3341796712362259,-0.1530534263219387,0.0
2014-03-05,0.0,0.0,0.0,-0.08069927212673442,0.0,0.0,-0.10236971255443617,0.0,0.0,0.13184375367252443,0.11216794959739507,0.09409234651000489,0.0,0.11504669923303147,0.0,-0.36378026630587357,0.0,0.0
2014-03-06,0.0,0.0,0.0,-0.08016291478382127,0.0,0.0,-0.10215874824150663,0.0,0.0,0.13254625167932443,0.11286866019037636,0.0948021504152962,0.0,0.11507712973580857,0.0,-0.3623841449538665,0.0,0.0
2014-03-07,0.0,0.0,0.0,-0.09911590606270138,0.0,0.0,-0.12866913578934913,0.0,0.0,0.16496628201285832,0.14063052019202107,0.11810125732509083,0.0,0.14329034212450686,0.0,0.0,-0.20522655649347252,0.0
2014-03-10,0.0,0.0,0.0,-0.07853316303835123,0.0,0.0,-0.10391433028636446,0.0,0.0,0.1308652765824861,0.11140266410257436,0.09343621912818406,0.0,0.11308993471757825,0.0,-0.36875841214446153,0.0,0.0
2014-03-11,0.0,0.0,0.0,-0.07996854308255272,0.0,0.0,-0.10362195049464858,0.0,0.0,0.13140980900186588,0.11087313005596901,0.09265536054703209,0.0,0.11328820946246042,0.0,-0.3681829973554713,0.0,0.0
2014-03-12,0.0,0.0,0.0,-0.08017280726367743,0.0,0.0,-0.10306118567084648,0.0,0.0,0.13177818760657095,0.11112429608760346,0.09293237151211631,0.0,0.11295312401793912,0.0,-0.3679780278412463,0.0,0.0
2014-03-13,0.0,0.0,0.0,-0.0797540452280398,0.0,0.0,-0.10609506128835586,0.0,0.0,0.13004972724365768,0.11223992650308039,0.09297921195876996,0.0,0.11116119629608631,0.0,-0.36772083148201007,0.0,0.0
2014-03-14,0.0,0.0,0.0,-0.08054043938279336,0.0,0.0,-0.10558165361952207,0.0,0.0,0.13030082571671098,0.11330570216944394,0.09430446929161446,0.0,0.11053715750580992,0.0,-0.3654297523141053,0.0,0.0
2014-03-17,0.0,0.0,0.0,-0.07976622163586079,0.0,0.0,-0.10879568828918373,0.0,0.0,0.1292643497620058,0.1128558062438317,0.09392233579267968,0.0,0.10987938783548154,0.0,-0.3655162104409568,0.0,0.0
2014-03-18,0.0,0.0,0.0,-0.079276842469465,0.0,0.0,-0.10886921329314642,0.0,0.0,0.12879797412618194,0.1122031107452571,0.09283645793307031,0.0,0.1097907174845373,0.0,-0.36822568394834193,0.0,0.0
2014-03-19,0.0,0.0,0.0,-0.0808104608105834,0.0,0.0,-0.10883902178773545,0.0,0.0,0.1331373304973674,0.11693101843214528,0.09659791674424818,0.0,0.11268403226135731,0.0,-0.3510002194665629,0.0,0.0
2014-03-20,0.0,0.0,0.0,-0.0785220069001168,0.0,0.0,-0.10636893695868525,0.0,0.1389086591357087,0.12923973161591024,0.11342794645132417,0.0937317388553104,0.0,0.0,0.0,-0.3398009800829445,0.0,0.0
2014-03-21,0.0,0.0,0.0,0.0,0.0,0.0,-0.09806796792468024,0.0,0.1330550644726815,0.12024434949755965,0.10568763935216254,0.08596881500046707,0.0,0.0,0.0,-0.31293676304721024,-0.14403940070523863,0.0
2014-03-24,0.0,0.0,0.0,0.0,0.0,0.0,-0.10003399476101665,0.0,0.13253799820472556,0.1190396231764103,0.10579521401456897,0.08422917773040052,0.0,0.0,0.0,-0.3157594504656747,-0.14260454164720326,0.0
2014-03-25,0.0,0.0,0.0,0.0,0.0,0.0,-0.09937733107745934,0.0,0.13066746930645154,0.11814717183918706,0.10682378276114048,0.08477972528202932,0.0,0.0,0.0,-0.3144220560079232,-0.14578246372580922,0.0
2014-03-26,0.0,0.0,0.0,-0.07879065438909451,0.0,0.0,-0.1076017281629292,0.0,0.14174137989443034,0.12786519997684004,0.11312128378586726,0.09041091787821488,0.0,0.0,0.0,-0.34046883591262384,0.0,0.0
2014-03-27,0.0,0.0,0.0,0.0,0.0,0.0,-0.10181315127005258,0.0,0.0,0.12147208604527208,0.10772072032149828,0.08597712685798303,0.0,0.10256946400889001,0.0,-0.32762516096369304,-0.1528222905326109,0.0
2014-03-28,0.0,0.0,0.0,0.0,0.0,0.0,-0.10222345736994276,0.0,0.0,0.12179948316866672,0.10788442201808669,0.08616407243222585,0.0,0.10319606561509005,0.0,-0.3261917636843114,-0.15254073571167653,0.0
2014-03-31,0.0,0.0,0.0,0.0,0.0,0.0,-0.10218032783368108,0.0,0.0,0.12154054384920793,0.10604089575554373,0.0847337911132179,0.0,0.10372709961925276,0.0,-0.3282781172539591,-0.15349922457513757,0.0
2014-04-01,0.0,0.0,0.0,0.0,0.0,0.0,-0.10501679040949088,0.0,0.0,0.12065212287390409,0.10553080970070519,0.0841314191796626,0.0,0.10444043680127676,0.0,-0.32770433895106404,-0.15252408208389645,0.0
2014-04-02,0.0,0.0,0.0,0.0,0.0,0.0,-0.10498080338715844,0.0,0.0,0.12088265989994773,0.10545970667540029,0.08415765575509189,0.0,0.10454338790417868,0.0,-0.3270562289317618,-0.15291955744646116,0.0
2014-04-03,0.0,0.0,0.0,0.0,0.0,0.0,-0.1063721842482941,0.0,0.0,0.12085848354392666,0.10563566387074648,0.08314095571868643,0.0,0.10498116422852158,0.0,-0.3273421492777957,-0.15166939911202898,0.0
2014-04-04,0.0,0.0,0.0,0.0,0.0,0.0,-0.10774943834576266,0.0,0.0,0.11907746578088098,0.10392693286467608,0.08116164475136625,0.0,0.1067375435759871,0.0,-0.3278554391130962,-0.1534915355682308,0.0
2014-04-07,0.0,0.0,0.0,0.0,0.0,0.0,-0.10760164173319743,0.0,0.0,0.11779997334944088,0.10330745719841015,0.08033448261600186,0.0,0.1067361762223273,0.0,-0.33084508282247777,-0.15337518605814462,0.0
2014-04-08,0.0,0.0,0.0,0.0,0.0,0.0,-0.10729212078051928,0.0,0.0,0.11821728066397817,0.10340747515110253,0.08054382382826109,0.0,0.10631248126911577,0.0,-0.33083377228451905,-0.15339304602250411,0.0
2014-04-09,0.0,0.0,0.0,0.0,0.0,0.0,-0.10856454505690999,0.0,0.0,0.11652075370045498,0.10367148629929598,0.07946714876618728,0.0,0.10445026798809177,0.0,-0.33344653175833927,-0.15387926643072083,0.0
2014-04-10,0.0,0.0,0.0,0.0,0.0,0.0,-0.11054782448608448,0.0,0.0,0.11184112791824806,0.10131754561228751,0.07666664328812717,0.0,0.1032757431372658,0.0,-0.3407222619919152,-0.15562885356607167,0.0
2014-04-11,0.0,0.0,0.0,0.0,0.0,0.0,-0.11168838809053253,0.0,0.0,0.10977263063053794,0.09957383093586131,0.0754259727403905,0.0,0.10317148110301973,0.0,-0.34409890786126185,-0.15626878863839616,0.0
2014-04-14,0.0,0.0,0.0,0.0,0.0,0.0,-0.10855434296102491,0.0,0.12555007494940224,0.10847535430905265,0.09788472046453275,0.07401988917055563,0.0,0.0,0.0,-0.3333899376408454,-0.15212568050458636,0.0
2014-04-15,0.0,0.0,0.0,0.0,0.0,0.0,-0.10540507774309094,0.0,0.12571766150227084,0.10958701487045158,0.09816349707924411,0.07455366320276634,0.0,0.0,0.0,-0.3348267907123762,-0.15174629488979982,0.0
2014-04-16,0.0,0.0,0.0,0.0,0.0,0.0,-0.10565667568550981,0.0,0.12531325326895115,0.10848084741717418,0.09825136379480182,0.07433288312577133,0.0,0.0,0.0,-0.33581683677583163,-0.15214813993195994,0.0
2014-04-17,0.0,0.0,0.0,0.0,0.0,0.0,-0.10565939364498085,0.0,0.126019484384911,0.108970859563854,0.09837443476683393,0.07462422020427677,0.0,0.0,0.0,-0.3367133844741096,-0.1496382229610339,0.0
2014-04-21,0.0,0.0,0.0,0.0,0.0,0.0,-0.1060423349282206,0.0,0.12614496344611256,0.10867539458471503,0.09823791400144981,0.07435596630572612,0.0,0.0,0.0,-0.33693511506623813,-0.14960831166753769,0.0
2014-04-22,0.0,0.0,0.0,0.0,0.0,0.0,-0.10687783229658449,0.0,0.12588829155409925,0.10822598839737495,0.09815569323808224,0.07367454266214694,0.0,0.0,0.0,-0.3379416312082569,-0.14923602064345515,0.0
2014-04-23,0.0,0.0,0.0,0.0,0.0,0.0,-0.10727694877570995,0.0,0.12606107649640177,0.10822111592976649,0.09842553109257211,0.07359179299308959,0.0,0.0,0.0,-0.3372828475092966,-0.1491406872031633,0.0
2014-04-24,0.0,0.0,0.0,0.0,0.0,0.0,-0.10980749329867907,0.0,0.12574829262476828,0.10678113198937514,0.09720608056934626,0.07240529308469613,0.0,0.0,0.0,-0.3365667562626425,-0.1514849521704926,0.0
2014-04-25,0.0,0.0,0.0,0.0,0.0,0.0,-0.10735150795996681,0.0,0.13180904464434334,0.10905336714050773,0.09828927878087901,0.07177434229077775,0.0,0.0,0.0,-0.33222322039858593,-0.14949923878493943,0.0
2014-04-28,0.0,0.0,0.0,0.0,0.0,0.0,-0.10788793477262734,0.0,0.131578762296683,0.10895207600740074,0.09862587932399426,0.07216143566387653,0.0,0.0,0.0,-0.3313499260172654,-0.1494439859181527,0.0
2014-04-29,0.0,0.0,0.0,0.0,0.0,0.0,-0.10765203968039501,0.0,0.13203750309091006,0.10865347460213684,0.09871412161340566,0.07246934305290091,0.0,0.0,0.0,-0.33138740561705754,-0.14908611234319408,0.0
2014-04-30,0.0,0.0,0.0,0.0,0.0,0.0,-0.10812390778955944,0.0,0.13312720341495266,0.10921148955548264,0.09929750689693985,0.07255908584498942,0.0,0.0,0.0,-0.3284331388071035,-0.14924766769097267,0.0
2014-05-01,0.0,0.0,0.0,0.0,0.0,0.0,-0.11371512175819416,0.0,0.13385594412575316,0.11065511140219599,0.10001087517801785,0.07310410444688054,0.0,0.0,0.0,-0.32295647319804266,-0.1457023698909156,0.0
2014-05-02,0.0,0.0,0.0,0.0,0.0,0.0,-0.11245359974474291,0.0,0.135220454662341,0.1109444717170611,0.10065237345276977,0.07311758792529097,0.0,0.0,0.0,-0.3218531218704307,-0.14575839062736354,0.0
2014-05-05,0.0,0.0,0.0,0.0,0.0,0.0,-0.10731120604870087,0.0,0.14284745695746653,0.11450411820000739,0.10527746967266893,0.07417911845214593,0.0,0.0,0.0,-0.314626911998464,-0.1412537186705465,0.0
2014-05-06,0.0,0.0,0.0,0.0,0.0,0.0,-0.10664273547902807,0.0,0.14030110713576843,0.11317366339327833,0.0,0.07241262791148141,0.0,0.10450605935108549,0.0,-0.31919692509284436,-0.14376688163651383,0.0
2014-05-07,0.0,0.0,0.0,0.0,0.0,0.0,-0.10327768686130581,0.0,0.13812460713871913,0.11261028795085858,0.0,0.07228136661855744,0.0,0.1036464292696501,0.0,-0.32460684822293645,-0.14545277393797257,0.0
2014-05-08,0.0,0.0,0.0,0.0,0.0,0.0,-0.10235209463308526,0.0,0.14051069338397223,0.11406094270191329,0.0,0.071407474275957,0.0,0.10626042191542243,0.0,-0.3212636489878628,-0.14414472410178683,0.0
2014-05-09,0.0,0.0,0.0,0.0,0.0,0.0,-0.10263176977811254,0.0,0.1429424381789144,0.11660631620115668,0.1007406312887064,0.07166734894185198,0.0,0.0,0.0,-0.32225967080120416,-0.1431518248100538,0.0
2014-05-12,0.0,0.0,0.0,0.0,0.0,0.0,-0.10389997224534943,0.0,0.14329116487240703,0.11631802146688247,0.09845547994224635,0.07009026635192606,0.0,0.0,0.0,-0.3234836479539425,-0.14446144716724596,0.0
2014-05-13,0.0,0.0,0.0,0.0,0.0,0.0,-0.10038278810889419,0.0,0.13997204699913163,0.11226201495228351,0.09405212697641424,0.0,0.0,0.10588632937279514,0.0,-0.31042131008246654,-0.13702338350801493,0.0
2014-05-14,-0.11828629463374002,0.0,0.0,0.0,0.0,0.0,-0.10299757284031584,0.0,0.14411316234927768,0.11593358292820873,0.09467870999188926,0.0,0.0,0.10910065823450588,0.0,-0.31489001902206254,0.0,0.0
2014-05-15,-0.12418814744175655,0.0,0.0,0.0,0.0,0.0,-0.10624282835963214,0.0,0.14675641989965363,0.11892857189030678,0.0,0.07139389184466173,0.0,0.11073073978610222,0.0,-0.32175940077788706,0.0,0.0
2014-05-16,0.0,0.0,0.0,0.0,0.0,0.0,-0.10596937808391285,0.0,0.14465604133244098,0.11579688244886305,0.0,0.06957019309744786,0.0,0.10800688259927158,0.0,-0.31577882533404167,-0.140221797104022,0.0
2014-05-19,0.0,0.0,0.0,0.0,0.0,0.0,-0.10648400445201836,0.0,0.14508065584848343,0.11608838093471911,0.0,0.06975801161869576,0.0,0.10978874913992306,0.0,-0.3140042624964734,-0.13879593550968677,0.0
2014-05-20,0.0,0.0,0.0,0.0,0.0,0.0,-0.10712051855962822,0.0,0.1450340417789929,0.11553700479159919,0.0,0.06909883877627647,0.0,0.10983400247934602,0.0,-0.31424088377199333,-0.13913470984216383,0.0
2014-05-21,0.0,0.0,0.0,0.0,0.0,0.0,-0.1082438627489812,0.0,0.14415780103694073,0.11475185811935909,0.0,0.06945866520178104,0.0,0.10890415555572956,0.0,-0.31692955054041977,-0.1375541067967886,0.0
2014-05-22,0.0,0.0,0.0,0.0,0.0,0.0,-0.10819602016292536,0.0,0.14422949318831554,0.11460002719656293,0.0,0.0689179408651103,0.0,0.10884034030877915,0.0,-0.3172443243546369,-0.13797185392366967,0.0
2014-05-23,0.0,0.0,0.0,0.0,0.0,0.0,-0.10977306420826617,0.0,0.14494898472765738,0.11417458098967195,0.0,0.06840011766592886,0.0,0.10971897062959483,0.0,-0.31550214749219924,-0.13748213428668155,0.0
2014-05-27,0.0,0.0,0.0,0.0,0.0,0.0,-0.10462263844895019,0.0,0.14535277057278187,0.1138665463448265,0.0,0.067862033092587,0.0,0.10825968772040812,0.0,-0.3208151503252533,-0.13922117349519295,0.0
2014-05-28,0.0,0.0,0.0,0.0,0.0,0.0,-0.03567540114110191,0.0,0.04934089777661054,0.03859132529925269,0.0,0.02307934248128965,0.0,0.03682416681096054,-0.7100345784075103,-0.1064542880832744,0.0,0.0
2014-05-29,0.0,0.0,0.0,0.0,0.0,0.0,-0.03568397448015626,0.0,0.049315348015534895,0.03858777567921531,0.0,0.023109720212252036,0.0,0.0367220412599849,-0.7101211007096467,-0.10646003964320984,0.0,0.0
2014-05-30,0.0,0.0,0.0,0.0,0.03999310148392095,0.0,-0.035139879130240685,0.0,0.048603692715770024,0.03797781520987615,0.0,0.0,0.0,0.036513704550480496,-0.697714645560728,-0.1040571613489837,0.0,0.0
2014-06-02,0.0,0.0,0.0,0.0,0.043186180890953774,0.0,-0.037064633122598896,0.0,0.04910898477567377,0.03813767789875507,0.0,0.0,0.0,0.03902155100972143,-0.6899132564545071,-0.10356771584779,0.0,0.0
2014-06-03,0.0,0.0,0.0,0.0,0.12633776626712617,0.0,-0.1029026686344838,0.0,0.1397730689655158,0.10758709515859202,0.0,0.0,0.0,0.11306109294431188,0.0,-0.2855810395248298,-0.12475726850514043,0.0
2014-06-04,0.0,0.0,0.0,0.0,0.044839995432215715,0.0,-0.0365464112196479,0.0,0.04958559730563505,0.03814370064167929,0.0,0.0,0.0,0.04004168920806455,-0.6902652432540934,-0.10057736293866394,0.0,0.0
2014-06-05,0.0,0.0,0.0,0.0,0.12736179846100512,0.0,-0.10326626697986468,0.0,0.1380409273217196,0.10642905742073343,0.0,0.0,0.0,0.11456797920988279,0.0,-0.2831077534949321,-0.1272262171118624,0.0
2014-06-06,0.0,0.0,0.0,0.0,0.12738973478386,0.0,-0.10377970237992552,0.0,0.13721224539412644,0.10603994684450632,0.0,0.0,0.0,0.11295791087140625,0.0,-0.2842856157837832,-0.12833484394239233,0.0
2014-06-09,0.0,0.0,0.0,0.0,0.0,0.0,-0.037455683936932355,0.0,0.04957284959680581,0.038281726047435516,0.0,0.022428669273909744,0.0,0.041022149636972496,-0.7086552781060411,-0.10258364340190293,0.0,0.0
2014-06-10,0.0,0.0,0.0,0.0,0.0,0.0,-0.03748199664264328,0.0,0.05035971499901295,0.0384326679432791,0.0,0.02257784332610083,0.0,0.04133378558389276,-0.7074567877616159,-0.10235720374345512,0.0,0.0
2014-06-11,0.0,0.0,0.0,0.0,0.0,0.0,-0.03878055320623574,0.0,0.05009134048424254,0.03833804552913638,0.0,0.022549354016393398,0.0,0.04123257053492094,-0.7064806857890443,-0.10252745044002659,0.0,0.0
2014-06-12,0.0,0.0,0.0,0.0,0.0,0.0,-0.03745077320481537,0.0,0.049794533485624314,0.038113608609265166,0.03046240340431532,0.0,0.0,0.04223633448653148,-0.7006055595791115,-0.10133678723033678,0.0,0.0
2014-06-13,0.0,0.0,0.0,0.0,0.0,0.0,-0.03844038772165056,0.0,0.05068522398736626,0.03888423290162179,0.0,0.022707042985735608,0.0,0.043107526250067627,-0.7032839085206648,-0.10289167763289335,0.0,0.0
2014-06-16,0.0,0.0,0.0,0.0,0.0,0.0,-0.03871203083276496,0.0,0.05126311430376269,0.03901443497108397,0.0,0.02254411258992249,0.0,0.043781646631757716,-0.7017020643709945,-0.10298259629971376,0.0,0.0
2014-06-17,0.0,0.0,0.0,0.0,0.0,0.0,-0.0397517374318938,0.0,0.05264792396682298,0.040171510246334474,0.0,0.023280027829174498,0.0,0.04512311741140547,-0.6940078519767341,-0.10501783113763483,0.0,0.0
2014-06-18,0.0,0.0,0.0,0.0,0.0,0.0,-0.03838088459376733,0.0,0.04805420345546357,0.03679997893450421,0.0,0.021302392075907527,0.0,0.04129159355825137,-0.7096451507591552,-0.10452579662295074,0.0,0.0
2014-06-19,0.0,0.0,0.0,0.0,0.0,0.0,-0.034693661121551374,0.0,0.05204223898422348,0.039510122383277335,0.0,0.022843829263643964,0.0,0.04483291580957825,-0.7604735234424026,0.0,-0.045603708995323025,0.0
2014-06-20,0.0,0.0,0.0,0.0,0.0,0.0,-0.03249867260332871,0.0,0.048676250224619945,0.03732020208330239,0.0,0.02144957810318947,0.0,0.04234913112645344,-0.7114759568923352,-0.10623020896677081,0.0,0.0
2014-06-23,0.0,0.0,0.0,0.0,0.0,0.0,-0.03338394142888778,0.0,0.04817635237745923,0.0371673040039636,0.0,0.021494028887059858,0.0,0.0417830303515112,-0.713277026377995,-0.10471831657312344,0.0,0.0
2014-06-24,0.0,-0.2413246395159459,0.0,0.0,0.042760570465148404,0.0,-0.027520778635234684,0.0,0.039101230489250474,0.030442246764576526,0.0,0.0,0.0,0.0342795839880644,-0.5845709501417796,0.0,0.0,0.0
2014-06-25,0.0,-0.24311295564071525,0.0,0.0,0.0,0.0,-0.02796570990909646,0.0,0.03992529090552508,0.03106456632145729,0.0,0.018120920859790914,0.0,0.03453239378479456,-0.6052781625786205,0.0,0.0,0.0
2014-06-26,0.0,-0.22981619066142842,0.0,0.0,0.0407825619322321,0.0,0.0,0.0,0.0,0.02929288947581504,0.0,0.017067133194396143,0.0,0.032661359871088695,-0.5694048190475366,-0.08097504581750309,0.0,0.0
2014-06-27,0.0,-0.2292049324442344,0.0,0.0,0.04140114717394866,0.0,0.0,0.0,0.0,0.02933230985605469,0.0,0.017041657501541133,0.0,0.03280079021947211,-0.5682479766301564,-0.08197118617459258,0.0,0.0
2014-06-30,0.0,-0.22422460983613784,0.0,0.0,0.0,0.0,0.0,0.0,0.038389055679343656,0.02944909488942623,0.0,0.01728647754293668,0.0,0.032617321536886505,-0.5764703171097387,-0.08156312340553042,0.0,0.0
2014-07-01,0.0,-0.2239173731662662,0.0,0.0,0.0,0.0,0.0,0.0,0.03797377115651557,0.02937601731721446,0.0,0.017225938738562076,0.0,0.03241821910927711,-0.5786023784684904,-0.08048630204367418,0.0,0.0
2014-07-02,0.0,0.0,0.0,0.0,0.050285175810373416,0.0,0.0,0.0,0.0,0.03632954180745989,0.0,0.02128861797335655,0.0,0.040033035189434574,-0.7147719962569457,-0.09696476879335651,-0.04032686416907336,0.0
2014-07-03,0.0,0.0,0.0,0.0,0.05038470035487766,0.0,0.0,0.0,0.0,0.03640735617297161,0.0,0.02147895332273502,0.0,0.04010970068284838,-0.7145368012610332,-0.09685064604660586,-0.04023184215892831,0.0
2014-07-07,0.0,-0.21739827623150793,0.0,0.0,0.04049968436773786,0.0,0.0,0.0,0.03904551084018637,0.03128395236904837,0.0,0.0,0.0,0.032529902759564994,-0.6094894285453153,0.0,0.0,-0.02975324488663936
2014-07-08,0.0,-0.2102112067452195,0.0,0.0,0.03734348100564548,0.0,0.0,0.0,0.03858922346044583,0.030171751217919183,0.0,0.0,0.0,0.030332995161843252,-0.577253604566556,-0.07609773784237081,0.0,0.0
2014-07-09,0.0,-0.21806114710773689,0.0,0.0,0.03924442051498179,0.0,0.0,0.0,0.04064876665796794,0.03178053529962664,0.0,0.0,0.0,0.03235535778440974,-0.6075898436281193,0.0,0.0,-0.03031992900715779
2014-07-10,0.0,-0.21759712469725523,0.0,0.029773509468030215,0.0,0.0,0.0,0.0,0.041627968190600766,0.03309612474521306,0.0,0.0,0.0,0.03348236996180606,-0.6135731805245433,0.0,0.0,-0.03084972241255107
2014-07-11,0.0,0.0,0.0,0.0,0.052419075965083044,0.0,-0.03242062420576528,0.0,0.056542542416568316,0.0453789266234966,0.0,0.0,0.0,0.04279658903238462,-0.7365130241718815,0.0,0.0,-0.03392921758482071
2014-07-14,0.0,0.0,0.0,0.0,0.05230264949163947,0.0,-0.02993654947530346,0.0,0.058417812721490346,0.047292958071028526,0.0,0.0,0.0,0.043420878018677646,-0.734871452152575,0.0,0.0,-0.03375770006928546
2014-07-15,0.0,0.0,0.0,0.0,0.05318104267773532,0.0,-0.030164495811637455,0.0,0.05993482773178799,0.04769744798329963,0.0,0.0,0.0,0.04399286007503069,-0.7314661064816026,0.0,0.0,-0.03356321923890625
2014-07-16,0.0,0.0,0.0,0.0,0.053053097559051104,0.0,-0.03142770539753101,0.0,0.06036164552356757,0.04799364461463697,0.0,0.0,0.0,0.043965579680644275,-0.7303309605916938,0.0,0.0,-0.032867366632875296
2014-07-17,0.0,0.0,0.0,0.0,0.05388421546895876,0.0,-0.03131254505686021,0.0,0.05979782759552897,0.04863130865593745,0.0,0.0,0.0,0.04635573662393615,-0.7269454107358132,0.0,0.0,-0.03307295586296537
2014-07-18,0.0,0.0,0.0,0.0,0.05507348007353933,0.0,-0.03230676323940085,0.0,0.06033692460457519,0.04838833439682006,0.0,0.0,0.0,0.04864323209700003,-0.7209889505102623,0.0,0.0,-0.034262315078402175
2014-07-21,0.0,0.0,0.0,0.0,0.05483848625872259,0.0,-0.0324214940600681,0.0,0.0602986738620386,0.04853015045649657,0.0,0.0,0.0,0.04848558841259893,-0.7215703077995996,0.0,0.0,-0.03385529915047561
2014-07-22,0.0,0.0,0.0,0.0,0.05411677149962823,0.0,-0.031983307730795475,0.0,0.05947126663280351,0.048165106729120104,0.0,0.0,0.0,0.047999411820019065,-0.7234489221703156,0.0,0.0,-0.034815213417318004
2014-07-23,0.0,0.0,0.0,0.0,0.05397261622224645,0.0,-0.031835277689318604,0.0,0.05926057373970592,0.04823165698381789,0.0,0.0,0.0,0.04759504580372765,-0.7245321049975777,0.0,0.0,-0.03457272456360573
2014-07-24,0.0,0.0,0.0,0.0,0.054137068586060426,0.0,-0.03171203977639046,0.0,0.05951529547824641,0.04842045226180313,0.0,0.0,0.0,0.04779783264235364,-0.7240837103306759,0.0,0.0,-0.03433360092447012
2014-07-25,0.0,0.0,0.0,0.0,0.05412628541914581,0.0,-0.03129934627698556,0.0,0.05996570383343192,0.049762472923400775,0.0,0.0,0.0,0.047882167128598864,-0.7219386963360332,0.0,0.0,-0.03502532808240387
2014-07-28,0.0,0.0,0.0,0.0,0.054832379252080315,0.0,-0.03169513095894728,0.0,0.06061932823454046,0.05029447462898593,0.0,0.0,0.0,0.048372707269418676,-0.7188352068344398,0.0,0.0,-0.03535077282158746
2014-07-29,0.0,0.0,0.0,0.0,0.055553557507473046,0.0,-0.03171618872005235,0.0,0.060121153526557294,0.050465446645161886,0.0,0.0,0.0,0.04833413387186904,-0.7186514394815275,0.0,0.0,-0.035158080247358836
2014-07-30,0.0,0.0,0.0,0.0,0.055081187253597695,0.0,-0.03139389856507712,0.0,0.059475463436281496,0.049955956339423374,0.0,0.0,0.0,0.047821836803716454,-0.7217530302058214,0.0,0.0,-0.03451862739608245
2014-07-31,0.0,0.0,0.0,0.03786651715495285,0.0,0.0,-0.03251541208166352,0.0,0.05376010950085898,0.046359349599150175,0.0,0.0,0.0,0.04651771131704523,-0.7479671795999195,0.0,0.0,-0.03501372074640965
2014-08-01,0.0,0.0,0.0,0.04042685145777946,0.0,0.0,-0.0348690260854591,0.0,0.05734221852788245,0.04935783733435745,0.0,0.0,0.0,0.04917631195490391,-0.7314517125961809,0.0,0.0,-0.03737604204343665
2014-08-04,0.0,0.0,0.0,0.04032385548331917,0.0,0.0,-0.03522918725489239,0.0,0.05689025639323734,0.04895673836004131,0.0,0.0,0.0,0.049095841205887746,-0.7323267263388722,0.0,0.0,-0.03717739496374989
2014-08-05,0.0,0.0,0.0,0.038819168494812935,0.0,0.0,-0.03528832350771903,0.0,0.05628507298208356,0.04929757133178117,0.0,0.0,0.0,0.0,-0.7389388315758952,0.0,0.04451902754934642,-0.036852004558361635
2014-08-06,0.0,0.0,0.0,0.03843536264860996,0.0,0.0,-0.03513892436785681,0.0,0.057249457523602165,0.0491501193657519,0.0,0.0,0.0,0.0,-0.7383719703016934,0.0,0.044473026386740604,-0.037181139405745176
2014-08-07,0.0,0.0,0.0,0.038656224608264275,0.0,0.0,-0.03533917844591858,0.0,0.05718536538199865,0.04926371823172512,0.0,0.0,0.0,0.0,-0.7378737019215512,0.0,0.044366787154000685,-0.03731502425654146
2014-08-08,0.0,0.0,0.0,0.038848590552575696,0.0,0.0,-0.035822177565659925,0.0,0.05579370322376966,0.049004126362695355,0.0,0.0,0.0,0.0,-0.7376547565775388,0.0,0.04503175479028959,-0.03784489092747106
2014-08-11,0.0,0.0,0.0,0.03919976173374737,0.0,0.0,-0.035752137543791564,0.0,0.05635810861615552,0.049711110505754386,0.0,0.0,0.0,0.04608624247654327,-0.7351959740489213,0.0,0.0,-0.037696665075086636
2014-08-12,0.0,0.0,0.0,0.03906000891196803,0.0,0.0,-0.035615588415209544,0.0,0.05606470700173977,0.04936887672911743,0.0,0.0,0.0,0.04580295754773566,-0.7359511111626967,0.0,0.0,-0.0381367502315328
2014-08-13,0.0,0.0,0.0,0.039307866554765244,0.0,0.0,-0.03613946540691917,0.0,0.056134654849097645,0.049342865182646245,0.0,0.0,0.0,0.0,-0.7351223829490893,0.0,0.04558633646673577,-0.0383664285907467
2014-08-14,0.0,0.0,0.0,0.0399856731035551,0.0,0.0,-0.03651454630115551,0.0,0.05723172752261447,0.050275225126683726,0.0,0.0,0.0,0.0,-0.7348303119774042,0.0,0.04564526570171299,-0.03551725026687391
2014-08-15,0.0,0.0,0.0,0.04084621229348357,0.0,0.0,-0.036324766698659854,0.0,0.0571834808860134,0.050529146766615414,0.0,0.0,0.0,0.0,-0.7350724932700262,0.0,0.044818234395170846,-0.03522566569003066
2014-08-18,0.0,0.0,0.0,0.04039124337767329,0.0,0.0,-0.036277214068769395,0.0,0.05647933913489969,0.04985297110578348,0.0,0.0,0.0,0.0,-0.7375881339226513,0.0,0.04445382386056664,-0.03495727452965628
2014-08-19,0.0,0.0,0.0,0.04075999241506346,0.0,0.0,-0.03619408001979108,0.0,0.05710915193209862,0.05025531114117646,0.0,0.0,0.0,0.0,-0.7367230643394365,0.0,0.04428399489222527,-0.034674405260208575
2014-08-20,0.0,0.0,0.0,0.04224447623569255,0.0,0.0,-0.03725917813501794,0.0,0.059470863239099586,0.05240345305082177,0.0,0.0,0.0,0.0,-0.7262882162795371,0.0,0.04597684537094672,-0.03635696768888445
2014-08-21,0.0,0.0,0.0,0.04229034149567083,0.0,0.0,-0.036731419927455995,0.0,0.05918934912253635,0.052456733639549,0.0,0.0,0.0,0.0,-0.727486026983088,0.0,0.04576761558311263,-0.03607851324858716
2014-08-22,0.0,0.0,0.0,0.04225399240964288,0.0,0.0,-0.036701173496253944,0.0,0.05897257977942269,0.0527152478238996,0.0,0.0,0.0,0.0,-0.7274168560458845,0.0,0.04574657179645022,-0.03619357864844622
2014-08-25,0.0,0.0,0.0,0.042538670144645484,0.0,0.0,-0.038845204590919856,0.0,0.058924325977101094,0.05302480087030226,0.0,0.0,0.0,0.0,-0.7246525653530561,0.0,0.045855343332366724,-0.036159089731608474
2014-08-26,0.0,0.0,0.0,0.04256234810883479,0.0,0.0,-0.03891830243920595,0.0,0.05896532610911619,0.053281204043967155,0.0,0.0,0.0,0.0,-0.722764297735264,0.0,0.04697834936592052,-0.036530172197691474
2014-08-27,0.0,0.0,0.0,0.04236162305383303,0.0,0.0,-0.038848379526155954,0.0,0.05903312923592367,0.05350382354049363,0.0,0.0,0.0,0.050227902937573225,-0.7193593166338169,0.0,0.0,-0.03666582507220348
2014-08-28,0.0,0.0,0.0,0.04306803899173552,0.0,0.0,-0.03883465352207444,0.0,0.05901302095996914,0.05351231261393664,0.0,0.0,0.0,0.0496092822942725,-0.7195641960281587,0.0,0.0,-0.03639849558985312
2014-08-29,0.0,0.0,0.0,0.04270961248537204,0.0,0.0,-0.03874147426319666,0.0,0.05845605510264627,0.05305868770541553,0.0,0.0,0.0,0.04946530934770155,-0.7221534039508473,0.0,0.0,-0.03541545714482063
2014-09-02,0.0,0.0,0.0,0.044333447303174324,0.0,0.0,-0.03839719610491036,0.0,0.06042800059749976,0.055020680741557075,0.043223206189713585,0.0,0.0,0.0,-0.7245098606734454,0.0,0.0,-0.03408760838969955
2014-09-03,0.0,0.0,0.0,0.043630369630767905,0.0,0.0,-0.038372299124495066,0.0,0.060448692546189974,0.05488352183158587,0.04303844760674992,0.0,0.0,0.0,-0.7271145760123561,0.0,0.0,-0.03251209324785532
2014-09-04,0.0,0.0,0.0,0.043963193348522965,0.0,0.0,-0.038289808259785174,0.0,0.06099401851019441,0.055043093958875085,0.04577885114590494,0.0,0.0,0.0,-0.7236692426233364,0.0,0.0,-0.03226179215338098
2014-09-05,0.0,0.0,0.0,0.044264458513007775,0.0,0.0,-0.038305054721421254,0.0,0.06126250790687145,0.05509767689841031,0.0,0.0,0.0,0.0,-0.7237843323440949,0.0,0.045209047537166355,-0.03207692207902801
2014-09-08,0.0,0.0,0.0,0.0,0.0,0.0,-0.037438623522778186,0.0,0.060585360569874736,0.0546080937424245,0.0467374425912661,0.0,0.0,0.0,-0.7231908538199572,0.0,0.044892304881769006,-0.032547320871930185
2014-09-09,0.0,0.0,0.0,0.0,0.0,0.0,-0.03804891923623808,0.0,0.06036486787755752,0.054547903445060636,0.04648587036545973,0.0,0.0,0.0,-0.7220091683772301,0.0,0.04556061630952815,-0.032982654388925704
2014-09-10,0.0,0.0,0.0,0.0,0.0,0.09157082912717125,-0.036036696883600845,0.0,0.05750322145804846,0.051602918760505066,0.0,0.0,0.0,0.0,-0.6892553288019638,0.0,0.04291711555877636,-0.031113889409934207
2014-09-11,0.0,0.0,0.0,0.0,0.0,0.0,-0.03785908320385065,0.0,0.06068168870345994,0.055061707900150504,0.0460621396003645,0.0,0.0,0.0,-0.7217359515520618,0.0,0.045139555216508295,-0.03345987382360433
2014-09-12,0.0,0.0,0.0,0.0,0.0,0.0,-0.03732112238149995,0.0,0.05984055847316512,0.053999957839414706,0.044819024117198035,0.0,0.0,0.0,-0.7269451681783483,0.0,0.04395268815979211,-0.03312148085058183
2014-09-15,0.0,0.0,0.0,0.0,0.0,0.09100202509312566,-0.035757014272358896,0.0,0.05727444169235611,0.051343567820318806,0.0,0.0,0.0,0.0,-0.6909460859090968,0.0,0.04209742259195958,-0.031579442620784194
2014-09-16,0.0,0.0,0.0,0.0,0.0,0.0,-0.037121613182020126,0.0,0.05885421452941567,0.052543942716791026,0.04442842870410516,0.0,0.0,0.0,-0.7314997792965834,0.0,0.04409213066705304,-0.03145989090403162
2014-09-17,0.0,0.0,0.0,0.0,0.0,0.0,-0.03730748166794653,0.0,0.060726532640131094,0.0539312348926246,0.04553479207260382,0.0,0.0,0.0,-0.7254068410678739,0.0,0.04518059897093326,-0.03191251868788667
2014-09-18,0.0,0.0,0.0,0.0,0.0,0.0,-0.04401980205466924,0.0,0.06000080190862142,0.053189781147575464,0.04500897512806763,0.0,0.0,0.0,-0.7200837459468024,0.0,0.0461997397530373,-0.03149715406122663
2014-09-19,0.0,0.0,0.0,0.0,0.0,0.0,-0.0439893589351585,0.0,0.060183530167979796,0.053267391191502374,0.044318931397083705,0.0,0.0,0.0,-0.7210742379528612,0.0,0.045475674795509693,-0.0316908755599046
2014-09-22,0.0,0.0,0.0,0.0,0.0,0.0,-0.04168747123345723,0.0,0.05577114043262416,0.04909747747311333,0.0,0.0,0.11340228749434529,0.0,-0.6672000941333265,0.0,0.04308435271696102,-0.029757176516172535
2014-09-23,0.0,0.0,0.0,0.0,0.0,0.0977503921372071,-0.04194575451741805,0.0,0.056809578447899425,0.05002980286832647,0.0,0.0,0.0,0.0,-0.67926447252059,0.0,0.04421493923086545,-0.029985060277693536
2014-09-24,0.0,0.0,0.0,0.0,0.0,0.09856793760408193,-0.04209944900710726,0.0,0.05672067055452955,0.04978165033093374,0.0,0.0,0.0,0.0,-0.6791729751379678,0.0,0.04419370876938156,-0.029463608595998166
2014-09-25,0.0,0.0,0.0,0.0,0.0,0.10036797345366666,-0.04283650857137233,0.0,0.054321571418405365,0.04773108789701174,0.0,0.0,0.0,0.0,-0.6803872671061524,0.0,0.04421796589641307,-0.030137625656978504
2014-09-26,0.0,0.0,0.0,0.0,0.0,0.10038538917189835,-0.043145432113725915,0.0,0.05420404490100205,0.047351107473081334,0.0,0.0,0.0,0.0,-0.6802881919787124,0.0,0.04455286045472586,-0.03007297390685418
2014-09-29,0.0,0.0,-0.26311819535443914,0.0,0.0,0.22917660540567533,-0.10229177680875359,0.0,0.1249944785637565,0.10947067136252274,0.0,0.0,0.0,0.0,0.0,0.0,0.1021328249150616,-0.06881544758979102
2014-09-30,0.0,0.0,-0.26267352978932235,0.0,0.0,0.23007516118238147,-0.10211903925131617,0.0,0.1260812299894942,0.11117562197789095,0.0,0.0,0.0,0.0,0.0,0.0,0.1032257293210248,-0.06464968848857006
2014-10-01,0.0,0.0,0.0,-0.09085393964290013,0.0,0.0,-0.12008221043231239,0.0,0.14386365125086095,0.12655648401978234,0.0,0.0,0.3237061682444883,0.0,0.0,0.0,0.1180786412084483,-0.07685890520120753
2014-10-02,0.0,0.0,-0.26429968356368244,0.0,0.0,0.22743578998242833,-0.10441200357354713,0.0,0.1256961899800881,0.110361150336382,0.0,0.0,0.0,0.0,0.0,0.0,0.10132981220916228,-0.06646537035470979
2014-10-03,0.0,0.0,-0.2500292621588384,0.0,0.0,0.23530649876812992,-0.10309764488071274,0.0,0.12707792698130904,0.11164718966444397,0.0,0.0,0.0,0.0,0.0,0.0,0.10525936013055351,-0.06758211741601225
2014-10-06,0.0,0.0,-0.22353140375450703,0.0,0.0,0.0,-0.0961757334130752,0.0,0.12252883759705678,0.10850022043232257,0.0,0.0,0.28207024931885,0.0,0.0,0.0,0.10274183546320247,-0.06445172002098598
2014-10-07,0.0,0.0,-0.22653436620563785,0.0,0.0,0.0,-0.09834263182273907,0.0,0.11837844369946408,0.10644910948321962,0.0,0.0,0.2834421631199783,0.0,0.0,0.0,0.10186813195290567,-0.06498515371605533
2014-10-08,0.0,0.0,-0.22142124487780748,0.0,0.0,0.0,-0.10047392450009916,0.0,0.11626174295948058,0.10486889538936695,0.0,0.0,0.28499584355555946,0.0,0.0,0.0,0.10517349865372215,-0.06680485006396425
2014-10-09,0.0,0.0,0.0,0.0,0.0,0.0,-0.11650205592273713,0.0,0.12439315352218022,0.114927166203038,0.0,0.0,0.3260295378562389,-0.12033036896110828,0.0,0.0,0.1219355097837632,-0.07588220775093431
2014-10-10,0.0,0.0,0.0,0.0,0.0,0.0,-0.12570767444488898,0.0,0.12225084012812085,0.11163899237182236,0.0,0.0,0.32625776597599854,-0.11818620788649521,0.0,0.0,0.12034594782109609,-0.07561257137157787
2014-10-13,-0.15146576623841185,0.0,0.0,0.0,0.0,0.0,0.0,0.0,0.11672404870541514,0.10496298440796217,0.0,0.0,0.31887504807804035,-0.11559164897317026,0.0,0.0,0.11782747068892781,-0.07455303290807239
2014-10-14,0.0,0.0,0.0,0.0,0.0,0.0,-0.1276085081411705,0.0,0.12117661509319595,0.10829737529615177,0.0,0.0,0.329308818241898,-0.11932622935485167,0.0,0.0,0.12140853459443571,-0.07287391927829635
2014-10-15,-0.14684381291063173,0.0,0.0,0.0,0.0,0.0,0.0,0.0,0.11757703064542535,0.1063994444011642,0.0,0.0,0.32268536132005105,-0.11604990120416779,0.0,0.0,0.11888483120006324,-0.07155961831849665
2014-10-16,0.0,0.0,0.0,0.0,-0.11760757864204095,0.0,0.0,0.0,0.12301862007130274,0.11233640242683897,0.0,0.0,0.33173895554323335,-0.12059837613383353,0.0,0.0,0.12202645056438188,-0.07267361661836842
2014-10-17,0.0,0.0,0.0,0.0,0.0,0.0,-0.134667230501465,0.0,0.11944465854756371,0.10922134015779038,0.0,0.0,0.3299060938852757,-0.1131366872596351,0.0,0.0,0.12087703115453241,-0.07274695849373744
2014-10-20,0.0,0.0,0.0,0.0,0.0,0.0,-0.13443883584354602,0.0,0.1192795798378229,0.10839523671019706,0.0,0.0,0.3312078725604146,-0.11189205329369155,0.0,0.0,0.12155945670220539,-0.07322696505212244
2014-10-21,0.0,0.0,0.0,0.0,0.0,0.0,-0.13639392387963517,0.0,0.11488006777993692,0.10492928753295246,0.0,0.0,0.3365245552318124,-0.11077779895988261,0.0,0.0,0.12208170167071639,-0.07441266494506403
2014-10-22,0.0,0.0,0.0,0.0,0.0,0.0,-0.13732171812709437,0.0,0.11379948753176922,0.10354580712564315,0.0,0.0,0.34010157599091306,-0.11015941630801568,0.0,0.0,0.12271602345878908,-0.07235597145777566
2014-10-23,0.0,0.0,0.0,0.0,0.0,0.0,-0.14024762561287665,0.0,0.11225300156090023,0.10148055529186645,0.0,0.0,0.34314733300372807,-0.10909133900407368,0.0,0.0,0.12299949688532659,-0.07078064864122832
2014-10-24,0.0,0.0,0.0,0.0,0.0,0.0,-0.14038511382478816,0.0,0.11143142250296884,0.10113384054274405,0.0,0.0,0.3442028080017881,-0.10883541636675012,0.0,0.0,0.1231914965105062,-0.07081990225045462
2014-10-27,0.0,0.0,0.0,0.0,0.0,0.0,-0.1404013994931254,0.0,0.11168763631983071,0.1012061764087693,0.0,0.0,0.34385027175704413,-0.10879416865691298,0.0,0.0,0.12329601067450581,-0.07076433668981176
2014-10-28,0.0,0.0,0.0,0.0,0.0,0.0,-0.13998806834844263,0.0,0.10970161212142868,0.09933289596199193,0.0,0.0,0.3471835073748537,-0.10701331276018068,0.0,0.0,0.1262112608212611,-0.07056934261184117
2014-10-29,0.0,0.0,0.0,0.0,0.0,0.3114653408258139,-0.14295499976436546,0.0,0.1195949947946641,0.10783064917465522,0.0,0.0,0.0,-0.11441244914793522,0.0,0.0,0.13092071574330824,-0.07282085054925791
2014-10-30,0.0,0.0,0.0,0.0,0.0,0.32325240690229984,-0.1403643363355922,0.0,0.1173334524812158,0.10572206985512383,0.0,0.0,0.0,-0.11253470847238708,0.0,0.0,0.1297648448629607,-0.07102818109042068
2014-10-31,0.0,0.0,-0.27151134781412045,0.0,0.0,0.0,-0.15028875542619768,0.0,0.1345635980915888,0.12164692500789355,0.0,0.08899855952390272,0.0,0.0,0.0,0.0,0.1502741508881534,-0.08271666324814324
2014-11-03,0.0,0.0,-0.26610678973712387,0.0,0.0,0.0,-0.1511051571039924,0.0,0.13747377514791764,0.1235420641826781,0.0,0.08960416646492765,0.0,0.0,0.0,0.0,0.15145505867768877,-0.08071298868567162
2014-11-04,0.0,0.0,-0.19807935300301316,0.0,0.0,0.0,-0.117681755300036,0.0,0.10224907234010895,0.0917375310944474,0.0,0.0,0.3178529481751391,0.0,0.0,0.0,0.11270048152484764,-0.05969885856240778
2014-11-05,0.0,0.0,-0.20589837998078697,0.0,0.0,0.29157330031344264,-0.11654217653261177,0.0,0.10751642391023054,0.09698515686166269,0.0,0.0,0.0,0.0,0.0,0.0,0.12015771345987204,-0.06132684894139344
2014-11-06,0.0,0.0,0.0,0.0,0.0,0.0,-0.17266424681281933,0.0,0.16188310799624783,0.14481198316114424,0.0,0.10464643312690114,0.0,-0.1485086197056175,0.0,0.0,0.17685865047513727,-0.09062695872213271
2014-11-07,0.0,0.0,-0.26372213779531795,0.0,0.0,0.0,-0.13532684649523608,0.0,0.14388454251636648,0.12894377034618057,0.0,0.09358727263096167,0.0,0.0,0.0,0.0,0.15413643965462143,-0.08039899056131575
2014-11-10,0.0,0.0,0.0,0.0,0.0,0.33641667948845905,-0.11140354600406806,0.0,0.12450870337743047,0.11168598675378,0.0,0.0,0.0,-0.11433861924772194,0.0,0.0,0.1324046675302475,-0.06924179759829281
2014-11-11,0.0,0.0,-0.20400509402841124,0.0,0.0,0.304005623539073,-0.09728896403290577,0.0,0.11226042696040385,0.10079434494919612,0.0,0.0,0.0,0.0,0.0,0.0,0.11953760359371213,-0.062107942896297924
2014-11-12,0.0,0.0,0.0,0.0,0.0,0.34443473978958067,-0.1067663805879685,0.0,0.12327111092691666,0.11086062140330416,0.0,0.0,0.0,-0.11268767868508256,0.0,0.0,0.13238223045398806,-0.06959723815315964
2014-11-13,0.0,0.0,0.0,0.0,0.0,0.344611229056699,-0.10667444534249071,0.0,0.123048735985912,0.11064804007702955,0.0,0.0,0.0,-0.11267972967691138,0.0,0.0,0.13451615505839887,-0.06782166480255838
2014-11-14,0.0,0.0,0.0,0.0,0.0,0.3457834156086368,-0.09990491186363164,0.0,0.12447210763613632,0.11209998233262049,0.0,0.0,0.0,-0.11379471399734492,0.0,0.0,0.13712824289557599,-0.06681662566605384
2014-11-17,0.0,0.0,0.0,0.0,0.0,0.34591584857169333,-0.09974733364102309,0.0,0.12451889761247366,0.11223652369738531,0.0,0.0,0.0,-0.11365580330471645,0.0,0.0,0.13706279936220916,-0.06686279381049912
2014-11-18,0.0,0.0,-0.20373886389187454,0.0,0.0,0.3151962803529221,-0.08831927823798356,0.0,0.11099196028994796,0.0999118062498959,0.0,0.0,0.0,0.0,0.0,0.0,0.12243907111054696,-0.059402739866829
2014-11-19,0.0,0.0,-0.203079090833889,0.0,0.0,0.3160116380259718,-0.0881553551798742,0.0,0.1112589768826893,0.09988311038170548,0.0,0.0,0.0,0.0,0.0,0.0,0.12201161702897527,-0.05960021166689495
2014-11-20,0.0,0.0,-0.20331175701028942,0.0,0.0,0.31451317104413956,-0.08775861082073627,0.0,0.11209889212684135,0.10048207753122247,0.0,0.0,0.0,0.0,0.0,0.0,0.12285509848929856,-0.05898039297747235
2014-11-21,-0.12525709642380795,0.0,0.0,0.0,0.0,0.3419902254149096,-0.09699252682932458,0.0,0.12416147207476061,0.1113125737071754,0.0,0.0,0.0,0.0,0.0,0.0,0.13560436440640125,-0.06468174114362063
2014-11-24,-0.12483899889364872,0.0,0.0,0.0,0.0,0.343849086703021,-0.09697642515032336,0.0,0.12375697699996173,0.11068517157623921,0.0,0.0,0.0,0.0,0.0,0.0,0.13548922799250887,-0.06440411268429704
2014-11-25,-0.12240507867409023,0.0,0.0,0.0,0.0,0.35542637509724134,-0.09542426440770735,0.0,0.12184534850861625,0.10906539568301153,0.0,0.0,0.0,0.0,0.0,0.0,0.13352699540349175,-0.06230654222584146
2014-11-26,-0.12262897728034876,0.0,0.0,0.0,0.0,0.35342696081724867,-0.09592303216488034,0.0,0.12200625609371946,0.10916933083889543,0.0,0.0,0.0,0.0,0.0,0.0,0.13411837402050708,-0.06272706878440011
2014-11-28,-0.12663555373355934,0.0,0.0,0.0,0.0,0.351763907612472,-0.09362483974090355,0.0,0.1254295130819293,0.11267249141769228,0.0,0.0,0.0,0.0,0.0,0.0,0.13707459996446916,-0.05279909444897434
2014-12-01,-0.12280766392970781,0.0,0.0,0.0,0.0,0.351127033390596,-0.0863543602431022,0.0,0.12713021389503035,0.11282692518280865,0.0,0.0,0.0,0.0,0.0,0.0,0.1468629955696346,-0.0528908077891205
2014-12-02,-0.1230528548682459,0.0,0.0,0.0,0.0,0.35336843499962534,-0.08590704043529107,0.0,0.1265424320508224,0.11308029903344535,0.0,0.0,0.0,0.0,0.0,0.0,0.14486086166803772,-0.05318807694453227
2014-12-03,-0.1069682832507641,0.0,-0.2021124851722448,0.0,0.0,0.3066130311446843,0.0,0.0,0.10984439390387123,0.09834306879415027,0.0,0.0,0.0,0.0,0.0,0.0,0.12986869947547097,-0.04625003825881443
2014-12-04,-0.12218070078635636,0.0,0.0,0.0,0.0,0.354941790459621,-0.08491336955259628,0.0,0.12563377483780594,0.11257468181734603,0.0,0.0,0.0,0.0,0.0,0.0,0.14690877901927607,-0.052846903526998286
2014-12-05,0.0,0.0,-0.20341870860422617,0.0,0.0,0.3283414954234593,-0.07607836798667515,0.0,0.11288398524995429,0.10114761614953055,0.0,0.0,0.0,0.0,0.0,0.0,0.1307890499443909,-0.04734077664176372
2014-12-08,-0.10395737653492274,0.0,-0.204628555087457,0.0,0.0,0.0,0.0,0.0,0.11453374894169144,0.10234644653844244,0.0,0.0,0.29846539087783874,0.0,0.0,0.0,0.12964194939244325,-0.046426532627204614
2014-12-09,-0.11824071879450149,0.0,0.0,-0.08963014027198413,0.0,0.0,0.0,0.0,0.13091126570452613,0.11727239777849634,0.0,0.0,0.3420272430043885,0.0,0.0,0.0,0.1492254488764308,-0.05269278556967264
2014-12-10,-0.11744469013768473,0.0,0.0,-0.08991418201498634,0.0,0.0,0.0,0.0,0.12752809127815556,0.11518817941538043,0.0,0.0,0.34668516425546203,0.0,0.0,0.0,0.15075344073174618,-0.05248625216658466
2014-12-11,-0.15822848640382664,0.0,0.0,-0.12244094830947408,0.0,0.0,0.0,0.0,0.17372966320003694,0.15700282646027175,0.0,0.10764880008308657,0.0,0.0,0.0,0.0,0.21023524191878354,-0.07071403362452068
2014-12-12,-0.11489059667059165,0.0,0.0,-0.08923947574197352,0.0,0.0,0.0,0.0,0.12338883035736656,0.11375776728413879,0.0,0.0,0.35587197746389737,0.0,0.0,0.0,0.15126246675429053,-0.05158888572774147
2014-12-15,-0.11489149436304819,0.0,0.0,-0.08976879916359085,0.0,0.0,0.0,0.0,0.12330174897392918,0.11418711842079926,0.0,0.0,0.3546965130696746,0.0,0.0,0.0,0.1518890675462963,-0.05126525846266164
2014-12-16,-0.11377423676163925,0.0,0.0,-0.09024932711651931,0.0,0.0,0.0,0.0,0.12324268919485781,0.11308578714095374,0.0,0.0,0.35882673460644265,0.0,0.0,0.0,0.14984110660258543,-0.05098011857700188
2014-12-17,-0.1122922377643303,0.0,0.0,-0.08858119897384836,0.0,0.0,0.0,0.0,0.1196101179257302,0.11140704266681364,0.0,0.0,0.3666235178037388,0.0,0.0,0.0,0.14959091145871314,-0.05189497340682557
2014-12-18,-0.14887775919853027,0.0,0.0,-0.12868149090969577,0.0,0.0,0.0,0.0,0.16668867204772378,0.15603966142212933,0.0,0.11334124254659328,0.0,0.0,0.0,0.0,0.2106571397914511,-0.07571403408387656
2014-12-19,-0.14419882139224446,0.0,0.0,0.0,0.0,0.0,0.0,0.0,0.161725555837533,0.15198887329965408,0.0,0.1107232935113086,0.0,-0.1647027883191395,0.0,0.0,0.19907381457891402,-0.06758685306120624
2014-12-22,-0.10416386640354035,0.0,0.0,0.0,0.0,0.0,-0.0876084587296582,0.0,0.11893847447212573,0.11142086530121281,0.0,0.0,0.38338266684835576,0.0,0.0,0.0,0.1462226774608688,-0.04826299078423823
2014-12-23,-0.10351529390774436,0.0,0.0,0.0,0.0,0.0,0.0,0.0,0.11866805482790939,0.11167236836583123,0.0,0.0,0.36128164865171414,-0.12022411495768355,0.0,0.0,0.13725913770953613,-0.04737938157958137
2014-12-24,-0.10659034559150407,0.0,0.0,0.0,0.0,0.0,-0.08958938625212805,0.0,0.1248983432385903,0.11782118838188974,0.0,0.0,0.3700823472611091,0.0,0.0,0.0,0.14261380381226907,-0.048404585462509704
2014-12-26,-0.10284104413671766,0.0,0.0,0.0,0.0,0.0,0.0,0.0,0.12054598830801898,0.11407609805645046,0.0,0.0,0.35812492131257895,-0.12035137437108497,0.0,0.0,0.13726295127037333,-0.04679762254477573
2014-12-29,-0.10273794232808224,0.0,0.0,0.0,0.0,0.0,0.0,0.0,0.12084038187766653,0.11419436590802691,0.0,0.0,0.3576307752158351,-0.12019608506007007,0.0,0.0,0.1374733401772298,-0.0469271094330895
2014-12-30,-0.10299661881553006,0.0,0.0,0.0,0.0,0.0,0.0,0.0,0.12063553655447505,0.11361052629187143,0.0,0.0,0.3573890790360036,-0.11999913989786345,0.0,0.0,0.13815671353286146,-0.04721238587139502
2014-12-31,-0.10204025747641013,0.0,0.0,0.0,-0.1092557935896373,0.0,0.0,0.0,0.11982362069645068,0.11379403191062365,0.0,0.0,0.36514212292495707,0.0,0.0,0.0,0.14334359620927017,-0.04660057719265096
2015-01-02,-0.10033369877545541,0.0,0.0,0.0,0.0,0.0,0.0,0.0,0.11888820971415723,0.1128681802935708,0.0,0.0,0.35854136867711217,-0.12081939239049289,0.0,0.0,0.14231566674573498,-0.046233483403476494
2015-01-05,-0.1034089767546361,0.0,0.0,0.0,-0.10749737181336168,0.0,0.0,0.0,0.11928704320637386,0.1142305753606855,0.0,0.0,0.3669508094496316,0.0,0.0,0.0,0.1425954085927518,-0.046029814822559544
2015-01-06,-0.10407966840158325,0.0,0.0,0.0,-0.10848082391854862,0.0,0.0,0.0,0.11975836613593459,0.11487610881632397,0.0,0.0,0.3671735557351202,0.0,0.0,0.0,0.13939473071369543,-0.046236746278793935
2015-01-07,-0.10329225696639076,0.0,0.0,0.0,-0.10853942885610783,0.0,0.0,0.0,0.12066794223865514,0.11484335252026301,0.0,0.0,0.3669477526799142,0.0,0.0,0.0,0.14038734433806424,-0.045321922400605064
2015-01-08,0.0,0.0,0.0,0.0,-0.10685782064766217,0.0,0.0,0.0,0.11745001451493221,0.11213711511431255,0.0,0.0,0.3630619087196014,-0.12299750895031197,0.0,0.0,0.1333582175461962,-0.0441374145069835
2015-01-09,-0.0978804596819797,0.0,0.0,0.0,0.0,0.0,0.0,0.0,0.12009501291448269,0.11360685329288865,0.0,0.0,0.3606610236757382,-0.1345822737224676,0.0,0.0,0.12974227875833289,-0.04343209795411032
2015-01-12,0.0,0.0,0.0,0.0,-0.11145972613808071,0.0,0.0,0.0,0.11842511051154986,0.11314426394716008,0.0,0.0,0.35199970283615434,-0.13557007146521538,0.0,0.0,0.12777593733216866,-0.0416251877696709
2015-01-13,-0.09897943453542717,0.0,0.0,0.0,0.0,0.0,0.0,0.0,0.12163561279681742,0.11874259269932838,0.0,0.0,0.35431570854706274,-0.13659615773318182,0.0,0.0,0.12829873608129755,-0.041431757606884966
2015-01-14,-0.09813646883377201,0.0,0.0,0.0,0.0,0.0,0.0,0.0,0.1210025437295365,0.11856173346343354,0.0,0.0,0.35574308800604504,-0.13736588262555074,0.0,0.0,0.12838901805789016,-0.04080126528377198
2015-01-15,-0.10024812200123334,0.0,0.0,0.0,0.0,0.0,0.0,0.0,0.12275215790571989,0.11851178265052227,0.0,0.0,0.3516797742042788,-0.1390033551914689,0.0,0.0,0.12726739896145667,-0.040537409085320074
2015-01-16,-0.11052976044211929,0.0,0.0,0.0,0.0,0.0,0.0,0.0,0.121805859410846,0.1175674268347463,0.0,0.0,0.34469643827678037,-0.14015467783308916,0.0,0.0,0.12585071333299963,-0.03939512386941918
2015-01-20,-0.11160627439928102,0.0,0.0,0.0,0.0,0.0,0.0,0.0,0.12217085716658946,0.11806521651780492,0.0,0.0,0.3404854898436977,-0.14575376655182407,0.0,0.0,0.123488386152278,-0.038430009368524705
2015-01-21,-0.1106599863882561,0.0,0.0,0.0,0.0,0.0,0.0,0.0,0.12247257542745028,0.11922317816970132,0.0,0.0,0.34081882538641084,-0.14779104149432093,0.0,0.0,0.12090166841692211,-0.038132724716938446
2015-01-22,-0.11040049767784872,0.0,0.0,0.0,0.0,0.0,0.0,0.0,0.12284778999833101,0.12030138622067568,0.0,0.0,0.337211248893076,-0.15095880228724687,0.0,0.0,0.1205244964941019,-0.03775577842871982
2015-01-23,-0.11170700102243698,0.0,0.0,0.0,0.0,0.0,0.0,0.0,0.12362566139295528,0.12270031554560888,0.0,0.0,0.33308964197714375,-0.15093235534042387,0.0,0.0,0.11978160348962977,-0.03816342123180146
2015-01-26,-0.10375115676946453,0.0,-0.20571754234033415,0.0,0.0,0.0,0.0,0.0,0.11574921108749146,0.11608079695085324,0.0,0.0,0.31061391865792953,0.0,0.0,0.0,0.11238078356880418,-0.03570659062512296
2015-01-27,-0.10481224568858918,0.0,-0.2046090049736943,0.0,0.0,0.0,0.0,0.0,0.11522746265024297,0.11399692912797535,0.0,0.0,0.3126376187802865,0.0,0.0,0.0,0.11312982386960133,-0.03558691490961038
2015-01-28,-0.11428883220067007,0.0,0.0,0.0,0.0,0.0,0.0,0.0,0.12179679600348903,0.12364262849976233,0.0,0.0,0.3312861170648676,-0.14925662072093485,0.0,0.0,0.12112261536167246,-0.03860639014860373
2015-01-29,-0.10594546226927588,0.0,-0.20865489435123497,0.0,0.0,0.0,0.0,0.0,0.11358273132356245,0.11517485770491132,0.0,0.0,0.30871815799435387,0.0,0.0,0.0,0.11216726662458625,-0.03575662973207517
2015-01-30,-0.11729594887215386,0.0,0.0,0.0,0.0,0.0,0.0,0.0,0.1225801947036226,0.12522627458865956,0.0,0.0,0.32714394134999575,-0.14969148329124604,0.0,0.0,0.12071816451911631,-0.03734399267520593
2015-02-02,-0.10891494513565167,0.0,-0.2143876134471057,0.0,0.0,0.0,0.0,0.0,0.11187770647309428,0.11561865033246554,0.0,0.0,0.30376005677813817,0.0,0.0,0.0,0.11167222560783689,-0.03376880222570783
2015-02-03,-0.13681310046546816,0.0,-0.2813606874277469,0.10746506019161503,0.0,0.0,0.0,0.0,0.14371758642342547,0.14999171452662335,0.0,0.0,0.0,0.0,0.0,0.0,0.13806202600926482,-0.04258982495585635
2015-02-04,-0.13655504074543892,0.0,-0.28479581181802816,0.0,0.0,0.0,0.0,0.0,0.1424601874301448,0.14883396381553649,0.0,0.10916708979811847,0.0,0.0,0.0,0.0,0.13717443662309692,-0.04101346976963634
2015-02-05,-0.13635036606122444,0.0,-0.2854293104192419,0.0,0.0,0.0,0.0,0.0,0.14250707897011125,0.14912864066532208,0.0,0.10937083488066832,0.0,0.0,0.0,0.0,0.1365031970302709,-0.04071057197316103
2015-02-06,-0.13837077149024463,0.0,-0.27600392264479934,0.0,0.0,0.0,0.0,0.0,0.1460387160986753,0.15180814096297768,0.0,0.11157605251110933,0.0,0.0,0.0,0.0,0.13469861796533192,-0.04150377832686183
2015-02-09,-0.13670985189550477,0.0,-0.2794021562452665,0.0,0.0,0.0,0.0,0.0,0.14539564463221633,0.1513985291090327,0.0,0.11099613983875807,0.0,0.0,0.0,0.0,0.13488541064850748,-0.041212267630714026
2015-02-10,-0.13789448967395299,0.0,-0.2822415771178322,0.0,0.0,0.0,0.0,0.0,0.1444108850362607,0.14915715627547135,0.0,0.11048009437840706,0.0,0.0,0.0,0.0,0.1349798793659246,-0.040835918152150964
2015-02-11,-0.13772043963438663,0.0,-0.27987898363758784,0.0,0.0,0.0,0.0,0.0,0.14469974530196286,0.14945989560385933,0.0,0.11083184366037747,0.0,0.0,0.0,0.0,0.13656658758955725,-0.040842504572268644
2015-02-12,-0.16688259848894652,0.0,0.0,0.0,0.0,0.0,-0.1237412258598273,0.0,0.1756382204476499,0.1820099607297675,0.0,0.13509910277303927,0.0,0.0,0.0,0.0,0.1671934711947195,-0.049435420506050064
2015-02-13,-0.1665810636110803,0.0,0.0,0.0,0.0,0.0,-0.12429513736301359,0.0,0.1763155934861093,0.18215866083596852,0.0,0.1353997098526593,0.0,0.0,0.0,0.0,0.16593694659636352,-0.04931288825480545
2015-02-17,0.0,0.0,-0.2843695227391837,0.0,0.0,0.0,-0.10578225349005695,0.0,0.15225374000272862,0.1573203161100486,0.0,0.11743664981081547,0.0,0.0,0.0,0.0,0.14013800247117283,-0.04269951537599378
2015-02-18,-0.16632060465181328,0.0,0.0,0.0,0.0,0.0,-0.12624094911432965,0.0,0.17658394105254932,0.1824918785332022,0.0,0.13628675489466585,0.0,0.0,0.0,0.0,0.1624683585829285,-0.049607513170511056
2015-02-19,0.0,0.0,-0.2834239748754814,0.0,0.0,0.0,-0.10849010564029199,0.0,0.15152939522803888,0.1568890095229173,0.0,0.11795478820128165,0.0,0.0,0.0,0.0,0.139085016639237,-0.042627709892751726
2015-02-20,-0.1660706053576679,0.0,0.0,0.0,0.0,0.0,-0.12648554892936306,0.0,0.1761321302329408,0.1824015548925735,0.0,0.1375507511672728,0.0,0.0,0.0,0.0,0.16183092715355132,-0.049528482266630446
2015-02-23,0.0,0.0,-0.28438284577684025,0.0,0.0,0.0,-0.1091438745727815,0.0,0.15087179978215182,0.15635517001654656,0.0,0.11886972131080624,0.0,0.0,0.0,0.0,0.13808884184509698,-0.042287746695776667
2015-02-24,-0.12753420907463325,0.0,0.0,0.0,0.0,0.0,-0.09824150511361703,0.0,0.13504785261204355,0.14004362337941872,0.0,0.0,0.3386361743684749,0.0,0.0,0.0,0.12246333213601053,-0.03803330331580221
2015-02-25,0.0,0.0,-0.22453356193504467,0.0,0.0,0.0,-0.08703618142077613,0.0,0.11983491332524232,0.12426163426332817,0.0,0.0,0.3023946164965194,0.0,0.0,0.0,0.10856898250788592,-0.03337011005120348
2015-02-26,0.0,0.0,-0.2785037552075271,0.0,0.0,0.0,-0.11077208674919792,0.0,0.1523190793826451,0.15849824409159058,0.0,0.12185348847074097,0.0,0.0,0.0,0.0,0.13579011698021415,-0.04226322911808409
2015-02-27,0.0,0.0,-0.22286578616978145,0.0,0.0,0.0,-0.08797035077323788,0.0,0.1208681001394961,0.12558145856436143,0.0,0.0,0.3013060733971858,0.0,0.0,0.0,0.10780336698541669,-0.033604863970520635
2015-03-02,0.0,0.0,-0.2814089135472383,0.0,0.0,0.0,-0.1112413101927093,0.0,0.15271265191714942,0.158134857474233,0.0,0.12155653138272883,0.0,0.0,0.0,0.0,0.13253218238386968,-0.04241355310207146
2015-03-03,0.0,0.0,-0.27997086925142584,0.0,0.0,0.0,-0.11465462869502734,0.0,0.1515199775288072,0.1564872010515042,0.0,0.12146946548894864,0.0,0.0,0.0,0.0,0.13172533395805336,-0.04417252402623344
2015-03-04,0.0,0.0,-0.22203363478937316,0.0,0.0,0.0,-0.09983683402196065,0.0,0.12061076161948123,0.1259460096012331,0.0,0.0,0.2913412436206309,0.0,0.0,0.0,0.10508616076358145,-0.03514535558373957
2015-03-05,0.0,0.0,-0.2232835031636897,0.0,0.0,0.0,-0.09928148422944015,0.0,0.11932527042571041,0.12413610266354044,0.0,0.0,0.29497506671113477,0.0,0.0,0.0,0.1042755441559074,-0.03472302865057711
2015-03-06,0.0,0.0,-0.22113939425194684,0.0,0.0,0.0,-0.09959635223472105,0.0,0.12253683262144276,0.12705658394893324,0.0,0.0,0.28846447921348967,0.0,0.0,0.0,0.10502709456170256,-0.03617926316776381
2015-03-09,0.0,0.0,-0.22183520771835374,0.0,0.0,0.0,-0.09985378633128619,0.0,0.12259749180075909,0.12716320652182525,0.0,0.0,0.28718840040070215,0.0,0.0,0.0,0.1051403289125969,-0.03622157831447673
2015-03-10,0.0,0.0,-0.22331085557339073,0.0,0.0,0.0,-0.10087106523149596,0.0,0.12018785531952857,0.12437119467616764,0.0,0.0,0.29047682321105855,0.0,0.0,0.0,0.1045591509096685,-0.03622305507869015
2015-03-11,0.0,0.0,-0.2231591348706225,0.0,0.0,0.0,-0.10135688829571124,0.0,0.12023234296115946,0.12468029542049885,0.0,0.0,0.28914175737980774,0.0,0.0,0.0,0.10488248734557008,-0.0365470937266301
2015-03-12,0.0,0.0,-0.27417593275878915,0.0,0.0,0.0,-0.12820080021584504,0.0,0.14553341377422305,0.15093389788803882,0.0,0.12742456918031958,0.0,0.0,0.0,0.0,0.1288514739682127,-0.044879912214571584
2015-03-13,0.0,0.0,-0.2681767459206045,0.0,0.0,0.0,-0.1271555778339974,0.0,0.14760140579426959,0.15328335079609787,0.0,0.1310836506581518,0.0,0.0,0.0,0.0,0.12813622514737974,-0.04456304384949902
2015-03-16,0.0,0.0,-0.2664455233344692,0.0,0.0,0.0,-0.12830390470630434,0.0,0.14708935919789481,0.1525460180255573,0.0,0.13201083910597172,0.0,0.0,0.0,0.0,0.12866058759032073,-0.044943768039482065
2015-03-17,0.0,0.0,-0.26496720915771904,0.0,0.0,0.0,-0.1267260240488814,0.0,0.14948589793053182,0.15411213083296216,0.0,0.13190974572076367,0.0,0.0,0.0,0.0,0.12818609635539369,-0.04461289595374841
2015-03-18,0.0,0.0,-0.20169006481661317,0.0,0.0,0.0,-0.11097754614806692,0.0,0.12770644327041483,0.13208928129820008,0.0,0.0,0.2817037950227602,0.0,0.0,0.0,0.1078995041797726,-0.037933365264172236
2015-03-19,0.0,0.0,-0.2409927165734197,0.0,0.0,0.0,-0.1332048959555115,0.0,0.15250096723827333,0.16047160323099693,0.0,0.13765212581343222,0.0,0.0,0.0,0.0,0.13015910322931612,-0.04501858795905022
2015-03-20,0.0,0.0,-0.2336057997745863,0.0,0.0,0.0,-0.13012755713052696,0.0,0.154923246880145,0.16273263798622062,0.0,0.14586463941207486,0.0,0.0,0.0,0.0,0.12867731640636798,-0.04406880241007826
2015-03-23,0.0,0.0,-0.22167835083261594,0.0,0.0,0.0,-0.12826895852831258,0.0,0.16072396089810306,0.16946113112197206,0.0,0.14670257288948402,0.0,0.0,0.0,0.0,0.12978485324843073,-0.04338017248108146
2015-03-24,0.0,0.0,-0.22133725323212172,0.0,0.0,0.0,-0.12815505600607013,0.0,0.15998042424611686,0.1690064032770092,0.0,0.1464916569174428,0.0,0.0,0.0,0.0,0.1303653756118473,-0.04466383070939212
2015-03-25,0.0,0.0,-0.22464757253816436,0.0,0.0,0.0,-0.13375209024006982,0.0,0.16015403341551598,0.1658230913107924,0.0,0.13848812400175117,0.0,0.0,0.0,0.0,0.13153811474120328,-0.045596973752502976
2015-03-26,0.0,0.0,-0.22550935814247897,0.0,0.0,0.0,-0.13311875475109852,0.0,0.15996935311223667,0.16540445266728757,0.0,0.13826099422215735,0.0,0.0,0.0,0.0,0.13279885718974138,-0.044938229914999496
2015-03-27,0.0,0.0,-0.22647067218299743,0.0,0.0,0.0,-0.13333531588197184,0.0,0.160331670970971,0.1657220060872384,0.0,0.13801316282304446,0.0,0.0,0.0,0.0,0.13210699239369025,-0.04402017966008645
2015-03-30,0.0,0.0,-0.22567160362095023,0.0,0.0,0.0,-0.13626633216020848,0.0,0.1585176475331337,0.16511967667269106,0.0,0.13720227013427425,0.0,0.0,0.0,0.0,0.13285919456366196,-0.044363275315080296
2015-03-31,0.0,0.0,-0.22602091472956876,0.0,0.0,0.0,-0.13746578153875372,0.0,0.15789567576060146,0.1638276910013407,0.0,0.13695540231756878,0.0,0.0,0.0,0.0,0.13341497395940294,-0.04441956069276367
2015-04-01,0.0,0.0,-0.19429056024482633,0.0,0.0,0.0,-0.11647766706425247,0.0,0.0,0.14040155395368561,0.0,0.11742821889051322,0.2812800705665646,0.0,0.0,0.0,0.11278955445831901,-0.03733237482183891
2015-04-02,0.0,0.0,-0.2259011447917447,0.0,0.0,0.0,-0.13805338663934516,0.0,0.15900923298305664,0.16544423853413634,0.0,0.13747664016789396,0.0,0.0,0.0,0.0,0.13051339877340962,-0.04360195811041363
2015-04-06,0.0,0.0,-0.22655657334997772,0.0,0.0,0.0,-0.1370196483679462,0.0,0.15852282531249978,0.16511267755915623,0.0,0.1383453734718594,0.0,0.0,0.0,0.0,0.13142906707509822,-0.04301383486346258
2015-04-07,0.0,0.0,-0.22130184577418102,0.0,0.0,0.0,-0.1369839322504986,0.0,0.16136639131365707,0.16855033588196355,0.0,0.1377486325161647,0.0,0.0,0.0,0.0,0.1310201375850595,-0.04302872467847565
2015-04-08,0.0,0.0,-0.2194007666937,0.0,0.0,0.0,-0.13655258272914228,0.0,0.16125851028145868,0.16855862402064026,0.0,0.13950514422501945,0.0,0.0,0.0,0.0,0.1325700718313948,-0.042154300218644546
2015-04-09,0.0,0.0,-0.2154612584753075,0.0,0.0,0.0,-0.13634123972603987,0.0,0.16268828659625723,0.17090346896883085,0.0,0.14148145018573033,0.0,0.0,0.0,0.0,0.1308930694637846,-0.042231226584049646
2015-04-10,0.0,0.0,-0.21208692095388865,0.0,0.0,0.0,-0.1330577920035774,0.0,0.1651436659473553,0.1746414534758356,0.0,0.14304071480618216,0.0,0.0,0.0,0.0,0.1305564858016876,-0.041472967011473266
2015-04-13,0.0,0.0,-0.21162237194470335,0.0,0.0,0.0,-0.1331074910767938,0.0,0.16554068492198262,0.1744257089858029,0.0,0.14310287470093852,0.0,0.0,0.0,0.0,0.13091741200468987,-0.041283456365088934
2015-04-14,0.0,0.0,-0.20880191229883652,0.0,0.0,0.0,-0.1338612345205482,0.0,0.1660375596454903,0.17588901235391421,0.0,0.14306637512317766,0.0,0.0,0.0,0.0,0.1304542055743244,-0.04188970048370878
2015-04-15,0.0,0.0,-0.20840686627669538,0.0,0.0,0.0,-0.13354440863979625,0.0,0.16637005898597995,0.17635098910269092,0.0,0.14299163120677386,0.0,0.0,0.0,0.0,0.13090765867175957,-0.041428387116304165
2015-04-16,0.0,0.0,-0.20742913494669485,0.0,0.0,0.0,-0.13317468640855853,0.0,0.16709945306220012,0.17669624470821815,0.0,0.1429227872449529,0.0,0.0,0.0,0.0,0.13098708859332017,-0.04169060503605532
2015-04-17,0.0,0.0,-0.2049716669288032,0.0,0.0,0.0,-0.13877565334889008,0.0,0.1647196637372286,0.17351475272528236,0.0,0.14516741621062587,0.0,0.0,0.0,0.0,0.13084675404611393,-0.04200409300305598
2015-04-20,0.0,0.0,-0.2018817384971875,0.0,0.0,0.0,-0.13928668297064775,0.0,0.16543052116223217,0.17314572841876477,0.0,0.14737717764309688,0.0,0.0,0.0,0.0,0.13048814643473047,-0.04239000487334041
2015-04-21,0.0,0.0,-0.20197440867814975,0.0,0.0,0.0,-0.14062554073856856,0.0,0.16422118638050182,0.17231353740957991,0.0,0.1466060736148051,0.0,0.0,0.0,0.0,0.13146411847081682,-0.04279513470757807
2015-04-22,0.0,0.0,-0.20255498968177746,0.0,0.0,0.0,-0.13898609106213877,0.0,0.16475674278689878,0.17254277715084523,0.0,0.14754707846980217,0.0,0.0,0.0,0.0,0.130672781590432,-0.04293953925810541
2015-04-23,0.0,0.0,-0.20230226457473613,0.0,0.0,0.0,-0.13680178562334444,0.0,0.16671231450947122,0.17444912724903266,0.0,0.1491518738443844,0.0,0.0,0.0,0.0,0.12831933602555273,-0.04226329817347843
2015-04-24,0.0,0.0,-0.2013205242040415,0.0,0.0,0.0,-0.1352507558610939,0.0,0.16819139297150737,0.17454131676756876,0.0,0.14835640209374046,0.0,0.0,0.0,0.0,0.1298802303350696,-0.04245937776697853
2015-04-27,0.0,0.0,-0.20264717384991088,0.0,0.0,0.0,-0.1320629156554933,0.0,0.16927747063383816,0.17534938403821626,0.0,0.14684373876909645,0.0,0.0,0.0,0.0,0.13101064894149578,-0.04280866811194918
2015-04-28,0.0,0.0,-0.20121299162753423,0.0,0.0,0.0,-0.13163548833924743,0.0,0.17010622071312925,0.1802577523775953,0.0,0.1460653953154864,0.0,0.0,0.0,0.0,0.12815336707005043,-0.04256878455695707
2015-04-29,0.0,0.0,-0.19858206027087918,0.0,0.0,0.0,-0.1299913945207228,0.0,0.17539081905481374,0.1793936150476638,0.0,0.1460492815630961,0.0,0.0,0.0,0.0,0.12817076282470882,-0.042422066718115575
2015-04-30,0.0,0.0,-0.2005871041953966,0.0,0.0,0.0,-0.13260121001564998,0.0,0.17582779712365532,0.17861144522875594,0.0,0.14042039999883066,0.0,0.0,0.0,0.0,0.12931586188566663,-0.04263618155204497
2015-05-01,0.0,0.0,-0.19570526902982643,0.0,0.0,0.0,-0.1362604550263893,0.0,0.17620125551267737,0.17603082296407194,0.0,0.14365085338067154,0.0,0.0,0.0,0.0,0.12885137947442227,-0.04329996461194112
2015-05-04,0.0,0.0,-0.19409161444109127,0.0,0.0,0.0,-0.1347679510699164,0.0,0.17960848423048684,0.17727576861188699,0.0,0.14300492163411613,0.0,0.0,0.0,0.0,0.12747846071801275,-0.04377279929448964
2015-05-05,0.0,0.0,-0.19342212681894266,0.0,0.0,0.0,-0.13470445297140218,0.0,0.18083926661190822,0.17455449058724448,0.0,0.14141560630363323,0.0,0.0,0.0,0.0,0.13074192430588558,-0.04432213240098369
2015-05-06,0.0,0.0,-0.1934193088950249,0.0,0.0,0.0,-0.13499841969602502,0.0,0.1810689921750894,0.17436490547035974,0.0,0.14127589557928877,0.0,0.0,0.0,0.0,0.1279672965784333,-0.046905181605778924
2015-05-07,0.0,0.0,-0.19302349327117788,0.0,0.0,0.0,-0.13342047265135193,0.0,0.18308967094558617,0.17554767199721638,0.0,0.1424782417700921,0.0,0.0,0.0,0.0,0.1256195418271991,-0.04682090753737651
2015-05-08,0.0,0.0,-0.19796469932491267,0.0,0.0,0.0,-0.140472245500777,0.0,0.17696631100430313,0.170425235117812,0.0,0.1403763527716236,0.0,0.0,0.0,0.0,0.12723707628502026,-0.0465580799955515
2015-05-11,0.0,0.0,-0.19743823538241517,0.0,0.0,0.0,-0.14157743460217262,0.0,0.17786162384686763,0.17173065194311216,0.0,0.14224922644274318,0.0,0.0,0.0,0.0,0.12218642584689182,-0.04695640193579738
2015-05-12,0.0,0.0,-0.19616534380024683,0.0,0.0,0.0,-0.13972592651287186,0.0,0.17850499956827942,0.17400754377104677,0.0,0.14240078414760715,0.0,0.0,0.0,0.0,0.1216265866971082,-0.047568815502839576
2015-05-13,0.0,0.0,-0.19694966506556216,0.0,0.0,0.0,-0.1372585823662935,0.0,0.17902213970958228,0.1745047602027831,0.0,0.1427223115054199,0.0,0.0,0.0,0.0,0.12154251627315743,-0.04800002487720163
2015-05-14,0.0,0.0,-0.20019525257510162,0.0,0.0,0.0,-0.13640634434847848,0.0,0.179312435056785,0.1721155949496978,0.0,0.14247698741401488,0.0,0.0,0.0,0.0,0.12097408759282957,-0.048519298063092534
2015-05-15,0.0,0.0,-0.19886372830390117,0.0,0.0,0.0,-0.1370555168337245,0.0,0.18000922918321302,0.17349202594173282,0.0,0.1435910404735827,0.0,0.0,0.0,0.0,0.11804230178249349,-0.04894615748135239
2015-05-18,0.0,0.0,-0.18524017306871307,0.0,0.0,0.0,-0.1347016065812831,0.0,0.1714451002605207,0.16521227801746663,0.16192130438202068,0.1347810838842929,0.0,0.0,0.0,0.0,0.0,-0.04669845380570274
2015-05-19,0.0,0.0,-0.18356860407010345,0.0,0.0,0.0,-0.1327900461605076,0.0,0.17255502937653372,0.16620667542554507,0.16287964956506215,0.13557257602460532,0.0,0.0,0.0,0.0,0.0,-0.0464274193776427
2015-05-20,0.0,0.0,-0.1836722628455658,0.0,0.0,0.0,-0.13278946352347046,0.0,0.1728851491683714,0.16603961645082851,0.16282268582014595,0.1354229247889752,0.0,0.0,0.0,0.0,0.0,-0.04636789740264275
2015-05-21,0.0,0.0,-0.1932328653008628,0.0,0.0,0.0,-0.14005928221201006,0.0,0.18298714511231953,0.17575933041748318,0.0,0.14253826220966312,0.0,0.0,0.0,0.0,0.11686457354945812,-0.04855854119820314
2015-05-22,0.0,0.0,-0.1912418403875366,0.0,0.0,0.0,-0.14014990777028863,0.0,0.18297800673335735,0.1758212056527243,0.0,0.14253283948832698,0.0,0.0,0.0,0.0,0.118210587565896,-0.049065612401870386
2015-05-26,0.0,0.0,-0.19117936647165296,0.0,0.0,0.0,-0.13929455561261148,0.0,0.18272921985920323,0.1752716672484705,0.0,0.14322694131675917,0.0,0.0,0.0,0.0,0.11898849321236761,-0.049309756278935024
2015-05-27,0.0,0.0,-0.19296590767206767,0.0,0.0,0.0,-0.14027135994022022,0.0,0.18156852809880486,0.1737106661302263,0.0,0.14156177317335716,0.0,0.0,0.0,0.0,0.11977390833481964,-0.05014785665050412
2015-05-28,0.0,0.0,-0.19476616348428938,0.0,0.0,0.0,-0.13957869494799885,0.0,0.18097593365183343,0.1725849201894062,0.0,0.14089929515139282,0.0,0.0,0.0,0.0,0.12055158004125457,-0.05064341253382471
2015-05-29,0.0,0.0,-0.19473598680809814,0.0,0.0,0.0,-0.1399091912978458,0.0,0.1809399456411766,0.17157320323843345,0.0,0.14141715204298527,0.0,0.0,0.0,0.0,0.12151814677758827,-0.04990637419387257
2015-06-01,0.0,0.0,-0.19211800835319234,0.0,0.0,0.0,-0.13964498027702127,0.0,0.18089013529834025,0.17237360548080463,0.0,0.14191234774184414,0.0,0.0,0.0,0.0,0.12325477932330697,-0.049806143525490315
2015-06-02,0.0,0.0,-0.19052946424531503,0.0,0.0,0.0,-0.13970809982743368,0.0,0.18190905503442872,0.1731085092776183,0.0,0.14305244622810326,0.0,0.0,0.0,0.0,0.12187491073865106,-0.04981751464845
2015-06-03,0.0,0.0,-0.19195336038274022,0.0,0.0,0.0,-0.13957991471830494,0.0,0.18294052481350598,0.17397784565565455,0.0,0.14143832099878553,0.0,0.0,0.0,0.0,0.12013228450298458,-0.04997774892802418
2015-06-04,0.0,0.0,-0.1936154079407227,0.0,0.0,0.0,-0.1400529948252582,0.0,0.18242696579257972,0.17326743371047795,0.0,0.14113730537057095,0.0,0.0,0.0,0.0,0.1193921277946598,-0.050107764565730656
2015-06-05,0.0,0.0,-0.1891496952636087,0.0,0.0,0.0,-0.14711163257907306,0.0,0.18391874209683096,0.1735934256572807,0.0,0.138427357755446,0.0,0.0,0.0,0.0,0.11879646986596093,-0.04900267678179942
2015-06-08,0.0,0.0,-0.1876099879388085,0.0,0.0,0.0,-0.14754502211375023,0.0,0.18408624670452503,0.17272252900275403,0.0,0.13875072369289282,0.0,0.0,0.0,0.0,0.12015664677908715,-0.049128843768182266
2015-06-09,0.0,0.0,-0.1905859251793836,-0.12226975259778156,0.0,0.0,0.0,0.0,0.1945411543315455,0.1804830286887868,0.0,0.14068509749907077,0.0,0.0,0.0,0.0,0.12204483065415818,-0.04939021104927364
2015-06-10,0.0,0.0,-0.1869642764893322,0.0,0.0,0.0,-0.14581538972301575,0.0,0.18708246938856304,0.17425074223122725,0.0,0.13701358064744773,0.0,0.0,0.0,0.0,0.12038355628389562,-0.04848998523651833
2015-06-11,0.0,0.0,-0.18676194707520682,0.0,0.0,0.0,-0.14423908159830234,0.0,0.1902030484364708,0.17691682973543343,0.0,0.13850171192372202,0.0,0.0,0.0,0.0,0.11505485539312404,-0.04832252583774058
2015-06-12,0.0,0.0,-0.1901905289527008,0.0,0.0,0.0,-0.1436443459909332,0.0,0.18851180621382055,0.1760186631195658,0.0,0.13800312826078745,0.0,0.0,0.0,0.0,0.11459399570595578,-0.04903753175623644
2015-06-15,0.0,0.0,-0.1893065926952452,0.0,0.0,0.0,-0.14151844519239737,0.0,0.1912043768925337,0.17824505523931855,0.0,0.13677541425008077,0.0,0.0,0.0,0.0,0.11399796650629666,-0.04895214922412767
2015-06-16,0.0,0.0,-0.18946124547065452,0.0,0.0,0.0,-0.14194132897107214,0.0,0.19089566400985594,0.17757522629908148,0.0,0.13643981566070856,0.0,0.0,0.0,0.0,0.11416560118146313,-0.04952111840716425
2015-06-17,0.0,0.0,-0.19871688802123322,0.0,0.0,0.0,-0.14234840966057688,0.0,0.19035942624586905,0.1744556470403955,0.0,0.1319715908276797,0.0,0.0,0.0,0.0,0.11308201179356925,-0.04906602641067626
2015-06-18,0.0,0.0,-0.20486434517390117,0.0,0.0,0.0,-0.139909575056211,0.0,0.1903752915616386,0.17127422180121887,0.0,0.1295712804155951,0.0,0.0,0.0,0.0,0.11331251513442343,-0.05069277085701196
2015-06-19,0.0,0.0,-0.21068162316040623,0.0,0.0,0.0,-0.1402703945459678,0.0,0.18979053238086027,0.17031070433676873,0.0,0.12831886207540533,0.0,0.0,0.0,0.0,0.11059789057382328,-0.05002999292676833
2015-06-22,0.0,0.0,-0.2204766876497564,0.0,0.0,0.0,-0.13783968224344456,0.0,0.1880068299219337,0.16868917905466416,0.0,0.12732040759612254,0.0,0.0,0.0,0.0,0.10746607010005968,-0.050201143434018866
2015-06-23,0.0,0.0,-0.21578180514926792,0.0,0.0,0.0,-0.13748525673237896,0.0,0.19094114430195183,0.16950236539157829,0.0,0.12755171485737918,0.0,0.0,0.0,0.0,0.1085702568714317,-0.0501674566960121
2015-06-24,0.0,0.0,-0.21092861730720538,0.0,0.0,0.0,-0.1342458821506156,0.0,0.1911666791031933,0.1733208524109955,0.0,0.13525673152184692,0.0,0.0,0.0,0.0,0.10552623390645845,-0.049555003599684934
2015-06-25,0.0,0.0,-0.21065096829092597,0.0,0.0,0.0,-0.13444816457202172,0.0,0.19001717760935297,0.17245200784479592,0.0,0.1348140647702984,0.0,0.0,0.0,0.0,0.10663812284773808,-0.05097949406486696
2015-06-26,0.0,0.0,-0.20838419043102144,0.0,0.0,0.0,-0.13401239610000634,0.0,0.18929782229285816,0.17183353399014648,0.0,0.1347960278986565,0.0,0.0,0.0,0.0,0.1070680673314989,-0.054607961955812134
2015-06-29,0.0,0.0,-0.21463598082803148,0.0,0.0,0.0,-0.1401948583632662,0.0,0.18673117214081675,0.16596448929172575,0.0,0.13223013557462418,0.0,0.0,0.0,0.0,0.10458184514226934,-0.05566151865926626
2015-06-30,0.0,0.0,-0.21326725528873763,0.0,0.0,0.0,-0.13928406978056582,0.0,0.188677593572013,0.16730994816643638,0.0,0.13125439905512254,0.0,0.0,0.0,0.0,0.10425646223549104,-0.055950271901633646
2015-07-01,0.0,0.0,-0.21124440397301336,0.0,0.0,0.0,-0.14432392968489294,0.0,0.1875051467049265,0.16541350946907465,0.0,0.13101767300817996,0.0,0.0,0.0,0.0,0.1047097747504675,-0.05578556240944502
2015-07-02,0.0,0.0,-0.21271104923195752,0.0,0.0,0.0,-0.14414298194995626,0.0,0.18764476793465604,0.165373818173741,0.0,0.12964146779242025,0.0,0.0,0.0,0.0,0.10490077558504034,-0.05558513933222853
2015-07-06,0.0,0.0,-0.21311827544454878,0.0,0.0,0.0,-0.1469527936806593,0.0,0.1883887248382441,0.16640287859508374,0.0,0.12964957061307938,0.0,0.0,0.0,0.0,0.10205860946575608,-0.053429147362628736
2015-07-07,0.0,0.0,-0.2159030629814917,0.0,0.0,0.0,-0.14496929838844558,0.0,0.1869020233309048,0.16561506505962847,0.0,0.13001415006749348,0.0,0.0,0.0,0.0,0.10195356999203241,-0.054642830180003515
2015-07-08,0.0,0.0,-0.22561769152590722,-0.11475701812465905,0.0,0.0,0.0,0.0,0.1873765035410196,0.16881538353402514,0.0,0.13496871710193506,0.0,0.0,0.0,0.0,0.10764126020140455,-0.0608234259710494
2015-07-09,0.0,0.0,-0.2308644240585474,-0.11202927153536951,0.0,0.0,0.0,0.0,0.18757036093137797,0.169091708331583,0.0,0.13415285373984775,0.0,0.0,0.0,0.0,0.10602988182332217,-0.06026149957995223
2015-07-10,0.0,0.0,-0.22323511823132572,0.0,0.0,0.0,-0.15227614043085305,0.0,0.17943944272389656,0.1587748112456865,0.0,0.1263727224590573,0.0,0.0,0.0,0.0,0.10113695457391884,-0.05876481033526202
2015-07-13,0.0,0.0,-0.22395428535489176,0.0,0.0,0.0,-0.15424667286019045,0.0,0.17845342682954035,0.1568051941228611,0.0,0.12521505140235537,0.0,0.0,0.0,0.0,0.10208456181055023,-0.0592408076196108
2015-07-14,0.0,0.0,-0.22724624153992629,0.0,0.0,0.0,-0.15421855696377232,0.0,0.17750570065998758,0.15568705827960086,0.0,0.12415259106209058,0.0,0.0,0.0,0.0,0.10199412665485834,-0.05919572483976395
2015-07-15,0.0,0.0,-0.22779048177466063,0.0,0.0,0.0,-0.15473021838001672,0.0,0.1773541909608319,0.15511692129344976,0.0,0.1236470088505631,0.0,0.0,0.0,0.0,0.10044802284363327,-0.06091315589684458
2015-07-16,0.0,0.0,-0.23036857610215128,0.0,0.0,0.0,-0.15498690485255556,0.0,0.1764847210239252,0.15370292296973653,0.0,0.12299028004779454,0.0,0.0,0.0,0.0,0.10026816949432463,-0.061198425509512204
2015-07-17,0.0,0.0,-0.2287127457635813,0.0,0.0,0.0,-0.1522421464750455,0.0,0.17768073083213035,0.15553310402933634,0.0,0.1252472274590611,0.0,0.0,0.0,0.0,0.09999926577834088,-0.06058477966250433
2015-07-20,0.0,0.0,-0.23253847862944876,0.0,0.0,0.0,-0.14046953002507537,0.0,0.17979956547683804,0.15863446632968214,0.0,0.12701167620820852,0.0,0.0,0.0,0.0,0.10088586982762521,-0.060660413503121936
2015-07-21,0.0,0.0,-0.230118648934529,0.0,0.0,0.0,-0.1418338057021085,0.0,0.18029606568602724,0.15855731839783377,0.0,0.12703540361071183,0.0,0.0,0.0,0.0,0.10105290171659512,-0.06110585595219449
2015-07-22,0.0,0.0,-0.2294120228371428,0.0,0.0,0.0,-0.1437967425761707,0.0,0.18066658705642516,0.15834887518920937,0.0,0.1264393785756768,0.0,0.0,0.0,0.0,0.10174416268462629,-0.059592231080748875
2015-07-23,0.0,0.0,0.0,-0.11891385531682847,0.0,0.0,-0.16598087231220887,0.0,0.20612668008407195,0.1806023861072259,0.0,0.14409857950577032,0.0,0.0,0.0,0.0,0.11537292841552728,-0.06890469825836723
2015-07-24,0.0,0.0,0.0,-0.11928824953514218,0.0,0.0,-0.168629435503944,0.0,0.20365677927208473,0.18011545078889749,0.0,0.14186259720354324,0.0,0.0,0.0,0.0,0.11684820018713744,-0.06959928750925112
2015-07-27,0.0,0.0,0.0,-0.11660161517120496,0.0,0.0,-0.1777671747539658,0.0,0.20185308490767467,0.1778012210941704,0.0,0.14197887459492475,0.0,0.0,0.0,0.0,0.115597659849374,-0.06840036962868538
2015-07-28,0.0,0.0,0.0,-0.11632951567148725,0.0,0.0,-0.1815617742008978,0.0,0.19903654714229793,0.1752811153275013,0.0,0.1418529712341567,0.0,0.0,0.0,0.0,0.11736146046659655,-0.06857661595706244
2015-07-29,0.0,0.0,0.0,-0.11591053319825577,0.0,0.0,-0.18210759663594644,0.0,0.19600663918825317,0.1753222808275893,0.0,0.14364607507074165,0.0,0.0,0.0,0.0,0.11828920968764979,-0.06871766539156392
2015-07-30,0.0,0.0,0.0,-0.11412606282048744,0.0,0.0,-0.1843289906445034,0.0,0.19406514462515104,0.1751934670403006,0.0,0.1491110463654166,0.0,0.0,0.0,0.0,0.11523245484900364,-0.06794283365513737
2015-07-31,0.0,0.0,0.0,-0.11304958891225018,0.0,0.0,-0.18220354965767707,0.0,0.19560987830670948,0.17787934122319726,0.0,0.14893033059164631,0.0,0.0,0.0,0.0,0.11575018420126192,-0.06657712710725795
2015-08-03,0.0,0.0,0.0,-0.11213177354802054,0.0,0.0,-0.18413017776884225,0.0,0.19596048079947978,0.17786302732785123,0.0,0.14869875541451846,0.0,0.0,0.0,0.0,0.11566065177475411,-0.0655551333665336
2015-08-04,0.0,0.0,0.0,-0.110820895371508,0.0,0.0,-0.18178907072064981,0.0,0.19787714992035343,0.18005770070330213,0.0,0.15031877948161187,0.0,0.0,0.0,0.0,0.11361118973462202,-0.06552521406795275
2015-08-05,0.0,0.0,0.0,-0.11123399853853867,0.0,0.0,-0.18128389373121134,0.0,0.19743484670210967,0.17943857652933473,0.0,0.15002865529140327,0.0,0.0,0.0,0.0,0.11518793988446294,-0.06539208932293941
2015-08-06,0.0,0.0,0.0,-0.11202328118701745,0.0,0.0,-0.18342340802719062,0.0,0.19947193300033758,0.17617291809903446,0.0,0.14494734998045877,0.0,0.0,0.0,0.0,0.11706790243436202,-0.0668932072715991
2015-08-07,0.0,0.0,0.0,-0.11231587267350562,0.0,0.0,-0.18205527899906654,0.0,0.20326734203647076,0.1783027796158282,0.0,0.14338077689790507,0.0,0.0,0.0,0.0,0.11454135835742152,-0.06613659141980233
2015-08-10,0.0,0.0,0.0,-0.11879357876048206,0.0,0.0,-0.19235292435877363,0.0,0.0,0.1890828379705484,0.0,0.15311986326320332,0.0,0.14909822586280255,0.0,0.0,0.12740212032319595,-0.07015044946099401
2015-08-11,0.0,0.0,0.0,-0.11034348184612573,0.0,0.0,-0.18453345799134693,0.0,0.19808421828657544,0.17720097046375918,0.0,0.1437669704511599,0.0,0.0,0.0,0.0,0.11929753376930166,-0.06677336719173113
2015-08-12,0.0,0.0,0.0,-0.10902332736764615,0.0,0.0,-0.18794179641106115,0.0,0.19735763207871895,0.17661220317241608,0.0,0.14330165063991118,0.0,0.0,0.0,0.0,0.11921702830454399,-0.06654636202570255
2015-08-13,0.0,0.0,0.0,-0.10907516298216859,0.0,0.0,-0.18624101746294125,0.0,0.19875567935230423,0.17895019270909435,0.0,0.14338979196566765,0.0,0.0,0.0,0.0,0.11809546840375375,-0.06549268712407023
2015-08-14,0.0,0.0,0.0,-0.10935553203689095,0.0,0.0,-0.18627244758873243,0.0,0.1973092583810388,0.1781770590989589,0.0,0.14270958831061856,0.0,0.0,0.0,0.0,0.12083240343039961,-0.06534371115336064
2015-08-17,0.0,0.0,0.0,-0.10921584203341253,0.0,0.0,-0.18569573263672623,0.0,0.19708523752974327,0.1769313010283385,0.0,0.14239679102392286,0.0,0.0,0.0,0.0,0.12336347829579045,-0.06531161745206625
2015-08-18,0.0,0.0,0.0,-0.10843571252020819,0.0,0.0,-0.1899279925675305,0.0,0.19589851725060628,0.1759719928780469,0.0,0.14056931889422983,0.0,0.0,0.0,0.0,0.12292792992926739,-0.06626853596011092
2015-08-19,0.0,0.0,0.0,-0.10965719875178918,0.0,0.0,-0.18628872002952915,0.0,0.19504964633406588,0.17774924545082285,0.0,0.1416136537620476,0.0,0.0,0.0,0.0,0.12412994326228424,-0.06551159240946115
2015-08-20,0.0,0.0,-0.09143369535996662,-0.036568455278092084,0.0,0.0,0.0,0.0,0.0,0.05543607859717277,0.0,0.0437963485908053,0.0,0.0,0.7079648204462676,0.0,0.04202757885515714,-0.022773022872538545
2015-08-21,0.0,0.0,-0.09213116627767805,-0.03580507613430365,0.0,0.0,0.0,0.0,0.0,0.04998659576632955,0.0,0.0438951589097261,0.0,0.0,0.7122581362222132,0.0,0.04274571905787575,-0.023178147631873702
2015-08-24,-0.05962352453527443,0.0,0.0,-0.03511049516205153,0.0,0.0,0.0,0.0,0.0,0.04589173911745222,0.0,0.041611656833281524,0.0,0.0,0.7483898163520455,0.0,0.04599448886578703,-0.02337827913410767
2015-08-25,-0.059814965466609,0.0,0.0,-0.034845977130484554,0.0,0.0,0.0,0.0,0.0,0.046528733509626836,0.0,0.042442352362041504,0.0,0.0,0.7479362882803778,0.0,0.04525204471890911,-0.0231796385319511
2015-08-26,-0.05972713808636966,0.0,0.0,-0.033507116839716,0.0,0.0,0.0,0.0,0.0,0.04235422495071955,0.0,0.04094322576761522,0.0,0.0,0.7553423847532249,0.0,0.04461969314429827,-0.0235062164580564
2015-08-27,0.0,0.0,0.0,-0.03108062397991091,0.0,0.0,-0.06360762056890576,0.0,0.0,0.04115296173433232,0.0,0.040207045303909957,0.0,0.0,0.7583098428574602,0.0,0.044774860491686816,-0.020867045063794228
2015-08-28,0.0,0.0,-0.09059075113251962,-0.03003732011496695,0.0,0.0,0.0,0.0,0.0,0.039939661996170266,0.0,0.03880609263854965,0.0,0.0,0.7379813242361222,0.0,0.043767121963793294,-0.018877727917878197
2015-08-31,0.0,0.0,-0.09202339862011812,-0.030106983274232318,0.0,0.0,0.0,0.0,0.0,0.039722291575537264,0.0,0.03873500182226777,0.0,0.0,0.7372734659455511,0.0,0.04428577219735913,-0.017853086564934357
2015-09-01,-0.053388517342028055,0.0,0.0,-0.03018982365619074,0.0,0.0,0.0,0.0,0.0,0.039921569371065085,0.0,0.039486526368452055,0.0,0.0,0.7719843286923215,0.0,0.047165149118793125,-0.01786408545114959
2015-09-02,0.0,0.0,-0.08999347466891383,-0.02893802674368637,0.0,0.0,0.0,0.0,0.0,0.03759745075227568,0.0,0.0372999935724537,0.0,0.0,0.7432887773664367,0.0,0.04568828809172692,-0.017193988804506843
2015-09-03,0.0,0.0,0.0,-0.029263371545323737,0.0,0.0,-0.0625917419296286,0.0,0.0,0.03807457240946433,0.0,0.03799749646730658,0.0,0.0,0.7679043450300014,0.0,0.04678673762174462,-0.017381734996530614
2015-09-04,0.0,0.0,0.0,-0.07891247182235574,0.0,0.0,-0.17270133737871504,0.0,0.0,0.10454090333386083,0.0,0.10468447337029012,0.3630168136675837,0.0,0.0,0.0,0.12830020685909,-0.047843793568104614
2015-09-08,0.0,0.0,0.0,-0.02763690463283646,0.0,0.0,-0.06260529532702093,0.0,0.0,0.03659592051843661,0.0,0.0366555020099405,0.0,0.0,0.7731533334133182,0.0,0.0458623171985589,-0.017490726899888634
2015-09-09,0.0,0.0,0.0,-0.07770208949201095,0.0,0.0,-0.17316345940242545,0.0,0.0,0.10208391876862678,0.0,0.10254937633541822,0.3672048482039244,0.0,0.0,0.0,0.128621704231736,-0.04867460356585831
2015-09-10,0.0,0.0,0.0,-0.07583485436309481,0.0,0.0,-0.1698344546982432,0.0,0.0,0.09993124402933641,0.0,0.10040943380970235,0.37717788885286574,0.0,0.0,0.0,0.12966754790009366,-0.04714457634666395
2015-09-11,0.0,0.0,0.0,-0.07576637972765765,0.0,0.0,-0.1698431429058894,0.0,0.0,0.09983096720751759,0.0,0.10016711107922345,0.3779837810332391,0.0,0.0,0.0,0.12933816236469536,-0.047070455681777444
2015-09-14,-0.143959649470151,0.0,0.0,-0.07827347376563466,0.0,0.0,0.0,0.0,0.0,0.10297318912579563,0.0,0.10325410830409727,0.38973389059321384,0.0,0.0,0.0,0.13335606111653492,-0.048449627624572764
2015-09-15,0.0,0.0,0.0,-0.07689800278068137,0.0,0.0,-0.17342580094547067,0.0,0.0,0.10102197541017999,0.0,0.1014122202513202,0.3714308431189988,0.0,0.0,0.0,0.12813047385946386,-0.04768068363388512
2015-09-16,0.0,0.0,0.0,-0.10399246752321516,0.0,0.0,-0.23303900028790595,0.0,0.0,0.13864009015042136,0.0,0.13924880785613872,0.0,0.14479880510973703,0.0,0.0,0.17688593015410456,-0.0633948989184772
2015-09-17,-0.14886535296001313,0.0,0.0,-0.07978575971992576,0.0,0.0,0.0,0.0,0.0,0.10662249361496641,0.0,0.10732128937407805,0.3748008412531777,0.0,0.0,0.0,0.13407821415713458,-0.048526048920704515
2015-09-18,-0.14663548731813902,0.0,0.0,-0.07940297704804802,0.0,0.0,0.0,0.0,0.0,0.10605230909757812,0.0,0.10679854139517063,0.379518649746645,0.0,0.0,0.0,0.13355601231505218,-0.04803602307936692
2015-09-21,-0.14464205068681824,0.0,0.0,-0.07915880448061424,0.0,0.0,0.0,0.0,0.0,0.10515430194768928,0.0,0.10595709499391173,0.3843004569393637,0.0,0.0,0.0,0.13372661815282155,-0.04706067279878123
2015-09-22,0.0,0.0,0.0,-0.08329167882646588,-0.10418768925899341,0.0,0.0,0.0,0.0,0.11007273229736449,0.0,0.11046015709484688,0.4024900757531359,0.0,0.0,0.0,0.1396827382743059,-0.04981492849488756
2015-09-23,0.0,0.0,0.0,-0.08277509751586336,-0.10410602367044809,0.0,0.0,0.0,0.0,0.1100401413057914,0.0,0.11063879661509946,0.4030637120594306,0.0,0.0,0.0,0.1400030195250479,-0.04937320930831928
2015-09-24,0.0,0.0,0.0,-0.08273306953037898,-0.10406857849436928,0.0,0.0,0.0,0.0,0.1099077220458124,0.0,0.11053440163387827,0.40374432183089015,0.0,0.0,0.0,0.13975634503101553,-0.04925556143365535
2015-09-25,0.0,0.0,-0.24818285437776036,-0.06933177488197655,0.0,0.0,0.0,0.0,0.0,0.0919412911040619,0.0,0.09104912906124257,0.34080238507471905,0.0,0.0,0.0,0.117519248109981,-0.04117331739025846
2015-09-28,-0.04251720541722182,0.0,0.0,-0.026778756393694345,0.0,0.0,0.0,0.0,0.0,0.0,0.0,0.03408089974761362,0.13780575773287787,0.0,0.6962078016851975,0.0,0.04672045727725422,-0.015889121746140693
2015-09-29,-0.04105753120283929,0.0,0.0,-0.027029078538622815,0.0,0.0,0.0,0.0,0.0,0.035085378187648585,0.0,0.0,0.13840570521204545,0.0,0.6954326491979542,0.0,0.04704572975345417,-0.015943927907435394
2015-09-30,-0.11807720259403295,0.0,0.0,-0.07790296026852377,0.0,0.0,0.0,0.0,0.0,0.10249947272116897,0.0,0.09933346941416037,0.41298700742604033,0.0,0.0,0.0,0.14148745355782033,-0.047712434018253265
2015-10-01,-0.1606790175588785,0.0,0.0,-0.11273783177425457,0.0,0.0,0.0,0.0,0.0,0.14816204997097468,0.0,0.1440500648070252,0.0,0.16056940309054796,0.0,0.0,0.2047239178705766,-0.06907771492774244
2015-10-02,-0.15879280703702892,0.0,0.0,-0.11194588781496681,0.0,0.0,0.0,0.0,0.0,0.14629712926872407,0.0,0.14104375470479516,0.0,0.16139955297474406,0.0,0.0,0.2091217249359608,-0.07139914326378012
2015-10-05,-0.15890953110312192,0.0,0.0,-0.11221779115628858,0.0,0.0,0.0,0.0,0.0,0.14661996858922044,0.0,0.14013725414990008,0.0,0.16105288787459926,0.0,0.0,0.20906854254760537,-0.07199402457926421
2015-10-06,-0.15668974824388993,0.0,0.0,-0.11423237599636722,0.0,0.0,0.0,0.0,0.0,0.14613955085082053,0.0,0.1393470066063703,0.0,0.16635001058749105,0.0,0.0,0.20759494607741355,-0.06964636163764754
2015-10-07,0.0,0.0,-0.3356296404273445,-0.08851250545271366,0.0,0.0,0.0,0.0,0.0,0.11396354002404205,0.0,0.10764207637098844,0.0,0.13121306948159994,0.0,0.0,0.16840350431895412,-0.05463566392435744
2015-10-08,0.0,0.0,-0.33173584047025834,-0.08897805245316974,0.0,0.0,0.0,0.0,0.0,0.1136796741322999,0.0,0.10788630525532396,0.0,0.13402380013035006,0.0,0.0,0.17008059141286785,-0.053615736145730314
2015-10-09,0.0,0.0,-0.3449578583158314,-0.09223408592623562,0.0,0.0,0.0,0.0,0.0,0.11849681901840144,0.13697559476176538,0.11254949522998199,0.0,0.13923742109937265,0.0,0.0,0.0,-0.055548725648411575
2015-10-12,0.0,0.0,-0.34492405079096117,-0.09214383604235837,0.0,0.0,0.0,0.0,0.0,0.11859185785158485,0.13723676956980715,0.11288640281640017,0.0,0.1394921595499463,0.0,0.0,0.0,-0.05472492337894197
2015-10-13,0.0,0.0,-0.34581477030577934,-0.09205664741325398,0.0,0.0,0.0,0.0,0.0,0.11865622563603409,0.13708373709201194,0.11215381968920975,0.0,0.13913634142611847,0.0,0.0,0.0,-0.055098458437592424
2015-10-14,0.0,0.0,-0.32566026639181356,-0.08949630717002693,0.0,0.0,0.0,0.0,0.0,0.1153468443550048,0.0,0.10906267299204431,0.0,0.13519476393646568,0.0,0.0,0.17179485697036007,-0.05344428818428465
2015-10-15,0.0,0.0,-0.3481332537290559,-0.09425316251533634,0.0,0.0,0.0,0.0,0.12288462900635055,0.12239985480967466,0.0,0.11314416333982058,0.0,0.14196861717150772,0.0,0.0,0.0,-0.057216319428254246
2015-10-16,0.0,0.0,-0.34819724631986443,-0.09431090321303917,0.0,0.0,0.0,0.0,0.12281369691117566,0.12236517488080138,0.0,0.11311048201139028,0.0,0.1418785294836458,0.0,0.0,0.0,-0.05732396718008321
2015-10-19,0.0,0.0,-0.3491333881186418,-0.09402653951167061,0.0,0.0,0.0,0.0,0.12275917791352996,0.12226844052650179,0.0,0.11298419415857851,0.0,0.14175258789228262,0.0,0.0,0.0,-0.05707567187879479
2015-10-20,0.0,0.0,-0.34869479781281154,-0.0943655854786768,0.0,0.0,0.0,0.0,0.1226308439681453,0.12215055389880618,0.0,0.11291381125165742,0.0,0.14166107512927814,0.0,0.0,0.0,-0.05758333246062442
2015-10-21,-0.15473563123204304,0.0,0.0,-0.11165845776821755,0.0,0.0,0.0,0.0,0.0,0.14488428741018844,0.0,0.1332983950513783,0.0,0.1681010985800313,0.0,0.0,0.21915522126420917,-0.06816690869393222
2015-10-22,0.0,0.0,-0.32685353669411327,-0.0884104242513693,0.0,0.0,0.0,0.0,0.0,0.11452501062441846,0.0,0.10702653958022362,0.0,0.13413900368118747,0.0,0.0,0.174725208619913,-0.0543202765487748
2015-10-23,0.0,0.0,-0.3255611252907952,-0.08944206354804594,0.0,0.0,0.0,0.0,0.0,0.11429483182227167,0.0,0.10666761641952069,0.0,0.13502366739388186,0.0,0.0,0.17436113158807828,-0.05464956393740642
2015-10-26,0.0,0.0,-0.3248174374430118,-0.08926332871750114,0.0,0.0,0.0,0.0,0.0,0.11469542390801654,0.0,0.10675835295043269,0.0,0.13576535079829635,0.0,0.0,0.17423409440540497,-0.05446601177733642
2015-10-27,-0.1566137032765114,0.0,0.0,-0.11143589082462949,0.0,0.0,0.0,0.0,0.0,0.14341375067380996,0.0,0.13315176589319316,0.0,0.16907670081052747,0.0,0.0,0.21790327717261543,-0.0684049113487133
2015-10-28,0.0,0.0,-0.3245935641684838,-0.08995913965580414,0.0,0.0,0.0,0.0,0.0,0.11535462965939354,0.0,0.10371103781829984,0.0,0.13652361033846727,0.0,0.0,0.17660705484677455,-0.053250963512776785
2015-10-29,-0.15787942867860277,0.0,0.0,-0.11284755597533816,0.0,0.0,0.0,0.0,0.0,0.14446940749580395,0.0,0.12962832194502175,0.0,0.17128112765003534,0.0,0.0,0.21661948325060076,-0.06727467500459726
2015-10-30,-0.15785765354292713,0.0,0.0,-0.11327586750535963,0.0,0.0,0.0,0.0,0.0,0.14400183631820984,0.0,0.12934648332007123,0.0,0.17077574767873213,0.0,0.0,0.2171403708449819,-0.067602040789718
2015-11-02,-0.15804873853718074,0.0,0.0,-0.11273151591123994,0.0,0.0,0.0,0.0,0.0,0.14414118286127556,0.0,0.1273046120314475,0.0,0.17055576901085437,0.0,0.0,0.2192146558380737,-0.06800352580992829
2015-11-03,-0.15774698924970207,0.0,0.0,-0.11241499402524133,0.0,0.0,0.0,0.0,0.0,0.1445613433250507,0.0,0.12753033132728916,0.0,0.17092216892311213,0.0,0.0,0.21938820049911592,-0.06743597265048878
2015-11-04,0.0,0.0,-0.32432134353023073,-0.08983680675513858,0.0,0.0,0.0,0.0,0.0,0.11641871404725335,0.0,0.10320846905716342,0.0,0.1360683156586833,0.0,0.0,0.1766172282509356,-0.05352912270059502
2015-11-05,0.0,0.0,-0.3242020435659169,-0.08943261475750508,0.0,0.0,0.0,0.0,0.0,0.11591323483488768,0.0,0.10287456621028711,0.0,0.13549192430401516,0.0,0.0,0.17888559188447006,-0.05320002444291786
2015-11-06,0.0,0.0,-0.3114949494319586,-0.09117714172380013,0.0,0.0,0.0,0.0,0.0,0.1184376350912272,0.0,0.10461363533164057,0.0,0.13933607917329954,0.0,0.0,0.180740004970536,-0.054200554277537887
2015-11-09,0.0,0.0,-0.3098404488718999,-0.09038690964525736,0.0,0.0,0.0,0.0,0.0,0.11788784559664196,0.0,0.10409858331673436,0.0,0.13918329418049644,0.0,0.0,0.1843754419267659,-0.05422747646220401
2015-11-10,0.0,0.0,-0.3166006244072949,-0.08988354726801655,0.0,0.0,0.0,0.0,0.0,0.11659404142459924,0.0,0.10295515964907606,0.0,0.1377780616612861,0.0,0.0,0.182550466073703,-0.05363809951602402
2015-11-11,0.0,0.0,-0.31595582185146537,-0.09000724411722892,0.0,0.0,0.0,0.0,0.0,0.11671095194991726,0.0,0.10289765488526832,0.0,0.1377711181335392,0.0,0.0,0.18291808925639774,-0.05373911980618311
2015-11-12,0.0,0.0,-0.3166359037284081,-0.09015755675241723,0.0,0.0,0.0,0.0,0.0,0.11648620792860731,0.0,0.10228988563604145,0.0,0.1377113249775911,0.0,0.0,0.18319441463137381,-0.053524706345560835
2015-11-13,0.0,0.0,-0.31699785438703904,-0.09005683845064552,0.0,0.0,0.0,0.0,0.0,0.11596002969222433,0.0,0.10291263310100304,0.0,0.13766331742147586,0.0,0.0,0.18304740512408849,-0.053361921823523714
2015-11-16,0.0,0.0,0.0,-0.10326608998810294,0.0,0.0,-0.2139331822051315,0.0,0.0,0.13291725646251634,0.0,0.11891693187292404,0.0,0.15697500772517958,0.0,0.0,0.2126478417517132,-0.06134368999443251
2015-11-17,0.0,0.0,0.0,-0.1031055509630976,0.0,0.0,-0.21375993694097542,0.0,0.0,0.13242528305341916,0.0,0.11863379821624333,0.0,0.15649537066652977,0.0,0.0,0.2138955851998674,-0.06168447495986744
2015-11-18,0.0,0.0,0.0,-0.1013769340176211,0.0,0.0,-0.2174932712931085,0.0,0.0,0.13121920270922416,0.0,0.11889210873131868,0.0,0.15853716383581196,0.0,0.0,0.21204615803191126,-0.060435161381004236
2015-11-19,0.0,0.0,0.0,-0.10266519458789324,0.0,0.0,-0.2125113294472381,0.0,0.0,0.13647364978758367,0.0,0.11816201383074165,0.0,0.16194580791697247,0.0,0.0,0.20851526939016252,-0.05972673503940842
2015-11-20,0.0,0.0,0.0,-0.10438925972554501,0.0,0.0,-0.20395679410815665,0.0,0.0,0.14419068151124198,0.0,0.12062862650903539,0.0,0.1678973918664023,0.0,0.0,0.19983729674144354,-0.059099949538175316
2015-11-23,0.0,0.0,0.0,-0.10358617856258172,0.0,0.0,-0.20431529176015778,0.0,0.0,0.14341884792821533,0.0,0.11963404045493532,0.0,0.16655972983802353,0.0,0.0,0.20366545525149485,-0.05882045620459141
2015-11-24,0.0,0.0,0.0,-0.10257799029819628,0.0,0.0,-0.19889100427867237,0.0,0.0,0.149558899019591,0.0,0.11799164904812784,0.0,0.16989847077469752,0.0,0.0,0.20483607327357306,-0.056245913307141945
2015-11-25,0.0,0.0,0.0,-0.10691809641440386,0.0,0.0,-0.19492713593494404,0.0,0.0,0.15196511355881867,0.0,0.11695184169158504,0.0,0.1683615227464113,0.0,0.0,0.20095271419745664,-0.05992357545638049
2015-11-27,0.0,0.0,0.0,-0.10552109383597327,0.0,0.0,-0.19415998942333298,0.0,0.0,0.15174833541229596,0.0,0.11706909932008669,0.0,0.16811172727481222,0.0,0.0,0.20087050537051418,-0.06251924936298478
2015-11-30,0.0,0.0,0.0,-0.10498814026884626,0.0,0.0,-0.1919263023776588,0.0,0.0,0.15202916331460267,0.0,0.1166129893290166,0.0,0.1672960409705225,0.0,0.0,0.2009935803721497,-0.06615378336720355
2015-12-01,0.0,0.0,0.0,-0.10742581101644062,0.0,0.0,-0.18530108410373103,0.0,0.0,0.1562958987219717,0.0,0.11645515962144538,0.0,0.17514913096621568,0.0,0.0,0.19094390884042736,-0.06842900672976834
2015-12-02,0.0,0.0,0.0,-0.10703403302090038,0.0,0.0,-0.18031018787072353,0.0,0.0,0.15978497255291282,0.0,0.1177443233576327,0.0,0.1758511209624017,0.0,0.0,0.1919639339519028,-0.06731142828352595
2015-12-03,0.0,0.0,0.0,-0.10959048424666694,0.0,0.0,-0.18276973311240782,0.0,0.0,0.1601558582082339,0.0,0.11836041336061244,0.0,0.1801861352671729,0.0,0.0,0.18027761197210523,-0.06865976383280072
2015-12-04,0.0,0.0,0.0,-0.11421166301292214,0.0,0.0,-0.1738451386288175,0.0,0.0,0.15785613328368778,0.0,0.11815744312981544,0.0,0.1863070127208555,0.0,0.0,0.18101516221310368,-0.06860744701079788
2015-12-07,0.0,0.0,0.0,-0.11499133885121385,0.0,0.0,-0.16747577453927195,0.0,0.0,0.16181029773156502,0.0,0.11767893876060553,0.0,0.194612609519162,0.0,0.0,0.17955782435041212,-0.06387321624776936
2015-12-08,0.0,0.0,0.0,-0.11380590107390938,0.0,0.0,-0.16893953634328426,0.0,0.0,0.16354071495465314,0.0,0.11778057620702712,0.0,0.19264074134453038,0.0,0.0,0.1789254522423964,-0.06436707783419919
2015-12-09,0.0,0.0,0.0,-0.11371496794515772,0.0,0.0,-0.1685781931795561,0.0,0.0,0.16113165671851962,0.0,0.11641733132620735,0.0,0.1956464581527067,0.0,0.0,0.17937407040989073,-0.06513732226796186
2015-12-10,0.0,0.0,0.0,-0.09388678622417872,0.0,0.32106175200329334,-0.13935306813359774,0.0,0.0,0.13353664959945885,0.0,0.09626610426929602,0.0,0.1620104443181157,0.0,0.0,0.0,-0.053885195452059644
2015-12-11,0.0,0.0,0.0,-0.11244782282662126,0.0,0.0,-0.17203104146489942,0.0,0.0,0.15923659335648788,0.0,0.11621205857879924,0.0,0.19399565134289057,0.0,0.0,0.17964672130282192,-0.06643011112747974
2015-12-14,0.0,0.0,0.0,-0.09526579459478772,0.0,0.30151792809966876,-0.1447548288658682,0.0,0.0,0.1369760734163326,0.0,0.09960460401265768,0.0,0.16507437735152267,0.0,0.0,0.0,-0.056806393659162305
2015-12-15,0.0,0.0,0.0,-0.09592236664629868,0.0,0.29970325285676375,-0.1462603469601062,0.0,0.0,0.13589895254484105,0.0,0.09812853449008786,0.0,0.1654358191184523,0.0,0.0,0.0,-0.05865072738345021
2015-12-16,0.0,0.0,0.0,-0.09490818653942588,0.0,0.306193592168846,-0.14658267039425243,0.0,0.0,0.13411025265497095,0.0,0.09780120401084032,0.0,0.16228363667108162,0.0,0.0,0.0,-0.05812045756058284
2015-12-17,0.0,0.0,0.0,-0.09572587865836298,0.0,0.30745996109379803,-0.14163208972700553,0.0,0.0,0.13371618425200157,0.0,0.09795953614575366,0.0,0.16442040945074035,0.0,0.0,0.0,-0.05908594067233797
2015-12-18,0.0,0.0,0.0,-0.08982484329803088,0.0,0.29177369224809796,-0.130067529737183,0.0,0.0,0.1222880666312233,0.0,0.0,0.0,0.1537792159011649,0.0,0.0,0.1557415528145854,-0.056525099369714414
2015-12-21,0.0,0.0,0.0,-0.0319849231738751,0.0,0.0,-0.045371719225327775,0.0,0.0,0.04345516877918423,0.0,0.0,0.0,0.056306555473512626,0.7469003699704582,0.0,0.05609630089905307,-0.019884962478588966
2015-12-22,0.0,0.0,0.0,-0.030708421809750096,0.0,0.10048738893461977,-0.04319305973646772,0.0,0.0,0.041188365405477795,0.0,0.0,0.0,0.05347487284290992,0.7118507971972494,0.0,0.0,-0.019097094073525278
2015-12-23,0.0,0.0,0.0,-0.03182759870706343,0.0,0.0,-0.04705330245095082,0.0,0.0,0.042897681384785086,0.0,0.0,0.0,0.05498226319109565,0.7487731545233018,0.0,0.05522993093374239,-0.019236068809060692
2015-12-24,0.0,0.0,0.0,-0.031816771661991976,0.0,0.0,-0.046864612723541456,0.0,0.0,0.04300034866121861,0.0,0.0,0.0,0.055070558916501616,0.7484176872695607,0.0,0.05555837677131039,-0.019271643995875165
2015-12-28,0.0,0.0,0.0,-0.03199754291283062,0.0,0.0,-0.04665461837043332,0.0,0.0,0.04570803000880064,0.0,0.0,0.0,0.056046335836812664,0.7437806459874565,0.0,0.05694123757427377,-0.018871589309392478
2015-12-29,0.0,0.0,0.0,-0.030382184548824763,0.0,0.10174412070476947,-0.04431007094181522,0.0,0.0,0.043065577364820765,0.0,0.0,0.0,0.052392665173860334,0.7104059093108988,0.0,0.0,-0.017699471955010697
2015-12-30,0.0,0.0,0.0,-0.030978107805225696,0.0,0.10357001457112056,-0.0442733669425995,0.0,0.0,0.043690237156833144,0.0,0.0,0.0,0.05332074370820778,0.7067077765828199,0.0,0.0,-0.017459753233193445
2015-12-31,0.0,0.0,0.0,-0.031130026337059497,0.0,0.10424300919642794,-0.044439766567545336,0.0,0.0,0.04332965260758301,0.0,0.0,0.0,0.052434827435973726,0.7069253550813912,0.0,0.0,-0.017497362774019243
2016-01-04,0.0,0.0,0.0,-0.030664720963215087,0.0,0.110224524756604,-0.04492488105929023,0.0,0.0,0.04216280168926647,0.0,0.0,0.0,0.05245678534719386,0.7022413798126735,0.0,0.0,-0.01732490637175679
2016-01-05,0.0,0.0,0.0,-0.03119857236359985,0.0,0.11067403914231817,-0.04456944621162995,0.0,0.0,0.042752503824837224,0.0,0.0,0.0,0.05384958786358097,0.6997931421923053,0.0,0.0,-0.017162708401728427
2016-01-06,0.0,0.0,0.0,-0.031030459019968138,0.0,0.11252708199675406,-0.04451933056941288,0.0,0.0,0.04303154224954932,0.0,0.0,0.0,0.05221926905397131,0.6991288007630677,0.0,0.0,-0.017543516347276668
2016-01-07,0.0,0.0,0.0,-0.03145068760928451,0.0,0.11360080128773058,0.0,0.0,0.0,0.041451942130561956,-0.03607439494298715,0.0,0.0,0.05178149656539832,0.7078598198281522,0.0,0.0,-0.017780857635885137
2016-01-08,0.0,0.0,0.0,-0.03193113210502429,0.0,0.11471783085931456,0.0,0.0,0.0,0.04170260532105769,-0.0365072950311414,0.0,0.0,0.0514827724665733,0.7053108194213586,0.0,0.0,-0.018347544795530128
2016-01-11,0.0,0.0,0.0,-0.03204880068116262,0.0,0.11619758711383109,0.0,0.0,0.0,0.04189595062261785,-0.03657420480093625,0.0,0.0,0.05154798417043715,0.7040252817588818,0.0,0.0,-0.017710190852133264
2016-01-12,0.0,0.0,0.0,-0.031786274421051794,0.0,0.11408554854872174,-0.04541082818125484,0.0,0.0,0.04121470207631415,0.0,0.0,0.0,0.05112595845277155,0.6984817330397055,0.0,0.0,-0.017894955280180477
2016-01-13,0.0,0.0,0.0,-0.03247268985979611,0.0,0.11819275073218273,0.0,0.0,0.0,0.03931682486275691,-0.03540990324580175,0.0,0.0,0.05124695197547474,0.705172208838543,0.0,0.0,-0.01818867048544477
2016-01-14,0.0,0.0,0.0,-0.03112349372888902,0.0,0.11567519188247984,0.0,0.0,0.0,0.0373791742557946,-0.03395691668521963,0.0,0.0,0.049387214263201196,0.7150593669427807,0.0,0.0,-0.017418642241634922
2016-01-15,0.0,0.0,0.0,-0.030395785578167734,0.0,0.11216821489262403,-0.044760540800667,0.0,0.0,0.03730920756928906,0.0,0.0,0.0,0.04653428665752322,0.7116712360372113,0.0,0.0,-0.01716072846451768
2016-01-19,0.0,0.0,0.0,-0.03015828442621875,0.0,0.11413232492891325,0.0,0.0,0.0,0.03760063458273962,-0.034698609049377466,0.0,0.0,0.0468685930350835,0.7193861250540574,0.0,0.0,-0.017155428923609956
2016-01-20,0.0,0.0,0.0,-0.03010257538262528,0.0,0.11339856723738058,0.0,0.0,0.0,0.038030797051025605,-0.03510690377321685,0.0,0.0,0.04562221482708686,0.7204253516053204,0.0,0.0,-0.01731359012334425
2016-01-21,0.0,0.0,0.0,-0.026779498072027126,0.0,0.1008242408581361,0.0,0.0,0.0,0.03386530325848607,-0.03140329040273708,0.0,0.0,0.0,0.6472054743684635,0.1449562645628667,0.0,-0.014965928477283542
2016-01-22,0.0,0.0,0.0,-0.028519288878386947,0.0,0.10728974970019169,-0.04514709486003897,0.0,0.0,0.036677790102303015,0.0,0.0,0.0,0.042125396956246904,0.7249577022605844,0.0,0.0,-0.015282977242248062
2016-01-25,0.0,0.0,0.0,-0.029166781844214448,0.0,0.1085113758440907,0.0,0.0,0.0,0.037382882008166814,-0.033870372135685486,0.0,0.0,0.04257436949604233,0.7339254782378931,0.0,0.0,-0.014568740433907169
2016-01-26,0.0,0.0,0.0,-0.028765299099406626,0.0,0.10758062381847099,0.0,0.0,0.0,0.03741672531026971,-0.032481753142512886,0.0,0.0,0.04162684896404844,0.7380670058295828,0.0,0.0,-0.014061743835708424
2016-01-27,0.0,0.0,0.0,-0.02890291965082555,0.0,0.10639788027447147,0.0,0.0,0.0,0.03702028016543662,-0.03256813900770383,0.0,0.0,0.0416906295820826,0.7394137229134929,0.0,0.0,-0.01400642840598711
2016-01-28,0.0,0.0,0.0,-0.028277437220613457,0.0,0.10377018455482266,-0.043384573214480214,0.0,0.0,0.0365210795901119,0.0,0.0,0.0,0.04110192020323905,0.7335478261874203,0.0,0.0,-0.013396979029312433
2016-01-29,0.0,0.0,0.0,-0.02736768034622952,0.0,0.10460407421315467,0.0,0.0,0.0,0.035863778507301124,-0.03219015953473402,0.0,0.0,0.04050314926690748,0.7454114628347376,0.0,0.0,-0.014059695296935515
2016-02-01,0.0,0.0,0.0,-0.02697411736239374,0.0,0.10208992055401614,-0.04311331354463379,0.0,0.0,0.03530016643356875,0.0,0.0,0.0,0.03989931914352704,0.7392153523076249,0.0,0.0,-0.013407810654235793
2016-02-02,0.0,0.0,0.0,-0.02732718439705126,0.0,0.10674461614563496,0.0,0.0,0.0,0.03630544588132039,-0.032747720964232216,0.0,0.0,0.040555136779335754,0.7424699350311332,0.0,0.0,-0.013849960801292194
2016-02-03,0.0,0.0,0.0,-0.0267944221157941,0.0,0.1050799893393356,0.0,0.0,0.0,0.036375009538356574,-0.03314794458897842,0.0,0.0,0.04035115664782995,0.7454128459413566,0.0,0.0,-0.012838631828348771
2016-02-04,0.0,0.0,0.0,-0.02686150954704969,0.0,0.10654657758690311,0.0,0.0,0.0,0.036305532665058586,-0.03311920656852684,0.0,0.0,0.04025679166785018,0.7439440503607229,0.0,0.0,-0.012966331603888678
2016-02-05,0.0,0.0,0.0,-0.02310048920209352,0.0,0.09175913112175213,0.0,0.0,0.0,0.0,0.0,-0.024783915746874663,0.0,0.0,0.6611156865679217,0.14431151004673243,0.04374362812184997,-0.011185639192775501
2016-02-08,0.0,0.0,0.0898830482899871,-0.025157041263544056,0.0,0.09953078878860513,0.0,0.0,0.0,0.0,0.0,-0.026607314997322464,0.0,0.0,0.7008449366157651,0.0,0.04577439167739269,-0.012202478367383427
2016-02-09,0.0,0.0,0.08882417818096262,-0.023131651021727175,0.0,0.0,0.0,0.0,0.0,0.0,0.0,-0.024623749000226968,0.0,0.0,0.659410233239024,0.14961756816309454,0.043345635970795146,-0.011046984424169534
2016-02-10,0.0,0.0,0.09347959779709132,-0.02483930232563656,0.0,0.09891971786563428,0.0,0.0,0.0,0.0,0.0,-0.026067585470729043,0.0,0.0,0.699177861605163,0.0,0.04586512889493386,-0.01165080604081184
2016-02-11,0.0,0.0,0.10080916353372242,-0.026604518596352565,0.0,0.0,0.03939221182398646,0.0,0.0,0.0,0.0,-0.028126406930064882,0.0,0.0,0.7431852776510267,0.0,0.04932460568265341,-0.01255781578219358
2016-02-12,0.0,0.0,0.10314041523702609,-0.027150066372297273,0.0,0.0,0.04058036396623265,0.0,0.0,0.0,0.0,-0.028560708932896816,0.0,0.0,0.738686018521662,0.0,0.04912662362691096,-0.012755803342973963
2016-02-16,0.0,0.0,0.08983033690088382,-0.024036165892984563,0.0,0.0,0.0,0.0,0.0,0.0,0.0,-0.025082767954190257,0.0,0.0,0.6583693143855653,0.1475962112079309,0.04356720433165924,-0.011517999326785969
2016-02-17,0.0,0.0,0.0,-0.026493508643337108,0.0,0.10618367308899071,0.03781648791053737,0.0,0.0,0.0,0.0,-0.027426025277228934,0.0,0.0,0.7413359372074995,0.0,0.048254846398211024,-0.012489521474195471
2016-02-18,0.0,0.0,0.0,-0.027127371041428497,0.0,0.10687928150279996,0.03711798774975713,0.0,0.0,0.0,0.0,-0.02773906436017973,0.0,0.0,0.740176138523099,0.0,0.04824966004154583,-0.0127104967811898
2016-02-19,0.0,0.0,0.0,-0.027505224331949615,0.0,0.1086684584640404,0.038030261055971515,0.0,0.0,0.0,0.0,-0.028046839572036117,0.0,0.0,0.7358880909564793,0.0,0.0489306012429878,-0.0129305243765352
2016-02-22,0.0,0.0,0.0,-0.02703677988484239,0.0,0.10758981832213854,0.03711792098589023,0.0,0.0,0.0,0.0,-0.028161262676593735,0.0,0.0,0.7384986844912408,0.0,0.04886781409417373,-0.012727719545120482
2016-02-23,0.0,0.0,0.0,-0.026767270098755753,0.0,0.10761689720147606,0.036879863714315675,0.0,0.0,0.0,0.0,-0.02808248566249335,0.0,0.0,0.739210832912209,0.0,0.04889063700092769,-0.012552013409822456
2016-02-24,0.0,0.0,0.0,-0.02686925756378556,0.0,0.10810796258493069,0.03694704983355033,0.0,0.0,0.0,0.0,-0.027980332974125974,0.0,0.0,0.7386739876185804,0.0,0.04890603170604548,-0.012515377718981495
2016-02-25,0.0,0.0,0.0,-0.026889288264434538,0.0,0.10746972599699203,0.037168168592424715,0.0,0.0,0.0,0.0,-0.027941484032542194,0.0,0.0,0.739184516876759,0.0,0.04889359169536605,-0.012453224541481437
2016-02-26,0.0,0.0,0.0,-0.027750924350254155,0.0,0.11083442677004275,0.038235060301514544,0.0,0.0,0.0,0.0,-0.028816573252678113,0.0,0.0,0.7315575627278598,0.0,0.049878887527222436,-0.012926565070428215
2016-02-29,0.0,0.0,0.0,-0.027795354787919894,0.0,0.11120171224416793,0.03823727509663008,0.0,0.0,0.0,0.0,-0.029081917705649336,0.0,0.0,0.7307359200034869,0.0,0.050039781072724096,-0.01290803908942161
2016-03-01,0.0,0.0,0.0,-0.028126427021679966,0.0,0.10877383416937632,0.039972419043808015,0.0,0.0,0.0,0.0,-0.029681737882132776,0.0,0.0,0.7297636827195642,0.0,0.05027607123579285,-0.013405827927646155
2016-03-02,0.0,0.0,0.0,-0.027921028550215297,0.0,0.10864629945911107,0.039877228973725455,0.0,0.0,0.0,0.0,-0.02951687183813739,0.0,0.0,0.7305145359571553,0.0,0.050182216369287186,-0.013341818852368216
2016-03-03,0.0,0.0,0.0,-0.027771035049295324,0.0,0.10858764687289693,0.03926927593905848,0.0,0.0,0.0,0.0,-0.029399860285959544,0.0,0.0,0.7309689146895542,0.0,0.05070141305214127,-0.01330185411109425
2016-03-04,0.0,0.0,0.2889222215116538,-0.07272302239686786,0.0,0.2873988259479677,0.10553780945496731,0.0,0.0,0.0,0.0,-0.07745177846243138,0.0,0.0,0.0,0.0,0.13312847173437414,-0.03483787049173762
2016-03-07,0.0,0.0,0.2865843509223887,-0.0711794592445939,0.0,0.28743138428252796,0.10355441282198291,0.0,0.0,0.0,0.0,-0.07623784673850958,0.0,0.0,0.0,0.0,0.14132818172460465,-0.03368436426539241
2016-03-08,0.0,0.0,0.2860750874514013,-0.07101266865871093,0.0,0.2863672965043352,0.10601736872089945,0.0,0.0,0.0,0.0,-0.07568296838066008,0.0,0.0,0.0,0.0,0.1413116003481655,-0.03353300993582764
2016-03-09,0.0,0.0,0.28225410557898006,-0.07158836833674738,0.0,0.287362255832696,0.10703629624106274,0.0,0.0,0.0,0.0,-0.07617101096863786,0.0,0.0,0.0,0.0,0.14188873750588682,-0.03369922553598915
2016-03-10,0.0,0.0,0.28246847977596273,-0.07191856661179771,0.0,0.2881155362459083,0.10600634154089159,0.0,0.0,0.0,0.0,-0.07609267160514445,0.0,0.0,0.0,0.0,0.14167126731272994,-0.033727136907565354
2016-03-11,0.0,0.0,0.28916518902909044,-0.07153485508187607,0.0,0.2853644696578266,0.10412107666406888,0.0,0.0,0.0,0.0,-0.07549659778026084,0.0,0.0,0.0,0.0,0.14049283787597874,-0.03382497391089836
2016-03-14,0.0,0.0,0.2899480484135534,-0.07165819113739308,0.0,0.28537215118130393,0.10294841416864127,0.0,0.0,0.0,0.0,-0.07570363970450195,0.0,0.0,0.0,0.0,0.14062270626798193,-0.03374684912662431
2016-03-15,0.0,0.0,0.27884458704294357,-0.0704038240409595,0.0,0.3060002334397366,0.09946873503021092,0.0,0.0,0.0,0.0,-0.07352783351680066,0.0,0.0,0.0,0.0,0.13909705706157852,-0.032657729867770414
2016-03-16,0.0,0.0,0.2814874277772745,-0.07559171802385652,0.0,0.31749365077826225,0.10628425518781698,0.0,0.0,0.0,0.0,-0.07919770280629032,0.0,0.10525773265110906,0.0,0.0,0.0,-0.034687512775390325
2016-03-17,0.0,0.0,0.27826548929648615,-0.07625184437116275,0.0,0.3157467343633667,0.1078339424586555,0.0,0.0,0.0,0.0,-0.08043438809777957,0.0,0.10642539149052012,0.0,0.0,0.0,-0.035042209922029235
2016-03-18,0.0,0.0,0.2776318482393831,-0.0767047339715236,0.0,0.3147038201213882,0.10784883423346987,0.0,0.0,0.0,0.0,-0.08058476984112778,0.0,0.1073434085414184,0.0,0.0,0.0,-0.03518258505168917
2016-03-21,0.0,0.0,0.27657204572753247,-0.0768498815557913,0.0,0.3123473974307387,0.110726641940262,0.0,0.0,0.0,0.0,-0.08060329828466507,0.0,0.10775908122639165,0.0,0.0,0.0,-0.03514165383461892
2016-03-22,0.0,0.0,0.09695935989528487,-0.026701872916593435,0.0,0.10860976764614377,0.03883283726331448,0.0,0.0,0.0,0.0,-0.028155154274208807,0.0,0.0,0.6885311543674397,0.0,0.0,-0.012209853637015013
2016-03-23,0.0,0.0,0.09699659095918431,-0.02669922459824293,0.0,0.10725802840898416,0.037875065506756636,0.0,0.0,0.0,0.0,-0.02808928705650415,0.0,0.0,0.6909018208204144,0.0,0.0,-0.012179982649913513
2016-03-24,0.0,0.0,0.279022169037037,-0.07717301219648418,0.0,0.30838179568121726,0.10952863552113308,0.0,0.0,0.10952160800731102,0.0,-0.08119336868087088,0.0,0.0,0.0,0.0,0.0,-0.035179410875946504
2016-03-28,0.0,0.0,0.26537783191024283,-0.07367601153114428,0.0,0.29467669647147365,0.0,0.0,0.0,0.10450608990192693,0.0,-0.07750940998794295,0.0,0.0,0.0,0.0,0.15041970939870544,-0.03383425079856388
2016-03-29,0.0,0.0,0.2597281388371385,-0.0747490491968354,0.0,0.2976163916230458,0.10478178446472472,0.0,0.0,0.0,0.0,-0.07656215324263277,0.0,0.0,0.0,0.0,0.15214586130084137,-0.03441662133478148
2016-03-30,0.0,0.0,0.27227025513723296,-0.07832935530581889,0.0,0.3140035600430146,0.1088971873413052,0.0,0.0,0.0,0.0,-0.08035238851995458,0.0,0.10983795807642847,0.0,0.0,0.0,-0.03630929557624521
2016-03-31,0.0,0.0,0.27322862615999927,-0.07809336509775591,0.0,0.31290768696906596,0.108591158008134,0.0,0.0,0.0,0.0,-0.08048555234572799,0.0,0.11026687848693913,0.0,0.0,0.0,-0.036426732932377845
2016-04-01,0.0,0.0,0.27287352442465823,-0.07844746014704633,0.0,0.31180120575567394,0.0,0.0,0.0,0.11072864029814022,0.0,-0.08025578518642068,0.0,0.1096968442648318,0.0,0.0,0.0,-0.03619653992322885
2016-04-04,0.0,0.0,0.2591620142254969,-0.07411444245136037,0.0,0.2966744000768735,0.0,0.0,0.0,0.10573723516774754,0.0,-0.07646716580736208,0.0,0.0,0.0,0.0,0.15360645669915962,-0.03423828557199988
2016-04-05,0.0,0.0,0.1964649222182097,-0.056792722338797126,-0.07099170442726982,0.22394026449782187,0.0,0.0,0.0,0.0,0.0,0.0,0.31027275083763217,0.0,0.0,0.0,0.1156049152745361,-0.02593272040573353
2016-04-06,0.0,0.0,0.25748598027454234,-0.07348490025231107,-0.09103943039915331,0.29089948393091364,0.0,0.0,0.0,0.10453598468913768,0.0,0.0,0.0,0.0,0.0,0.0,0.1492842585242198,-0.03326996192972234
2016-04-07,0.0,0.0,0.25899360791232995,-0.07382677379421325,-0.09179767068084803,0.289587341935224,0.10120715181886908,0.0,0.0,0.0,0.0,0.0,0.0,0.0,0.0,0.0,0.15060010214452843,-0.03398735171398717
2016-04-08,0.0,0.0,0.2625945042194403,-0.07619588332192512,0.0,0.2950124032222807,0.10271961734316835,0.0,0.0,0.0,0.0,-0.07906728803465399,0.0,0.0,0.0,0.0,0.1506708016488405,-0.03373950220969099
2016-04-11,0.0,0.0,0.2633398419471636,-0.07632789533735848,0.0,0.2938771278013899,0.10223490732379659,0.0,0.0,0.0,0.0,-0.07975632019877182,0.0,0.0,0.0,0.0,0.15080567932905314,-0.033658228062466454
2016-04-12,0.0,0.0,0.26389754543783916,-0.07556589259974607,0.0,0.2932945984724191,0.10236468964629875,0.0,0.0,0.0,0.0,-0.0793890574778077,0.0,0.0,0.0,0.0,0.1515153158321147,-0.033972900533774435
2016-04-13,0.0,0.0,0.26119054074868875,-0.07492812579833937,0.0,0.29594709116090623,0.10155969058310642,0.0,0.0,0.0,0.0,-0.07805894744452013,0.0,0.0,0.0,0.0,0.1544197281654084,-0.033895876099030636
2016-04-14,0.0,0.0,0.253808032103674,-0.0734891367763185,0.0,0.29279198734132716,0.0,0.0,0.0,0.11462924689668866,0.0,-0.08032823010057082,0.0,0.0,0.0,0.0,0.15180551231649833,-0.03314785446492247
2016-04-15,0.0,0.0,0.25672545090367305,-0.07461774710685819,0.0,0.29690251709375126,0.10102983632219428,0.0,0.0,0.0,0.0,-0.08223261159163738,0.0,0.0,0.0,0.0,0.15495364880992776,-0.03353818817195801
2016-04-18,0.0,0.0,0.24453858551053834,-0.07536086022037017,0.0,0.30115500798876654,0.0,0.0,0.0,0.11614033073921205,0.0,-0.07916897547422269,0.0,0.0,0.0,0.0,0.15120139063157015,-0.032434849435320004
2016-04-19,0.0,0.0,0.2501582273166936,-0.07677791822042378,0.0,0.30679508481012396,0.09745950745796549,0.0,0.0,0.0,0.0,-0.08147239497749474,0.0,0.0,0.0,0.0,0.15410120150056456,-0.03323566571673387
2016-04-20,0.0,0.0,0.2447810492623761,-0.0777306905749262,0.0,0.3140942983817778,0.09711579206289599,0.0,0.0,0.0,0.0,-0.08105396103883522,0.0,0.0,0.0,0.0,0.15214806274073098,-0.03307614593845772
2016-04-21,0.0,0.0,0.24413879523078671,-0.07758992726958906,0.0,0.3127441899295302,0.0975256942078003,0.0,0.0,0.0,0.0,-0.0814961294734558,0.0,0.0,0.0,0.0,0.15304918043737603,-0.033456083451461886
2016-04-22,0.0,0.0,0.23687402173063066,-0.07919338615887242,0.0,0.31991419447491537,0.09562615469644145,0.0,0.0,0.0,0.0,-0.08226813965117682,0.0,0.0,0.0,0.0,0.15168438806697873,-0.03443971522098459
2016-04-25,0.0,0.0,0.23495604239457699,-0.07975476079495249,0.0,0.31963888544896385,0.09555401830501192,0.0,0.0,0.0,0.0,-0.08300865361348574,0.0,0.0,0.0,0.0,0.15109411309567555,-0.035993526347333424
2016-04-26,0.0,0.0,0.1856058572448575,-0.06315295181055008,-0.0811363735709369,0.25299022852330977,0.07581534215219513,0.0,0.0,0.0,0.0,0.0,0.31250907747260026,0.0,0.0,0.0,0.0,-0.028790169225550423
2016-04-27,0.0,0.0,0.1788104451967731,-0.0609058957357515,-0.07846143194664112,0.24402246381988477,0.0,0.0,0.0,0.0,0.0,0.0,0.29693093051994685,0.0,0.0,0.0,0.11320302454947023,-0.027665808231532522
2016-04-28,0.0,0.0,0.21086909788101255,-0.07404823750341907,-0.0940901759566187,0.0,0.08820637573357885,0.0,0.0,0.0,0.0,0.0,0.36100627950025543,0.0,0.0,0.0,0.13740581032416604,-0.034374023100949364
2016-04-29,0.0,0.0,0.20665154991283752,-0.07602209246135824,-0.0948920453172713,0.0,0.08630203040547703,0.0,0.0,0.0,0.0,0.0,0.36438803968627614,0.0,0.0,0.0,0.13758527610983787,-0.03415896610694191
2016-05-02,0.0,0.0,0.20596812589736868,-0.0760596270843392,-0.09411539199173594,0.0,0.08611182714943469,0.0,0.0,0.0,0.0,0.0,0.36714624849888366,0.0,0.0,0.0,0.1353134124562966,-0.035285366921941196
2016-05-03,0.0,0.0,0.20431912256838006,-0.07646523996841617,-0.09531052037402875,0.0,0.08552098603514324,0.0,0.0,0.0,0.0,0.0,0.3649850870767358,0.0,0.0,0.0,0.13770754914286554,-0.03569149483443038
2016-05-04,0.0,0.0,0.21828662296783174,-0.07574705952182031,-0.0923580868385237,0.0,0.08347976917300938,0.0,0.0,0.0,0.0,0.0,0.3577182981778292,0.0,0.0,0.0,0.1351851101215691,-0.03722505319941657
2016-05-05,0.0,0.0,0.21915684117462345,-0.07576611724828851,-0.09218640509996062,0.0,0.08379921970522013,0.0,0.0,0.0,0.0,0.0,0.3570275423938658,0.0,0.0,0.0,0.13464062060007184,-0.03742325377796962
2016-05-06,0.0,0.0,0.22066162303841447,-0.07619505134821956,-0.0936297468642969,0.0,0.08431014208186033,0.0,0.0,0.0,0.0,0.0,0.35351796516072387,0.0,0.0,0.0,0.13404838143130635,-0.03763709007517855
2016-05-09,0.0,0.0,0.21650601235948125,-0.07526920327681544,-0.09483226320666878,0.0,0.08174462295174086,0.0,0.0,0.0,0.0,0.0,0.35352288078075833,0.0,0.0,0.0,0.14086427828207848,-0.037260739142456825
2016-05-10,0.0,0.0,0.2170932038941762,-0.07431135141108015,-0.09390459764184331,0.0,0.08091881056732003,0.0,0.0,0.0,0.0,0.0,0.35630554188623675,0.0,0.0,0.0,0.13941538462878322,-0.03805110997056034
2016-05-11,0.0,0.0,0.21780967073462892,-0.0741627757319276,-0.09314125877159925,0.0,0.08070192972326946,0.0,0.0,0.0,0.0,0.0,0.3558274328036327,0.0,0.0,0.0,0.14019955189663394,-0.03815738033830811
2016-05-12,0.0,0.0,0.1788198442869141,-0.06205397065910628,-0.07822837075680754,0.24090547735796825,0.0,0.0,0.0,0.0,0.0,0.0,0.29237402747885544,0.0,0.0,0.0,0.11616078248997834,-0.03145752697037012
2016-05-13,0.0,0.0,0.0,-0.06757239051551722,-0.08645908463351225,0.26540426348792995,0.07912937729245396,0.0,0.0,0.0,0.0,0.0,0.33517342669455025,0.0,0.0,0.0,0.13128797095561504,-0.03497348642042135
2016-05-16,0.0,0.0,0.0,-0.06754030060634872,-0.08675907556906756,0.26230152070497104,0.0831671399523199,0.0,0.0,0.0,0.0,0.0,0.3357831664698406,0.0,0.0,0.0,0.13027447014584767,-0.03417432655160453
2016-05-17,0.0,0.0,0.0,-0.06853818765971804,0.0,0.26831407128813406,0.08335037882929319,0.0,0.0,0.0,0.0,-0.07737885511470963,0.3359624464475047,0.0,0.0,0.0,0.13125382102281744,-0.03520223963782284
2016-05-18,0.0,0.0,0.0,-0.07058309407419337,0.0,0.2577388325988504,0.08748643033492924,0.0,0.0,0.0,0.0,-0.0805161509573154,0.3332284395715059,0.0,0.0,0.0,0.13416660719215415,-0.03628044527105152
2016-05-19,0.0,0.0,0.1780926153885967,-0.06357323497160233,0.0,0.23074853745347804,0.0,0.0,0.0,0.0,0.0,-0.0726554535492131,0.3011252232789586,0.0,0.0,0.0,0.12089059547343252,-0.03291433988471882
2016-05-20,0.0,0.0,0.20728557261509142,-0.07529593684062742,-0.09545136556926181,0.0,0.09406819506083691,0.0,0.0,0.0,0.0,0.0,0.3492001355549626,0.0,0.0,0.0,0.1399758423782338,-0.038722951980986145
2016-05-23,0.0,0.0,0.20572770124414913,-0.07657013125807811,-0.09689508261267754,0.0,0.0947934211629077,0.0,0.0,0.0,0.0,0.0,0.34693170030647424,0.0,0.0,0.0,0.1392048980306747,-0.03987706538503851
2016-05-24,0.0,0.0,0.1749604090979363,-0.06534409170881955,-0.08197511901136907,0.22928355952170168,0.0,0.0,0.0,0.0,0.0,0.0,0.29536194363458407,0.0,0.0,0.0,0.11892394258965236,-0.03415093443593707
2016-05-25,0.0,0.0,0.17463239580522524,-0.06536010523799196,0.0,0.23106365489991576,0.0,0.0,0.0,0.0,0.0,-0.07063004763843916,0.30424445217875523,0.0,0.0,0.0,0.11962186387617318,-0.03444748036349946
2016-05-26,0.0,0.0,0.1783105802854745,-0.06533938723103908,0.0,0.22992710814289166,0.0,0.0,0.0,0.0,0.0,-0.07042617446527132,0.30147232095499615,0.0,0.0,0.0,0.12029901475038442,-0.034225414169942805
2016-05-27,0.0,0.0,0.1764413071320733,-0.06470060912217508,-0.0815940280604808,0.2269701340902953,0.0,0.0,0.0,0.0,0.0,0.0,0.29712253164842356,0.0,0.0,0.0,0.11917654006480456,-0.033994849881747426
2016-05-31,0.0,0.0,0.16831673929545526,-0.06575834946000647,-0.08180108954822866,0.23500550387205155,0.0,0.0,0.0,0.0,0.0,0.0,0.296074043847779,0.0,0.0,0.0,0.12057144897689168,-0.03247282499958747
2016-06-01,0.0,0.0,0.16755743157512187,-0.0662886084722394,-0.08196456257821155,0.23490963824065247,0.0,0.0,0.0,0.0,0.0,0.0,0.2962983071087727,0.0,0.0,0.0,0.12047167214621092,-0.032509779878791153
2016-06-02,0.0,0.0,0.16791388946534197,-0.0661040743521188,-0.08204915558546122,0.23330688105204925,0.0,0.0,0.0,0.0,0.0,0.0,0.29940105585166404,0.0,0.0,0.0,0.11891702990396869,-0.032307913789395924
2016-06-03,0.0,0.0,0.1598232072747634,-0.06954390538380711,-0.08562185929694952,0.2350279217052833,0.0,0.0,0.0,0.0,0.0,0.0,0.2947269152201474,0.0,0.0,0.0,0.12086721709555581,-0.034388974023493495
2016-06-06,0.0,0.0,0.1630678632979162,-0.07055892314982934,0.0,0.23982598735482516,0.0,0.0,0.0,0.0,0.0,-0.0712876602753096,0.2973687863420605,0.0,0.0,0.0,0.12192405181630815,-0.0359667277637511
2016-06-07,0.0,0.0,0.16048127971425513,-0.07036915925711751,0.0,0.23902816640135657,0.0,0.0,0.0,0.0,0.0,-0.07330909872341249,0.29815713951274736,0.0,0.0,0.0,0.12200479610185716,-0.03665036028925394
2016-06-08,0.0,0.0,0.16224912601881128,-0.07034390172440422,0.0,0.23633286783751886,0.0,0.0,0.0,0.0,0.0,-0.07323086258273485,0.29739586490627906,0.0,0.0,0.0,0.1224948913676426,-0.03795248556260916
2016-06-09,0.0,0.0,0.15979558457727294,-0.06874140240432565,-0.08382304345896337,0.23276944042048123,0.0,0.0,0.0,0.0,0.0,0.0,0.2968864223186995,0.0,0.0,0.0,0.1206197058102111,-0.037364401010046296
2016-06-10,0.0,0.0,0.15907270298892306,-0.06756814804120004,-0.08197161550959475,0.2338340821526019,0.0,0.0,0.0,0.0,0.0,0.0,0.29796829354557375,0.0,0.0,0.0,0.12291574357058273,-0.03666941419152363
2016-06-13,0.0,0.0,0.18878889806216145,-0.07938398556611516,-0.0955607952446126,0.0,0.09313094861856477,0.0,0.0,0.0,0.0,0.0,0.3533343448871352,0.0,0.0,0.0,0.14557136663051823,-0.04422966099089259
2016-06-14,0.0,0.0,0.1893413376716488,-0.08053685064468673,-0.09457995103283079,0.0,0.09341549776004329,0.0,0.0,0.0,0.0,0.0,0.3514940165986436,0.0,0.0,0.0,0.14593391588257573,-0.04469843040957116
2016-06-15,0.0,0.0,0.20770011192459423,-0.08545097028445564,-0.09899573717245014,0.3068778084428678,0.10082938278032343,0.0,0.0,0.0,0.0,0.0,0.0,0.0,0.0,0.0,0.15220587584932746,-0.047940113545981246
2016-06-16,0.0,0.0,0.1675215092518896,-0.0677994442863628,-0.07668085783745417,0.24669119027167163,0.0,0.0,0.0,0.0,0.0,0.0,0.2869520871583077,0.0,0.0,0.0,0.11722662960059518,-0.03712828159371884
2016-06-17,0.0,0.0,0.20424591234354814,-0.0828857249645676,0.0,0.0,0.09302467420945115,0.0,0.0,0.0,0.0,-0.087800854090372,0.3465126027181937,0.0,0.0,0.0,0.14175875519219935,-0.04377147648166805
2016-06-20,0.0,0.0,0.17175986161522871,-0.06786655690574162,0.0,0.2451109352967345,0.0,0.0,0.0,0.0,0.0,-0.07266637223529834,0.2892278311263559,0.0,0.0,0.0,0.11701976002756255,-0.03634868279307833
2016-06-21,0.0,0.0,0.17113256707996236,-0.06760865906169637,0.0,0.24578117056678322,0.0,0.0,0.0,0.0,0.0,-0.07250004511867482,0.29027151589614636,0.0,0.0,0.0,0.1163572813832679,-0.03634876089346895
2016-06-22,0.0,0.0,0.1679770257785078,-0.06747577694165086,0.0,0.24752639172976776,0.0,0.0,0.0,0.0,0.0,-0.07345010133285798,0.2904869767934758,0.0,0.0,0.0,0.11635655319049182,-0.036727174233247756
2016-06-23,0.0,0.0,0.16947970026193682,-0.06568819174651278,0.0,0.2503859617274414,0.0,0.0,0.0,0.0,0.0,-0.07202901672612527,0.29167605660383017,0.0,0.0,0.0,0.11397895169972368,-0.03676212123442982
2016-06-24,0.0,0.0,0.21402621485728837,-0.0719897257802953,-0.06436475387873702,0.0,0.08790927830975688,0.0,0.0,0.0,0.0,0.0,0.37925340926001994,0.0,0.0,0.0,0.1359184191898262,-0.04653819872407634
2016-06-27,0.0,0.0,0.22349865355821186,-0.07181334790194666,-0.06365647851164494,0.0,0.089039235128777,0.0,0.0,0.0,0.0,0.0,0.3785554977775817,0.0,0.0,0.0,0.12700571510662062,-0.04643107201521716
2016-06-28,0.0,0.0,0.21944602705250352,-0.06900933171086293,0.0,0.0,0.08863460515952128,0.0,0.0,0.0,0.0,-0.08293701608446928,0.36635926626534127,0.0,0.0,0.0,0.12796259660853115,-0.04565115711877055
2016-06-29,0.0,0.0,0.24121702953360563,-0.07387013235908406,0.0,0.3102216154919957,0.09715836960723918,0.0,0.0,0.0,0.0,-0.08850934914207216,0.0,0.0,0.0,0.0,0.139462320450198,-0.04956118341580514
2016-06-30,0.0,0.0,0.22027485515989495,-0.06724976689552571,0.0,0.0,0.08893907402449361,0.0,0.0,0.0,0.0,-0.07987685901967667,0.3701230848716882,0.0,0.0,0.0,0.12729021347147412,-0.046246146557246744
2016-07-01,0.0,0.0,0.22514316849694685,-0.06961908347718117,-0.06313594069678681,0.0,0.09112018840416114,0.0,0.0,0.0,0.0,0.0,0.3738015226868148,0.0,0.0,0.0,0.12880126168685363,-0.04837883455125563
2016-07-05,0.0,0.0,0.24018220182092037,-0.07442227508758117,0.0,0.31201378970081145,0.09819484849393742,0.0,0.0,0.0,0.0,-0.08843735534578306,0.0,0.0,0.0,0.0,0.13751514256538916,-0.0492343869855775
2016-07-06,0.0,0.0,0.24047193999571884,0.0,-0.06834791076976929,0.3129091917646524,0.09862540707878727,0.0,0.0,0.0,0.0,-0.08955197148173101,0.0,0.0,0.0,0.0,0.13903072444334236,-0.05106285446599894
2016-07-07,0.0,0.0,0.23855816364190432,0.0,-0.0682673684264736,0.3154882188103931,0.09873163907568948,0.0,0.0,0.0,0.0,-0.08992976629518147,0.0,0.0,0.0,0.0,0.14012075404647611,-0.048904089703882055
2016-07-08,0.0,0.0,0.0,0.0,-0.05971749419150992,0.26744851985750717,0.08595872690425412,0.0,0.0,0.0,0.0,-0.07646377832249472,0.3434578143759684,0.0,0.0,0.0,0.12243872388176485,-0.044514942466500826
2016-07-11,0.0,0.0,0.0,0.0,-0.059562218454366794,0.2698612883521555,0.08644345197455938,0.0,0.0,0.0,0.0,-0.07675078015643039,0.3411109225113707,0.0,0.0,0.0,0.12139165070376966,-0.04487968784734759
2016-07-12,0.0,0.0,0.0,0.0,-0.06059699900314734,0.27092391688366374,0.08612766276493007,0.0,0.0,0.0,0.0,-0.0778200366732286,0.3402510824276912,0.0,0.0,0.0,0.11962178228636532,-0.04465851996097376
2016-07-13,0.0,0.0,0.0,0.0,-0.06099370896760736,0.27231973311124597,0.08643221817536782,0.0,0.0,0.0,0.0,-0.07961104748892484,0.3390661618475701,0.0,0.0,0.0,0.11803032027430437,-0.04354681013497954
2016-07-14,0.0,0.0,0.0,0.0,-0.06116579027993109,0.27360855065568984,0.08769569063371614,0.0,0.0,0.0,0.0,-0.08000189688421079,0.3381081298859666,0.0,0.0,0.0,0.11573435779692223,-0.04368558386356342
2016-07-15,0.0,0.0,0.2386220637600726,0.0,-0.07035450594942111,0.3146775020295041,0.1009725440588344,0.0,0.0,0.0,0.0,-0.09207131164573562,0.0,0.0,0.0,0.0,0.13267859743995175,-0.050623475116480396
2016-07-18,0.0,0.0,0.23865660201578634,0.0,-0.07052300331907531,0.3138031499906628,0.1010475584260637,0.0,0.0,0.0,0.0,-0.092425158634944,0.0,0.0,0.0,0.0,0.13306615152125997,-0.05047837609220777
2016-07-19,0.0,0.0,0.0,0.0,-0.06171046326365539,0.2739270952279979,0.08891526568273642,0.0,0.0,0.0,0.0,-0.0801712822787008,0.33561907960242876,0.0,0.0,0.0,0.11547036129248675,-0.044186452651993925
2016-07-20,0.0,0.0,0.0,0.0,-0.061333018941698715,0.2727452112419386,0.0874859999482573,0.0,0.0,0.0,0.0,-0.07955069587180595,0.33776647296943096,0.0,0.0,0.0,0.11643112595098065,-0.044687475075887835
2016-07-21,0.0,0.0,0.0,0.0,-0.061206403885101256,0.2752276842287133,0.08619824324871411,0.0,0.0,0.0,0.0,-0.07922459560498943,0.33713878279830145,0.0,0.0,0.0,0.11679439753557105,-0.044209892698609414
2016-07-22,0.0,0.0,0.0,0.0,-0.06111447156827578,0.275743917068371,0.08674000341384648,0.0,0.0,0.0,0.0,-0.07914029841643497,0.3362944458715728,0.0,0.0,0.0,0.1168330427643228,-0.04413382089717609
2016-07-25,0.18021694165081048,0.0,0.0,0.0,-0.07526798066942446,0.34220421247873434,0.10634866038498972,0.0,0.0,0.0,0.0,-0.0977724190864635,0.0,0.0,0.0,0.0,0.14422234945125728,-0.05396743627832028
2016-07-26,0.18120503569886035,0.0,0.0,0.0,-0.07532144704899958,0.3394752750182221,0.10643230485727093,0.0,0.0,0.0,0.0,-0.09805209453345816,0.0,0.0,0.0,0.0,0.14494982076204008,-0.05456402208114874
2016-07-27,0.181316386372863,0.0,0.0,0.0,-0.0754306051294502,0.3401301920067016,0.10519594050364671,0.0,0.0,0.0,0.0,-0.09815974608697037,0.0,0.0,0.0,0.0,0.14443572234551774,-0.05533140755485047
2016-07-28,0.18681994259708762,0.0,0.0,0.0,-0.0752327200552868,0.3354136718412369,0.10627652875019238,0.0,0.0,0.0,0.0,-0.09857244748344866,0.0,0.0,0.0,0.0,0.14315785782372004,-0.05452683144902769
2016-07-29,0.0,0.0,0.23623719163647022,0.0,-0.07030220717915701,0.3140972910271198,0.10131403672891601,0.0,0.0,0.0,0.0,-0.09336448894664359,0.0,0.0,0.0,0.0,0.13358002418622128,-0.05110476029547202
2016-08-01,0.19084919322651103,0.0,0.0,0.0,-0.07499851578045053,0.3304593558572841,0.10804538161912548,0.0,0.0,0.0,0.0,-0.09986799992514009,0.0,0.0,0.0,0.0,0.14201249213626221,-0.05376706145522673
2016-08-02,0.20786832307878997,0.0,0.27088596219412364,0.0,-0.0821292448981386,0.0,0.11704706326825023,0.0,0.0,0.0,0.0,-0.1089606245441554,0.0,0.0,0.0,0.0,0.15408001927789886,-0.059028762738643326
2016-08-03,0.20576734819768142,0.0,0.2703257539855774,0.0,-0.0828098938337282,0.0,0.1176698676132173,0.0,0.0,0.0,0.0,-0.11055598028757929,0.0,0.0,0.0,0.0,0.15505528780557762,-0.05781586827663882
2016-08-04,0.20926203574887647,0.0,0.27025509963168526,0.0,-0.08222541390777634,0.0,0.11695769979752112,0.0,0.0,0.0,0.0,-0.11007915289842204,0.0,0.0,0.0,0.0,0.1539051768763532,-0.057315421139365476
2016-08-05,0.1944742969382965,0.0,0.0,0.0,-0.07637984202438684,0.3260966593703126,0.10671468414484116,0.0,0.0,0.0,0.0,-0.1016773164137204,0.0,0.0,0.0,0.0,0.14136596781671837,-0.05329123329172417
2016-08-08,0.19658581300459296,0.0,0.0,0.0,-0.07611489777055197,0.3223365807846245,0.10954206295933427,0.0,0.0,0.0,0.0,-0.10143364091949451,0.0,0.0,0.0,0.0,0.1409179523289634,-0.05306905223243834
2016-08-09,0.0,0.0,0.23693150676351182,0.0,-0.07261945381932501,0.30592444661795587,0.10401145006077987,0.0,0.0,0.0,0.0,-0.09663066028126754,0.0,0.0,0.0,0.0,0.13275731522997572,-0.051125167227184284
2016-08-10,0.0,0.0,0.2338303442301558,0.0,-0.07292214360852926,0.3061173475787899,0.10459659860331284,0.0,0.0,0.0,0.0,-0.09789803393950436,0.0,0.0,0.0,0.0,0.13317329971012615,-0.05146223232958167
2016-08-11,0.2015029832696224,0.0,0.0,0.0,-0.07620278350018518,0.31936490635842263,0.10956504140383407,0.0,0.0,0.0,0.0,-0.10286170327536533,0.0,0.0,0.0,0.0,0.1383201108651039,-0.05218247132746645
2016-08-12,0.2021963047397823,0.0,0.0,0.0,-0.076582703036769,0.31782077728678154,0.10975167855181431,0.0,0.0,0.0,0.0,-0.1032547435546162,0.0,0.0,0.0,0.0,0.1388043368111963,-0.051589456019040345
2016-08-15,0.0,0.0,0.23533588049460488,0.0,-0.07358306321320623,0.30426032088288324,0.10500712406434043,0.0,0.0,0.0,0.0,-0.09937388035077922,0.0,0.0,0.0,0.0,0.1326352001966684,-0.04980453079751754
2016-08-16,0.0,0.0,0.23368799277876007,0.0,-0.07397199529500101,0.30350812841007213,0.10528164944510002,0.0,0.0,0.0,0.0,-0.10071942585233211,0.0,0.0,0.0,0.0,0.13289168460633413,-0.049939123612400556
2016-08-17,0.0,0.0,0.23615781727616414,0.0,-0.07125089220421493,0.31263801602958813,0.10381334050203912,0.0,0.0,0.0,0.0,-0.09680492553103082,0.0,0.0,0.0,0.0,0.1310503457438359,-0.048284662713126966
2016-08-18,0.0,0.0,0.0,0.09811892913305563,-0.083805989537361,0.3720167126759854,0.12188089092711814,0.0,0.0,0.0,0.0,-0.1140486830143792,0.0,0.0,0.0,0.0,0.15406327997706568,-0.05606551473503473
2016-08-19,0.08245910121536917,0.0,0.0,0.03384631974981553,-0.028915428445561196,0.1255885378002035,0.04179711027479899,0.0,0.0,0.0,0.0,0.0,0.0,0.0,-0.6680426889553682,0.0,0.0,-0.019350813558883226
2016-08-22,0.08243825781811907,0.0,0.0,0.03349694389778477,-0.02893607179324896,0.12570214431170224,0.04182940527929012,0.0,0.0,0.0,0.0,0.0,0.0,0.0,-0.6685265617764612,0.0,0.0,-0.01907061512339375
2016-08-23,0.07501378621497881,-0.18447198041779608,0.0,0.03013097028894079,0.0,0.0,0.0,0.0,0.04791718414858181,0.0,0.03789433148807612,0.0,0.0,0.0,-0.6074167746886201,0.0,0.0,-0.017154972753006422
2016-08-24,0.08902578579422697,0.0,0.0,0.03585932951701247,-0.031088440651969623,0.0,0.0,0.0,0.05702668991833795,0.0,0.0447590143016881,0.0,0.0,0.0,-0.7219667486942548,0.0,0.0,-0.02027399112250993
2016-08-25,0.08774902476528361,0.0,0.0,0.0,-0.030778473184122853,0.0,0.044830918366166386,0.0,0.0,0.0,0.04434718546949028,0.0,0.0,0.0,-0.716516652686208,0.0,0.05574103681905455,-0.02003670870967424
2016-08-26,0.08824368216874752,0.0,0.0,0.0,-0.030972946950524244,0.0,0.04544855095588699,0.0,0.0,0.0,0.04478843444446136,0.0,0.0,0.0,-0.7144488279233836,0.0,0.05590471313007205,-0.020192844426924147
2016-08-29,0.08037486748694035,0.0,0.0,0.0,-0.028625621147877475,0.1209531904846879,0.04199528712159705,0.0,0.0,0.0,0.0,0.0,0.0,0.0,-0.6585700467002428,0.0,0.05082980440368844,-0.018651182654966104
2016-08-30,0.07935008271275933,0.0,0.0,0.0,-0.02845402792791949,0.12048830730201869,0.04137267993837065,0.0,0.0,0.0,0.0,0.0,0.0,0.0,-0.6613745259118485,0.0,0.0504328478381675,-0.018527528368915663
2016-08-31,0.08376194197216139,0.0,0.0,0.0,-0.030355144744687614,0.0,0.0,0.0,0.05549559538501326,0.0,0.04382790904574906,0.0,0.0,0.0,-0.7130661186620394,0.0,0.05402534236048662,-0.019467947829862747
2016-09-01,0.08131721538972098,0.0,0.0,0.0,-0.029582206175436318,0.0,0.04531820274589501,0.0,0.0,0.0,0.04276531642392758,0.0,0.0,0.0,-0.7285641255006584,0.0,0.05366804038603043,-0.018784893378331315
2016-09-02,0.08115093587532946,0.0,0.0,0.0,-0.029474039120119113,0.0,0.044995830958012795,0.0,0.0,0.0,0.04269262351898525,0.0,0.0,0.0,-0.7293310556857379,0.0,0.05357071228833711,-0.018784802553478377
2016-09-06,0.07048313583527235,-0.18061237701257293,0.0,0.028935308841913216,0.0,0.0,0.03836342400982051,0.0,0.0,0.0,0.037083172039771996,0.0,0.0,0.0,-0.6282048698355102,0.0,0.0,-0.016317712425138683
2016-09-07,0.06998691013130477,-0.17909060566148322,0.0,0.02862827245074366,0.0,0.0,0.0384214185827711,0.0,0.0,0.0,0.0,0.0,0.0,0.0,-0.6217860154479746,0.0,0.04591247492658921,-0.01617430279913326
2016-09-08,0.07102912587080117,-0.1820506986001952,0.0,0.029273842252284844,0.0,0.0,0.03897220355658237,0.0,0.0,0.0,0.03739805651435518,0.0,0.0,0.0,-0.6252213666672668,0.0,0.0,-0.016054706538514388
2016-09-09,0.070154686275485,0.0,0.0,0.0,-0.028571766650023818,0.11148655113793009,0.042190002934244235,0.0,0.0,0.0,0.0,0.0,0.0,0.0,-0.6817062707428762,0.0,0.048493233781160695,-0.017397488478280022
2016-09-12,0.0742987522484718,0.0,0.0,0.0,-0.03075098073300615,0.0,0.04525590133407143,0.0,0.05128950782054492,0.0,0.0,0.0,0.0,0.0,-0.7278577365744896,0.0,0.05194271529837007,-0.01860440599104602
2016-09-13,0.07345738914724687,0.0,0.0,0.0,-0.030746469650819522,0.0,0.04533885934494419,0.0,0.05001309294266491,0.0,0.0,0.0,0.0,0.0,-0.7303139963744809,0.0,0.051558036566373554,-0.01857215597346983
2016-09-14,0.1963741166645896,0.0,0.0,0.0,-0.08211541510577273,0.306386341450227,0.12134464773977652,0.0,0.0,0.0,0.0,-0.10663025247289183,0.0,0.0,0.0,0.0,0.1377401722089294,-0.04940905435781282
2016-09-15,0.06763072273375337,0.0,0.0,0.0,-0.028582106162385976,0.10625176916290663,0.042563677870068935,0.0,0.0,0.0,0.0,0.0,0.0,0.0,-0.6895016442517022,0.0,0.04807890437488343,-0.01739117544429942
2016-09-16,0.19411787203163677,0.0,0.0,0.0,-0.0819138736971328,0.304208229761966,0.12389076134753595,0.0,0.0,0.0,0.0,-0.10648362731233538,0.0,0.0,0.0,0.0,0.13791081936331331,-0.05147481648607983
2016-09-19,0.07284763125093827,0.0,0.0,0.0,-0.03115541107320197,0.0,0.04632720020375986,0.0,0.049591902541068565,0.0,0.03991899385713391,0.0,0.0,0.0,-0.7408121356601235,0.0,0.0,-0.019346725413774087
2016-09-20,0.06690932937262835,0.0,0.0,0.0,-0.028714801215164797,0.10603429102303726,0.044072887694503564,0.0,0.0,0.0,0.0,0.0,0.0,0.0,-0.6885788983543297,0.0,0.047910460553694384,-0.017779331786641872
2016-09-21,0.06134837602864815,-0.19196811837610125,0.0,0.0268688527510199,0.0,0.0,0.03967993784244202,0.0,0.0,0.0,0.033287815038547046,0.0,0.0,0.0,-0.6308217418921427,0.0,0.0,-0.016025158071098968
2016-09-22,0.06164126650982856,-0.19175356984172853,0.0,0.027286881129662897,0.0,0.0,0.039751849878997554,0.0,0.0,0.0,0.033382141400409474,0.0,0.0,0.0,-0.6301388748370979,0.0,0.0,-0.016045416402275258
2016-09-23,0.0552392513801333,-0.18943549833430537,0.0,0.029271726617495785,0.0,0.0,0.044767389664811426,0.0,0.0,0.0,0.03260290178507467,0.0,0.0,0.0,-0.6341326062351149,0.0,0.0,-0.014550625983064561
2016-09-26,0.058630756436354986,-0.19950434800012865,0.0,0.02818809924039534,0.0,0.0,0.043405131116197225,0.0,0.0,0.0,0.0,0.0,0.0,0.0,-0.6126157054370965,0.0,0.043661003073833075,-0.01399495669599426
2016-09-27,0.05937073150921833,-0.22649897385903014,0.0,0.028153861107288587,0.0,0.0,0.0,0.0,0.04551486509247597,0.0,0.033800907679499954,0.0,0.0,0.0,-0.593146824764147,0.0,0.0,-0.013513835988339842
2016-09-28,0.06109176558639936,-0.2270572251077662,0.0,0.02873308607321343,0.0,0.0,0.0,0.0,0.04673700140341093,0.0,0.03444460724889373,0.0,0.0,0.0,-0.5888542733361389,0.0,0.0,-0.013082041244177346
2016-09-29,0.07549761162503744,0.0,0.0,0.03485415441243974,-0.04877298434335038,0.0,0.051911477348562114,0.0,0.0,0.0,0.04317596551073003,0.0,0.0,0.0,-0.7296567922270326,0.0,0.0,-0.016131014532847623
2016-09-30,0.06465654292631698,-0.22725753189819675,0.0,0.028560258900147777,0.0,0.0,0.043780643397613846,0.0,0.0,0.0,0.034930881032154255,0.0,0.0,0.0,-0.5875886447094535,0.0,0.0,-0.013225497136116836
2016-10-03,0.07600527643376737,0.0,0.0,0.0,-0.04749794708163351,0.09594274829932507,0.05038862648494452,0.0,0.0,0.0,0.0409856615674873,0.0,0.0,0.0,-0.6736029617583478,0.0,0.0,-0.015576778374494437
2016-10-04,0.07676585562646818,0.0,0.0,0.0,-0.04803013892650539,0.09579952620535394,0.0,0.0,0.0,0.0,0.041328768359350135,0.0,0.0,0.0,-0.6727378140232152,0.0,0.04956019023759427,-0.015777706621512837
2016-10-05,0.0780178560208109,0.0,0.0,0.0339172907219451,-0.04904942583071137,0.09758834061593644,0.0,0.0,0.0,0.0,0.041924113821041456,0.0,0.0,0.0,-0.6830447511262766,0.0,0.0,-0.016458221863277944
2016-10-06,0.0752985094720692,0.0,0.0,0.0,-0.049009982129783636,0.09846351071301743,0.0,0.0,0.0,0.0,0.043178941654144334,0.0,0.0,0.0,-0.668369175023302,0.0,0.04961740538439474,-0.01606247562328869
2016-10-07,0.07454026544949076,0.0,0.0,0.0,-0.04916594112814553,0.09701536926469752,0.0,0.0,0.0,0.0,0.04258020610644672,0.0,0.0,0.0,-0.6718088096782017,0.0,0.04911701444622596,-0.015772393926791962
2016-10-10,0.07495007102527736,0.0,0.0,0.0,-0.050224161370301376,0.09680899843554887,0.0,0.0,0.0,0.0,0.04301407013093813,0.0,0.0,0.0,-0.6682295080358575,0.0,0.05066514357640879,-0.016108047425668154
2016-10-11,0.07535637173752205,0.0,0.0,0.0,-0.048810719702333055,0.09358653468444339,0.0,0.0,0.0,0.0,0.04197287342581941,0.0,0.0,0.0,-0.6715627709766476,0.0,0.052119799438215306,-0.01659093003501919
2016-10-12,0.07477967794377828,0.0,0.0,0.0,-0.048877209616524114,0.09284701710089228,0.0,0.0,0.0,0.0,0.041637736558146704,0.0,0.0,0.0,-0.6720293076700116,0.0,0.05339585305061559,-0.01643319806003145
2016-10-13,0.07602959537201541,0.0,0.0,0.0,-0.048830735929763835,0.09237354563529154,0.0,0.0,0.0,0.0,0.04112886151139636,0.0,0.0,0.0,-0.6715352258299426,0.0,0.05368956366393583,-0.016412472057654233
2016-10-14,0.07431403222168055,0.0,0.0,0.0,-0.04876958742855247,0.09105811850823513,0.0,0.0,0.0,0.0,0.04105803055916414,0.0,0.0,0.0,-0.676420822291215,0.0,0.051927450929496556,-0.016451958061656002
2016-10-17,0.07466032987158329,0.0,0.0,0.0,-0.04983287711001557,0.09226901627235701,0.0,0.0,0.0,0.0,0.041726420247587735,0.0,0.0,0.0,-0.6722825894577847,0.0,0.05253093716243327,-0.01669782987823841
2016-10-18,0.07463710301990516,0.0,0.0,0.0,-0.049636305319922074,0.09205170432064418,0.0,0.0,0.0,0.0,0.04154992118077164,0.0,0.0,0.0,-0.672929544764216,0.0,0.05253129140927015,-0.01666412998527094
2016-10-19,0.07336698776373597,0.0,0.0,0.0,-0.04929035266134526,0.09117377386548571,0.0,0.0,0.0,0.0,0.04107698457688162,0.0,0.0,0.0,-0.6763873891249604,0.0,0.05210619745581568,-0.016598314551775344
2016-10-20,0.07304237057732565,0.0,0.0,0.0,-0.0494128936097158,0.09136349401484153,0.0,0.0,0.0,0.0,0.04126646930954373,0.0,0.0,0.0,-0.6761379207605177,0.0,0.05225080036934319,-0.01652605135871246
2016-10-21,0.0733044476856192,0.0,0.0,0.0,-0.048931795975919706,0.0901698980088739,0.0,0.0,0.0,0.0,0.04089085696956023,0.0,0.0,0.0,-0.6783383181140483,0.0,0.0517376960688569,-0.01662698717712174
2016-10-24,0.07194507938830212,0.0,0.0,0.0,-0.0492083233321509,0.09093130009021695,0.0,0.0,0.0,0.0,0.040952161113404044,0.0,0.0,0.0,-0.6784480876935244,0.0,0.051829669473323375,-0.016685378909078154
2016-10-25,0.07100753949508613,0.0,0.0,0.0,-0.048691125436445354,0.09065430886038758,0.0,0.0,0.0,0.0,0.04026319254205646,0.0,0.0,0.0,-0.6802527941146759,0.0,0.052634373047867465,-0.016496666503481205
2016-10-26,0.07032140838158772,0.0,0.0,0.0,-0.04878365725275416,0.08969758971183343,0.0,0.0,0.0,0.0,0.0403631435825426,0.0,0.0,0.0,-0.6815591020686069,0.0,0.0525755824988108,-0.016699516503864417
2016-10-27,0.1931200637105033,0.0,0.0,0.0,-0.13715504322800193,0.23900966645235003,0.1342171523736608,0.0,0.0,0.0,0.0,-0.10609684186712318,0.0,0.0,0.0,0.0,0.1444458533118103,-0.04595537905655054
2016-10-28,0.1921852718150131,0.0,0.0,0.0,-0.13740112765027565,0.238799512502622,0.13306287246347587,0.0,0.0,0.0,0.0,-0.10575159356383927,0.0,0.0,0.0,0.0,0.14616105927064676,-0.046638562734127365
2016-10-31,0.19078666640761474,0.0,0.0,0.0,-0.13756476443193175,0.23864853954037143,0.1340189384136686,0.0,0.0,0.0,0.0,-0.1073682440211278,0.0,0.0,0.0,0.0,0.14678938085075396,-0.044823466334531575
2016-11-01,0.18789095898494984,0.0,0.0,0.0,-0.1380114281864903,0.2397443255459767,0.13377617939179984,0.0,0.0,0.0,0.0,-0.1070634201228323,0.0,0.0,0.0,0.0,0.14745646355233377,-0.04605722421561722
2016-11-02,0.18336295528013166,0.0,0.0,0.0,-0.13804324136968266,0.24552830419039753,0.13287504664360206,0.0,0.0,0.0,0.0,-0.10556880596500642,0.0,0.0,0.0,0.0,0.14896440024785565,-0.045657246303323996
2016-11-03,0.17636180630331055,0.0,0.0,0.0,-0.13829628638172423,0.24510695999974016,0.1382945288989877,0.0,0.0,0.0,0.0,-0.1066548022511535,0.0,0.0,0.0,0.0,0.1500154332509605,-0.04527018291412319
2016-11-04,0.17648671668342,0.0,0.0,0.0,-0.13661015604295398,0.24916455168559884,0.13839629372047987,0.0,0.0,0.0,0.0,-0.10590242914079098,0.0,0.0,0.0,0.0,0.14775437773176842,-0.045685474994987776
2016-11-07,0.17662310560638644,0.0,0.0,0.0,-0.13699880750976146,0.24923701158656966,0.13541081035940242,0.0,0.0,0.0,0.0,-0.10263140067707574,0.0,0.0,0.0,0.0,0.15262309826088963,-0.04647576599991472
2016-11-08,0.17539799114136567,0.0,0.0,0.0,-0.13694489580841868,0.24918760924434036,0.13564349782486243,0.0,0.0,0.0,0.0,-0.10277440789395682,0.0,0.0,0.0,0.0,0.15288602512207095,-0.04716557296498521
2016-11-09,0.18225560280406153,0.0,0.0,0.0,-0.1515375650441205,0.24797164409219213,0.14968910532540866,0.0,0.0,0.0,0.11015303370169192,-0.1050723139956164,0.0,0.0,0.0,0.0,0.0,-0.05332073503690881
2016-11-10,0.05785852381951152,0.0,0.0,0.0,-0.04954151840569138,0.0,0.04755760573397654,0.0,0.04946276855237103,0.0,0.035092407580859845,0.0,0.0,0.0,-0.7429665269564021,0.0,0.0,-0.017520648951187538
2016-11-11,0.05771051057164729,0.0,0.0,0.0,-0.04960596612526641,0.0,0.04506913813568169,0.0,0.049659923318603486,0.0,0.034071879873476686,0.0,0.0,0.0,-0.7463142968346645,0.0,0.0,-0.017568285140659938
2016-11-14,0.0606386979460711,0.0,0.0,0.0,-0.052046139393361,0.0,0.04740469288766994,0.0,0.05202616470383692,0.0,0.03545747800807275,0.0,0.0,0.0,-0.7338844652210704,0.0,0.0,-0.018542361839917896
2016-11-15,0.06093353944814609,0.0,0.0,0.0,-0.0521416419965464,0.0,0.0470748133733023,0.0,0.05196479438659705,0.0,0.035660099996128396,0.0,0.0,0.0,-0.7343305624999912,0.0,0.0,-0.017894548299288653
2016-11-16,0.060861983870842545,0.0,0.0,0.0,-0.05093461652635391,0.0,0.04665078920978284,0.0,0.05111380209749931,0.0,0.03527999965957943,0.0,0.0,0.0,-0.7372645927379955,0.0,0.0,-0.01789421589794646
2016-11-17,0.05924981031444619,0.0,0.0,0.0,-0.049882117703121835,0.0,0.04606633123428756,0.0,0.050222129034492156,0.0,0.03464386498275294,0.0,0.0,0.0,-0.7423669720235498,0.0,0.0,-0.017568774707349546
2016-11-18,0.1910430428920112,0.0,0.0,0.0,-0.15976872457159927,0.0,0.1488136820844125,0.0,0.16332013264015713,0.0,0.11250649238509759,0.0,0.0,-0.1667772263689473,0.0,0.0,0.0,-0.05777069905777501
2016-11-21,0.191972502032939,0.0,0.0,0.0,-0.15912458561366413,0.0,0.14899434030790257,0.0,0.16326733947582753,0.0,0.11309576706212711,0.0,0.0,-0.1673166088902433,0.0,0.0,0.0,-0.056228856617296326
2016-11-22,0.059198771889603305,0.0,0.0,0.0,-0.04903711486914575,0.0,0.046485834032609134,0.0,0.05051692861156707,0.0,0.03477381429983431,0.0,0.0,0.0,-0.7425127919401991,0.0,0.0,-0.01747474435704135
2016-11-23,0.0597138771006612,0.0,0.0,0.0,-0.04937184702838658,0.0,0.044904093803704526,0.0,0.0507697093870366,0.0,0.034964209797036766,0.0,0.0,0.0,-0.7426489863659077,0.0,0.0,-0.017627276517266713
2016-11-25,0.05655559885938081,0.0,0.0,0.0,-0.04870391742621791,0.0,0.04410978112927111,0.0,0.04997621710290985,0.0,0.034467333003854066,0.0,0.0,0.0,-0.7491439181049565,0.0,0.0,-0.017043234373409728
2016-11-28,0.05696633981495696,0.0,0.0,0.0,-0.04867359822154505,0.0,0.043469557546094086,0.0,0.050104289098973596,0.0,0.03414074005420787,0.0,0.0,0.0,-0.7496056619700739,0.0,0.0,-0.01703981329414849
2016-11-29,0.057456879018733774,0.0,0.0,0.0,-0.04835439448614314,0.0,0.043772037070728624,0.0,0.05009005996368685,0.0,0.03412828992909123,0.0,0.0,0.0,-0.7495036410215964,0.0,0.0,-0.016694698510019944
2016-11-30,0.1922208723683719,0.0,0.0,0.0,-0.1614272374003991,0.0,0.14381564755313078,0.0,0.16702157005115664,0.0,0.11415609779360052,0.0,0.0,-0.17021573046350313,0.0,0.0,0.0,-0.051142844369838035
2016-12-01,0.19771931700526285,0.0,0.0,0.0,-0.16684406166497398,0.0,0.14832531837218915,0.0,0.17165996285467428,0.0,0.11742584306177509,0.0,0.0,0.0,0.0,0.0,-0.14566051546843464,-0.052364981572690025
2016-12-02,0.19011270661544075,0.0,0.0,0.0,-0.16374209285764685,0.0,0.14420319276869153,0.0,0.16584977629100828,0.0,0.11362979281980229,0.0,0.0,-0.17199036615647556,0.0,0.0,0.0,-0.050472072490934716
2016-12-05,0.17134401068962163,0.0,0.0,0.0,-0.1474333782673503,0.0,0.0,0.22118737877746522,0.150114579292098,0.0,0.10118482982039885,0.0,0.0,-0.1629223649214654,0.0,0.0,0.0,-0.0458134582316006
2016-12-06,0.1718849072780161,0.0,0.0,0.0,-0.14688729905080283,0.0,0.0,0.220841101521145,0.15014040120714625,0.0,0.10125562571582851,0.0,0.0,-0.16294349952882187,0.0,0.0,0.0,-0.046047165698239315
2016-12-07,0.05629852897972072,0.0,0.0,0.0,-0.04669284922347251,0.0,0.0,0.0719673863950208,0.04811590947331774,0.0,0.03302794922831322,0.0,0.0,0.0,-0.7285219204363631,0.0,0.0,-0.015375456263791847
2016-12-08,0.0621695064356088,0.0,0.0,0.029461204881714515,0.0,0.0,0.0,0.0,0.05545734575790845,0.0,0.036495431250853756,0.0,0.0,0.0,-0.756276655990607,0.0,-0.04402141762521085,-0.01611843805809662
2016-12-09,0.19644808273275935,0.0,-0.2287870282136443,0.09271565440970377,0.0,0.0,0.0,0.0,0.17923733699149533,0.0,0.11537849980074592,0.0,0.0,0.0,0.0,0.0,-0.13683926952325123,-0.05059412832840009
2016-12-12,0.0608707301681213,0.0,-0.06708157843842467,0.028405182227016386,0.0,0.0,0.0,0.0,0.0572247766147859,0.0,0.03518027170489938,0.0,0.0,0.0,-0.7102530730925979,0.0,-0.040984387754154535,0.0
2016-12-13,0.05761450389687851,0.0,-0.06395988472397829,0.0,0.0,0.0,0.0,0.06965164804238477,0.05434847060189586,0.0,0.033412213435321865,0.0,0.0,0.0,-0.6822769791630295,0.0,-0.03873630013651111,0.0
2016-12-14,0.06433292008595211,0.0,0.0,0.0,0.0,0.0,0.0,0.07669239534507848,0.05935455361783627,0.0,0.0365167906679994,0.0,0.0,0.0,-0.7045139879797861,0.0,-0.04275046040899551,-0.01583889189435213
2016-12-15,0.15920080884942642,0.0,-0.1713912696655681,0.0,-0.13199791609567932,0.0,0.0,0.1910087449676678,0.14850768263101277,0.0,0.09082246291293405,0.0,0.0,0.0,0.0,0.0,-0.1070711148777115,0.0
2016-12-16,0.060800823166411846,0.0,-0.06603383404371073,0.0,0.0,0.0,0.0,0.07329504375792416,0.05690795061930754,0.0,0.034844565000725386,0.0,0.0,0.0,-0.6670205728332725,0.0,-0.04109721057864791,0.0
2016-12-19,0.06118835279706637,0.0,-0.0667001102748563,0.0,0.0,0.0,0.0,0.07365902346295511,0.05733641438447202,0.0,0.03513444234123729,0.0,0.0,0.0,-0.6652100313649824,0.0,-0.04077162537443057,0.0
2016-12-20,0.06063007020434877,0.0,-0.06801282385588563,0.0,0.0,0.0,0.0,0.07482600166712014,0.058263733202338734,0.0,0.035127358953391155,0.0,0.0,0.0,-0.6622171186865011,0.0,-0.040922893430414414,0.0
2016-12-21,0.06088727574029649,0.0,-0.06809078738568268,0.0,0.0,0.0,0.0,0.0753943960139986,0.0586552129550278,0.0,0.03566975020640446,0.0,0.0,0.0,-0.6599202622758468,0.0,-0.041382315422743336,0.0
2016-12-22,0.1534513800003447,0.0,-0.17173041261433675,0.0,-0.14105786070778226,0.0,0.0,0.19002482963128647,0.149376173893963,0.0,0.08996267790725127,0.0,0.0,0.0,0.0,0.0,-0.10439666524503556,0.0
2016-12-23,0.15263525020302968,0.0,-0.17061190554328057,0.0,-0.14180983730539606,0.0,0.0,0.189472635572162,0.1511680088357904,0.0,0.09029455833356856,0.0,0.0,0.0,0.0,0.0,-0.10400780420677276,0.0
2016-12-27,0.1520780169957575,0.0,-0.17031619856097843,0.0,-0.14219722146838545,0.0,0.0,0.18946275854537764,0.15097872241678428,0.0,0.09008567866678961,0.0,0.0,0.0,0.0,0.0,-0.10488140334592688,0.0
2016-12-28,0.1422542447770708,0.0,-0.160679338823957,0.0,-0.1354498280504167,0.0,0.0,0.18155307598954148,0.14147227741602125,0.0,0.0846088940601458,0.0,0.0,-0.1539823408828469,0.0,0.0,0.0,0.0
2016-12-29,0.05871805775352249,0.0,-0.0662500855684106,0.0,-0.0587910546574229,0.0,0.0,0.0768029843216333,0.06111362887385464,0.0,0.03618758049872129,0.0,0.0,0.0,-0.6421366083264348,0.0,0.0,0.0
2016-12-30,0.059189420011997555,0.0,-0.06673050874415688,0.0,0.0,0.0,0.0,0.07810641586414578,0.06256214885244954,0.0,0.03668732082962346,0.0,0.0,0.0,-0.6549740002232401,0.0,-0.04175018547438654,0.0
2017-01-03,0.062415155494757985,0.0,-0.06891618435887054,0.03140880277659559,0.0,0.0,0.0,0.0,0.06647447816749129,0.0,0.03918501281162869,0.0,0.0,0.0,-0.6873126959525205,0.0,-0.04428767043813533,0.0
2017-01-04,0.05844343787377576,0.0,-0.06868923377184365,0.0,0.0,0.0,0.0,0.0,0.06587758951681529,0.0,0.038358153419959164,0.036509435096313755,0.0,0.0,-0.6880263241178507,0.0,-0.044095826203441504,0.0
2017-01-05,0.059333274746214026,0.0,-0.06698680632530081,0.03178284879563286,0.0,0.0,0.0,0.0,0.06702466269712361,0.0,0.038080365752229596,0.0,0.0,0.0,-0.6933500055013905,0.0,-0.04344203618210859,0.0
2017-01-06,0.06043404146448612,0.0,-0.0673567440121134,0.0321177981646553,0.0,0.0,0.0,0.0,0.06781017156430326,0.0,0.03845235867238342,0.0,0.0,0.0,-0.6900991427406304,0.0,-0.04372974338142806,0.0
2017-01-09,0.06074386384996945,0.0,-0.06808800963483869,0.03256013913040354,0.0,0.0,0.0,0.0,0.06786467073799707,0.0,0.03862687851891325,0.0,0.0,0.0,-0.6882057224923076,0.0,-0.043910715635570315,0.0
2017-01-10,0.06029975309967264,0.0,-0.06754435820306189,0.0,0.0,0.0,0.0,0.0,0.06760515854892318,0.0,0.03840671833167359,0.0378861711862264,0.0,0.0,-0.6845805183271158,0.0,-0.04367732230332652,0.0
2017-01-11,0.06064026793135049,0.0,-0.0683467478903901,0.03334556876380474,0.0,0.0,0.0,0.0,0.07124199348040458,0.0,0.03959248495664985,0.0,0.0,0.0,-0.6830581192685606,0.0,-0.04377481770883964,0.0
2017-01-12,0.06243243553450248,0.0,-0.07045163825104891,0.034545321382424526,0.0,0.0,0.0,0.0,0.0,0.0,0.04042338365898719,0.04106611627574605,0.0,0.0,-0.705669048645696,0.0,-0.04541205625159498,0.0
2017-01-13,0.06230203613959634,0.0,-0.07065067862925456,0.0347014703284,0.0,0.0,0.0,0.0,0.0,0.0,0.040836093941957745,0.04110584654157742,0.0,0.0,-0.7049358288328106,0.0,-0.04546804558640339,0.0
2017-01-17,0.06571185175818871,0.0,-0.0723302907831927,0.03582908434191118,0.0,0.0,0.0,0.0,0.0,0.0,0.04139463132453194,0.0,0.0,0.0,-0.7185778142091869,0.0,-0.04708949766209906,0.01906682992088948
2017-01-18,0.0660645297779262,0.0,-0.07054992803617346,0.0,0.0,0.0,0.0,0.0,0.0,0.0,0.04127522912227781,0.04154329974959768,0.0,0.0,-0.7151870832598024,0.0,-0.04654523038115181,0.018834699673070613
2017-01-19,0.0655760106070118,0.0,-0.07095911235133215,0.036475312230517996,0.0,0.0,0.0,0.0,0.0,0.0,0.041179068937404764,0.0,0.0,0.0,-0.720143531362699,0.0,-0.04672646305809472,0.01894050145293943
2017-01-20,0.06627342892526877,0.0,-0.07168928640570318,0.036801748451457686,0.0,0.0,0.0,0.0,0.0,0.0,0.041498490944639276,0.0,0.0,0.0,-0.7176230405123031,0.0,-0.04706322950492318,0.01905077525570463
2017-01-23,0.06421078928835959,0.0,-0.06731501292401514,0.03488810830036406,0.0,0.0,0.0,0.0,0.07261565868292506,0.0,0.039847006640524325,0.0,0.0,0.0,-0.6764709045519833,0.0,-0.04465251961182844,0.0
2017-01-24,0.06826234386979509,0.0,-0.07154914876913751,0.03695201077164945,0.0,0.0,0.0,0.0,0.0,0.0,0.04176247641924647,0.0,0.0,0.0,-0.7146225695116893,0.0,-0.04730904323269225,0.019542407425789773
2017-01-25,0.06531450775349183,0.0,-0.06771696070420462,0.03475611213973743,0.0,0.0,0.0,0.0,0.07145724484338163,0.0,0.03938377132079716,0.0,0.0,0.0,-0.677098179316175,0.0,-0.044273223922212376,0.0
2017-01-26,0.06746870195265708,0.0,-0.0694756999228064,0.03588566496499091,0.0,0.0,0.0,0.0,0.0,0.0,0.0408510029553621,0.04114944095121987,0.0,0.0,-0.6994389216231852,0.0,-0.04573056762977842,0.0
2017-01-27,0.068331793294787,0.0,-0.06963515930630138,0.03616457912218659,0.0,0.0,0.0,0.0,0.0,0.0,0.04095419225624015,0.04172612450134223,0.0,0.0,-0.6974143799766811,0.0,-0.04577377154246151,0.0
2017-01-30,0.06558854370473369,0.0,-0.06745740656778465,0.0,0.0,0.0,0.0,0.0,0.06992130712695312,0.0,0.038960638141764786,0.04040747921131999,0.0,0.0,-0.673174129226179,0.0,-0.0444904960212648,0.0
2017-01-31,0.06702018923013589,0.0,-0.06862017576503471,0.0364038861828388,0.0,0.0,0.0,0.0,0.0,0.0,0.040673113810814586,0.0419352841484818,0.0,0.0,-0.6993493757539696,0.0,-0.045997975108724734,0.0
2017-02-01,0.06714304977261804,0.0,-0.06930585864299368,0.0,0.0,0.0,0.0,0.0,0.0,0.0,0.04105345877398761,0.04233271748497018,0.0,0.0,-0.713484039567687,0.0,-0.046569587366815955,0.020111288390927424
2017-02-02,0.06839759235696098,0.0,-0.06832690214587457,0.03627878462261004,0.0,0.0,0.0,0.0,0.0,0.0,0.04090920427989518,0.04209656179288907,0.0,0.0,-0.6982452216559798,0.0,-0.04574573314579044,0.0
2017-02-03,0.06567372210494256,0.0,-0.06582971354419924,0.0,0.0,0.0,0.0,0.0,0.07059088500260605,0.0,0.039346246317131496,0.04068641566598869,0.0,0.0,-0.6739063202820078,0.0,-0.04396669708312408,0.0
2017-02-06,0.06930055253436566,0.0,-0.06676533889537024,0.0,0.0,0.0,0.0,0.0,0.07156490780772175,0.0,0.03973363883580612,0.04140084006752912,0.0,0.0,-0.666606428066932,0.0,-0.04462829379227498,0.0
2017-02-07,0.06926019173731551,0.0,-0.06639914246278796,0.0,0.0,0.0,0.0,0.0,0.07137080962766046,0.0,0.03946975487053194,0.041348677779231936,0.0,0.0,-0.6674610515346614,0.0,-0.04469037198781075,0.0
2017-02-08,0.0750247683335744,0.0,-0.07075343434868979,0.0,0.0,0.0,0.0,0.0,0.0,0.0,0.04334207670519961,0.04589308000233143,0.0,0.0,-0.6972490695343996,0.0,-0.04685668510723988,0.020880885968565337
2017-02-09,0.074450123363902,0.0,-0.07026798986111732,0.0,0.0,0.0,0.0,0.0,0.0,0.0,0.04277763271710554,0.045029142065096575,0.0,0.0,-0.7004861853454583,0.0,-0.04620597018685585,0.02078295646046454
2017-02-10,0.20738814139518283,0.0,-0.1924447730692847,0.0,0.0,0.0,-0.1390559573195418,0.0,0.0,0.0,0.12277738136758067,0.12996933831911775,0.0,0.0,0.0,0.0,-0.1524603398924288,0.05590406863686354
2017-02-13,0.2073552005817223,0.0,-0.1965974923778625,0.0,0.0,0.0,-0.13805560977794804,0.0,0.0,0.0,0.12253788968163473,0.12795287970312855,0.0,0.0,0.0,0.0,-0.15276992063885989,0.05473100723884405
2017-02-14,0.07527714699685116,0.0,-0.0718996980464533,0.0,0.0,0.0,0.0,0.0,0.0,0.0,0.04671111347109741,0.04890039064633275,0.0,0.0,-0.681703194479756,0.0,-0.05530215211685563,0.020206304242653843
2017-02-15,0.07259547282217253,0.0,-0.07107643467106957,0.0,0.0,0.0,0.0,0.0,0.0,0.0,0.04591908517321738,0.04732042481155313,0.0,0.0,-0.690385159602063,0.0,-0.05326495673981149,0.019438466180112895
2017-02-16,0.1992235032225328,0.0,-0.19508024396273213,0.0,0.0,0.0,-0.14426365206083802,0.0,0.0,0.0,0.127088886251222,0.13076838841888166,0.0,0.0,0.0,0.0,-0.1474596340700653,0.0561156920137281
2017-02-17,0.19858215171554652,0.0,-0.1948803799073906,0.0,0.0,0.0,-0.14417004457310614,0.0,0.0,0.0,0.12687759582214897,0.1307562658060117,0.0,0.0,0.0,0.0,-0.14846231530836243,0.05627124686743371
2017-02-21,0.07274654170987474,0.0,-0.07152803043850312,0.0,0.0,0.0,0.0,0.0,0.0,0.0,0.045960651650611466,0.04761663629971366,0.0,0.0,-0.6858394320015195,0.0,-0.05583320050684764,0.020475507392929884
2017-02-22,0.0728749127482962,0.0,-0.07217048641872946,0.0,0.0,0.0,0.0,0.0,0.0,0.0,0.04560492513760203,0.04712010366790068,0.0,0.0,-0.6864320227391825,0.0,-0.05548074392581051,0.020316805362478707
2017-02-23,0.07309507750172295,0.0,-0.07201533020902993,0.0,0.0,0.0,0.0,0.0,0.0,0.0,0.04566547153968005,0.04689080069616245,0.0,0.0,-0.6856207956913938,0.0,-0.055623681198347895,0.021088843163662812
2017-02-24,0.07326738999723872,0.0,-0.07202594962546827,0.0,0.0,0.0,0.0,0.0,0.0,0.0,0.046325449436186716,0.047092298283063626,0.0,0.0,-0.6853713376412025,0.0,-0.054707821800425646,0.02120975321641468
2017-02-27,0.07339546316234224,0.0,-0.07385210479528938,0.0,0.0,0.0,0.0,0.0,0.0,0.0,0.04648419532189269,0.04691306551580349,0.0,0.0,-0.6831940799007927,0.0,-0.054831548456721585,0.021329542847157837
2017-02-28,0.07245435193901936,0.0,-0.06960892950954006,0.0,0.0,0.0,0.0,0.0,0.07970002564970087,0.0,0.042682197233248835,0.04313333104262547,0.0,0.0,-0.6407833466799254,0.0,-0.051637817945939996,0.0
2017-03-01,0.07466130357041253,0.0,-0.06922580905522818,0.0,0.0,0.0,0.0,0.0,0.07666459351716716,0.0,0.042183482319207974,0.043545073913145105,0.0,0.0,-0.6432494072678981,0.0,-0.05047033035694078,0.0
2017-03-02,0.1806920448754141,0.0,-0.1697897579189609,0.0,0.0,0.0,-0.13186339899249874,0.0,0.18453189538698667,0.0,0.10164955423847707,0.10669205123358785,0.0,0.0,0.0,0.0,-0.1247812973540749,0.0
2017-03-03,0.17788814140943202,0.0,-0.17168426638039336,0.0,0.0,0.0,-0.13415666199100348,0.0,0.18229198268326718,0.0,0.09996123223084785,0.10644404194461139,0.0,0.0,0.0,0.0,-0.12757367336044462,0.0
2017-03-06,0.17684182917762134,0.0,-0.17235624989391218,0.0,0.0,0.0,-0.13300567944767158,0.0,0.18108321322122678,0.0,0.09946506863766975,0.10786663787455518,0.0,0.0,0.0,0.0,-0.12938132174734313,0.0
2017-03-07,0.17885884515900313,0.0,-0.17345714060445439,0.0,0.0,0.0,-0.13176194266240804,0.0,0.17969187941158019,0.0,0.09888654934997225,0.10711825420752032,0.0,0.0,0.0,0.0,-0.13022538860506175,0.0
2017-03-08,0.17763095431488565,0.0,-0.1722557381916154,0.0,0.0,0.0,-0.13132526344744122,0.0,0.17846903340685227,0.0,0.10092400143343966,0.10993922167061532,0.0,0.0,0.0,0.0,-0.12945578753515055,0.0
2017-03-09,0.1718352690794705,0.0,-0.17259041582913132,0.0,0.0,0.0,-0.1315056470141458,0.0,0.18088356639609962,0.0,0.10234336361915937,0.11184201035289758,0.0,0.0,0.0,0.0,-0.12899972770909585,0.0
2017-03-10,0.16719607586455443,0.0,-0.17047156146544093,0.0,0.0,0.0,-0.1305620416419658,0.0,0.1886629998048736,0.0,0.10281614114023499,0.1110751856979412,0.0,0.0,0.0,0.0,-0.129215994384989,0.0
2017-03-13,0.16621312158879095,0.0,-0.17255437638901575,0.0,0.0,0.0,-0.12876693825309202,0.0,0.1867287554843393,0.0,0.10412754076214033,0.11227899259884591,0.0,0.0,0.0,0.0,-0.1293302749237758,0.0
2017-03-14,0.16494624568277289,0.0,-0.17430425028099453,0.0,0.0,0.0,-0.12981108100014133,0.0,0.18512108503042524,0.0,0.10342267980962289,0.11100988833874197,0.0,0.0,0.0,0.0,-0.13138476985730124,0.0
2017-03-15,0.18343172161748936,0.0,-0.18569601522395324,0.11148148742104472,0.0,0.0,-0.13841143416429003,0.0,0.0,0.0,0.11468447310152727,0.12254239134345707,0.0,0.0,0.0,0.0,-0.14375247712823822,0.0
2017-03-16,0.16825370218751623,0.0,-0.170048617421685,0.0,0.0,0.0,-0.12688556904974613,0.0,0.18640081484868476,0.0,0.10486993089228148,0.11222708259181714,0.0,0.0,0.0,0.0,-0.13131428300826925,0.0
2017-03-17,0.16422249244113796,0.0,-0.17062941059768988,0.0,0.0,0.0,-0.1289358497833313,0.0,0.18970517171782791,0.0,0.10462439567734451,0.1115862724628129,0.0,0.0,0.0,0.0,-0.1302964073198554,0.0
2017-03-20,0.1764154306738188,0.0,-0.18525892227309604,0.0,0.0,0.0,0.0,0.0,0.20204778970713078,0.0,0.11139223812113958,0.11927204737753822,0.0,0.0,0.0,0.0,-0.13856140287812904,-0.06705216896914758
2017-03-21,0.18647235129596976,0.0,-0.20957199870974638,0.13197057765264944,0.0,0.0,0.0,0.0,0.0,0.0,0.11619342388512167,0.12348465537516667,0.0,0.0,0.0,0.0,-0.1557766839769895,-0.07653030910435644
2017-03-22,0.1858037526255277,0.0,-0.20771380718292,0.13269158795403366,0.0,0.0,0.0,0.0,0.0,0.0,0.11649305986041322,0.12334703499948604,0.0,0.0,0.0,0.0,-0.15769738719767457,-0.07625337017994474
2017-03-23,0.18568019414609815,0.0,-0.20727911345636954,0.13242902488363595,0.0,0.0,0.0,0.0,0.0,0.0,0.11674703028630416,0.1233468490131367,0.0,0.0,0.0,0.0,-0.1581412228785002,-0.07637656533595523
2017-03-24,0.18536866593292434,0.0,-0.20762436706365978,0.13268854721764464,0.0,0.0,0.0,0.0,0.0,0.0,0.11668791278037628,0.12342098202424723,0.0,0.0,0.0,0.0,-0.1578239800963536,-0.07638554488479428
2017-03-27,0.18464272657536446,0.0,-0.20642970792905288,0.13506070297634698,0.0,0.0,0.0,0.0,0.0,0.0,0.11653313161849313,0.124532725069406,0.0,0.0,0.0,0.0,-0.156763278608885,-0.0760377272224514
2017-03-28,0.06867894668830035,0.0,-0.07671256506194095,0.05049534900980453,0.0,0.0,0.0,0.0,0.0,0.0,0.04312710868328047,0.046712476185081606,0.0,0.0,-0.6562451449947525,0.0,-0.05802840937683964,0.0
2017-03-29,0.06847061180577918,0.0,-0.0767309899955937,0.05054503341721225,0.0,0.0,0.0,0.0,0.0,0.0,0.043175205151333725,0.04674625173387695,0.0,0.0,-0.656434454195579,0.0,-0.05789745370062523,0.0
2017-03-30,0.06716672962103186,0.0,-0.07298083031262544,0.0,0.0,0.0,0.0,0.0,0.07695335047906801,0.0,0.0418755677209694,0.04635629368133548,0.0,0.0,-0.6385927205963392,0.0,-0.056074507588630695,0.0
2017-03-31,0.06733816752780286,0.0,-0.07242778694438487,0.0,0.0,0.0,0.0,0.0,0.07545745250235308,0.0,0.041179682592005364,0.045581726490321085,0.0,0.0,-0.6428251108130615,0.0,-0.05519007313007125,0.0
2017-04-03,0.07013924430067743,0.0,-0.07515117330949189,0.05134040278700783,0.0,0.0,0.0,0.0,0.0,0.0,0.04238976188521463,0.04677022694360817,0.0,0.0,-0.6577432763793394,0.0,-0.05646591439466079,0.0
2017-04-04,0.0699022884870781,0.0,-0.07788535986273343,0.051303139438366965,0.0,0.0,0.0,0.0,0.0,0.0,0.0419483809009134,0.046125552024166364,0.0,0.0,-0.6573385164773592,0.0,-0.05549676280938254,0.0
2017-04-05,0.07378039213143125,0.0,-0.07750959059588357,0.05105446866198064,0.0,0.0,0.0,0.0,0.0,0.0,0.042201400062356995,0.04679864992707095,0.0,0.0,-0.6534787218790963,0.0,-0.05517677674218052,0.0
2017-04-06,0.07229456921649875,0.0,-0.07922960759672154,0.05103039509782751,0.0,0.0,0.0,0.0,0.0,0.0,0.042125660996039795,0.04637078582098381,0.0,0.0,-0.6521793064848959,0.0,-0.056769674787032855,0.0
2017-04-07,0.07315098965213238,0.0,-0.08134020380088998,0.051884370976645604,0.0,0.0,0.0,0.0,0.0,0.0,0.04273730391565385,0.047077918795056455,0.0,0.0,-0.6455485962737623,0.0,-0.05826061658585952,0.0
2017-04-10,0.1653538581413211,0.0,-0.1811684796862992,0.0,0.0,0.0,-0.1428491808781707,0.0,0.17779903776157915,0.0,0.0968014198392304,0.1050159305018604,0.0,0.0,0.0,0.0,-0.13101209319153917,0.0
2017-04-11,0.07222907526730751,0.0,-0.07902224620087142,0.0,0.0,0.0,0.0,0.0,0.0776867913896085,0.0,0.04247145289190087,0.04600648193983928,0.0,0.0,-0.6262345708609666,0.0,-0.05634938144950592,0.0
2017-04-12,0.07292880033097353,0.0,-0.07890148803657916,0.0,0.0,0.0,0.0,0.0,0.07779622381300874,0.0,0.041924471477230184,0.045514189252686604,0.0,0.0,-0.6264308081108261,0.0,-0.05650401897869582,0.0
2017-04-13,0.07277251694282806,0.0,-0.07980276325726604,0.0,0.0,0.0,0.0,0.0,0.07605840601080026,0.0,0.041876296739507136,0.04547526003466402,0.0,0.0,-0.6273437158478975,0.0,-0.05667104116703708,0.0
2017-04-17,0.07231702553077851,0.0,-0.07968195896281466,0.0,0.0,0.0,0.0,0.0,0.07431975363318666,0.0,0.04143164087087045,0.04524474953550264,0.0,0.0,-0.6302412138829623,0.0,-0.05676365758388483,0.0
2017-04-18,0.07233546659848523,0.0,-0.08004770491656248,0.0,0.0,0.0,0.0,0.0,0.07468048723377259,0.0,0.042106780319342854,0.046549993090929095,0.0,0.0,-0.6280908795175261,0.0,-0.0561886883233816,0.0
2017-04-19,0.07104785391977259,0.0,-0.08316273286493481,0.0,0.0,0.0,0.0,0.0,0.07331130871751014,0.0,0.041493995405732814,0.04571124069388347,0.0,0.0,-0.6285299966315517,0.0,-0.056742871766614356,0.0
2017-04-20,0.18098677127729834,0.0,-0.20773494820162358,0.0,0.0,0.0,0.0,0.0,0.18202660120386635,0.0,0.10314869846997837,0.1141805128382419,0.0,0.0,0.0,0.0,-0.14327184823380384,-0.0686506197751875
2017-04-21,0.19149397953878508,0.0,-0.22162289482000114,0.12850592954518597,0.0,0.0,0.0,0.0,0.0,0.0,0.11028888187934478,0.12170880896937185,0.0,0.0,0.0,0.0,-0.1530256792582742,-0.0733538259890371
2017-04-24,0.19059672697233668,0.0,-0.22608540167554753,0.12824702002138244,0.0,0.0,0.0,0.0,0.0,0.0,0.10830949421540159,0.11953729684994105,0.0,0.0,0.0,0.0,-0.15418157386895917,-0.07304248639643145
2017-04-25,0.19080274922638804,0.0,-0.22615392594766787,0.1278440219686601,0.0,0.0,0.0,0.0,0.0,0.0,0.11008840407362325,0.120930358844607,0.0,0.0,0.0,0.0,-0.1514156036333761,-0.07276493630567757
2017-04-26,0.18975275594895835,0.0,-0.22297991823266158,0.12850060843876,0.0,0.0,0.0,0.0,0.0,0.0,0.11019991568080256,0.12144069363954522,0.0,0.0,0.0,0.0,-0.15485195168815022,-0.0722741563711221
2017-04-27,0.168493695118296,0.0,-0.2020188580834726,0.0,0.0,0.0,0.0,0.0,0.0,0.22085391954159628,0.09759365196229629,0.10819902018136812,0.0,0.0,0.0,0.0,-0.13752488137233607,-0.06531597374063472
2017-04-28,0.1690111564940679,0.0,-0.20268869988650462,0.0,0.0,0.0,0.0,0.0,0.0,0.22156261876206068,0.09580920971574572,0.10691434946700112,0.0,0.0,0.0,0.0,-0.1382070744527243,-0.06580689122189566
2017-05-01,0.16912865065225918,0.0,-0.20130240545636222,0.0,0.0,0.0,0.0,0.0,0.0,0.22378983842002967,0.09710022989726834,0.10780760283328095,0.0,0.0,0.0,0.0,-0.13547467286326073,-0.06539659987753897
2017-05-02,0.19019006154715587,0.0,-0.22916858289805658,0.12460820462893536,0.0,0.0,-0.16090157557896823,0.0,0.0,0.0,0.10621577535130156,0.11849530150200381,0.0,0.0,0.0,0.0,0.0,-0.07042049849357866
2017-05-03,0.18075353020268625,0.0,-0.2337310853879886,0.12633943783748006,0.0,0.0,-0.15767276222473478,0.0,0.0,0.0,0.10838957236378349,0.1203322548380242,0.0,0.0,0.0,0.0,0.0,-0.07278135714530261
2017-05-04,0.1720568072758967,0.0,-0.23962900980336266,0.1273980139615445,0.0,0.0,0.0,0.0,0.0,0.0,0.11128877473239025,0.12382599684464285,0.0,0.0,0.0,0.0,-0.1569995843449227,-0.0688018130372403
2017-05-05,0.19154041986294254,0.0,0.0,0.13674785113471719,0.0,0.0,-0.17168231799969544,0.0,0.0,0.0,0.12238595895570999,0.1358806216607855,0.0,0.0,0.0,0.0,-0.16909771495000697,-0.07266511543614235
2017-05-08,0.19068730269571932,0.0,0.0,0.1358028022840064,0.0,0.0,-0.1765309440267916,0.0,0.0,0.0,0.12200937431741758,0.1349032659176793,0.0,0.0,0.0,0.0,-0.16770356512434334,-0.07236274563404234
2017-05-09,0.1751336279488028,0.0,-0.23448770333909674,0.12507027393765163,0.0,0.0,0.0,0.0,0.0,0.0,0.11393023107411919,0.12582078896632046,0.0,0.0,0.0,0.0,-0.1577965571744868,-0.0677608175595224
2017-05-10,0.16787073423753404,0.0,-0.2368460892180981,0.12544050101245618,0.0,0.0,0.0,0.0,0.0,0.0,0.11422012841633992,0.12562979509457456,0.0,0.0,0.0,0.0,-0.16431731613964196,-0.0656754358813553
2017-05-11,0.1661613742283595,0.0,-0.23648823358968465,0.124154483396478,0.0,0.0,0.0,0.0,0.0,0.0,0.11416604621256632,0.1267462146496124,0.0,0.0,0.0,0.0,-0.16722905923133957,-0.0650545886919597
2017-05-12,0.16781701729656565,0.0,-0.2314100811751856,0.12570116129344205,0.0,0.0,0.0,0.0,0.0,0.0,0.11518209316370571,0.12781820643277644,0.0,0.0,0.0,0.0,-0.16615103632137077,-0.06592040431695373
2017-05-15,0.17758901536228638,0.0,0.0,0.13393087945716825,0.0,0.0,-0.17980762207192177,0.0,0.0,0.0,0.12334646730897439,0.1365460046068014,0.0,0.0,0.0,0.0,-0.178793285778699,-0.06998672541414873
2017-05-16,0.17830854298473836,0.0,0.0,0.13356171994276855,0.0,0.0,-0.1786362761403544,0.0,0.0,0.0,0.12335325607528576,0.13619299206138163,0.0,0.0,0.0,0.0,-0.18007562356727014,-0.06987158922820114
2017-05-17,0.18512027175071608,0.0,0.0,0.13477897422065696,0.0,0.0,-0.17531881886876483,0.0,0.0,0.0,0.12060845259586023,0.13014702051366175,0.0,0.0,0.0,0.0,-0.18131144793233636,-0.07271501411800387
2017-05-18,0.18649792009332464,0.0,0.0,0.13112807029018148,0.0,0.0,-0.1746128405896117,0.0,0.0,0.0,0.12103165999202031,0.13076859561049492,0.0,0.0,0.0,0.0,-0.1830047965290846,-0.07295611689528231
2017-05-19,0.18863265392847087,0.0,0.0,0.12666123598043852,0.0,0.0,-0.17513244367624853,0.0,0.0,0.0,0.12128711463223628,0.13130006128001293,0.0,0.0,0.0,0.0,-0.18489763786003188,-0.07208885264256093
2017-05-22,0.17251865464669724,0.0,-0.23587795861596467,0.11868760784595367,0.0,0.0,0.0,0.0,0.0,0.0,0.11278914054947867,0.12151104510300718,0.0,0.0,0.0,0.0,-0.1713752488145419,-0.06724034442435667
2017-05-23,0.17118173853275584,0.0,-0.23584346864505715,0.11933458086611638,0.0,0.0,0.0,0.0,0.0,0.0,0.11298017307574416,0.12245256186474733,0.0,0.0,0.0,0.0,-0.17042152701016527,-0.06778595000541382
2017-05-24,0.17081205868420024,0.0,-0.23694951226757602,0.11893692088174626,0.0,0.0,0.0,0.0,0.0,0.0,0.11285137820174498,0.12299362658191502,0.0,0.0,0.0,0.0,-0.16927946995643595,-0.06817703342638153
2017-05-25,0.1704835840682137,0.0,-0.2372297879521043,0.12073160679197832,0.0,0.0,0.0,0.0,0.0,0.0,0.11280734132943214,0.12287495950782604,0.0,0.0,0.0,0.0,-0.1732344916830561,-0.06263822866738941
2017-05-26,0.1699675902034058,0.0,-0.23670879862633407,0.12054044791526218,0.0,0.0,0.0,0.0,0.0,0.0,0.11310015761586735,0.12424092548751911,0.0,0.0,0.0,0.0,-0.1740973629628834,-0.061344717188727936
2017-05-30,0.16701956472270407,0.0,-0.2359975065577397,0.12127516709887637,0.0,0.0,0.0,0.0,0.0,0.0,0.1145013873672098,0.12664822500471487,0.0,0.0,0.0,0.0,-0.17335456817168265,-0.061203581077072466
2017-05-31,0.14628483721912683,0.0,-0.2172328253955485,0.10786716808826226,0.0,0.0,0.0,0.0,0.0,0.20765800856956715,0.1049044364829955,0.0,0.0,0.0,0.0,0.0,-0.16325545900077798,-0.052797265243721955
2017-06-01,0.15650060912000777,0.0,-0.2452332179935868,0.12309197744859238,0.0,0.0,0.0,0.0,0.0,0.0,0.1136568299353456,0.12213892634029445,0.0,0.0,0.0,0.0,-0.18070315653440003,-0.05867528262777294
2017-06-02,0.14297911513741857,0.0,-0.22172196553856507,0.11275356145086986,0.0,0.0,0.0,0.0,0.0,0.2046577105819993,0.10369735324564153,0.0,0.0,0.0,0.0,0.0,-0.16038366704556437,-0.053806626999941355
2017-06-05,0.0,0.0,-0.22866140303526977,0.11645319906242663,0.0,0.0,0.0,0.0,0.0,0.21250089186199703,0.10729338301451764,0.11446291051761634,0.0,0.0,0.0,0.0,-0.1650371027985845,-0.05559110970958818
2017-06-06,0.14306834013605008,0.0,-0.22040621855340575,0.1130083380456265,0.0,0.0,0.0,0.0,0.0,0.20550609258152708,0.10457482396987881,0.0,0.0,0.0,0.0,0.0,-0.16001399609559683,-0.05342219061791496
2017-06-07,0.1431090199343232,0.0,-0.220219881775049,0.11403807804479728,0.0,0.0,0.0,0.0,0.0,0.20444709619711168,0.10505120520559406,0.0,0.0,0.0,0.0,0.0,-0.1596198285664362,-0.0535148902766886
2017-06-08,0.14499517077338767,0.0,-0.22189792569627306,0.11414595285267289,0.0,0.0,0.0,0.0,0.0,0.20264741453244345,0.10203286182804035,0.0,0.0,0.0,0.0,0.0,-0.16100675297889402,-0.053273921338288545
2017-06-09,0.16225983710081132,0.0,-0.2445048470325625,0.12576839429975784,0.0,0.0,0.0,0.0,0.0,0.0,0.11048894240198051,0.12042846205372507,0.0,0.0,0.0,0.0,-0.17724592249882715,-0.05930359461233569
2017-06-12,0.16146915616338328,0.0,-0.24348578546753571,0.1270902902072259,0.0,0.0,0.0,0.0,0.0,0.0,0.11014008040009005,0.11986782636384877,0.0,0.0,0.0,0.0,-0.17890322495636218,-0.05904363644155418
2017-06-13,0.0,0.0,-0.240874584540675,0.1257794229593045,0.17132739285126142,0.0,0.0,0.0,0.0,0.0,0.108718241459811,0.11833974825973936,0.0,0.0,0.0,0.0,-0.17683502206391885,-0.058125587865289916
2017-06-14,0.0,0.0,0.0,0.14565791815155338,0.18978876230805175,0.0,-0.17377670809541226,0.0,0.0,0.0,0.11714655984828043,0.12897240127549436,0.0,0.0,0.0,0.0,-0.1844858655882573,-0.060171784732950435
2017-06-15,0.0,0.0,0.0,0.1390923376962659,0.0,0.0,-0.16807306206058398,0.0,0.0,0.2167759354309792,0.11336399419277775,0.12433651719978427,0.0,0.0,0.0,0.0,-0.18008751751686095,-0.05827063590274798
2017-06-16,0.0,0.0,0.0,0.14272158764178935,0.0,0.0,-0.17246894799080856,0.0,0.0,0.0,0.11631627474195846,0.12745708334145875,0.0,0.19556149853321536,0.0,0.0,-0.18583164069265073,-0.05964296705811861
2017-06-19,0.0,0.0,0.0,0.14105394904262342,0.0,0.0,-0.16800501959520922,0.0,0.0,0.2111808330668309,0.1148502882389289,0.1234889964717754,0.0,0.0,0.0,0.0,-0.1829367709118444,-0.0584841426727877
2017-06-20,0.0,0.0,-0.23868603764283008,0.12658770575449457,0.0,0.0,-0.15310722369578297,0.0,0.0,0.1962232284626666,0.11138139641269126,0.1216491843720099,0.0,0.0,0.0,0.0,0.0,-0.05236522365952464
2017-06-21,0.0,0.0,-0.23799709680523692,0.12540855288707914,0.0,0.0,0.0,0.0,0.0,0.19400303424367987,0.10919443455140239,0.1202001714810649,0.0,0.0,0.0,0.0,-0.16222926384329817,-0.05096744618823866
2017-06-22,0.0,0.0,-0.2377941444835827,0.12492938171043323,0.0,0.0,0.0,0.0,0.0,0.1943916429322045,0.10980771323041451,0.11992476364446218,0.0,0.0,0.0,0.0,-0.16226722411591069,-0.05088512988299201
2017-06-23,0.0,0.0,-0.23817151074796986,0.12473693767689371,0.0,0.0,0.0,0.0,0.0,0.1945934100591004,0.10967533647354595,0.1192851285104516,0.0,0.0,0.0,0.0,-0.1626250269458673,-0.05091264958617121
2017-06-26,0.0,0.0,0.0,0.13975520028320612,0.0,0.0,-0.1684451482752499,0.0,0.0,0.0,0.12383491654115568,0.134956067778485,0.0,0.1914040639285596,0.0,0.0,-0.18414990560691377,-0.057454697586429966
2017-06-27,0.0,0.0,0.0,0.13802188366871102,0.0,0.0,-0.1700812903942629,0.0,0.0,0.0,0.12606085676098305,0.1324255354692208,0.0,0.1934420127559091,0.0,0.0,-0.18234223172964975,-0.057626189221263495
2017-06-28,0.0,0.0,0.0,0.13804751858269496,0.0,0.0,-0.17142686896279927,0.0,0.0,0.0,0.1245207084696752,0.12922092986562658,0.0,0.19425503436732336,0.0,0.0,-0.18397459161465565,-0.058554348137224876
2017-06-29,0.0,0.0,0.0,0.136055952490926,0.0,0.0,-0.1733548567945713,0.0,0.0,0.0,0.12656518485836332,0.12810953299545175,0.0,0.19173076656829127,0.0,0.0,-0.18467952881501423,-0.05950417747738222
2017-06-30,0.0,0.0,0.0,0.1371245382919205,0.0,0.0,-0.1735769137965331,0.0,0.0,0.0,0.12659392656942559,0.12836388680888508,0.0,0.19143234431614958,0.0,0.0,-0.18477895651155374,-0.058129433705532405
2017-07-03,0.0,0.0,0.0,0.13807196640990124,0.0,0.0,-0.16673350285110464,0.0,0.0,0.0,0.12671823886717726,0.13127919960356507,0.0,0.18926197550316085,0.0,0.0,-0.18960343312292272,-0.058331683642168154
2017-07-05,0.0,0.0,0.0,0.1380211943061577,0.0,0.0,-0.16652277787501024,0.0,0.0,0.0,0.1259708439675576,0.13154236042009512,0.0,0.18962261767148536,0.0,0.0,-0.1914310350992534,-0.05688917066044064
2017-07-06,0.0,0.0,0.0,0.13640187070011062,0.0,0.0,-0.1678532685610495,0.0,0.0,0.0,0.12660705085535354,0.1317567168571241,0.0,0.19056117461961672,0.0,0.0,-0.18957616909440347,-0.057243749312342024
2017-07-07,0.0,0.0,0.0,0.13713589756283376,0.0,0.0,-0.1659237092401681,0.0,0.0,0.0,0.1279923375361729,0.13101323796617753,0.0,0.1917089137322196,0.0,0.0,-0.18876540359129176,-0.057460500371136224
2017-07-10,0.0,0.0,0.0,0.13605533529894337,0.0,0.0,-0.166141932386,0.0,0.0,0.0,0.1276815939709076,0.13083563370726303,0.0,0.19192826664565665,0.0,0.0,-0.18972081512219172,-0.0576364228690375
2017-07-11,0.0,0.0,0.0,0.13563807876376097,0.0,0.0,-0.1660605674281376,0.0,0.0,0.0,0.12772568471202417,0.13061257793441428,0.0,0.1917654661347055,0.0,0.0,-0.19050407084952076,-0.05769355417743669
2017-07-12,0.0,0.0,0.0,0.1301759879500292,0.0,0.0,-0.17222633872971718,0.0,0.0,0.0,0.12780791706852057,0.12959394785844286,0.0,0.19116791614055362,0.0,0.0,-0.1916409403143008,-0.057386951938435744
2017-07-13,0.0,0.0,0.0,0.1293732669072451,0.0,0.0,-0.173173632720168,0.0,0.0,0.0,0.13021105534422417,0.13125948528283965,0.0,0.18957311045406366,0.0,0.0,-0.18975904943457708,-0.0566503998568822
2017-07-14,0.0,0.0,0.0,0.12804482933741507,0.0,0.0,-0.1713026993392495,0.0,0.0,0.0,0.1331958723341639,0.1323352162420842,0.0,0.18875770414995022,0.0,0.0,-0.19000864583249652,-0.05635503276464051
2017-07-17,0.0,0.0,0.0,0.12797194868208678,0.0,0.0,-0.1696913047076024,0.0,0.0,0.0,0.13445163458249018,0.1332015953345879,0.0,0.18956604708468716,0.0,0.0,-0.18921365124900058,-0.05590381835954494
2017-07-18,0.0,0.0,0.0,0.13029558053381407,0.0,0.0,-0.1676992930523952,0.0,0.0,0.0,0.13337752088480503,0.1322997596764712,0.0,0.18832795870701716,0.0,0.0,-0.19260046501895042,-0.05539942212654692
2017-07-19,0.0,0.0,0.0,0.13030363264076744,0.0,0.0,-0.16963141859754988,0.0,0.0,0.0,0.13138110317838125,0.1311687877209231,0.0,0.18724995020546484,0.0,0.0,-0.19369677663819618,-0.05656833101871721
2017-07-20,0.0,0.0,0.0,0.1309536859221895,0.0,0.0,-0.1684739031861844,0.0,0.0,0.0,0.13282137480596104,0.13209101037944038,0.0,0.18670395281328314,0.0,0.0,-0.19281186297624006,-0.056144209916701326
2017-07-21,0.0,0.0,0.0,0.13146810668692538,0.0,0.0,-0.1667858705794218,0.0,0.0,0.0,0.13289866893582022,0.13259841945904494,0.0,0.18744283226029443,0.0,0.0,-0.19286043617150034,-0.055945665906992854
2017-07-24,0.0,0.0,0.0,0.13093740640474058,0.0,0.0,-0.1642487014903103,0.0,0.0,0.0,0.1325243076047957,0.13162164146128838,0.0,0.19754414117445027,0.0,0.0,-0.18886125851564114,-0.05426254334877363
2017-07-25,0.0,0.0,0.0,0.1312385118859179,0.0,0.0,-0.16690914581762373,0.0,0.0,0.0,0.13097593476187722,0.1324418141618291,0.0,0.19833473099635313,0.0,0.0,-0.18709364551637064,-0.053006216860028196
2017-07-26,0.0,0.0,0.0,0.12266845103997066,0.18797488188963227,0.0,-0.15502317518389228,0.0,0.0,0.0,0.0,0.1240534418669688,0.0,0.18433044802954426,0.0,0.0,-0.17646528122921512,-0.049484320760776614
2017-07-27,0.0,0.0,0.0,0.08943801346946323,0.13735333794129997,0.0,-0.11393464771602277,0.0,0.0,0.0,0.08985508864798439,0.0,0.0,0.13580003475591834,0.0,-0.3051923847421874,-0.12842649272712375,0.0
2017-07-28,0.0,0.0,0.0,0.08944038864072898,0.13760088020640251,0.0,-0.11290338760200909,0.0,0.0,0.0,0.09292865072967653,0.0,0.0,0.1358688383782263,0.0,-0.3037105294196453,-0.12754732502331131,0.0
2017-07-31,0.0,0.0,-0.2042421853170639,0.10167773531131541,0.15645656368265018,0.0,-0.13032918750540357,0.0,0.0,0.0,0.10568280416519478,0.0,0.0,0.15401989546162692,0.0,0.0,-0.1475916285567453,0.0
2017-08-01,0.0,0.0,-0.2040024279203987,0.10177034297554714,0.15581216553217658,0.0,-0.12989922783749214,0.0,0.0,0.0,0.10586058968191278,0.0,0.0,0.1563613582666442,0.0,0.0,-0.14629388778582852,0.0
2017-08-02,0.0,0.0,-0.20321992902915373,0.10173772441409969,0.15485367298428043,0.0,-0.13454802108233083,0.0,0.0,0.0,0.10394074519101335,0.0,0.0,0.1566911696489129,0.0,0.0,-0.14500873765020902,0.0
2017-08-03,0.0,0.0,-0.19306648065439072,0.09867853726265303,0.15097120178035509,0.0,-0.13162014616473383,0.0,0.0,0.13916015032867113,0.0,0.0,0.0,0.15060083251261352,0.0,0.0,-0.13590265129658272,0.0
2017-08-04,0.0,0.0,-0.19298149087317024,0.10419703153833856,0.16414742328086285,0.0,-0.13603096842088455,0.0,0.0,0.0,0.10337236891858635,0.0,0.0,0.15958965203062211,0.0,0.0,-0.13968106493753535,0.0
2017-08-07,0.0,0.0,-0.18709072521436035,0.09862563523943788,0.1596841414724792,0.0,-0.12932436283152043,0.0,0.0,0.13879142831139787,0.0,0.0,0.0,0.15259583018974765,0.0,0.0,-0.13388787674105662,0.0
2017-08-08,0.0,0.0,-0.19222561085248932,0.09980548777574165,0.15732659970701035,0.0,-0.1297550569666151,0.0,0.0,0.1377538794466642,0.0,0.0,0.0,0.15052235045848342,0.0,0.0,-0.13261101479299603,0.0
2017-08-09,0.0,0.0,-0.19364468125941786,0.09927966726053752,0.15796208552993982,0.0,-0.12661722580274248,0.0,0.0,0.1385443435454507,0.0,0.0,0.0,0.1512099466283331,0.0,0.0,-0.13274204997357847,0.0
2017-08-10,0.0,0.0,-0.20069438617745458,0.09501916920096624,0.15268072583242415,0.0,-0.13024950491879309,0.0,0.0,0.13351732161319516,0.0,0.0,0.0,0.15221575725330042,0.0,0.0,-0.13562313500386633,0.0
2017-08-11,0.0,0.0,0.0,0.11279954992474524,0.18218769544382837,0.0,-0.1540630463380361,0.0,0.0,0.15762282369272287,0.0,0.0,0.0,0.1801486272395621,0.0,0.0,-0.16261249607067882,-0.050565761290426475
2017-08-14,0.0,0.0,0.0,0.11383452833421252,0.18246416764735288,0.0,-0.1535521606030874,0.0,0.0,0.15560357835536343,0.0,0.0,0.0,0.18058574546430053,0.0,0.0,-0.16321368036554504,-0.0507461392301381
2017-08-15,0.0,0.0,0.0,0.11388936867846065,0.18450667586814692,0.0,-0.15186146259596633,0.0,0.0,0.15569869803718459,0.0,0.0,0.0,0.1805292251512615,0.0,0.0,-0.16272653256252015,-0.05078803710645987
2017-08-16,0.0,0.0,0.0,0.11216267350266265,0.1831153658866681,0.0,-0.15406229553745232,0.0,0.0,0.16310791489170762,0.0,0.0,0.0,0.17615269355424912,0.0,0.0,-0.16311000936754005,-0.04828904725972018
2017-08-17,0.0,0.0,0.0,0.11640194266686861,0.1788994166585829,0.0,-0.15933612672301917,0.0,0.0,0.15541527325870816,0.0,0.0,0.0,0.17610923839594766,0.0,0.0,-0.16448914347370713,-0.04934885882316629
2017-08-18,0.0,0.0,0.0,0.11961064773426153,0.18223083590327305,0.0,-0.15681706494801517,0.0,0.0,0.15324679255880927,0.0,0.0,0.0,0.17930293688082022,0.0,0.0,-0.161357682187911,-0.04743403978690965
2017-08-21,0.0,0.0,0.0,0.11937269737776814,0.18208171172451926,0.0,-0.1567762494742927,0.0,0.0,0.15433648037844594,0.0,0.0,0.0,0.1791871585020865,0.0,0.0,-0.16148546000875894,-0.04676024253412861
2017-08-22,0.0,0.0,0.0,0.1184426361371337,0.18197441928092498,0.0,-0.15860321985229303,0.0,0.0,0.15017102375941974,0.0,0.0,0.0,0.1797441787998499,0.0,0.0,-0.16395139121629387,-0.04711313095408467
2017-08-23,0.0,0.0,0.0,0.11848882231664265,0.18218113402291,0.0,-0.15882985446417877,0.0,0.0,0.14975146250915686,0.0,0.0,0.0,0.18016635145967083,0.0,0.0,-0.163569375694353,-0.047012999533087935
2017-08-24,0.0,0.0,0.0,0.11835592390026586,0.18135907581082114,0.0,-0.1580540180960448,0.0,0.0,0.150998734919472,0.0,0.0,0.0,0.17904551427831636,0.0,0.0,-0.1623924635753881,-0.04979426941969178
2017-08-25,0.0,0.0,0.0,0.1181894652156808,0.18022113283125646,0.0,-0.16062263164431517,0.0,0.0,0.15110704523036855,0.0,0.0,0.0,0.1772119958081318,0.0,0.0,-0.16210591119268125,-0.05054181807756587
2017-08-28,0.0,0.0,0.0,0.1194563515973977,0.18177927432020324,0.0,-0.1534727910010298,0.0,0.0,0.15216178165099864,0.0,0.0,0.0,0.17861239672645873,0.0,0.0,-0.16416571517022877,-0.05035168953368299
2017-08-29,0.0,0.0,0.0,0.12076364272812118,0.18079531933339374,0.0,-0.15374198724765406,0.0,0.0,0.15210357109542916,0.0,0.0,0.0,0.1772101529175382,0.0,0.0,-0.1641354499182788,-0.05124987675958485
2017-08-30,0.0,0.0,0.0,0.12062714053356835,0.1813475812965022,0.0,-0.15242132592173022,0.0,0.0,0.15106562185750144,0.0,0.0,0.0,0.18103837931892797,0.0,0.0,-0.16273402630181083,-0.05076592476995914
2017-08-31,0.0,0.0,-0.21232389210646543,0.1112284457937938,0.170193229731078,0.0,0.0,0.0,0.0,0.13857776763214794,0.0,0.0,0.0,0.1669995226936972,0.0,0.0,-0.15478383885560357,-0.04589330318721408
2017-09-01,0.0,0.0,-0.2102360691698012,0.11077813368109221,0.17212704337288665,0.0,0.0,0.0,0.0,0.13870871188120612,0.0,0.0,0.0,0.16829364084285342,0.0,0.0,-0.15392998942373742,-0.045926411628423175
2017-09-05,0.0,0.0,0.0,0.04163970923891242,0.06569738975595703,0.0,0.0,0.0,0.0,0.053314179199121396,0.0,0.0,0.0,0.06455683977702095,-0.7008134594555874,0.0,-0.05636687306741329,-0.017611549505987627
2017-09-06,0.0,0.0,0.0,0.11784647327477264,0.18436835412235297,0.0,-0.15150606209005915,0.0,0.0,0.15141526665727803,0.0,0.0,0.0,0.18191279668824423,0.0,0.0,-0.15936977642590658,-0.053581270741386286
2017-09-07,0.0,0.0,0.0,0.11931343170432125,0.18368430924090987,0.0,-0.15231053569795097,0.0,0.0,0.15339639914825925,0.0,0.0,0.0,0.17841020684580636,0.0,0.0,-0.15851029749979206,-0.05437481986296038
2017-09-08,0.0,0.0,0.0,0.1183098097022143,0.18278271615025715,0.0,-0.15397107377989827,0.0,0.0,0.15517731278070998,0.0,0.0,0.0,0.18060887339804274,0.0,0.0,-0.15670052059779432,-0.052449693591083014
2017-09-11,0.0,0.0,0.0,0.11870744155023022,0.18383943535407887,0.0,-0.14929474882609461,0.0,0.0,0.15536479614057816,0.0,0.0,0.0,0.18598917771736603,0.0,0.0,-0.15360500397973278,-0.0531993964319193
2017-09-12,0.0,0.0,0.0,0.11764609116762478,0.18463900100534453,0.0,-0.14774103998289828,0.0,0.0,0.15533098102853288,0.0,0.0,0.0,0.19081719200984215,0.0,0.0,-0.15107206750982974,-0.05275362729592778
2017-09-13,0.0,0.0,0.0,0.11660536414427355,0.1819899622527239,0.0,-0.14635154258331778,0.0,0.0,0.15481146261424839,0.0,0.0,0.0,0.18791864236686384,0.0,0.0,-0.15791367210099785,-0.05440935393757461
2017-09-14,0.0,0.0,-0.18681951957232806,0.0994945496344761,0.1586845303505663,0.0,-0.12288838745098532,0.0,0.0,0.12979553658001844,0.0,0.0,0.0,0.17045694587518484,0.0,0.0,-0.13186053053644095,0.0
2017-09-15,0.0,0.0,0.0,0.04053473910020482,0.06619366634870769,0.0,-0.04984493428524666,0.0,0.0,0.05305965860324812,0.0,0.0,0.0,0.07193774131926631,-0.6645334035538806,0.0,-0.05389585678944588,0.0
2017-09-18,0.0,0.0,0.0,0.0408421125651299,0.0663802007082075,0.0,-0.04946429361872512,0.0,0.0,0.05426643615474153,0.0,0.0,0.0,0.07190473346805161,-0.6637230236223348,0.0,-0.053419199862809436,0.0
2017-09-19,0.0,0.0,0.0,0.04154768329485659,0.06751633876635363,0.0,-0.04925024049408557,0.0,0.0,0.05461809688469269,0.0,0.0,0.0,0.07308252588491566,-0.6599355448421199,0.0,-0.05404956983297599,0.0
2017-09-20,0.0,0.0,-0.18179225893204295,0.09986682701053552,0.16290893677994178,0.0,-0.1173379285522782,0.0,0.0,0.13221019986255064,0.0,0.0,0.0,0.1751064361763371,0.0,0.0,-0.13077741268631382,0.0
2017-09-21,0.0,0.0,0.0,0.11606386505239231,0.18857383438948674,0.0,-0.13462677499214823,0.0,0.0,0.15266782557395114,0.0,0.0,0.0,0.2020972460968567,0.0,0.0,-0.15197867616697788,-0.053991777728187015
2017-09-22,0.0,0.0,0.0,0.11556312809601621,0.18858571709322564,0.0,-0.13470407665553766,0.0,0.0,0.15290998303782705,0.0,0.0,0.0,0.20233118348138776,0.0,0.0,-0.1518051444255818,-0.05410076721042385
2017-09-25,0.0,0.0,-0.19479867706774914,0.1029293310249172,0.0,0.0,-0.12431666621805328,0.0,0.0,0.13951532453357612,0.1129365243898907,0.0,0.0,0.1861986984068271,0.0,0.0,-0.13930477835898666,0.0
2017-09-26,0.0,0.0,-0.19138872197738704,0.10456112318957177,0.0,0.0,-0.12077269336234671,0.0,0.0,0.1443663567354561,0.11241128324167324,0.0,0.0,0.1839127844216361,0.0,0.0,-0.14258703707192902,0.0
2017-09-27,0.0,0.0,-0.18867700907533524,0.0,0.0,0.0,-0.1194444350138583,0.0,0.0,0.14770145540619384,0.11138283990680407,0.10997587851645979,0.0,0.18664323197465163,0.0,0.0,-0.13617515010669706,0.0
2017-09-28,0.0,0.0,-0.1857967740476011,0.0,0.0,0.0,-0.11816271854101265,0.0,0.0,0.15319893096768888,0.10966502830301043,0.11024094765685553,0.0,0.18693712094663406,0.0,0.0,-0.13599847953719738,0.0
2017-09-29,0.0,0.0,0.0,0.12300945943786175,0.0,0.0,-0.13743373825765645,0.0,0.0,0.1783211404717366,0.0,0.1286323602715941,0.0,0.21566476255827133,0.0,0.0,-0.15883390950597934,-0.05810462949690032
2017-10-02,0.0,0.0,0.0,0.1343827732378742,0.0,0.0,-0.1563906106221073,0.0,0.0,0.19502165620794243,0.14081060320732974,0.1375060520751392,0.0,0.0,0.0,0.0,-0.1733280369181624,-0.06256026773144473
2017-10-03,0.0,0.0,0.0,0.13050191243875486,0.0,0.0,-0.15633188340607404,0.0,0.0,0.19531685297064375,0.1419379974676275,0.13722859057703612,0.0,0.0,0.0,0.0,-0.17291466239150594,-0.06576810074835786
2017-10-04,0.0,0.0,-0.21708551338965457,0.12146366533748026,0.0,0.0,0.0,0.0,0.0,0.181732229613944,0.13204106830296408,0.12853837309992042,0.0,0.0,0.0,0.0,-0.15965069232050277,-0.059488457935533784
2017-10-05,0.0,0.0,-0.21418233467914927,0.12037262081124421,0.0,0.0,0.0,0.0,0.0,0.18299812191046416,0.13197819633100594,0.13065306423531997,0.0,0.0,0.0,0.0,-0.1598433116267116,-0.059972350406104866
2017-10-06,0.0,0.0,-0.21417816856041821,0.1207610337815519,0.0,0.0,0.0,0.0,0.0,0.18334190017094468,0.13254750302645435,0.131185023889155,0.0,0.0,0.0,0.0,-0.1596715657020818,-0.05831480486939405
2017-10-09,0.0,0.0,-0.21506152176910714,0.1213793914419119,0.0,0.0,0.0,0.0,0.0,0.18307668381973402,0.13212665338242574,0.1303968961483906,0.0,0.0,0.0,0.0,-0.15931562749576444,-0.05864322594266628
2017-10-10,0.0,0.0,-0.19749616909203946,0.11554415457320151,0.0,0.0,0.0,0.0,0.0,0.17226887665534651,0.0,0.12093175115281583,0.0,0.19325501593221842,0.0,0.0,-0.14781235740953275,-0.05269167518484545
2017-10-11,0.0,0.0,0.0,0.09616228747838362,0.0,0.0,0.0,0.0,0.0,0.14302465767328762,0.0,0.10062557835047083,0.0,0.1610187149192345,0.0,-0.33094267189458076,-0.12419346271204522,-0.04403262697199756
2017-10-12,0.0,0.0,0.0,0.05262896146139753,0.0,0.0,0.0,0.0,0.0,0.07740941766487146,0.0,0.05399471088215976,0.0,0.08791446134040945,-0.6380955304728007,0.0,-0.06638024465379191,-0.023576673524569165
2017-10-13,0.0,0.0,0.0,0.09743675308027401,0.0,0.0,0.0,0.0,0.0,0.1439754261720344,0.0,0.10021481215697611,0.0,0.16230575717385287,0.0,-0.32983815063963284,-0.12222720840884194,-0.04400189236838787
2017-10-16,0.0,0.0,0.0,0.09708569458642866,0.0,0.0,0.0,0.0,0.0,0.14372174039269414,0.0,0.09986779515156574,0.0,0.16213615002437665,0.0,-0.3293926119582538,-0.1239344376328596,-0.04386157025382153
2017-10-17,0.0,0.0,0.0,0.0973762338143803,0.0,0.0,0.0,0.0,0.0,0.14479532752452168,0.0,0.1011340967174317,0.0,0.160743774716536,0.0,-0.32775889344506465,-0.12400728646411317,-0.04418438731795247
2017-10-18,0.0,0.0,0.0,0.09725773102516089,0.0,0.0,0.0,0.0,0.0,0.14456072307704287,0.0,0.10065800764381107,0.0,0.1606390431648856,0.0,-0.3300443685292718,-0.12260164837664943,-0.04423847818317832
2017-10-19,0.0,0.0,0.0,0.09606021072027854,0.0,0.0,0.0,0.0,0.0,0.14483200969890014,0.0,0.10114094870118566,0.0,0.15823359072216053,0.0,-0.33103193663907515,-0.12331065135818715,-0.04539065216021278
2017-10-20,0.0,0.0,0.0,0.09667817018903734,0.0,0.0,0.0,0.0,0.0,0.14508494941162764,0.0,0.10166749441432225,0.0,0.15933625391572642,0.0,-0.33002374094447834,-0.12118536640940565,-0.046024024715402415
2017-10-23,0.0,0.0,0.0,0.09442992527174447,0.0,0.0,0.0,0.0,0.0,0.14164115616435455,0.0,0.09978630602293306,0.0,0.15714567211489952,0.0,-0.335184936521751,-0.12481919829246126,-0.04699280561185616
2017-10-24,0.0,0.0,0.0,0.09472117546667169,0.0,0.0,0.0,0.0,0.0,0.14090028142130237,0.0,0.09942000420433762,0.0,0.15796077080612092,0.0,-0.33715426461243675,-0.12293906752058753,-0.046904435968543226
2017-10-25,0.0,0.0,0.0,0.09503614021981407,0.0,0.0,0.0,0.0,0.0,0.14065954890113572,0.0,0.10092222320475583,0.0,0.15731298734109686,0.0,-0.33631350136538224,-0.12283356050252674,-0.04692203846528854
2017-10-26,0.0,0.0,0.0,0.0,0.0,0.0,0.0,0.0,0.0,0.13916524234728353,0.10244528399888175,0.09974155003854406,0.0,0.1550489823688167,0.0,-0.33529723196625216,-0.12193752437372792,-0.04636418490649396
2017-10-27,0.0,0.0,0.0,0.09314282958409607,0.0,0.0,0.0,0.0,0.0,0.13479246381430715,0.0,0.10227002627192015,0.0,0.16006214359216697,0.0,-0.33866383675495904,-0.12419843644562266,-0.04687026353692804
2017-10-30,0.0,0.0,0.0,0.12114321298684116,0.0,0.0,-0.13973013529895253,0.0,0.0,0.17603550354546413,0.0,0.13113099234406503,0.0,0.20886712285641293,0.0,0.0,-0.160867365386917,-0.06222566758134712
2017-10-31,0.0,0.0,0.0,0.0872398021890103,0.0,0.0,-0.10147299449689372,0.0,0.0,0.12800405774582999,0.0,0.09683354112730921,0.0,0.15033552148633822,0.0,-0.3190578369100648,-0.11705624604455384,0.0
2017-11-01,0.0,0.0,0.0,0.08687065333660828,0.0,0.0,-0.1007529330074882,0.0,0.0,0.12749947729551744,0.0,0.09522921966234779,0.0,0.14950441784618695,0.0,-0.3210921640988859,-0.11905113475296546,0.0
2017-11-02,0.0,0.0,0.0,0.08672730741081679,0.0,0.0,-0.10169308887571403,0.0,0.0,0.12719024180312213,0.0,0.09499768841958015,0.0,0.14855834024803902,0.0,-0.32037161232048894,-0.12046172092223874,0.0
2017-11-03,0.0,0.0,-0.20237794201110929,0.10194386580963849,0.0,0.0,-0.11903645787534334,0.0,0.0,0.14879475619317573,0.0,0.11191019302453944,0.0,0.1745475224486424,0.0,0.0,-0.1413892626375512,0.0
2017-11-06,0.0,0.0,-0.20205675847654053,0.10049260214749246,0.0,0.0,-0.11770143545918084,0.0,0.0,0.14933957087134841,0.0,0.11250829453211478,0.0,0.1763801339847847,0.0,0.0,-0.14152120452853834,0.0
2017-11-07,0.0,0.0,0.0,0.0489645167938894,0.0,0.0,-0.05839441788939623,0.0,0.0,0.07230185447754438,0.0,0.05373796216123486,0.0,0.08450921128962066,-0.6133585607482993,0.0,-0.06873347664001513,0.0
2017-11-08,0.0,0.0,0.0,0.052398666429039994,0.0,0.0,-0.05740829871616431,0.0,0.0,0.07817735008050258,0.0,0.05694827368254417,0.0,0.0872173410983677,-0.5996671980222449,0.0,-0.06818287197113634,0.0
2017-11-09,0.0,0.0,0.0,0.045891471708528114,0.0,0.0,-0.0507995490208645,0.0,0.0,0.06835274041327143,0.0,0.05005123617386851,0.0,0.07415130770840368,-0.5517833216267971,-0.15897037334826658,0.0,0.0
2017-11-10,0.0,0.0,0.0,0.04442710133691098,0.07942534324379939,0.0,-0.04860043476013604,0.0,0.0,0.06808803073345746,0.0,0.0,0.0,0.07180813860931207,-0.5361494027784384,-0.15150154853794573,0.0,0.0
2017-11-13,0.0,0.0,0.0,0.04420208726836458,0.07827515171943134,0.0,-0.048989786288349865,0.0,0.0,0.06786309307452103,0.0,0.0,0.0,0.07023529789635044,-0.5366562729673843,-0.15377831078559845,0.0,0.0
2017-11-14,0.0,-0.21675141002389314,0.0,0.03633580842973738,0.06484088321856402,0.0,0.0,0.0,0.0,0.055469815222848814,0.0,0.0,0.0,0.05821335442451397,-0.4422714737550089,-0.1261172549254337,0.0,0.0
2017-11-15,0.0,-0.22682691669870264,0.0,0.036273250575828586,0.06720519356265693,0.0,0.0,0.0,0.0,0.06023188342086135,0.0,0.0,0.0,0.056890954950588456,-0.4302652119466351,-0.12230658884472703,0.0,0.0
2017-11-16,0.0,-0.22851548214407896,0.0,0.034727557547949,0.06601527836861154,0.0,0.0,0.0,0.0,0.05890526859455686,0.0,0.0,0.0,0.054594800511716224,-0.43474276094718467,-0.12249885188590277,0.0,0.0
2017-11-17,0.0,-0.2273432756336584,0.0,0.034932040504304665,0.06584158759305311,0.0,0.0,0.0,0.0,0.05879292809148621,0.0,0.0,0.0,0.054705121325632856,-0.43566185751424086,-0.12272318933762391,0.0,0.0
2017-11-20,0.0,-0.23074551296017154,0.0,0.03509982662479564,0.06582785581000013,0.0,0.0,0.0,0.0,0.0618943163145851,0.0,0.0,0.0,0.053953716795855665,-0.43100099110162277,-0.12147778039296919,0.0,0.0
2017-11-21,0.0,-0.2282410164359147,0.0,0.034098438121512614,0.06368893205435643,0.0,0.0,0.0,0.0,0.06072757530696508,0.0,0.0,0.0,0.05227806808652896,-0.43871410824248835,-0.12225186175223375,0.0,0.0
2017-11-22,0.0,-0.23966993892210928,0.0,0.033626223737638815,0.06296253573913012,0.0,0.0,0.0,0.0,0.060026986124466615,0.0,0.0,0.0,0.051604209112150405,-0.4319561882751413,-0.12015391808936342,0.0,0.0
2017-11-24,0.0,-0.23911774072272135,0.0,0.03364692937920521,0.06198887616881146,0.0,0.0,0.0,0.0,0.05985324942469176,0.0,0.0,0.0,0.05205891201939846,-0.4331872705495423,-0.1201470217356294,0.0,0.0
2017-11-27,0.0,-0.23936049463414538,0.0,0.03260186310975762,0.06069380406171276,0.0,0.0,0.0,0.0,0.05997415368427724,0.0,0.0,0.0,0.05183620756168203,-0.4350277572901973,-0.12050571965822762,0.0,0.0
2017-11-28,0.0,-0.23771554484662138,0.0,0.03236737838723343,0.06056479090850765,0.0,0.0,0.0,0.0,0.05927784694870389,0.0,0.0,0.0,0.05227490789253639,-0.43698359672787035,-0.12081593428852702,0.0,0.0
2017-11-29,0.0,-0.23556770739726335,0.0,0.03142792359495738,0.06055071986992563,0.0,0.0,0.0,0.0,0.05814368198021048,0.0,0.0,0.0,0.05251266348062168,-0.4416457483544811,-0.12015155532254043,0.0,0.0
2017-11-30,0.0,-0.23281606017220444,0.0,0.031013836720674662,0.062243558970750325,0.0,0.0,0.0,0.0,0.05778689480325645,0.0,0.0,0.0,0.053858393241566715,-0.4403414459264355,-0.12193981016511202,0.0,0.0
2017-12-01,0.0,-0.23502961954094298,0.0,0.031157944633245605,0.061742391998094226,0.0,0.0,0.0,0.0,0.057389251525102686,0.0,0.0,0.0,0.05373137621595505,-0.4408342384250398,-0.12011517766161968,0.0,0.0
2017-12-04,0.0,0.0,0.0,0.039566271791805,0.07803681553847994,0.0,0.0,0.0,0.0,0.07098918778758542,0.0,0.0,0.0,0.06724077374301589,-0.5582722377746967,-0.1624824874654032,0.0,-0.023412225899013803
2017-12-05,0.0,0.0,0.0,0.039696205144532,0.0788465693064101,0.0,0.0,0.0,0.0,0.07073095607018796,0.0,0.0,0.0,0.06753776485013106,-0.5574131875270083,-0.16229841093977104,0.0,-0.02347690616195954
2017-12-06,0.0,0.0,0.0,0.03852267598706572,0.08025359032299173,0.0,0.0,0.0,0.0,0.0700333780028116,0.0,0.0,0.0,0.06890354970649087,-0.5532297218690623,-0.1668840420981586,0.0,-0.022173042013419353
2017-12-07,0.0,0.0,0.0,0.03874247789745662,0.08009896659645033,0.0,0.0,0.0,0.0,0.07014592945627991,0.0,0.0,0.0,0.06822071899158179,-0.5532106746347981,-0.16640382298354892,0.0,-0.023177409439884295
2017-12-08,0.0,0.0,0.0,0.03817720042348026,0.07990154077961911,0.0,0.0,0.0,0.0,0.07044996666647048,0.0,0.0,0.0,0.06670537313578564,-0.5532077709753259,-0.1689374895153409,0.0,-0.022620658503977605
2017-12-11,-0.05664852039541794,0.0,0.0,0.04321915058936668,0.09084082396028394,0.0,0.0,0.0,0.0,0.0798480288842522,0.0,0.0,0.0,0.07581963210764295,-0.627994217665074,0.0,0.0,-0.02562962639796222
2017-12-12,-0.056589970857968526,0.0,0.0,0.0429711667974036,0.09240370057699891,0.0,0.0,0.0,0.0,0.0795880080129922,0.0,0.0,0.0,0.07659670718014294,-0.626242457183258,0.0,0.0,-0.025607989391235663
2017-12-13,-0.057753985374965386,0.0,0.0,0.04321129680311863,0.09395625945953293,0.0,0.0,0.0,0.0,0.0817408779862665,0.0,0.0,0.0,0.07841961453689927,-0.6188728146175615,0.0,0.0,-0.026045151221655606
2017-12-14,-0.057962982868401625,0.0,0.0,0.043258568295558054,0.09235663154723538,0.0,0.0,0.0,0.0,0.08154807228668058,0.0,0.0,0.0,0.07851967914275765,-0.6202217158188542,0.0,0.0,-0.026132350040512325
2017-12-15,0.0,-0.2707075106026884,0.0,0.03352428912598261,0.07152052318487907,0.0,0.0,0.0,0.0,0.06161894316903067,0.0,0.0,0.0,0.060789940870074485,-0.4815842440384946,0.0,0.0,-0.02025454900885031
2017-12-18,-0.05866293557222708,0.0,0.0,0.043057400474850904,0.0877712783010551,0.0,0.0,0.0,0.0,0.07942678167228326,0.0,0.0,0.0,0.07649972734131397,-0.6281247482521823,0.0,0.0,-0.026457128386087353
2017-12-19,-0.058088936449372214,0.0,0.0,0.04274758001981986,0.08676441860953424,0.0,0.0,0.0,0.0,0.07827610435010383,0.0,0.0,0.0,0.0765557886099275,-0.6311521996110045,0.0,0.0,-0.026414972350237893
2017-12-20,-0.05822013251739813,0.0,0.0,0.04268664191787674,0.08672091305734062,0.0,0.0,0.0,0.0,0.07887902016895347,0.0,0.0,0.0,0.07677398151669151,-0.6303939333850808,0.0,0.0,-0.02632537743665868
2017-12-21,-0.0578459278762562,0.0,0.0,0.04265398411037432,0.08653247445091018,0.0,0.0,0.0,0.0,0.07880490589910387,0.0,0.0,0.0,0.0764788287590295,-0.6313671173475107,0.0,0.0,-0.026316761556815286
2017-12-22,-0.05716015671302906,0.0,0.0,0.04354255269211525,0.0870828898364847,0.0,0.0,0.0,0.0,0.08011200738625536,0.0,0.0,0.0,0.07551490989895332,-0.6295751309906062,0.0,0.0,-0.027012352482555926
2017-12-26,-0.04369124902416012,-0.2559627204471767,0.0,0.033301866074149006,0.06677499216062328,0.0,0.0,0.0,0.0,0.06082794976428971,0.0,0.0,0.0,0.0582243573979062,-0.4812168651316949,0.0,0.0,0.0
2017-12-27,-0.05745412565325235,0.0,0.0,0.04389173503239752,0.08773252953431593,0.0,0.0,0.0,0.0,0.08080540385989071,0.0,0.0,0.0,0.07592444842561996,-0.6277014302757833,0.0,0.0,-0.026490327218740194
2017-12-28,-0.05925603663669447,0.0,0.0,0.04357100989772806,0.08761719634388476,0.0,0.0,0.0,0.0,0.08053205952610222,0.0,0.0,0.0,0.07688548022982916,-0.6255956984400348,0.0,0.0,-0.026542518925726427
2017-12-29,-0.04571347653964656,-0.2599049955703169,0.0,0.03345573932343486,0.06742453869904606,0.0,0.0,0.0,0.0,0.06036739729389153,0.0,0.0,0.0,0.059468343695948576,-0.4736655088777155,0.0,0.0,0.0
2018-01-02,-0.045560638068840344,-0.255694670579559,0.0,0.03224351569694195,0.06608279358830874,0.0,0.0,0.0,0.0,0.058896693961733,0.0,0.0,0.0,0.05910767059956314,-0.4824140175050538,0.0,0.0,0.0
2018-01-03,-0.04565041396365904,-0.2546161496518315,0.0,0.03277717623471025,0.0656626413333948,0.0,0.0,0.0,0.0,0.05761780976550208,0.0,0.0,0.0,0.05820080426597716,-0.4854750047849252,0.0,0.0,0.0
2018-01-04,-0.04384873540358022,-0.23732486805729847,0.0,0.031060639193272375,0.0594908516272371,0.0,0.0,0.0,0.0,0.054522195166023905,0.0,0.0,0.0,0.05484405997763151,-0.5189086505749565,0.0,0.0,0.0
2018-01-05,-0.043787927468132024,0.0,0.0,0.030964629874342182,0.058917997311460184,0.0,0.0,0.0,0.0,0.05383235964851482,0.0,0.0,0.0,0.05475654551042576,-0.6203069954100103,-0.13743354477711459,0.0,0.0
2018-01-08,-0.039390811499359885,-0.21609054910338052,0.0,0.028194271348880105,0.0534118693386358,0.0,0.0,0.0,0.0,0.04874416648408757,0.0,0.0,0.0,0.04978929568888883,-0.5643790365367674,0.0,0.0,0.0
2018-01-09,-0.042462417992679365,0.0,0.0,0.031263378105841275,0.05927999137525438,0.0,0.0,0.0,0.0,0.05417152319291374,0.0,0.0,0.0,0.05523445106602799,-0.6234979962881306,-0.13409024197915254,0.0,0.0
2018-01-10,-0.04232337327926253,0.0,0.0,0.03129270393333869,0.06105006928384701,0.0,0.0,0.0,0.0,0.053763101720700694,0.0,0.0,0.0,0.05672730126820908,-0.6200789832268714,-0.13476446728777067,0.0,0.0
2018-01-11,-0.042354097429286516,0.0,0.0,0.03139608209373121,0.060368750358299215,0.0,0.0,0.0,0.0,0.053444558863477064,0.0,0.0,0.0,0.056402408640761764,-0.6205696062656746,-0.13546449634876961,0.0,0.0
2018-01-12,-0.04185070651653427,0.0,0.0,0.03129432093025671,0.058579670171367705,0.0,0.0,0.0,0.0,0.0532429682213582,0.0,0.0,0.0,0.05425359770684464,-0.6238173176597235,-0.13696141879391505,0.0,0.0
2018-01-16,-0.04118786622211829,0.0,0.0,0.031002429298539212,0.058103827287511706,0.0,0.0,0.0,0.0,0.051921153358396956,0.0,0.0,0.0,0.053670257971903466,-0.6293125920305457,-0.13480187383098477,0.0,0.0
2018-01-17,-0.04025776091372732,0.0,0.0,0.029781484786399887,0.056448160347609855,0.0,0.0,0.0,0.0,0.04925740699719664,0.0,0.0,0.0,0.052203973652381205,-0.6387023707651331,-0.13334884253755191,0.0,0.0
2018-01-18,-0.04055822954164172,0.0,0.0,0.02987180953234028,0.05652798693245675,0.0,0.0,0.0,0.0,0.04907050150000343,0.0,0.0,0.0,0.052506485514828644,-0.6374942518390527,-0.13397073513967644,0.0,0.0
2018-01-19,-0.04064709457121508,0.0,0.0,0.02986755172392148,0.056418758293754964,0.0,0.0,0.0,0.0,0.04914448573371307,0.0,0.0,0.0,0.05237837142355127,-0.6373199533943743,-0.1342237848594699,0.0,0.0
2018-01-22,-0.04016267570551217,0.0,0.0,0.029892610233536007,0.055631945277448455,0.0,0.0,0.0,0.0,0.048147318310740865,0.0,0.0,0.0,0.05254386733604414,-0.6404434198667251,-0.1331781632699933,0.0,0.0
2018-01-23,-0.04035931044016653,0.0,0.0,0.030025511706945188,0.05599630640496132,0.0,0.0,0.0,0.0,0.048421126388496556,0.0,0.0,0.0,0.052755931173604394,-0.6373597007655205,-0.13508211312030563,0.0,0.0
2018-01-24,-0.040387266474511074,0.0,0.0,0.030246303555627768,0.056313609568486654,0.0,0.0,0.0,0.0,0.04887508112594516,0.0,0.0,0.0,0.052890922892273574,-0.6364186461917974,-0.13486817019135844,0.0,0.0
2018-01-25,-0.04032176068097807,0.0,0.0,0.030288132806164495,0.055728737176930006,0.0,0.0,0.0,0.0,0.04893502028932868,0.0,0.0,0.0,0.05234849256747695,-0.6374984781477694,-0.13487937833135244,0.0,0.0
2018-01-26,-0.04279630530465935,0.0,0.0,0.03014469654525021,0.055656737032000546,0.0,0.0,0.0,0.0,0.04841761615066148,0.0,0.0,0.0,0.051719504889927374,-0.6347459633647724,-0.13651917671272862,0.0,0.0
2018-01-29,-0.043143332744502376,0.0,0.0,0.0296731642082546,0.05381055421436253,0.0,0.0,0.0,0.0,0.0477478039008596,0.0,0.0,0.0,0.050166302367919004,-0.6394337926843392,-0.13602504987976274,0.0,0.0
2018-01-30,-0.041710154131956154,0.0,0.0,0.028796188548496877,0.050972742943386384,0.0,0.0,0.0,0.0,0.04782812141173047,0.0,0.0,0.0,0.04776491627807414,-0.6483548541356401,-0.13457302255071593,0.0,0.0
2018-01-31,-0.04044751240103381,0.0,0.0,0.02852652673666448,0.05028725598959833,0.0,0.0,0.0,0.0,0.04747325802679008,0.0,0.0,0.0,0.04713865189987493,-0.6528350077485215,-0.13329178719751686,0.0,0.0
2018-02-01,-0.040208856541522155,0.0,0.0,0.02803459758308032,0.0505524087548113,0.0,0.0,0.0,0.0,0.047248660364162316,0.0,0.0,0.0,0.04735382910319408,-0.6609625756171819,-0.12563907203604802,0.0,0.0
2018-02-02,-0.03999762806232446,0.0,0.0,0.026613801863388995,0.04481174845576462,0.0,0.0,0.0,0.0,0.04244388040622549,0.0,0.0,0.0,0.04253640078052368,-0.675008348183862,-0.1285881922479107,0.0,0.0
2018-02-05,-0.04244981789624162,0.0,0.0,0.02813362054657358,0.03739478081226249,0.0,0.0,0.0,0.0,0.037277624551409226,0.0,0.0,0.0,0.03513273444003529,-0.6712403423400645,-0.14837107941341326,0.0,0.0
2018-02-06,-0.04425342458206765,0.0,0.0,0.026692345146506754,0.03618660423136784,0.0,0.0,0.0,0.0,0.0359347285010751,0.0,0.0,0.0,0.03425546823552851,-0.6768011115721477,-0.1458763177313064,0.0,0.0
2018-02-07,-0.044024926002404464,0.0,0.0,0.025185437777303376,0.0357613594366902,0.0,0.0,0.0,0.0,0.035786790840304686,0.0,0.0,0.0,0.0338999478429842,-0.6793585860354405,-0.14598295206487266,0.0,0.0
2018-02-08,-0.04989285424126096,0.0,0.0,0.02649118248762954,0.037282738887488745,0.0,0.0,0.0,0.0,0.03388962084269885,0.0,0.0,0.0,0.03558781427070157,-0.7680600328466837,0.0,-0.04879575642353676,0.0
2018-02-09,-0.046657992963048144,0.0,0.0,0.024102030728590955,0.03429353316028677,0.0,0.0,0.0,0.0,0.030582294315042925,0.0,0.0,0.0,0.032619650366832904,-0.6831751680313983,-0.14856933043480003,0.0,0.0
2018-02-12,-0.0479140376746939,0.0,0.0,0.02400420096088093,0.033812142594113505,0.0,0.0,0.0,0.0,0.030269731439796183,0.0,0.0,0.0,0.0326094449936649,-0.6822748076590265,-0.14911563467782404,0.0,0.0
2018-02-13,-0.046623565459918435,0.0,0.0,0.02382707215134284,0.03360016508187784,0.0,0.0,0.0,0.0,0.030063880808225796,0.0,0.0,0.0,0.032421099822582816,-0.6803896495931999,-0.1530745670828524,0.0,0.0
2018-02-14,-0.049035121162296066,0.0,0.0,0.02438706955963521,0.03441398299387843,0.0,0.0,0.0,0.0,0.031120068900880312,0.0,0.0,0.0,0.03337781476895712,-0.6668580011304859,-0.160807941483867,0.0,0.0
2018-02-15,-0.048816324088832186,0.0,0.0,0.024053884864772706,0.03431971792526827,0.0,0.0,0.0,0.0,0.03074511252903619,0.0,0.0,0.0,0.03322243589535208,-0.6675309125343912,-0.16131161216234732,0.0,0.0
2018-02-16,-0.0478353642692246,0.0,0.0,0.02406407286321898,0.03435027392758786,0.0,0.0,0.0,0.0,0.030850344609224263,0.0,0.0,0.0,0.03336804115751531,-0.6663607511041576,-0.16317115206907135,0.0,0.0
2018-02-20,-0.04726345853349215,0.0,0.0,0.024177717239473536,0.034127853059579334,0.0,0.0,0.0,0.0,0.030942206715458484,0.0,0.0,0.0,0.03362189783356349,-0.6659203727437821,-0.16394649387465085,0.0,0.0
2018-02-21,-0.1258559363409617,0.0,0.0,0.0632784299472351,0.08917434410176711,0.0,0.0,0.0,0.0,0.08088932560940512,0.0,0.0,0.0,0.08786711492735264,0.0,-0.42627904825933155,-0.12665580081394676,0.0
2018-02-22,-0.04782746057643448,0.0,0.0,0.02405745842589227,0.03381380514022759,0.0,0.0,0.0,0.0,0.030726746637336398,0.0,0.0,0.0,0.03341710023233398,-0.6681852279410411,-0.16197220104673418,0.0,0.0
2018-02-23,-0.048439996300893434,0.0,0.0,0.024161237426595858,0.0,0.0,0.0,0.0,0.0,0.03069025738256927,0.0,0.030752973406208816,0.0,0.03371103676184913,-0.6735945972690526,-0.1586499014528308,0.0,0.0
2018-02-26,-0.12708965379241144,0.0,0.0,0.06346989204983207,0.08937496383633554,0.0,0.0,0.0,0.0,0.08033301786404898,0.0,0.0,0.0,0.0887163924693538,0.0,-0.42482283859658027,-0.12619324139143798,0.0
2018-02-27,-0.04751264140325165,0.0,0.0,0.022921847668223232,0.033057237469592625,0.0,0.0,0.0,0.0,0.029784601312438798,0.0,0.0,0.0,0.032614036760260895,-0.675780961457925,-0.1583286739283079,0.0,0.0
2018-02-28,-0.04749786546461617,0.0,0.0,0.02301983692146369,0.03302338624469552,0.0,0.0,0.0,0.0,0.029696463682986975,0.0,0.0,0.0,0.03263902253694352,-0.6760510788959053,-0.1580723462533887,0.0,0.0
2018-03-01,-0.05006883520733493,0.0,0.0,0.024299044605735877,0.03404431419616019,0.0,0.0,0.0,0.0,0.030892695780313412,0.0,0.0,0.0,0.03371676378450456,-0.6637534819054974,-0.16322486452045357,0.0,0.0
2018-03-02,-0.05010768278731133,0.0,0.0,0.02467145231894162,0.0,0.0,0.0,0.0,0.0,0.031133932426759322,0.0,0.031018314011371534,0.0,0.03380257419581993,-0.6634116069024073,-0.16585443735738895,0.0,0.0
2018-03-05,-0.04799731873699013,0.0,0.0,0.024714143451625977,0.0,0.0,0.0,0.0,0.0,0.030942811160413447,0.0,0.03083119125032718,0.0,0.03362351233997324,-0.6665620208170293,-0.16532900224364067,0.0,0.0
2018-03-06,-0.04738793049427022,0.0,0.0,0.024558143586763892,0.0,0.0,0.0,0.0,0.0,0.03080187268924156,0.0,0.030494098853405063,0.0,0.0330706943669456,-0.6639394285979445,-0.16974783141142924,0.0,0.0
2018-03-07,-0.04701355228732975,0.0,0.0,0.024399740524808058,0.0,0.0,0.0,0.0,0.0,0.03072759627910739,0.0,0.030311187266141265,0.0,0.03291853403004158,-0.6658887072737079,-0.16874068233886413,0.0,0.0
2018-03-08,-0.046959849498208354,0.0,0.0,0.024441286935770922,0.0,0.0,0.0,0.0,0.0,0.0307531069440356,0.0,0.030505312711849034,0.0,0.032961002395062174,-0.6653051737444537,-0.1690742677706202,0.0,0.0
2018-03-09,-0.046994270985397144,0.0,0.0,0.02424596727391561,0.0,0.0,0.0,0.0,0.0,0.03021038159508367,0.0,0.030122455228150193,0.0,0.032970882780343796,-0.6665846325132253,-0.1688714096238844,0.0,0.0
2018-03-12,-0.0471139801098437,0.0,0.0,0.02437483697510839,0.0,0.0,0.0,0.0,0.0,0.030391468024587222,0.0,0.030462857811100013,0.0,0.033198622306042105,-0.6645817313379231,-0.16987650343539545,0.0,0.0
2018-03-13,-0.04735179860443553,0.0,0.0,0.02441538766665742,0.0,0.0,0.0,0.0,0.0,0.030341803214934515,0.0,0.030428457958604098,0.0,0.03323912636834629,-0.6643103865365266,-0.16991303965049562,0.0,0.0
2018-03-14,-0.04716639930820309,0.0,0.0,0.02436413868484114,0.0,0.0,0.0,0.0,0.0,0.03022927148364988,0.0,0.03032494532934476,0.0,0.03313919283304152,-0.666390323342621,-0.16838572901829854,0.0,0.0
2018-03-15,-0.046441466361820706,0.0,0.0,0.02443173407416215,0.0,0.0,0.0,0.0,0.0,0.030255370374960167,0.0,0.030306627298458774,0.0,0.03317075974952883,-0.6665458261849465,-0.16884821595612293,0.0,0.0
2018-03-16,-0.04505005599095173,0.0,0.0,0.02394131722202455,0.0,0.0,0.0,0.0,0.0,0.029518265934516123,0.0,0.029678611518613004,0.0,0.03226162896655176,-0.6742976113706901,-0.1652525089966527,0.0,0.0
2018-03-19,-0.04499760619127573,0.0,0.0,0.02383551340579886,0.0,0.0,0.0,0.0,0.0,0.02899809401013624,0.0,0.029668738216537437,0.0,0.03215170068509189,-0.6753557801685638,-0.16499256732259615,0.0,0.0
2018-03-20,-0.045106884696372175,0.0,0.0,0.023822467252668983,0.0,0.0,0.0,0.0,0.0,0.029199280004467896,0.0,0.0,0.0,0.03226418365434408,-0.6797839449962446,-0.16504413275309338,0.0,0.024779106642808926
2018-03-21,-0.0459582648699365,0.0,0.0,0.024323494181183028,0.0,0.0,0.0,0.0,0.0,0.029727749511917943,0.0,0.03087462112374283,0.0,0.0,-0.6778179603837654,-0.16685232892288998,0.0,0.024445581006564278
2018-03-22,-0.04360587606384507,0.0,0.0,0.0232816122884576,0.0,0.0,0.0,0.0,0.0,0.0,0.0,0.029958858814749478,0.0,0.03250900846265967,-0.6792747177624886,-0.1671977167856361,0.0,0.024172209822163587
2018-03-23,-0.04202596235180796,0.0,0.0,0.02291397842727447,0.0,0.0,0.0,0.0,0.0,0.0,0.0,0.02905574914918814,0.0,0.032306082340440974,-0.6789083972612501,-0.1710797993931005,0.0,0.023710031076937796
2018-03-26,-0.042490548460944064,0.0,0.0,0.022272715814225172,0.0,0.0,0.0,0.0,0.0,0.02682741788176543,0.0,0.0,0.0,0.03207016254135918,-0.6787775703615971,-0.17375256106718417,0.0,0.0238090238729247
2018-03-27,-0.04306048186100952,0.0,0.0,0.02240839141208252,0.0,0.0,0.0,0.0,0.0,0.02652455181053121,0.0,0.0,0.0,0.03253817498395272,-0.6801094695245373,-0.17129057196303932,0.0,0.024068358444847466
2018-03-28,-0.04301763682497194,0.0,0.0,0.02237434756911043,0.0,0.0,0.0,0.0,0.0,0.026481211999808477,0.0,0.0,0.0,0.03251997137256282,-0.6795498081772989,-0.17149961311831674,0.0,0.024557410937930815
2018-03-29,-0.042402004640735715,0.0,0.0,0.02193766734722958,0.0,0.0,0.0,0.0,0.0,0.026029389533810666,0.0,0.0,0.0,0.03216009780232346,-0.6778517275782069,-0.17519332070631172,0.0,0.02442579239138193
2018-04-02,-0.04255658886565148,0.0,0.0,0.021806699090169652,0.0,0.0,0.0,0.0,0.0,0.025430119364632325,0.0,0.0,0.0,0.03187861015876274,-0.6790326314992097,-0.175545212962448,0.0,0.02375013805912617
2018-04-03,-0.0425641386512739,0.0,0.0,0.021772705537016563,0.0,0.0,0.0,0.0,0.0,0.02532113578524433,0.0,0.0,0.0,0.03179101160596743,-0.6764869447645585,-0.17830722275015876,0.0,0.023756840905780542
2018-04-04,-0.04258264022536648,0.0,0.0,0.02207611516320649,0.0,0.0,0.0,0.0,0.0,0.02528577358375366,0.0,0.0,0.0,0.031959237872429304,-0.6734215771133795,-0.18084758722937105,0.0,0.023827068812493524
2018-04-05,-0.042304575217227046,0.0,0.0,0.022171649633163367,0.0,0.0,0.0,0.0,0.0,0.02534809600767117,0.0,0.026522527347714563,0.0,0.03210921050996773,-0.6728922624957886,-0.17865167878846758,0.0,0.0
2018-04-06,-0.04294199527225457,0.0,0.0,0.022321339759516164,0.0,0.0,0.0,0.0,0.0,0.025255637663589722,0.0,0.026516624762311328,0.0,0.03275195657099026,-0.674643761956727,-0.17556868401461076,0.0,0.0
2018-04-09,-0.04295131312753419,0.0,0.0,0.022385509284555523,0.0,0.0,0.0,0.0,0.0,0.02534375522770282,0.0,0.0265165365696829,0.0,0.03271634077783336,-0.6744890565170819,-0.17559748849560936,0.0,0.0
2018-04-10,-0.04339993287450697,0.0,0.0,0.02221373148568854,0.0,0.0,0.0,0.0,0.0,0.025141638283736358,0.0,0.026224638763513067,0.0,0.0326599483317267,-0.6735595619615532,-0.1768005482992752,0.0,0.0
2018-04-11,-0.04388974887106397,0.0,0.0,0.02213542746780018,0.0,0.0,0.0,0.0,0.0,0.025036051726694396,0.0,0.026125525122942878,0.0,0.032528928933850246,-0.6735718559446353,-0.17671246193301315,0.0,0.0
2018-04-12,-0.04417667843344009,0.0,0.0,0.022271913589794665,0.0,0.0,0.0,0.0,0.0,0.025092842772907627,0.0,0.026188414781500666,0.0,0.03268288441575496,-0.6728680322604622,-0.17671923374613974,0.0,0.0
2018-04-13,-0.04423678288583561,0.0,0.0,0.022201422484138266,0.0,0.0,0.0,0.0,0.0,0.02510754319889817,0.0,0.026418750284763596,0.0,0.0327318427202104,-0.6731626634289722,-0.17614099499718172,0.0,0.0
2018-04-16,-0.04463840894925077,0.0,0.0,0.022255894892516608,0.0,0.0,0.0,0.0,0.0,0.02506247855176098,0.0,0.0263350452262538,0.0,0.03299124176134103,-0.6726594626943772,-0.17605746792449972,0.0,0.0
2018-04-17,-0.04450431275664444,0.0,0.0,0.02226012444888502,0.0,0.0,0.0,0.0,0.0,0.02482034679397158,0.0,0.026304229675183043,0.0,0.03295065271880175,-0.6728934557955106,-0.17626687781100353,0.0,0.0
2018-04-18,-0.05145483448961484,0.0,0.0,0.02583047211102789,0.0,0.0,0.0,0.0,0.0,0.028842409565700142,0.0,0.0,0.0,0.038085162781276834,-0.7656605821553121,0.0,-0.06461130227355703,0.025515236623511076
2018-04-19,-0.05141355824555412,0.0,0.0,0.0257815869848674,0.0,0.0,0.0,0.0,0.0,0.028734860703607052,0.0,0.0,0.0,0.03806080171783085,-0.7657922043118972,0.0,-0.06479299195179818,0.0254239960844451
2018-04-20,-0.051404517045385956,0.0,0.0,0.025722353320026207,0.0,0.0,0.0,0.0,0.0,0.028623196917767667,0.0,0.0,0.0,0.038026414990489046,-0.7663392809170627,0.0,-0.06446217797915878,0.02542205883010945
2018-04-23,-0.05124793365314846,0.0,0.0,0.025608114427509373,0.0,0.0,0.0,0.0,0.0,0.02857742279385784,0.0,0.0,0.0,0.0379484169699068,-0.7671972066613673,0.0,-0.06419878925634231,0.02522211623786781
2018-04-24,-0.05099347814023764,0.0,0.0,0.025449719833532936,0.0,0.0,0.0,0.0,0.0,0.028022178231707207,0.0,0.0,0.0,0.03762681012138005,-0.7691307855149935,0.0,-0.06385390004628524,0.024923128111863337
2018-04-25,-0.05091702915341712,0.0,0.0,0.02547510623975434,0.0,0.0,0.0,0.0,0.0,0.027991742690917462,0.0,0.0,0.0,0.03765787813678064,-0.7691855320070095,0.0,-0.06360982303261302,0.02516288873950812
2018-04-26,-0.050997843750284474,0.0,0.0,0.025288326058565513,0.0,0.0,0.0,0.0,0.0,0.027703740810390814,0.0,0.0,0.0,0.037585536004328665,-0.7691883678014405,0.0,-0.06392387021627909,0.025312315358710848
2018-04-27,-0.05047497592547259,0.0,0.0,0.0252788975986723,0.0,0.0,0.0,0.0,0.0,0.027712916862529757,0.0,0.0,0.0,0.03768431607237141,-0.7707784162552006,0.0,-0.06278186929310209,0.025288607992651497
2018-04-30,-0.05061310766730609,0.0,0.0,0.025383845388202493,0.0,0.0,0.0,0.0,0.0,0.027689828651060722,0.0,0.0,0.0,0.037810395951726125,-0.7699634311767388,0.0,-0.0632003208947169,0.025339070270248926
2018-05-01,-0.04851805527766592,0.0,0.0,0.024266403028273195,0.0,-0.11156465718550274,0.0,0.0,0.0,0.026367669789467776,0.0,0.0,0.0,0.036111293873520585,-0.7290036837652293,0.0,0.0,0.024168237080340643
2018-05-02,-0.04921995256286028,0.0,0.0,0.0,0.0,-0.1081192074781154,0.0,0.0,0.0,0.026402974801692417,0.0,0.028667041595599622,0.0,0.036173343767745114,-0.7271930344783145,0.0,0.0,0.024224445315672666
2018-05-03,-0.049797094181898025,0.0,0.0,0.0,0.0,-0.108927740820753,0.0,0.0,0.0,0.02660655618675703,0.0,0.028859802891902573,0.0,0.03647784458312655,-0.7247117315782166,0.0,0.0,0.024619229757346317
2018-05-04,-0.05129569340709589,0.0,0.0,0.025380511763594456,0.0,-0.11349601227620912,0.0,0.0,0.0,0.027018534787206946,0.0,0.02952506283521553,0.0,0.0,-0.7285172840805655,0.0,0.0,0.024766900850112437
2018-05-07,-0.053434018097968966,0.0,0.0,0.0,0.0,-0.10264953814138507,0.0,0.0,0.0,0.025887784603417837,0.0,0.028586787037608485,0.0,0.04153136271932307,-0.7253448427322632,0.0,0.0,0.022565666668033463
2018-05-08,-0.053655417795808555,0.0,0.0,0.0,0.0,-0.0996884408351759,0.0,0.0,0.0,0.026059177653612927,0.0,0.028428886859053124,0.0,0.04275739290755622,-0.7271365571681303,0.0,0.0,0.022274126780662935
2018-05-09,-0.05351212685055791,0.0,0.0,0.0,0.0,-0.09882331570471445,0.0,0.0,0.0,0.02579355722033986,0.0,0.02814468769475544,0.0,0.043036066469320435,-0.7282883799535299,0.0,0.0,0.022401866106782017
2018-05-10,-0.05331287902804286,0.0,0.0,0.0,0.0,-0.09459823752108683,0.0,0.0,0.0,0.027947470372925946,0.0,0.029977547978075773,0.0,0.047489420654081155,-0.7238890047019246,0.0,0.0,0.022785439743862875
2018-05-11,-0.052362212000340726,0.0,0.0,0.0,0.0,-0.09181925608360113,0.0,0.0,0.0,0.027705681766216687,0.0,0.029436155760359774,0.0,0.04671218559422618,-0.7294143031834296,0.0,0.0,0.022550205611826104
2018-05-14,0.0,0.0,0.0,0.0,0.0,-0.08506186678990119,0.0,0.0,0.0,0.025974542539427298,0.0,0.027356001439395004,-0.11574113995277818,0.04429015446083818,-0.68073184754243,0.0,0.0,0.020844447275229962
2018-05-15,-0.1388797972458001,0.0,0.0,0.0,0.0,-0.23146306069790612,0.0,0.0,0.0,0.07179760335180983,0.0,0.07593955363484253,-0.3025723616523285,0.12143259441376879,0.0,0.0,0.0,0.05791502900354417
2018-05-16,0.0,0.0,0.0,0.0,0.0,-0.22595786672802828,0.0,0.0,0.0,0.07097926568867162,0.0,0.07559721816101907,-0.29906507864923293,0.12519997424345178,0.0,0.0,-0.1454267303701537,0.05777386615944265
2018-05-17,0.0,0.0,0.0,0.0,0.0,-0.22741399232805026,0.0,0.0,0.0,0.07071670478521118,0.0,0.07511282031665116,-0.30190766633079724,0.12488533005075046,0.0,0.0,-0.142830270723491,0.05713321546504882
2018-05-18,0.0,0.0,0.0,0.0,0.0,-0.23425450554288266,0.0,0.0,0.0,0.07051534070762133,0.0,0.07488716401320128,-0.2980816136198813,0.12455423551953468,0.0,0.0,-0.14083524909944833,0.05687189149743027
2018-05-21,0.0,0.0,0.0,0.0,0.0,-0.23772161823301413,0.0,0.0,0.0,0.06959256890890435,0.0,0.07423617710670816,-0.2998746771543464,0.12276891831527437,0.0,0.0,-0.1399660160075588,0.05584002427419375
2018-05-22,0.0,0.0,0.0,0.0,0.0,-0.23315494148456828,0.0,0.0,0.0,0.06863137745079029,0.0,0.07264287129295004,-0.30543464901437617,0.12140635333549588,0.0,0.0,-0.14360066906533847,0.05512913835648087
2018-05-23,0.0,0.0,0.0,0.0,0.0,-0.23009024351164245,0.0,0.0,0.0,0.0694911717716448,0.0,0.07368332647673995,-0.3034548448933147,0.12236116740990269,0.0,0.0,-0.14402978396930158,0.056889461967453855
2018-05-24,0.0,0.0,0.0,0.0,0.0,-0.23401573139690296,0.0,0.0,0.0,0.06932950869546983,0.0,0.0731084281787463,-0.3032923614726187,0.12254605498577976,0.0,0.0,-0.14212854195705033,0.05557937331343225
2018-05-25,0.0,0.0,0.0,0.0,0.0,-0.235861626406567,0.0,0.0,0.0,0.07030773764732669,0.0,0.07385521114898022,-0.3025902686581448,0.12369097944184584,0.0,0.0,-0.14176126284492724,0.051932913852208176
2018-05-29,-0.1470000728734119,0.0,0.0,0.0,0.0,-0.24552208851597848,0.0,0.0,0.0,0.07390740340759464,0.0890433597246921,0.07797357182750131,-0.312126633026297,0.0,0.0,0.0,0.0,0.05442687062452456
2018-05-30,0.0,0.0,0.0,0.0,0.0,-0.10877381575810274,0.0,0.0,0.0,0.03261346751229679,0.03991169334066741,0.0345436360304629,-0.13620356709991768,0.0,-0.6238280960958442,0.0,0.0,0.024125724162708414
2018-05-31,0.0,0.0,0.0,0.0,0.0,-0.10609094246679042,0.0,0.0,0.0,0.03224187814224838,0.03859001049658566,0.033700533577876376,-0.1332788731266501,0.0,-0.6328975190577663,0.0,0.0,0.02320024313208278
2018-06-01,0.0,0.0,0.0,0.0,0.0,-0.24910101489953815,0.0,0.0,0.0,0.07497121434860961,0.09113611050919232,0.0805379120141789,-0.31431748108605007,0.0,0.0,0.0,-0.13661816438605912,0.05331810275637174
2018-06-04,0.0,0.0,0.0,0.0,0.0,-0.2497243026240535,0.0,0.0,0.0,0.07536272582340627,0.0917822498544412,0.0808716958851029,-0.31312443779708,0.0,0.0,0.0,-0.1354368617277912,0.05369772628812481
2018-06-05,0.0,0.0,0.0,0.0,0.0,-0.24944032275237865,0.0,0.0,0.0,0.07529690145921072,0.09238009359148922,0.08119736919056988,-0.31291687104975074,0.0,0.0,0.0,-0.13519737033283244,0.05357107162376823
2018-06-06,0.0,0.0,0.0,0.0,0.0,-0.25051561067174116,0.0,0.0,0.0,0.0755029124530745,0.09294104636410057,0.08192582120804195,-0.31050255149009054,0.0,0.0,0.0,-0.13412978725527808,0.05448227055767325
2018-06-07,0.0,0.0,0.0,0.0,0.0,-0.25087701065372897,0.0,0.0,0.0,0.07586416023897911,0.09380811206689157,0.08160135468282712,-0.30958546135506704,0.0,0.0,0.0,-0.13324416258174876,0.055019738420757414
2018-06-08,0.0,0.0,0.0,0.0,0.0,-0.2489366264507584,0.0,0.0,0.0,0.07640962064696474,0.09488188397356288,0.0819835425344526,-0.3094608732767548,0.0,0.0,0.0,-0.13281556145901882,0.05551189165848764
2018-06-11,0.0,0.0,0.0,0.0,0.0,-0.24060598145055753,0.0,0.0,0.0,0.07394425701823949,0.0,0.07931349261443438,-0.29992272412822346,0.12315219816676551,0.0,0.0,-0.1292311464490987,0.05383020017268091
2018-06-12,0.0,0.0,0.0,0.0,0.0,-0.2388398146673637,0.0,0.0,0.0,0.07426044782800358,0.0,0.07926363423674607,-0.30030858758975465,0.12312460465904693,0.0,0.0,-0.13003516536460344,0.054167745654481674
2018-06-13,0.0,0.0,0.0,0.0,0.0,-0.23806865903756225,0.0,0.0,0.0,0.07393805337920173,0.0,0.07896362214867678,-0.3007209874238366,0.12280689209280031,0.0,0.0,-0.1315789424878501,0.053922843430072205
2018-06-14,0.0,0.0,0.0,0.0,0.0,-0.240110962512872,0.0,0.0,0.0,0.07444548084822243,0.0,0.07976619056984596,-0.2966421273327657,0.12376801616680591,0.0,0.0,-0.13085715294820705,0.05441006962128123
2018-06-15,0.0,0.0,0.0,0.0,0.0,-0.2397008912472177,0.0,0.0,0.0,0.07467234471976736,0.0,0.08004284509442992,-0.2975562494081209,0.12380908029820119,0.0,0.0,-0.13163291591446458,0.05258567331779827
2018-06-18,0.0,0.0,0.0,0.0,0.0,-0.24455957159059133,0.0,0.0,0.0,0.07804437156435681,0.09677984340331595,0.08291545700477092,-0.30875239147455275,0.0,0.0,0.0,-0.1354807608704637,0.053467604091948534
2018-06-19,0.0,0.0,0.0,0.0,0.0,-0.24381138309050582,0.0,0.0,0.0,0.07754412476880437,0.09655991475687592,0.08252364473265783,-0.3113339130352507,0.0,0.0,0.0,-0.13455463377940938,0.05367238583649604
2018-06-20,0.0,0.0,0.0,0.0,0.0,-0.24731187217418618,0.0,0.0,0.0,0.07845404454733966,0.09740537262234733,0.08314979751117414,-0.304478877918214,0.0,0.0,0.0,-0.13368159281609715,0.055518442410641564
2018-06-21,0.0,0.0,0.0,0.0,0.0,-0.2420670233363006,0.0,0.0,0.0,0.08141060042072076,0.10106834532055546,0.08477004267807667,-0.30148475097843025,0.0,0.0,0.0,-0.1337917481941308,0.055407489071785325
2018-06-22,0.0,0.0,0.0,0.0,0.0,-0.2359350391259678,0.0,0.0,0.0,0.08387238376396615,0.10807686152542474,0.08747389473259082,-0.3008873847433853,0.0,0.0,0.0,-0.1324851564071072,0.05126927970155775
2018-06-25,0.0,0.0,0.0,0.0,0.0,-0.2365382358504899,0.0,0.0,0.0,0.08577982071557488,0.10975768553230793,0.085998720097968,-0.3008720262853973,0.0,0.0,0.0,-0.13098257887583972,0.05007093264242225
2018-06-26,0.0,0.0,0.0,0.0,0.0,-0.233188097270204,0.0,0.0,0.0,0.0891313917686712,0.11287992498542418,0.08873023709394215,-0.29655711384462524,0.0,0.0,0.0,-0.13182022354511014,0.04769301149202321
2018-06-27,0.0,0.0,0.0,0.0,0.0,-0.2372805811879233,0.0,0.0,0.0,0.08892078140566885,0.11065043926905985,0.08612403655362737,-0.2984443178456969,0.0,0.0,0.0,-0.1311191986335392,0.04746064510448451
2018-06-28,0.0,0.0,0.0,0.0,0.0,-0.23852426120098158,0.0,0.0,0.0,0.08893065716800785,0.10951848536198747,0.08577707080645378,-0.30097402673762713,0.0,0.0,0.0,-0.12972679538875886,0.0465487033361834
2018-06-29,-0.1928656692031156,0.0,0.0,0.0,0.0,-0.21550585849946183,0.0,0.0,0.0,0.08611887760578953,0.10707853267641403,0.08392789582994521,-0.2715874959285664,0.0,0.0,0.0,0.0,0.04291567025670733
2018-07-02,0.0,0.0,0.0,0.0,0.0,-0.22587839320299877,-0.14859134672065408,0.0,0.0,0.0910905358556096,0.11500689587049757,0.08833017493925177,-0.28626881747238075,0.0,0.0,0.0,0.0,0.04483383593860746
2018-07-03,0.0,0.0,0.0,0.0,0.0,-0.10485413023390273,0.0,0.0,0.0,0.0430457932780761,0.054904867568888474,0.04215908761572977,-0.1317653206209078,0.0,-0.6022992842093984,0.0,0.0,0.02097151647309674
2018-07-05,0.0,0.0,0.0,0.0,0.0,-0.1020296118176668,0.0,0.0,0.0,0.0430984287839532,0.054798998018588,0.04194829991734923,-0.13103063245081376,0.0,-0.6060795088747613,0.0,0.0,0.021014520136867772
2018-07-06,0.0,0.0,0.0,0.0,0.0,-0.09576670768723794,0.0,0.0,0.0,0.04523892415107965,0.058051897789529336,0.043364347102863,-0.13023029563899036,0.0,-0.6062204347856823,0.0,0.0,0.02112739284461733
2018-07-09,0.0,0.0,0.0,0.0,0.0,-0.09580725561154342,0.0,0.0,0.0,0.045148689778126715,0.05833050386883974,0.0435996977076297,-0.13100753138799065,0.0,-0.6046468829014034,0.0,0.0,0.021459438744466257
2018-07-10,0.0,0.0,0.0,0.0,0.0,-0.0946764536133676,0.0,0.0,0.0,0.04633296756046409,0.061105666578198964,0.044479299285272465,-0.12955092535269658,0.0,-0.6018087354991122,0.0,0.0,0.02204595211088809
2018-07-11,0.0,0.0,0.0,0.0,0.0,-0.09450516379144172,0.0,0.0,0.0,0.046654514798184624,0.0599995363738529,0.044444386444155146,-0.1298272056489166,0.0,-0.6040690913170752,0.0,0.0,0.020500101626373744
2018-07-12,0.0,0.0,0.0,0.0,0.0,-0.09373906916979322,0.0,0.0,0.0,0.04588582216218619,0.05988133132442037,0.04414708117827895,-0.12945907173077098,0.0,-0.6064939114351893,0.0,0.0,0.020393712999361047
2018-07-13,0.0,0.0,0.0,0.0,0.0,-0.09226118787383121,0.0,0.0,0.0,0.04601427513351045,0.06000355228364659,0.04448595269641713,-0.129450914161859,0.0,-0.6073906847653343,0.0,0.0,0.020393433085401418
2018-07-16,0.0,0.0,0.0,0.0,0.0,-0.09215880127466551,0.0,0.0,0.0,0.046256173337672846,0.06071379777279472,0.044509964495892916,-0.12925334720320517,0.0,-0.6073689103061686,0.0,0.0,0.019739005609600454
2018-07-17,0.0,0.0,0.0,0.0,0.0,-0.19928188580780956,-0.14724335667162558,0.0,0.0,0.10251194687930597,0.13187478463503455,0.09763320708828327,-0.27884970802211817,0.0,0.0,0.0,0.0,0.042605110895823
2018-07-18,0.0,0.0,0.0,0.0,0.0,-0.1973591152575888,-0.1459444056283795,0.0,0.0,0.10154368971524193,0.1305213184564418,0.09672292216785561,-0.28451712855391925,0.0,0.0,0.0,0.0,0.04339142022057306
2018-07-19,0.0,0.0,0.0,0.0,0.0,-0.19719095204945752,-0.1446292122773655,0.0,0.0,0.10187639703378237,0.1290345888409031,0.097266716820336,-0.28682471053546504,0.0,0.0,0.0,0.0,0.04317742244269053
2018-07-20,0.0,0.0,0.0,0.0,0.0,-0.19778022129924597,-0.1426190717712567,0.0,0.0,0.10362448744417434,0.1282145286147607,0.09719293542051899,-0.2876813405388969,0.0,0.0,0.0,0.0,0.04288741491114638
2018-07-23,0.0,0.0,0.0,0.0,0.0,0.0,-0.15678684393037695,0.0,0.0,0.11284856077091299,0.1395635365063762,0.1062108492384607,-0.3070005926214128,0.0,0.0,0.0,-0.1307528306335936,0.04683678629886665
2018-07-24,0.0,0.0,0.0,0.0,0.0,0.0,-0.15737942589564205,0.0,0.0,0.12076411600791313,0.13705691296225694,0.10292619256892042,-0.3048768935407084,0.0,0.0,0.0,-0.13019986800302066,0.046796591021538464
2018-07-25,0.0,0.0,0.0,0.0,0.0,0.0,-0.15640738866648107,0.0,0.0,0.11786512779260351,0.13685105086621133,0.10262700117263564,-0.308248952900961,0.0,0.0,0.0,-0.13143361740098264,0.04656686120012483
2018-07-26,0.0,0.0,0.0,0.0,0.0,0.0,-0.1542088581752564,0.0,0.0,0.11895186045239216,0.1352915284479533,0.10260968526786111,-0.3102037992052436,0.0,0.0,0.0,-0.1322700943407488,0.046464174110544654
2018-07-27,0.0,0.0,0.0,0.0,0.0,-0.19423981057771866,-0.14694888929564873,0.0,0.0,0.10928760849087436,0.12165876871917704,0.08980152903921122,-0.29428366659770294,0.0,0.0,0.0,0.0,0.04377972727966714
2018-07-30,0.0,0.0,0.0,0.0,0.0,0.0,-0.15957218503044077,0.0,0.0,0.11377557222126387,0.13366916970136697,0.09528489802511103,-0.31541541048117755,0.0,0.0,0.0,-0.13552593849598374,0.046756826044656065
2018-07-31,0.0,0.0,-0.23055547074158048,0.0,0.0,0.0,-0.14316410982074765,0.0,0.0,0.10129595544001677,0.1184531828891971,0.08372114736048426,-0.2812782268027,0.0,0.0,0.0,0.0,0.041531906945273846
2018-08-01,0.0,0.0,0.0,0.0,0.0,0.0,-0.160278360591629,0.0,0.0,0.11542010669484502,0.1342080245819155,0.09502056872821497,-0.31375134220956596,0.0,0.0,0.0,-0.13447656224898696,0.046845034944842594
2018-08-02,0.0,0.0,-0.28027072847594126,0.0,0.0,0.0,-0.16907855550438505,0.0,0.0,0.1193544890417546,0.14166485174913185,0.0994445270002703,0.0,0.0,0.0,0.0,-0.14141388852938594,0.04877295969913089
2018-08-03,0.0,0.0,-0.2783260870621582,0.0,0.0,0.0,-0.16727583687801545,0.0,0.0,0.12181702599529866,0.14472586430328693,0.09927873843112683,0.0,0.0,0.0,0.0,-0.13974425560216197,0.04883219172795181
2018-08-06,0.0,0.0,0.0,0.0,0.0,-0.23883005114979625,-0.1755311501743002,0.0,0.0,0.1284067298686046,0.15371431617449455,0.10479137640313227,0.0,0.0,0.0,0.0,-0.14729660532849148,0.05142977090118074
2018-08-07,0.0,0.0,0.0,0.0,0.0,-0.24280522454023826,-0.17422069544904709,0.0,0.0,0.1278025697797202,0.15369493847684434,0.10444830582130216,0.0,0.0,0.0,0.0,-0.1458112896962041,0.05121697623664382
2018-08-08,0.0,0.0,0.0,0.0,0.0,-0.24284425959484823,-0.17296407906922825,0.0,0.0,0.12888444719984996,0.15399961783914157,0.10431150555327134,0.0,0.0,0.0,0.0,-0.14666474784803213,0.050331342895628586
2018-08-09,0.0,0.0,0.0,0.0,0.0,-0.259073468227205,-0.17158228208861812,0.0,0.0,0.1265367385366827,0.14993155774207426,0.10162360040686048,0.0,0.0,0.0,0.0,-0.1423322327024538,0.04892012029610556
2018-08-10,0.0,0.0,-0.255992378669454,0.0,0.0,-0.21389303920790817,-0.15249082790975918,0.0,0.0,0.11151237947027066,0.13238256256489161,0.09035229839244072,0.0,0.0,0.0,0.0,0.0,0.04337651378527554
2018-08-13,0.0,0.0,-0.2581587918068273,0.0,0.0,-0.21439789408329027,-0.14605542578992847,0.0,0.0,0.11271383378515012,0.1336222875202532,0.09108126005781701,0.0,0.0,0.0,0.0,0.0,0.04397050695673342
2018-08-14,0.0,0.0,-0.2703609316844103,0.0,0.0,-0.20875298860037222,-0.15175356754055785,0.0,0.0,0.11078742992708823,0.12774725167700465,0.08782026708713113,0.0,0.0,0.0,0.0,0.0,0.042777563483435734
2018-08-15,0.0,0.0,-0.27488996333839755,0.0,0.0,-0.2123508434228193,-0.14359566967663334,0.0,0.0,0.1110569530338287,0.1278087798009048,0.08804070099013245,0.0,0.0,0.0,0.0,0.0,0.04225708973728402
2018-08-16,0.0,0.0,-0.27659887581190606,0.0,0.0,-0.21333063267672164,-0.1434542277251392,0.0,0.0,0.11056441360053033,0.1265970581584768,0.08737602699504705,0.0,0.0,0.0,0.0,0.0,0.042078765032178875
2018-08-17,0.0,0.0,-0.2732890229421043,0.0,0.0,-0.2143974206734191,-0.1411311158590191,0.0,0.0,0.11216065419673807,0.12783839499258698,0.08852396245442597,0.0,0.0,0.0,0.0,0.0,0.04265942888170661
2018-08-20,0.0,0.0,-0.26899343588965663,0.0,0.0,-0.2148661957846295,-0.14024232169630874,0.0,0.0,0.11330102095440156,0.1306241509695873,0.08889037184199593,0.0,0.0,0.0,0.0,0.0,0.04308250286342032
2018-08-21,0.0,0.0,-0.26564589962502794,0.0,0.0,-0.21724741755958765,-0.14053818596716525,0.0,0.0,0.11473553898048036,0.1289888494706148,0.08946767221760425,0.0,0.0,0.0,0.0,0.0,0.0433764361795197
2018-08-22,0.0,0.0,-0.26433252622280423,0.0,0.0,-0.21973376698266608,-0.14023775769362196,0.0,0.0,0.1151127550360242,0.1289397865508109,0.08932467272607804,0.0,0.0,0.0,0.0,0.0,0.04231873478799458
2018-08-23,0.0,0.0,0.0,-0.08547714204392734,0.0,-0.2712459747587049,-0.17616438442273522,0.0,0.0,0.143347310594713,0.15954094510915282,0.11123130821935036,0.0,0.0,0.0,0.0,0.0,0.052992934851416214
2018-08-24,0.0,0.0,-0.26797694955453477,0.0,0.0,-0.2201736920400501,-0.1315814921065894,0.0,0.0,0.11543390970123267,0.12973362116949774,0.09006653622694047,0.0,0.0,0.0,0.0,0.0,0.04503379920115475
2018-08-27,0.0,0.0,-0.2698123162634154,0.0,0.0,-0.22002966475719493,-0.13040657962661897,0.0,0.0,0.11541350263789409,0.1295883876624441,0.08969004732679384,0.0,0.0,0.0,0.0,0.0,0.0450595017256385
2018-08-28,0.0,0.0,0.0,0.0,0.0,-0.24490607858227806,-0.14422404014213835,0.0,0.0,0.13066882952938694,0.15222234726677986,0.10209749955654569,0.0,0.0,0.0,0.0,-0.17499084774381835,0.050890357179052825
2018-08-29,0.0,0.0,0.0,0.0,0.0,-0.24490598135544997,-0.14249916286832628,0.0,0.0,0.12985019803923833,0.1553236425369896,0.10225943518173708,0.0,0.0,0.0,0.0,-0.17419569568015786,0.05096588433810091
2018-08-30,0.0,0.0,0.0,0.0,0.0,-0.24141338413879995,-0.1420079831758086,0.0,0.0,0.13174431216817464,0.15562048632617165,0.10263760138194852,0.0,0.0,0.0,0.0,-0.1750131148674072,0.05156311794168949
2018-08-31,0.0,0.0,0.0,0.0,0.0,-0.23915489261841424,-0.14144516247263975,0.0,0.0,0.1322267910403614,0.15643663213525444,0.10201505880000741,0.0,0.0,0.0,0.0,-0.17719620541562656,0.05152525751769627
2018-09-04,0.0,0.0,0.0,-0.08172473597401443,0.0,-0.26643100321610247,-0.15848686155143302,0.0,0.0,0.14789808742093272,0.17350528989939362,0.11449280880607832,0.0,0.0,0.0,0.0,0.0,0.057461213132045615
2018-09-05,0.0,0.0,0.0,0.0,0.0,-0.23872194024081403,-0.1411362161835311,0.0,0.0,0.130926068166698,0.15656904020360105,0.10244033992876174,0.0,0.0,0.0,0.0,-0.17885925618006437,0.05134713909652958
2018-09-06,0.0,0.0,0.0,-0.08326052934235292,0.0,-0.26528695482870457,-0.1578201592183798,0.0,0.0,0.1469535761349722,0.1739828933705653,0.11522666635176156,0.0,0.0,0.0,0.0,0.0,0.05746922075326368
2018-09-07,0.0,0.0,0.0,-0.08328086732820647,0.0,-0.2646601284322207,-0.1581074401258542,0.0,0.0,0.14704318950540143,0.17365730027934648,0.11565590951555929,0.0,0.0,0.0,0.0,0.0,0.0575951648134115
2018-09-10,0.0,0.0,0.0,-0.08296766511393995,0.0,-0.2646972665153183,-0.15842528853477242,0.0,0.0,0.14703321285721407,0.17367169641608257,0.1156142307126604,0.0,0.0,0.0,0.0,0.0,0.05759063985001231
2018-09-11,0.0,0.0,0.0,-0.08278272031293209,0.0,-0.2664932263671663,-0.15821713428490775,0.0,0.0,0.14620297960295991,0.1735060799535509,0.11633821426262407,0.0,0.0,0.0,0.0,0.0,0.056459645215858986
2018-09-12,0.0,0.0,0.0,-0.0827664189484452,0.0,-0.2666277360483543,-0.15591316954729986,0.0,0.0,0.1468621901169567,0.17510822156330955,0.11636985391029517,0.0,0.0,0.0,0.0,0.0,0.05635240986533914
2018-09-13,0.0,0.0,0.0,-0.0830628212383667,0.0,-0.25684527327204526,-0.15825921237573534,0.0,0.0,0.14877763349116918,0.1778099046629866,0.1187378434547119,0.0,0.0,0.0,0.0,0.0,0.05650731150498505
2018-09-14,0.0,0.0,0.0,-0.08254311505324648,0.0,-0.2549340432741842,-0.1641795864632218,0.0,0.0,0.1474759279477111,0.17534220837362197,0.11740968638768326,0.0,0.0,0.0,0.0,0.0,0.05811543250033123
2018-09-17,0.0,0.0,0.0,-0.08328346928712184,0.0,-0.25917294793770423,-0.1636497235416947,0.0,0.0,0.14461217738560042,0.1760675048003958,0.11433306392241321,0.0,0.0,0.0,0.0,0.0,0.05888111312506968
2018-09-18,0.0,0.0,0.0,-0.08340234793009647,0.0,-0.2580758664813076,-0.1640064258774927,0.0,0.0,0.14501212360975432,0.1766587883606735,0.11389144742244246,0.0,0.0,0.0,0.0,0.0,0.05895300031823307
2018-09-19,0.0,0.0,0.0,-0.08752354277698299,0.0,0.0,-0.17349795987455482,0.0,0.0,0.15380579459900912,0.18970338019917782,0.12113161785784943,0.0,0.0,0.0,0.0,-0.21209511417342802,0.06224259051899783
2018-09-20,0.0,0.0,0.0,-0.08790312158392312,0.0,0.0,-0.1729845554219309,0.0,0.0,0.15420593965328555,0.1879618418634438,0.12213990199772987,0.0,0.0,0.0,0.0,-0.2127317565141887,0.06207288296549795
2018-09-21,0.0,0.0,0.0,0.0,0.0,-0.23037097945980242,-0.14467337023653074,0.0,0.0,0.12944170631344631,0.15765421569710739,0.10265734966029402,0.0,0.0,0.0,0.0,-0.17890451593721837,0.056297862695600574
2018-09-24,0.0,0.0,0.0,0.0,0.0,-0.22830311407183343,-0.14191423993974026,0.0,0.0,0.1358213374702511,0.15725820161713433,0.10614235818116906,0.0,0.0,0.0,0.0,-0.17532974164389067,0.05523100707598111
2018-09-25,0.0,0.0,0.0,0.0,0.0,-0.22754380775710817,-0.14167888542877485,0.0,0.0,0.1353225258511538,0.157322641580162,0.10620281928771451,0.0,0.0,0.0,0.0,-0.1746825483957669,0.05724677169931991
2018-09-26,0.0,0.0,0.0,0.0,0.0,-0.22249682274457241,-0.1396627828482748,0.0,0.0,0.13851600297365044,0.15779338506976992,0.10959638034648717,0.0,0.0,0.0,0.0,-0.17446542268884363,0.05746920332840175
2018-09-27,0.0,0.0,0.0,0.0,0.0,-0.2130140158865611,-0.13251124466455336,0.0,0.19158019864507886,0.134168490527416,0.0,0.10560409923149607,0.0,0.0,0.0,0.0,-0.16766699787056008,0.05545495317433456
2018-09-28,0.0,0.0,0.0,0.0,0.0,-0.2124637695450564,-0.13188739474630648,0.0,0.19195406792268827,0.13435876144522144,0.0,0.1057618703988212,0.0,0.0,0.0,0.0,-0.16822725067707905,0.055346885264827186
2018-10-01,0.0,0.0,0.0,0.0,0.0,-0.2132951516088417,-0.13488905287904004,0.0,0.19237662209454864,0.13537117416351835,0.0,0.10357293123309602,0.0,0.0,0.0,0.0,-0.16623504131409356,0.05426002670686168
2018-10-02,0.0,0.0,0.0,-0.08348099582336745,0.0,0.0,-0.1565909363732979,0.0,0.22503442101737678,0.16011532701674136,0.0,0.117673174138429,0.0,0.0,0.0,0.0,-0.19372416267831255,0.06338098295247507
2018-10-03,0.0,0.0,0.0,-0.08386586337452481,0.0,0.0,-0.15809437776071972,0.0,0.23047041055374734,0.16399933719206258,0.0,0.11978867715549651,0.0,0.0,0.0,0.0,-0.17994749197339113,0.06383384199005794
2018-10-04,0.0,0.0,0.0,-0.08281609664925904,0.0,0.0,-0.15990734979035884,0.0,0.23563441798596377,0.1592535391837971,0.0,0.11759071359469137,0.0,0.0,0.0,0.0,-0.18107530711316477,0.06372257568276515
2018-10-05,0.0,0.0,0.0,-0.08412026806000295,0.0,0.0,-0.1589909872641976,0.0,0.24078133892853545,0.15816806615305276,0.0,0.1158041763505651,0.0,0.0,0.0,0.0,-0.17874277899749477,0.06339238424615132
2018-10-08,0.0,0.0,0.0,-0.0845081289107245,0.0,0.0,-0.15624385163716964,0.0,0.2421742612874472,0.15783418602157978,0.0,0.116085721445273,0.0,0.0,0.0,0.0,-0.1794402895922384,0.06371356110556754
2018-10-09,0.0,0.0,0.0,-0.08476750785197097,0.0,0.0,-0.1567606072798998,0.0,0.24774034731714178,0.15585250011666188,0.0,0.11382318248907866,0.0,0.0,0.0,0.0,-0.1715901992115965,0.06946565573365053
2018-10-10,0.0,0.0,0.0,-0.09153204432498788,0.0,0.0,-0.17622479606498212,0.0,0.2136374365783246,0.1365315926036379,0.0,0.11464758048646195,0.0,0.0,0.0,0.0,-0.1922448459366968,0.07518170400490881
2018-10-11,0.0,0.6507761868684447,0.0,-0.04448876616754574,0.0,0.0,-0.07587216458466811,0.0,0.0,0.06461202601993285,0.0,0.05488035742235631,0.0,-0.07383379909935346,0.0,0.0,0.0,0.03553669983769884
2018-10-12,0.0,0.0,0.0,-0.09440253978348465,0.0,0.0,-0.16878311395330214,0.0,0.19317164743207774,0.13657659688762086,0.0,0.1220012385448706,0.0,0.0,0.0,0.0,-0.2014250775823147,0.08363978581632929
2018-10-15,0.0,0.6420771759232851,0.0,-0.04171039102464693,0.0,0.0,-0.07548005786947293,0.0,0.0,0.060291670248264,0.0,0.05440017039759688,0.0,0.0,0.0,0.0,-0.08906388778200525,0.03697664675472897
2018-10-16,0.0,0.0,0.0,-0.09410207775145636,0.0,0.0,-0.17621151369258636,0.0,0.18916419075781188,0.13064726302616564,0.0,0.11518476783200035,0.0,0.0,0.0,0.0,-0.20803189028272745,0.08665829665725194
2018-10-17,0.0,0.0,0.0,-0.09407159215784155,0.0,0.0,-0.17669665496302528,0.0,0.18935558785634676,0.13066999809635604,0.0,0.11555614013938467,0.0,0.0,0.0,0.0,-0.20929773686966435,0.0843522899173812
2018-10-18,0.0,0.0,0.0,-0.09477416187140703,-0.1609347650597136,0.0,0.0,0.0,0.19126072011438633,0.1296617515415954,0.0,0.1159113090610921,0.0,0.0,0.0,0.0,-0.2219929006457903,0.08546439170601523
2018-10-19,0.0,0.0,0.0,-0.09388584991729543,-0.15919356810749274,0.0,0.0,0.0,0.19054500048842218,0.1289110611769524,0.0,0.11364167638377332,0.0,0.0,0.0,0.0,-0.2290460550900751,0.08477678883598892
2018-10-22,0.0,0.6505653344732409,0.0,-0.04061919736180194,0.0,0.0,0.0,0.0,0.0,0.05553379283491799,0.0,0.04962814999523036,0.0,-0.06798462962542115,0.0,0.0,-0.09905591690169568,0.036612978807691994
2018-10-23,0.0,0.6699556406674688,0.0,-0.04267986731956094,-0.07166265814607477,0.0,0.0,0.0,0.0,0.058553281729195925,0.0,0.051703356039851836,0.0,-0.07026675802485707,0.0,0.0,0.0,0.035178438072990495
2018-10-24,0.0,0.669439246264848,0.0,-0.04436914987672835,-0.07084157933387299,0.0,0.0,0.0,0.0,0.05683257161913711,0.0,0.050131826132619045,0.0,-0.07031015416243515,0.0,0.0,0.0,0.03807547261035945
2018-10-25,0.0,0.6788631660715023,0.0,-0.043104364212788175,-0.06862727271524344,0.0,0.0,0.0,0.0,0.05408971838141689,0.0,0.04908467458191695,0.0,-0.0685907553317986,0.0,0.0,0.0,0.037640048705333634
2018-10-26,0.0,0.6677811048852333,0.0,-0.04462318267021943,-0.07113320480898493,0.0,0.0,0.0,0.0,0.05530877933637625,0.0,0.05100626584147427,0.0,-0.07082176161964963,0.0,0.0,0.0,0.039325700838062014
2018-10-29,0.0,0.666929685051052,0.0,-0.04443917518728929,-0.07140638688785812,0.0,0.0,0.0,0.0,0.05504195935933216,0.0,0.05160895210365544,0.0,-0.0710235349855283,0.0,0.0,0.0,0.039550306425284516
2018-10-30,0.0,0.6682401440201922,0.0,-0.044249648287220715,-0.07101605014360303,0.0,0.0,0.0,0.0,0.05501775016645178,0.0,0.05077446293559579,0.0,-0.07042024325540103,0.0,0.0,0.0,0.04028170119153539
2018-10-31,0.0,0.6661379161461205,0.0,-0.0447770044932248,-0.07156866959502313,0.0,0.0,0.0,0.0,0.054912002766788294,0.0,0.051440852671885764,0.0,-0.07022309183772603,0.0,0.0,0.0,0.04094046248923146
2018-11-01,0.22113911149211457,0.0,0.0,-0.08965362129015032,0.0,0.0,0.0,0.0,0.0,0.11428929231080083,0.0,0.10389578252100887,0.0,-0.141057378315721,0.0,0.0,-0.24537550102761144,0.08458931304259293
2018-11-02,0.21961866344832928,0.0,0.0,-0.0900250999690799,-0.1482888407783825,0.0,0.0,0.0,0.0,0.1146559495249651,0.0,0.1048534347379293,0.0,0.0,0.0,0.0,-0.2378120112417143,0.08474600029959962
2018-11-05,0.21501174827019465,0.0,0.0,-0.09165394206584221,0.0,0.0,0.0,0.0,0.0,0.1163742335946613,0.0,0.10628776708815571,0.0,-0.14380556065498862,0.0,0.0,-0.24089241433291894,0.08597433399323853
2018-11-06,0.2102097319103768,0.0,0.0,-0.09200334212168927,0.0,0.0,0.0,0.0,0.0,0.11644907529723038,0.0,0.10644919278870835,0.0,-0.14383719921087484,0.0,0.0,-0.24200560718270664,0.08904585148841365
2018-11-07,0.21152553868208912,0.0,0.0,-0.09136310531741677,0.0,0.0,0.0,0.0,0.0,0.11232404619990322,0.0,0.10462154625548564,0.0,-0.14176377010940744,0.0,0.0,-0.24892451142731659,0.08947748200838126
2018-11-08,0.0,0.0,0.0,-0.0942283609818985,0.0,0.0,0.0,0.0,0.17435857975750665,0.11690554981901637,0.0,0.10874787908041322,0.0,-0.14932826203010416,0.0,0.0,-0.2634501071804288,0.0929812611506322
2018-11-09,0.20267728542629226,0.0,0.0,-0.0852195769481931,0.0,0.0,-0.19207309640413814,0.0,0.0,0.10514976469059023,0.0,0.09637724691029928,0.0,0.0,0.0,0.0,-0.23442836274243808,0.08407466687804868
2018-11-12,0.0,0.0,0.0,-0.10740445834929417,-0.17902374650659078,0.0,0.0,0.0,0.19604615674737166,0.12930194490017166,0.0,0.1194828128410933,0.0,-0.1632494844097347,0.0,0.0,0.0,0.10549139624574376
2018-11-13,0.2112158083173155,0.0,0.0,-0.09583316991868278,-0.1586138847142286,0.0,0.0,0.0,0.17191799455548507,0.11312592563504208,0.0,0.1048677498349819,0.0,-0.14442546702426412,0.0,0.0,0.0,0.0
2018-11-14,0.0,0.0,0.0,-0.0984294412506742,0.0,0.0,0.0,0.0,0.17870117724876106,0.11610729899053131,0.0,0.10808772586819537,0.0,-0.14844451429871613,0.0,0.0,-0.26502560112129037,0.08520424122183162
2018-11-15,0.0,0.0,0.0,-0.09752065809297793,0.0,0.0,0.0,0.0,0.17788256617341952,0.11557446056323886,0.0,0.10699977076976183,0.0,-0.14975062168864575,0.0,0.0,-0.26660404764473244,0.0856678750672236
2018-11-16,0.0,0.0,0.0,-0.1085335532939193,-0.18432975836622048,0.0,0.0,0.0,0.19740263440932299,0.12860349012366448,0.0,0.11899597356793577,0.0,-0.16696216695424934,0.0,0.0,0.0,0.0951724232846874
2018-11-19,0.0,0.6132710015940617,0.0,-0.04794419201461887,-0.08130516544965984,0.0,0.0,0.0,0.08696597108508439,0.0545850368768486,0.0,0.0,0.0,-0.07392551808244033,0.0,0.0,0.0,0.04200311489728637
2018-11-20,0.0,0.24359944643376422,0.0,-0.01930279407593871,-0.03236374843068904,0.0,0.0,0.0,0.0341142460382567,0.022008649397791947,0.0,0.0,0.0,-0.029563574129321063,0.6190475414942384,0.0,0.0,0.0
2018-11-21,0.09867230131331327,0.5708814572220186,0.0,-0.046595088810750945,-0.07704561078585799,0.0,0.0,0.0,0.08273180352832672,0.05327086958393409,0.0,0.0,0.0,-0.07080286875579851,0.0,0.0,0.0,0.0
2018-11-23,0.09836203553318526,0.570501415854218,0.0,-0.04696311455846884,-0.07708561203489389,0.0,0.0,0.0,0.08264385109020225,0.05339733272413517,0.0,0.0,0.0,-0.07104663820489673,0.0,0.0,0.0,0.0
2018-11-26,0.0,0.5933766494152145,0.0,-0.05058574350362521,-0.0824652302360244,0.0,0.0,0.0,0.08768888202016521,0.056615100534537534,0.0,0.052769599012755304,0.0,-0.07649879527767786,0.0,0.0,0.0,0.0
2018-11-27,0.10169851274871257,0.56015632771036,0.0,-0.04826775122201655,-0.07881798010078728,0.0,0.0,0.0,0.08377248483925911,0.05412649059963233,0.0,0.0,0.0,-0.07316045277923218,0.0,0.0,0.0,0.0
2018-11-28,0.232182929929146,0.0,0.0,-0.10790010813989256,0.0,0.0,0.0,0.0,0.18643660867989806,0.11845118511626997,0.0,0.11052260477692605,0.0,-0.16336380973533335,0.0,0.0,0.0,-0.081142753622534
2018-11-29,0.21156665513522538,0.0,0.0,-0.10017186955745969,-0.1612965998655166,0.0,0.0,0.0,0.16999493089066847,0.10774708625238302,0.0,0.10055251495695236,0.0,-0.14867034334179458,0.0,0.0,0.0,0.0
2018-11-30,0.2112288529807935,0.0,0.0,-0.10038003588146692,-0.16198451477749065,0.0,0.0,0.0,0.16946134523370507,0.10749244853516055,0.0,0.1006502401195701,0.0,-0.1488025624718132,0.0,0.0,0.0,0.0
2018-12-03,0.20881929061233334,0.0,0.0,-0.10122758149822281,-0.1615642115890973,0.0,0.0,0.0,0.1709681236347281,0.10737446147262021,0.0,0.1009440414378266,0.0,-0.14910228975517167,0.0,0.0,0.0,0.0
2018-12-04,0.10821078283134121,0.5763500317904687,0.0,-0.053504407674579924,-0.08200489093891135,0.0,0.0,0.0,0.0,0.05476379124188543,0.0,0.050559742805277155,0.0,-0.0746063527175361,0.0,0.0,0.0,0.0
2018-12-06,0.10823995649070925,0.5739244753893257,0.0,-0.05386005355909865,-0.08233764986599425,0.0,0.0,0.0,0.0,0.05525261312568935,0.0,0.05108479964134015,0.0,-0.07530045192784286,0.0,0.0,0.0,0.0
2018-12-07,0.04303485732275928,0.18681998089746454,0.0,-0.021030650427932424,-0.03241169807443976,0.0,0.0,0.0,0.0,0.0211894236476792,0.0,0.0,0.0,-0.029644600255062156,0.6658687893746625,0.0,0.0,0.0
2018-12-10,0.042660891582993216,0.18702149070868518,0.0,-0.021036149701316027,-0.0324667933755303,0.0,0.0,0.0,0.0,0.0211580523609279,0.0,0.0,0.0,-0.029578282295438966,0.6660783399751083,0.0,0.0,0.0
2018-12-11,0.0,0.17697750718299737,0.0,-0.020206473338957847,-0.03121029872751372,0.0,0.0,0.09498811276827193,0.0,0.02040491872901664,0.0,0.0,0.0,-0.02845234955924372,0.6277603396939988,0.0,0.0,0.0
2018-12-12,0.0,0.1770821336347658,0.0,-0.020095543134700276,-0.030754516034581847,0.0,0.0,0.09484938980234271,0.0,0.020399762732454134,0.0,0.0,0.0,-0.02811574952773074,0.6287029051334246,0.0,0.0,0.0
2018-12-13,0.0,0.1743107129174031,0.0,-0.02064766912335599,-0.03157898781416785,0.0,0.0,0.09664380318491089,0.0,0.020876867047376905,0.0,0.0,0.0,-0.02878666327740957,0.6271552966353756,0.0,0.0,0.0
2018-12-14,0.0,0.1739185413320194,0.0,-0.02057939416864629,-0.03136266419165776,0.0,0.0,0.0959723674808004,0.0,0.02066523622447517,0.0,0.0,0.0,-0.028650637076943014,0.628851159525458,0.0,0.0,0.0
2018-12-17,0.0,0.16724648684954996,0.0,-0.0210766755140075,-0.03204233711400281,0.0,0.0,0.09578692008449638,0.0,0.020908394159958574,0.0,0.0,0.0,-0.02918254271389,0.6337566435640949,0.0,0.0,0.0
2018-12-18,0.0,0.17022135456560025,0.0,-0.021565245272263226,0.0,0.0,0.0,0.0977333456744703,0.0,0.02137571544388606,0.0,0.0,0.0,-0.03011911651714841,0.64511877317291,0.0,0.0,-0.013866449353721742
2018-12-19,0.0,0.1416950616937097,0.0,-0.018951161264013045,0.0,0.0,0.0,0.08210060029936175,0.0,0.0,-0.0242478191525541,0.0,0.0,-0.02643148034769096,0.5699990992526478,0.13657477799002263,0.0,0.0
2018-12-20,0.0,0.1436442367991135,0.0,0.0,0.0,0.0,0.05024101509580156,0.0,0.0,0.0,-0.02559850542633722,0.0,0.0,-0.027861723695501103,0.5979018647305451,0.1420999288072928,0.0,-0.012652725445408599
2018-12-21,0.0,0.14367308154351094,0.0,0.0,0.0,0.0,0.0,0.0,0.0,0.0,-0.025169036602566582,0.0,0.0,-0.027452640417690785,0.595360294813779,0.14208738448705507,0.05356449639232473,-0.012693065743072992
2018-12-24,0.0,0.0,0.0,0.0,0.0,0.0,0.05515410157676635,0.0,0.0,0.0,-0.027514018436290994,0.0,0.0,-0.030507712182810207,0.6552991200973662,0.15779852408991732,0.05954819870931506,-0.014178324907533723
2018-12-26,0.0,0.10683852436783052,0.0,0.0,0.0,0.0,0.05388385238901726,0.0,0.0,0.0,-0.024594663757543763,0.0,0.0,-0.028520673192150774,0.6194227264897647,0.1536948791541657,0.0,-0.0130446806495272
2018-12-27,0.0,0.10672712189884553,0.0,-0.021894042170795963,0.0,0.0,0.05478012646313248,0.0,0.0,0.0,0.0,0.0,0.0,-0.028944431220981077,0.6171294488985003,0.15731960365310563,0.0,-0.013205225694638884
2018-12-28,0.0,0.10951342528885498,0.0,-0.022373773132924688,0.0,0.0,0.05719600319144747,0.0,0.0,0.0,0.0,0.0,0.0,-0.029458076431333795,0.6091027390751578,0.15878046033571405,0.0,-0.013575522544567249
2018-12-31,0.0,0.10939391034607694,0.0,-0.02236767694954286,0.0,0.0,0.057463351886936985,0.0,0.0,0.0,0.0,0.0,0.0,-0.02935161530678271,0.6093353249935917,0.1584999534717968,0.0,-0.013588167045272095
2019-01-02,0.0,0.10792071204686941,0.0,-0.022221570434394624,0.0,0.0,0.0,0.0,0.0,0.0,0.0,0.0,0.0,-0.029223090439301422,0.6089245036199165,0.1590966725174615,0.05902967007908295,-0.0135837808629736
2019-01-03,0.0,0.11074785576524826,0.0,-0.02339287176331659,0.0,0.0,0.0,0.0,0.0,0.0,0.0,0.0,0.0,-0.030876014573194784,0.598995235447507,0.16032571598169745,0.06134126446765018,-0.014321042001385783
2019-01-04,0.0,0.09962691161618097,0.0,-0.024334895912955155,0.0,0.0,0.0,0.0,0.0,0.0,0.0,0.0,0.0,-0.031401853304028525,0.5833479756390455,0.1773175553523792,0.06868581517962828,-0.015284992995782638
2019-01-07,0.03541143135188347,0.11055968581309591,0.0,-0.029130594360083088,0.0,0.0,0.0,0.09230763252581545,0.0,0.0,0.0,0.0,0.0,-0.036836120727898825,0.6778178870694025,0.0,0.0,-0.01793664815182066
2019-01-08,0.03541696333628354,0.11077090735082942,0.0,-0.029362807811325355,0.0,0.0,0.0,0.0923197506342492,0.0,0.0,0.0,0.0,0.0,-0.03697343469208841,0.6772231729272316,0.0,0.0,-0.017932963247992637
2019-01-09,0.03478990188937385,0.10757771269981319,0.0,-0.028426133089249437,-0.03980029839202501,0.0,0.0,0.09031866362492756,0.0,0.0,0.0,0.0,0.0,-0.035899237125271134,0.6631880531793399,0.0,0.0,0.0
2019-01-10,0.03491393095045578,0.1075924256604278,0.0,-0.028401546407455035,-0.03975367436522512,0.0,0.0,0.08996717111004383,0.0,0.0,0.0,0.0,0.0,-0.03591397317366146,0.6634572783327309,0.0,0.0,0.0
2019-01-11,0.03590941579564251,0.1096211487706146,0.0,-0.029868964681658297,0.0,0.0,0.0,0.0931485282534622,0.0,0.0,0.0,0.0,0.0,-0.037693103342868114,0.6763912680048726,0.0,0.0,-0.017367571150881413
2019-01-14,0.03612841181654411,0.10918051065260866,0.0,-0.029919171077209625,0.0,0.0,0.0,0.09290229590394807,0.0,0.0,0.0,0.0,0.0,-0.037890884611942025,0.6765391851660452,0.0,0.0,-0.01743954077170228
2019-01-15,0.0360620671029272,0.10913071928345504,0.0,-0.030643778027791658,0.0,0.0,0.0,0.09325682237943918,0.0,0.0,0.0,0.0,0.0,-0.03790264240646429,0.6757541700357198,0.0,0.0,-0.01724980076420267
2019-01-16,0.03521206453482052,0.10646084591753127,0.0,-0.02996548076291501,-0.041024405560318604,0.0,0.0,0.09116423225543467,0.0,0.0,0.0,0.0,0.0,-0.037059386889631035,0.659113584079349,0.0,0.0,0.0
2019-01-17,0.03510533141510171,0.10578342278786092,0.0,-0.030430001366182072,-0.041620185611627246,0.0,0.0,0.09087861351249067,0.0,0.0,0.0,0.0,0.0,-0.03764759693277429,0.6585348483739633,0.0,0.0,0.0
2019-01-18,0.0354788817149358,0.10695736893256357,0.0,-0.030945389380496294,-0.04186841542645089,0.0,0.0,0.09182986710447798,0.0,0.0,0.0,0.0,0.0,-0.037846951860521026,0.6550731255805544,0.0,0.0,0.0
2019-01-22,0.03561657200511269,0.10719737556166313,0.0,-0.03150137340502679,-0.04203961313600052,0.0,0.0,0.09131278412098645,0.0,0.0,0.0,0.0,0.0,-0.03810537815474409,0.6542269036164663,0.0,0.0,0.0
2019-01-23,0.03545474501652493,0.10665884570159054,0.0,-0.03134096721712636,-0.041882640294371255,0.0,0.0,0.09079953343301331,0.0,0.0,0.0,0.0,0.0,-0.03789762383230562,0.6559656445050679,0.0,0.0,0.0
2019-01-24,0.035534519268542265,0.10695598311953564,0.0,-0.03142250761799371,-0.04199715900069029,0.0,0.0,0.09094155027169133,0.0,0.0,0.0,0.0,0.0,-0.038032019853983925,0.6551162608675629,0.0,0.0,0.0
2019-01-25,0.036671066559465317,0.1105103935866571,0.0,-0.03246106575124568,0.0,0.0,0.0,0.09381799946727203,0.0,0.0,0.0,0.0,0.0,-0.03936255650248304,0.669343523910518,0.0,0.0,-0.017833394222359047
2019-01-28,0.036012108504341105,0.10807771827882633,0.0,-0.0329428388389017,0.0,0.0,0.0,0.0921937107692358,0.0,0.0,0.0,0.0,0.0,-0.040087098895284605,0.6733889233448235,0.0,0.0,-0.01729760136858698
2019-01-29,0.035894975190773275,0.10785048984397692,0.0,-0.03325900575019222,0.0,0.0,0.0,0.0919934044661948,0.0,0.0,0.0,0.0,0.0,-0.04018667976083324,0.6736256537736323,0.0,0.0,-0.01718979121439716
2019-01-30,0.03524511495264992,0.10642020793737322,0.0,-0.03249443221516766,-0.044132337370769055,0.0,0.0,0.08969377352595274,0.0,0.0,0.0,0.0,0.0,-0.03966542587980089,0.6523487081182866,0.0,0.0,0.0
2019-01-31,0.03617535366710638,0.0,0.0,-0.03382314483806614,-0.04534092995886991,0.0,0.0,0.09200302848722575,0.0,0.0,0.0,0.0,0.0,-0.040741900790056386,0.6656313152772009,0.0,0.08628432698147445,0.0
2019-02-01,0.036730358312794975,0.0,0.0,-0.034579572552335416,-0.04643350102646167,0.0,0.0,0.09337464816938397,0.0,0.0,0.0,0.0,0.0,-0.0416476216963586,0.6600819695723383,0.0,0.08715232867032703,0.0
2019-02-04,0.03815865755883357,0.0,0.0,-0.03554391491080354,0.0,0.0,0.0,0.09553735015261766,0.0,0.0,0.0,0.0,0.0,-0.04285728322594187,0.6805703184403306,0.0,0.08944729084057894,-0.017885184870893786
2019-02-05,0.10591204486757375,0.0,0.0,0.0,-0.13279850397717402,0.0,0.0,0.26455388264527296,0.0,0.07943312839598468,0.0,0.0,0.0,-0.12145310534248166,0.0,0.0,0.24632582380973875,-0.04952351096177417
2019-02-06,0.13289618880656745,0.0,0.0,-0.12714127772369574,0.0,0.0,0.0,0.3308218990390521,0.0,0.09954365639359933,0.0,0.09569189770182575,0.0,-0.15193187147119097,0.0,0.0,0.0,-0.06197320886406865
2019-02-07,0.10862192192104204,0.0,0.0,-0.10338699269059194,0.0,0.0,0.0,0.2692991222229476,0.0,0.08113246734869602,0.0,0.0,0.0,-0.12317889261615333,0.0,0.0,0.2639243147427899,-0.05045628845777915
2019-02-08,0.10918505420558007,0.0,0.0,-0.10315656794657967,0.0,0.0,0.0,0.269543948042521,0.0,0.08116269827459957,0.0,0.0,0.0,-0.12305893022738779,0.0,0.0,0.2634558249364059,-0.05043697636692606
2019-02-11,0.12943819599825013,0.0,0.0,0.0,-0.16082239864783376,0.0,0.0,0.0,0.0,0.09830134943371731,0.0,0.09354833974923313,0.0,-0.1481224850204412,0.0,0.0,0.30992338030301664,-0.05984385084750777
2019-02-12,0.1340611999859211,0.0,0.0,-0.13291157152625488,0.0,0.0,0.0,0.0,0.0,0.10146080319912527,0.0,0.09636165558367887,0.0,-0.15279147131900292,0.0,0.0,0.3203527254449022,-0.06206057294111487
2019-02-13,0.12066529456861953,0.0,0.0,-0.12162362524074584,-0.1501854884025284,0.0,0.0,0.0,0.0,0.09176263274093668,0.0,0.08807977727893201,0.0,-0.13813037512933127,0.0,0.0,0.2895528066389063,0.0
2019-02-14,0.11861481265520153,0.0,0.0,-0.11904826224960222,-0.14844292756836583,0.0,0.0,0.2974898320809587,0.0,0.0904501285173904,0.0,0.08677406169849634,0.0,-0.1391799752299851,0.0,0.0,0.0,0.0
2019-02-15,0.121086023876781,0.0,0.0,-0.12210193668563551,-0.14932056563027307,0.0,0.0,0.0,0.0,0.09218349906874344,0.0,0.08806572867593618,0.0,-0.14056348617071135,0.0,0.0,0.2866787598919193,0.0
2019-02-19,0.1210948347269364,0.0,0.0,-0.12199766176107973,-0.14922488880057252,0.0,0.0,0.0,0.0,0.09242057493485437,0.0,0.08822172507700914,0.0,-0.1404208989198645,0.0,0.0,0.2866194157796833,0.0
2019-02-20,0.12045267092916216,0.0,0.0,-0.12447420321654928,-0.1489054542200178,0.0,0.0,0.0,0.0,0.0926239551571247,0.0,0.08868814845792643,0.0,-0.14002394161856538,0.0,0.0,0.28483162640065424,0.0
2019-02-21,0.12118693690755876,0.0,0.0,-0.12524378704365205,-0.1498257412786709,0.0,0.0,0.0,0.0,0.0931871074184436,0.0,0.08921842931955837,0.0,-0.14084715528014752,0.0,0.0,0.2804908427519687,0.0
2019-02-22,0.1195038109793005,0.0,0.0,-0.12543154395706593,-0.15002633004545454,0.0,0.0,0.0,0.0,0.09530807684450236,0.0,0.09101734407542453,0.0,-0.14119472302695213,0.0,0.0,0.27751817107129995,0.0
2019-02-25,0.1329300366569442,0.0,0.0,-0.13958638154877342,0.0,0.0,0.0,0.0,0.0,0.10452968354281411,0.0,0.09989689178005443,0.0,-0.15721895929807073,0.0,0.0,0.29979851353795156,-0.06603953363539147
2019-02-26,0.10736114900372937,0.0,0.0,-0.11441770587396015,0.0,0.0,0.0,0.2712489279307784,0.0,0.084458054539701,0.0,0.0,0.0,-0.12768543092371626,0.0,0.0,0.24118967949971068,-0.05363905222840418
2019-02-27,0.09933040245483586,0.0,0.0,-0.10660258864681574,-0.12716116869561642,0.0,0.0,0.25501615423111035,0.0,0.07846831058733299,0.0,0.0,0.0,-0.11823210780706607,0.0,0.0,0.21518926757722245,0.0
2019-02-28,0.11464018872693031,0.0,0.0,-0.12255891696665476,-0.1495417717841341,0.0,0.0,0.29613917313581767,0.0,0.09153098114308267,0.0,0.08726570372536173,0.0,-0.1383232645180188,0.0,0.0,0.0,0.0
2019-03-01,0.12574745194891881,0.0,0.0,-0.13509648566281057,0.0,0.0,0.0,0.3254300457454263,0.0,0.10054820337719501,0.0,0.09604848221659627,0.0,-0.15135117085758154,0.0,0.0,0.0,-0.06577816019147166
2019-03-04,0.12368588055870355,0.0,0.0,-0.13690534588767939,0.0,0.0,0.0,0.32530049205847217,0.0,0.10163507055231273,0.0,0.09617828486750933,0.0,-0.15112569165072062,0.0,0.0,0.0,-0.06516923442460207
2019-03-05,0.12326063041163768,0.0,0.0,-0.1369649243505483,0.0,0.0,0.0,0.32513945907168884,0.0,0.10165003470677386,0.0,0.09614942303942771,0.0,-0.15136423778106306,0.0,0.0,0.0,-0.06547129063886058
2019-03-06,0.10594141273274614,0.0,0.0,-0.11727757993676624,0.0,0.0,0.0,0.2792886408797141,0.0,0.08729597137498167,0.0,0.0,0.0,-0.12994596229921757,0.0,0.0,0.22392481848815426,-0.05632561428842002
2019-03-07,0.09795292667893227,0.0,0.0,-0.10787152316470472,-0.1296376280346075,0.0,0.0,0.2604204887022847,0.0,0.08062915253902395,0.0,0.0,0.0,-0.11729048163831159,0.0,0.0,0.20619779924213533,0.0
2019-03-08,0.0949555591458783,0.0,0.0,-0.1061400478906681,-0.13311218143295575,0.0,0.0,0.253155127765123,0.0,0.08117150889737629,0.0,0.0,0.0,-0.1219678401704281,0.0,0.0,0.2094977346975706,0.0
2019-03-11,0.09529554389228818,0.0,0.0,-0.1047830897074566,-0.13390035699303768,0.0,0.0,0.25454431515848824,0.0,0.08048125371199334,0.0,0.0,0.0,-0.1214537833455389,0.0,0.0,0.20954165719119705,0.0
2019-03-12,0.06604390796236574,0.0,0.0,-0.07450836930192056,-0.09400786225937345,0.0,0.0,0.1767888391237993,0.0,0.0,0.0,0.0,0.3593629694652074,-0.08557386029605905,0.0,0.0,0.14371419159127455,0.0
2019-03-13,0.09475382888725217,0.0,0.0,-0.1073341728485386,-0.1344257057326633,0.0,0.0,0.2517688533939464,0.0,0.08272724724709334,0.0,0.0,0.0,-0.12365423605897886,0.0,0.0,0.2053359558315273,0.0
2019-03-14,0.09505299721890091,0.0,0.0,-0.10764915627807681,-0.1349201437062322,0.0,0.0,0.25255401389589954,0.0,0.08300316579289453,0.0,0.0,0.0,-0.12382303534478478,0.0,0.0,0.20299748776321125,0.0
2019-03-15,0.07296458207701309,0.0,0.0,-0.08292546348096778,-0.10460253490947477,0.0,0.0,0.19437005652605163,0.0,0.06380535055218704,0.0,0.0,0.385479161009602,-0.09585285144470365,0.0,0.0,0.0,0.0
2019-03-18,0.09483123750341364,0.0,0.0,-0.10701797698637615,-0.13592544865584533,0.0,0.0,0.252673891228166,0.0,0.0828881563754399,0.0,0.0,0.0,-0.1245267532505798,0.0,0.0,0.20213653600017914,0.0
2019-03-19,0.09427798219754085,0.0,0.0,-0.10750703708629919,-0.1373775444296244,0.0,0.0,0.251745888187544,0.0,0.08371384059287607,0.0,0.0,0.0,-0.12581419627350357,0.0,0.0,0.19956351123261165,0.0
2019-03-20,0.10658423092614958,0.0,0.0,-0.10599311981205162,-0.13566942805068116,0.0,0.0,0.25011668455883684,0.0,0.08422178784177736,0.0,0.0,0.0,-0.1257306417404633,0.0,0.0,0.19168410707004016,0.0
2019-03-21,0.10655452222084359,0.0,0.0,-0.10603043217686874,-0.1354021489264968,0.0,0.0,0.2503775400984838,0.0,0.08353424521642412,0.0,0.0,0.0,-0.12544845424950085,0.0,0.0,0.19265265711138202,0.0
2019-03-22,0.09534017167475248,0.0,0.0,-0.09111339429675532,0.0,0.0,0.0,0.0,0.0,0.07460815464471947,0.0,0.0,0.40438818534298115,-0.1107004976140309,0.0,0.0,0.17067906136254773,-0.053170535064213036
2019-03-25,0.12730327600301222,0.0,0.0,-0.10638712016808016,0.0,0.0,0.0,0.2834603682116407,0.0,0.08862926953995846,0.0,0.0,0.0,-0.13103572742827363,0.0,0.0,0.1995691456999781,-0.06361509294905678
2019-03-26,0.1358469008884245,0.0,0.0,-0.11405916046694427,0.0,0.0,0.0,0.30790409332501556,0.12984740043762363,0.09858681853487344,0.0,0.0,0.0,-0.14556844526332227,0.0,0.0,0.0,-0.06818718108379644
2019-03-27,0.10425233329214335,0.0,0.0,-0.08727531071237732,0.0,0.0,0.0,0.0,0.0,0.07824787287970461,0.0,0.0,0.402422491841983,-0.11305217943454227,0.0,0.0,0.16120465308107076,-0.05354515875817863
2019-03-28,0.12030861087404224,0.0,0.0,-0.09635121119170714,0.0,0.0,0.0,0.30834151718279657,0.0,0.10081292802192841,0.0,0.0,0.0,-0.1306113730166745,0.0,0.0,0.17959257674182777,-0.06398178297102328
2019-03-29,0.11970006266809337,0.0,0.0,-0.09575059521624356,0.0,0.0,0.0,0.30824405763554574,0.0,0.10078331481402808,0.0,0.0,0.0,-0.1302991376554927,0.0,0.0,0.17923591862370436,-0.06598691338689223
2019-04-01,0.09510926248889555,0.0,-0.2885846701276081,-0.0755363267515681,0.0,0.0,0.0,0.24549813730997275,0.11271282507369547,0.08010369541331236,0.0,0.0,0.0,-0.10245508283494789,0.0,0.0,0.0,0.0
2019-04-02,0.12563661650865843,0.0,-0.3482523577894987,-0.09064146134489211,0.0,0.0,0.0,0.0,0.135716969365818,0.09647802193921996,0.0,0.08034733421223851,0.0,-0.12292723883967428,0.0,0.0,0.0,0.0
2019-04-03,0.13800434517796276,0.0,-0.3435214513495958,-0.08929710550858948,0.0,0.0,0.0,0.0,0.13402053979424952,0.0952934637851493,0.0,0.07920088922738568,0.0,-0.12066220515706756,0.0,0.0,0.0,0.0
2019-04-04,0.1116177039922867,0.0,-0.2818241741871591,-0.07396561560811526,0.0,0.0,0.0,0.2349506518744891,0.1141869767106305,0.08503630314309704,0.0,0.0,0.0,-0.09841857448422221,0.0,0.0,0.0,0.0
2019-04-05,0.11242617126354182,0.0,-0.2521086844749496,-0.07071365429750695,0.0,0.0,0.0,0.2617264877242776,0.11700881847683257,0.08773536949667154,0.0,0.0,0.0,-0.09828081426621978,0.0,0.0,0.0,0.0
2019-04-08,0.15288597552727276,0.0,-0.3068604468515866,-0.08617362330553485,0.0,0.0,0.0,0.0,0.14303788232096104,0.10777321343176548,0.0,0.08203276149337543,0.0,-0.12123609706950365,0.0,0.0,0.0,0.0
2019-04-09,0.12057628768754447,0.0,-0.2395973283150587,-0.0668775479004948,0.0,0.0,0.0,0.28430352324701896,0.1104689851357921,0.08425359742111027,0.0,0.0,0.0,-0.09392273029298084,0.0,0.0,0.0,0.0
2019-04-10,0.11969381231462808,0.0,-0.2514211761048386,-0.06737855417665939,0.0,0.0,0.0,0.2750401881423051,0.10907608826831633,0.08318274237228585,0.0,0.0,0.0,-0.09420743862096677,0.0,0.0,0.0,0.0
2019-04-11,0.13999466420413262,0.0,0.0,-0.07789856664602188,0.0,0.0,-0.121746989123604,0.325675939839082,0.1275466415416386,0.09711264883488417,0.0,0.0,0.0,-0.11002454981063681,0.0,0.0,0.0,0.0
2019-04-12,0.11931688076173187,0.0,-0.24700813929764848,-0.0662825398610317,0.0,0.0,0.0,0.2835035632551059,0.10758887144672205,0.08270252393342621,0.0,0.0,0.0,-0.0935974814443337,0.0,0.0,0.0,0.0
2019-04-15,0.13694622934686018,0.0,0.0,-0.07692341439349906,0.0,0.0,-0.119772787791775,0.33492875851978654,0.12484799384529442,0.09681857688887283,0.0,0.0,0.0,-0.10976223921391186,0.0,0.0,0.0,0.0
2019-04-16,0.13498419342609408,0.0,0.0,-0.07668564001781608,0.0,0.0,-0.11761346315075895,0.3366166551579455,0.12551372006617978,0.098866395465307,0.0,0.0,0.0,-0.10971993271589868,0.0,0.0,0.0,0.0
2019-04-17,0.11261444739043877,0.0,-0.2363496556184737,0.0,0.0,0.0,-0.09799912141380868,0.2757964587597709,0.10393786854442566,0.08198836527758734,0.0,0.0,0.0,-0.09131408299549491,0.0,0.0,0.0,0.0
2019-04-18,0.1355515661226093,0.0,0.0,-0.07751295139427578,0.0,0.0,-0.11784485102828045,0.33387437027767547,0.1261466035254912,0.09913244092107595,0.0,0.0,0.0,-0.10993721673059181,0.0,0.0,0.0,0.0
2019-04-22,0.11465563055492037,0.0,0.0,-0.06512504711431584,0.0,0.0,-0.10099217394064597,0.2813045919140592,0.0,0.08528038577970064,0.0,0.0,0.25856870877962573,-0.09407346191673231,0.0,0.0,0.0,0.0
2019-04-23,0.13851642271977616,0.0,0.0,-0.07999200336394328,0.0,0.0,-0.12050141876910676,0.0,0.13576507436459617,0.10567420944792925,0.0,0.0,0.30350177696721253,-0.1160490943674358,0.0,0.0,0.0,0.0
2019-04-24,0.14001610746174623,0.0,0.0,-0.07987903763575722,0.0,0.0,-0.1216219375882988,0.0,0.0,0.10651941214307925,0.0,0.0,0.3053593676923393,-0.11608448561350736,0.0,0.0,0.13051965186527179,0.0
2019-04-25,0.1406446381657059,0.0,0.0,-0.08011132501298411,0.0,0.0,-0.12121050785111184,0.0,0.0,0.10608290951144814,0.0,0.0,0.30500910535730313,-0.1158454617543057,0.0,0.0,0.13109605234714106,0.0
2019-04-26,0.14429875939755601,0.0,0.0,0.0,0.0,0.0,-0.12841210391475563,0.0,0.0,0.10976094437872143,0.0,0.0,0.3083873937096441,-0.12039608981640078,0.0,0.0,0.13451863635749145,-0.05422607242543072
2019-04-29,0.15076903444154754,0.0,0.0,-0.08752128029820821,0.0,0.0,0.0,0.0,0.14616807222907696,0.11764991483528929,0.0,0.0,0.31328397088970056,-0.12607712349163014,0.0,0.0,0.0,-0.05853060381454749
2019-04-30,0.14005828053933234,0.0,0.0,-0.0812732375078128,0.0,0.0,-0.12498401646611687,0.0,0.13533244444677353,0.10953786845145427,0.0,0.0,0.291738859189279,-0.11707529339923113,0.0,0.0,0.0,0.0
2019-05-01,0.1492802756996113,0.0,0.0,-0.0890001946982953,0.0,0.0,0.0,0.0,0.14204849125951838,0.1228041932973936,0.0,0.0,0.31350976959888843,-0.12461278451514309,0.0,0.0,0.0,-0.0587442909311498
2019-05-02,0.14806501234347239,0.0,0.0,-0.08859441146945148,0.0,0.0,0.0,0.0,0.14111034876838172,0.12357221169369734,0.0,0.0,0.32031626636300903,-0.1227815235315462,0.0,0.0,0.0,-0.05556022583044204
2019-05-03,0.14776192943602642,0.0,0.0,-0.08897390000561353,0.0,0.0,0.0,0.0,0.14102392644001369,0.12288151671690521,0.0,0.0,0.3204676860693555,-0.1215191150187844,0.0,0.0,0.0,-0.057371926313301146
2019-05-06,0.1996279425111223,0.0,0.0,-0.11303637039426867,0.0,0.0,0.0,0.0,0.186347086053136,0.16485120976318585,0.0,0.10244010892247676,0.0,-0.15756971613969326,0.0,0.0,0.0,-0.07612756621611712
2019-05-07,0.1518861074723011,0.0,0.0,-0.08488484653382711,0.0,0.0,0.0,0.0,0.0,0.11790862439005748,0.0,0.0,0.33227619434928607,-0.11599623212854182,0.0,0.0,0.13975146985925904,-0.05729652526672751
2019-05-08,0.15275655246163616,0.0,0.0,-0.0865354586748384,0.0,0.0,0.0,0.0,0.0,0.11842937525046177,0.0,0.0,0.3289409790798534,-0.1168536259023918,0.0,0.0,0.13929587440492422,-0.057188134225894145
2019-05-09,0.15746274922114134,0.0,0.0,-0.08432552352911352,0.0,0.0,0.0,0.0,0.0,0.11948366622886866,0.0,0.0,0.32515500319070806,-0.11732948982926852,0.0,0.0,0.13845763973073308,-0.05778592827016683
2019-05-10,0.16463435338172921,0.0,0.0,-0.08788378243485086,0.0,0.2960716907555315,0.0,0.0,0.0,0.12460611961351743,0.0,0.0,0.0,-0.12173857086798928,0.0,0.0,0.14479617227680572,-0.06026931066957609
2019-05-13,0.15611181160469645,0.0,0.0,-0.08013030725879886,0.0,0.0,0.0,0.0,0.0,0.10722159370963597,0.0,0.0,0.34490445015973276,-0.10793712735264907,0.0,0.0,0.14373774189182142,-0.0599569680226655
2019-05-14,0.15548183775626537,0.0,0.0,-0.07932541297162958,0.0,0.0,0.0,0.0,0.0,0.10824335589310492,0.0,0.0,0.3447939358732093,-0.10867581718187083,0.0,0.0,0.14361592085281508,-0.059863719471105095
2019-05-15,0.15442931304881566,0.0,0.0,-0.07950380497665026,0.0,0.0,0.0,0.0,0.0,0.10704636775796474,0.0,0.0,0.34706364311714366,-0.1085574204828234,0.0,0.0,0.14316857204193756,-0.06023087857466476
2019-05-16,0.1533971698295531,0.0,0.0,-0.07986830310563618,0.0,0.0,0.0,0.0,0.0,0.10645971491546732,0.0,0.0,0.34682863250601553,-0.10861103630832175,0.0,0.0,0.1443013655503794,-0.06053377778462672
2019-05-17,0.15346829454365732,0.0,0.0,-0.07808174604758407,0.0,0.0,0.0,0.0,0.0,0.10601268186145914,0.0,0.0,0.3469479160188284,-0.10996313577787753,0.0,0.0,0.1442527628813152,-0.061273462869278476
2019-05-20,0.15521466241812235,0.0,0.0,-0.07885188307863546,0.0,0.0,0.0,0.0,0.0,0.10484015780506907,0.0,0.0,0.34480067286067223,-0.10976145987233,0.0,0.0,0.1449156163835522,-0.061615547581618677
2019-05-21,0.15777347885902485,0.0,0.0,-0.07793627474826524,0.0,0.0,0.0,0.0,0.0,0.10356124390942588,0.0,0.0,0.34506269063069744,-0.108936655170403,0.0,0.0,0.1449161651013698,-0.06181349158081381
2019-05-22,0.1573682772853283,0.0,0.0,-0.07739143255191268,0.0,0.0,0.0,0.0,0.0,0.1030833319687688,0.0,0.0,0.34844882337291405,-0.10821552432239648,0.0,0.0,0.1465114588497544,-0.05898115164892534
2019-05-23,0.16512058599517976,0.0,0.0,-0.07711751919343748,0.0,0.0,0.0,0.0,0.0,0.1011012444642865,0.0,0.0,0.35363956914422456,-0.10691485138430185,0.0,0.0,0.1430778586066033,-0.05302837121196645
2019-05-24,0.16510640325452391,0.0,0.0,-0.07783786892756546,0.0,0.0,0.0,0.0,0.0,0.10097655298707446,0.0,0.0,0.3524546632108871,-0.10545817085537877,0.0,0.0,0.14342396359278614,-0.05474237717178434
2019-05-28,0.16550960031523768,0.0,0.0,-0.07781050040474975,0.0,0.0,0.0,0.0,0.0,0.10057260231072215,0.0,0.0,0.3532710979169794,-0.10523550229764107,0.0,0.0,0.1427695414267293,-0.054831155327940674
2019-05-29,0.16460782848930783,0.0,0.0,-0.07676920034806936,0.0,0.0,0.0,0.0,0.0,0.09867978278915719,0.0,0.0,0.35488866512261713,-0.10366067154703253,0.0,0.0,0.14637362316368396,-0.05502022854013205
2019-05-30,0.1669583731078697,0.0,0.0,0.0,0.0,0.0,0.0,0.0,0.0,0.09976030636687351,-0.0803991001459997,0.0,0.3482477531298837,-0.1048525401844686,0.0,0.0,0.14706161700312387,-0.05272031006178085
2019-05-31,0.13327908901862393,0.0,0.0,0.0,0.0,0.24242053077333459,0.0,0.0,0.0,0.0,-0.06819122541496381,0.0,0.2991034750531931,-0.08998236700007274,0.0,0.0,0.12555383498149408,-0.04146947775831751
2019-06-03,0.13328305848929353,0.0,0.0,0.0,0.0,0.24281951072925137,0.0,0.0,0.0,0.0,-0.06790679047334337,0.0,0.29818525507011334,-0.09004998460007613,0.0,0.0,0.12613070368607618,-0.04162469695184591
2019-06-04,0.13360882717213443,0.0,0.0,0.0,0.0,0.2406361482493601,0.0,0.0,0.0,0.0,-0.06664073323824073,0.0,0.30415858181488226,-0.08948173767783432,0.0,0.0,0.1233230713155088,-0.042150900532039424
2019-06-05,0.13425453426973472,0.0,0.0,-0.06838535587165565,0.0,0.24019786851391575,0.0,0.0,0.0,0.0,0.0,0.0,0.3040788787527125,-0.08975173525985268,0.0,0.0,0.122361761237158,-0.04096986609497068
2019-06-06,0.13316791980590095,0.0,0.0,0.0,0.0,0.23841580231293855,0.0,0.0,0.0,0.0,-0.06853355867716596,0.0,0.3044369645701189,-0.09319098974063843,0.0,0.0,0.12228458807785189,-0.03997017681538534
2019-06-07,0.13443884818029658,0.0,0.0,0.0,0.0,0.2368775644187263,0.0,0.0,0.0,0.0,-0.06950302124240405,0.0,0.30322573890864746,-0.09280830469327368,0.0,0.0,0.12281132243807828,-0.04033520011857353
2019-06-10,0.0,0.0,0.0,0.0,0.0,0.25344472653418304,0.0,0.0,0.0,0.08587327197793038,-0.0752458875415584,0.0,0.31443334565420494,-0.10007709861737828,0.0,0.0,0.12792705315321026,-0.04299861652153476
2019-06-11,0.0,0.0,0.0,0.0,0.0,0.2532933315626264,0.0,0.0,0.0,0.08564600876329313,-0.07502452537531339,0.0,0.31518026172746944,-0.09948670867410526,0.0,0.0,0.12848469853545857,-0.042884465361733744
2019-06-12,0.13720008269195175,0.0,0.0,0.0,0.0,0.2382591321822839,0.0,0.0,0.0,0.0,-0.07075779968230367,0.0,0.2989933175522538,-0.09408868853024213,0.0,0.0,0.121295997590438,-0.039404981770526794
2019-06-13,0.13661425856331122,0.0,0.0,0.0,0.0,0.237781445537544,0.0,0.0,0.0,0.0,-0.07008109888139179,0.0,0.299995232773614,-0.09395020184892632,0.0,0.0,0.12281804074629094,-0.03875972164892163
2019-06-14,0.13565240146133356,0.0,0.0,0.0,0.0,0.23838282444670666,0.0,0.0,0.0,0.0,-0.06947075553137272,0.0,0.30121408978973296,-0.09404948133647893,0.0,0.0,0.12276862997748675,-0.038461817456888384
2019-06-17,0.13648204354038948,0.0,0.0,0.0,0.0,0.23784690767962632,0.0,0.0,0.0,0.0,-0.06958299871449916,0.0,0.3011938292758279,-0.09393317918776518,0.0,0.0,0.12257594228330404,-0.03838509931858802
2019-06-18,0.14265337922138782,0.0,0.0,0.0,0.0,0.2278054126134465,0.0,0.0,0.0,0.0,-0.07147999016870216,0.0,0.2972263673238017,-0.09626504165145085,0.0,0.0,0.12646247152474205,-0.038107337496468885
2019-06-19,0.1414283031641918,0.0,0.0,0.0,0.0,0.2273218813446475,0.0,0.0,0.0,0.0,-0.07156984098433583,0.0,0.2977369110726843,-0.09534239693689191,0.0,0.0,0.12840915444131415,-0.03819151205593445
2019-06-20,0.0,0.0,0.0,0.0,0.0,0.24244157538607386,0.0,0.0,0.0,0.08841885198722181,-0.07749205617189732,0.0,0.31300333304657724,-0.10092988187761054,0.0,0.0,0.138319850159231,-0.03939445137138835
2019-06-21,0.0,0.0,0.0,0.0,0.0,0.22322589612711,0.12072068003758879,0.0,0.0,0.0,-0.08143165504598847,0.0,0.30259856010285385,-0.09967656889374456,0.0,0.0,0.13446032838934846,-0.0378863114033659
2019-06-24,0.0,0.0,0.0,0.0,0.0,0.2274125488836771,0.11768126896351001,0.0,0.0,0.0,-0.0803699538283252,0.0,0.3029247562718112,-0.10016182259667226,0.0,0.0,0.13346255779435867,-0.03798709166164549
2019-06-25,0.0,0.0,0.0,0.0,0.0,0.22407075823978712,0.1194721590579898,0.0,0.0,0.0,-0.0821478566354457,0.0,0.3000123319221125,-0.10125649877519109,0.0,0.0,0.134492579634993,-0.03854781573448074
2019-06-26,0.0,0.0,0.0,0.0,0.0,0.22705539440935985,0.11811083447704629,0.0,0.0,0.0,-0.08222080689395826,0.0,0.2977726864062838,-0.10150301512350926,0.0,0.0,0.13511033639987854,-0.03822692628996399
2019-06-27,0.0,0.0,0.0,0.0,0.0,0.22718331839138392,0.12466126726708213,0.0,0.0,0.0,-0.08131647159741641,0.0,0.2911715730770611,-0.10209622781211126,0.0,0.0,0.13506327480770036,-0.03850786704724485
2019-06-28,0.0,0.0,0.0,0.0,0.0,0.23828206329952212,0.13076898333698825,0.0,0.0,0.09437518046825918,-0.08435616922296195,0.0,0.3053027527372656,-0.10670974515799661,0.0,0.0,0.0,-0.040205105777006415
2019-07-01,0.0,0.0,0.0,0.0,0.0,0.2291028146798465,0.0,0.0,0.0,0.0915769246678228,-0.08326359317108893,0.0,0.30428639392763385,-0.10625720959637673,0.0,0.0,0.14617130752502244,-0.03934175643220857
2019-07-02,0.0,0.0,0.0,0.0,0.0,0.23004819467871493,0.0,0.0,0.0,0.09192152729629262,-0.08341427024608919,0.0,0.3046630360682421,-0.10668142398353991,0.0,0.0,0.14520025867865524,-0.03807128904846607
2019-07-03,0.0,0.0,0.0,0.0,0.0,0.22537930306803125,0.108435042910857,0.0,0.0,0.0,-0.08115612433416708,0.0,0.29971703002906447,-0.10388554200630068,0.0,0.0,0.14430395839367643,-0.0371229992579028
2019-07-05,0.0,0.0,0.0,0.0,0.0,0.23484720020027033,0.0,0.0,0.0,0.09500562366548553,-0.08692434746116486,0.0,0.2883351766190971,-0.10998173111676007,0.0,0.0,0.14552017294160094,-0.03938574799562134
2019-07-08,0.0,0.0,0.0,0.0,0.0,0.23594919391058078,0.0,0.0,0.0,0.09487119001568022,-0.08708445373431514,0.0,0.287361778023234,-0.10942340687885459,0.0,0.0,0.14563182744833592,-0.03967814998899934
2019-07-09,0.0,0.0,0.0,0.0,0.0,0.0,0.12814146113040017,0.0,0.0,0.1082701775819726,-0.09952480266081308,0.0,0.32731455012826954,-0.12388726552447261,0.0,0.0,0.16726282428779454,-0.045598918686277426
2019-07-10,0.0,0.0,0.0,0.0,0.0,0.0,0.12529495657425144,0.0,0.0,0.10881092438031968,-0.10141330295929338,0.0,0.32882962515610276,-0.1247607360079869,0.0,0.0,0.16643414053122943,-0.044456314390816286
2019-07-11,0.0,0.0,0.0,0.0,0.0,0.24715996186652112,0.11279647804071392,0.0,0.0,0.09930429582283672,-0.09369776316789755,0.0,0.2923461424114476,-0.11414132033067748,0.0,0.0,0.0,-0.04055403835990571
2019-07-12,0.0,0.0,0.0,0.0,0.0,0.24855689127943664,0.11498397718112593,0.0,0.0,0.09865563357924337,-0.09250654844569045,0.0,0.2915087377022899,-0.11338459682055449,0.0,0.0,0.0,-0.040403614991659086
2019-07-15,0.0,0.0,0.0,0.0,0.0,0.24813251868375077,0.11493374898452476,0.0,0.0,0.09879147449103694,-0.09206838718307903,0.0,0.2913729737773437,-0.11452443444366699,0.0,0.0,0.0,-0.040176462436597754
2019-07-16,0.0,0.0,0.0,0.0,0.0,0.2486111036350478,0.11386717016540204,0.0,0.0,0.09884059184844014,-0.09244776397651693,0.0,0.29153772788743254,-0.1146069565414171,0.0,0.0,0.0,-0.04008868594574362
2019-07-17,0.0,0.0,0.0,0.0,0.0,0.2394335476548847,0.10757188759083003,0.0,0.0,0.0,-0.08811073960491056,0.0,0.27750216740205635,-0.10982838536654803,0.0,0.0,0.13944676793430577,-0.03810650444646437
2019-07-18,0.0,0.0,0.0,0.0,0.0,0.2398526518786104,0.10595538053914912,0.0,0.0,0.0,-0.08837355156289706,0.0,0.27789154931478377,-0.11006410145648433,0.0,0.0,0.13977591069493533,-0.03808685455313994
2019-07-19,0.0,0.0,0.0,0.0,0.0,0.2404269033813494,0.10289975094535544,0.0,0.0,0.0,-0.08895555886720466,0.0,0.27809860234350914,-0.11070794806463023,0.0,0.0,0.14067353507986127,-0.038237701318089755
2019-07-22,0.0,0.0,0.0,0.0,0.0,0.23924866679148324,0.10274881606100734,0.0,0.0,0.0,-0.08921700549625056,0.0,0.27800167180059054,-0.11043476916544041,0.0,0.0,0.1416498041881223,-0.03869926649710554
2019-07-23,0.0,0.0,0.0,0.0,0.0,0.23887043713578168,0.10210674615396274,0.0,0.0,0.0,-0.09011347937633438,0.0,0.2802582735734276,-0.11001852461362582,0.0,0.0,0.1400258844010278,-0.03860665474583989
2019-07-24,0.0,0.0,0.0,0.0,0.0,0.2403062827479537,0.10182015641023745,0.0,0.0,0.0,-0.08770992869195478,0.0,0.280428833907789,-0.11031128906977365,0.0,0.0,0.14103425254627383,-0.03838925662601753
2019-07-25,0.0,0.0,0.0,0.0,0.0,0.24124540787112397,0.1016532984483885,0.0,0.0,0.0,-0.08817483434054575,0.0,0.27886357733284994,-0.11017466029970925,0.0,0.0,0.14117289401407448,-0.03871532769330795
2019-07-26,0.0,0.0,0.0,0.0,0.0,0.24065064259597604,0.10168663609081156,0.0,0.0,0.0,-0.08756704288926223,0.0,0.27990836429162075,-0.11004141449245775,0.0,0.0,0.14091570208128323,-0.039230197558588364
2019-07-29,0.0,0.0,0.0,0.0,0.0,0.23884167208490406,0.10111820180975153,0.0,0.0,0.0,-0.08690020951313494,0.0,0.28314967764680826,-0.1093661184946241,0.0,0.0,0.1417434369508109,-0.038880683499966186
2019-07-30,0.0,0.0,0.0,0.0,0.0,0.0,0.11870156655900611,0.0,0.0,0.10984266772851654,-0.10077845794394177,0.0,0.33207504085450024,-0.12640081221001817,0.0,0.0,0.16695942979738854,-0.04524202490662858
2019-07-31,0.0,0.0,0.0,0.0,0.0,0.0,0.11711137493449938,0.0,0.0,0.10935519839564566,-0.10111581637782589,0.0,0.3338967136933024,-0.12688663897702793,0.0,0.0,0.1661885193486859,-0.04544573827301271
2019-08-01,0.0,0.0,0.0,0.0,0.0,0.2443776327137342,0.09801632279573269,0.0,0.0,0.0,-0.08589054813787965,0.0,0.2853001250777114,-0.11133692746695079,0.0,0.0,0.13697121591814687,-0.038107227889844414
2019-08-02,0.0,0.0,0.0,0.0,0.0,0.2457374591750336,0.09698248948471737,0.0,0.0,0.0,-0.08725405776140792,0.0,0.28591546103773363,-0.1122236703100454,0.0,0.0,0.1342585065644649,-0.037628355666597224
2019-08-05,0.0,0.0,0.0,0.0,0.0,0.2376455174382842,0.09903972615114777,0.0,0.0,0.0,-0.08498415359130913,0.0,0.2962545342185145,-0.10991915122235936,0.0,0.0,0.13302134876598037,-0.03913556861240468
2019-08-06,0.0,0.0,0.0,0.0,0.0,0.23833710318748466,0.09921549385210206,0.0,0.0,0.0,-0.08664442260259139,0.0,0.29101316346349515,-0.11167072882586408,0.0,0.0,0.1336223439156107,-0.03949674415285188
2019-08-07,0.0,0.0,0.0,0.0,0.0,0.2356013750244739,0.09770493306359145,0.0,0.0,0.0,-0.0867003174816035,0.0,0.29521465372636607,-0.11126326921713726,0.0,0.0,0.13432282979925725,-0.039192621687570636
2019-08-08,0.0,0.0,0.0,0.0,0.0,0.23647684036086047,0.09807210851479185,0.0,0.0,0.0,-0.08396528153211837,0.0,0.2958511159044504,-0.11134977785854358,0.0,0.0,0.13502586200764538,-0.039259013821589896
2019-08-09,0.0,0.0,0.0,0.0,0.0,0.23809061963652214,0.09821231323905186,0.0,0.0,0.0,-0.08363127159654024,0.0,0.29312453289126145,-0.11253089630648155,0.0,0.0,0.13553637512431585,-0.03887399120582691
2019-08-12,0.0,0.0,0.0,0.0,0.0,0.23304649200670047,0.0989077013160373,0.0,0.0,0.0,-0.08826640287179564,0.0,0.28853030412609626,-0.12293943906240987,0.0,0.0,0.1291698773735107,-0.03913978324344983
2019-08-13,0.0,0.0,0.0,0.0,0.0,0.2335850742838686,0.09862131505394577,0.0,0.0,0.0,-0.08893358352580627,0.0,0.28831253589759814,-0.12300395442168947,0.0,0.0,0.12934322193169864,-0.038200314885393175
2019-08-14,0.0,0.0,0.0,0.0,0.0,0.240228323972027,0.10109574500834836,0.0,0.0,0.0,-0.086108122367853,0.0,0.2957294529072728,-0.11325896461634088,0.0,0.0,0.12501470617914498,-0.03856468494901311
2019-08-15,0.0,0.0,0.0,0.0,0.0,0.23935569593505301,0.10204710613698616,0.0,0.0,0.0,-0.08643180296180433,0.0,0.29478387540664147,-0.11411663072125562,0.0,0.0,0.12452493969667895,-0.03873994914158053
2019-08-16,0.0,0.0,0.0,0.0,0.0,0.23936814819938781,0.1029362986564989,0.0,0.0,0.0,-0.08473547211339016,0.0,0.2972206160898967,-0.11325529544510957,0.0,0.0,0.1234764900716849,-0.03900767942403187
2019-08-19,0.0,0.0,0.0,0.0,0.0,0.24051615616290392,0.10204694265439107,0.0,0.0,0.0,-0.08487006822786089,0.0,0.2984534824412792,-0.11457569732000548,0.0,0.0,0.12042616885872744,-0.039111484334832
2019-08-20,0.0,0.0,0.0,0.0,0.0,0.2415661136987321,0.10246663160865142,0.0,0.0,0.0,-0.08557695755386528,0.0,0.2950153519421573,-0.11587899531401032,0.0,0.0,0.12021241312674237,-0.039283536755841286
2019-08-21,0.0,0.0,0.0,0.0,0.0,0.2416149913655278,0.10243540858735325,0.0,0.0,0.0,-0.08588665384319648,0.0,0.29543790917740526,-0.11550042389525286,0.0,0.0,0.1193321041728825,-0.03979250895838192
2019-08-22,0.0,0.0,0.0,0.0,0.0,0.24220486219940063,0.10244243419055094,0.0,0.0,0.0,-0.08787105159184024,0.0,0.29017824986866736,-0.11656101457504413,0.0,0.0,0.11941404886359808,-0.04132833871089872
2019-08-23,0.0,0.0,0.0,0.0,0.0,0.2545199712879128,0.10495198942628466,0.0,0.0,0.0,-0.08694567202186791,-0.08438885975128972,0.30377801910781094,0.0,0.0,0.0,0.12242029323249257,-0.04299519517234145
2019-08-26,0.0,0.0,0.0,0.0,0.0,0.25447657920511646,0.1054288343554039,0.0,0.0,0.0,-0.08678640115829078,-0.08396099454563874,0.30391430162422867,0.0,0.0,0.0,0.12238449146164147,-0.04304839764968005
2019-08-27,0.0,0.0,0.0,0.0,0.0,0.25635496990648776,0.10596358521832072,0.0,0.0,0.0,-0.08637021031549866,-0.08435651921729355,0.30292850576555186,0.0,0.0,0.0,0.12093483956064145,-0.043091370016205964
2019-08-28,0.0,0.0,0.0,0.0,0.0,0.255785899647942,0.10531270984969708,0.0,0.0,0.0,-0.08524805941236677,-0.08345344397100721,0.30561952752695176,0.0,0.0,0.0,0.12093834058293267,-0.0436420190091025
2019-08-29,0.0,0.0,0.0,0.0,0.0,0.25562078405460575,0.10549575279799824,0.0,0.0,0.0,-0.08422326995264151,-0.08327891150228373,0.30338067982564026,0.0,0.0,0.0,0.12203217501943683,-0.04596842684739369
2019-08-30,0.0,0.0,0.0,0.0,0.0,0.25477279927082574,0.10651563524840044,0.0,0.0,0.0,-0.08441022647719516,-0.08317728051899843,0.3035213591372154,0.0,0.0,0.0,0.12220742077444408,-0.04539527857292072
2019-09-03,0.0,0.0,0.0,0.0,0.0,0.25601833271233765,0.10447013475170627,0.0,0.0,0.0,-0.08563156059189217,-0.08477946998082685,0.3003488499243751,0.0,0.0,0.0,0.12388980324840679,-0.04486184879045498
2019-09-04,0.0,0.0,0.0,0.0,0.0,0.2535975616805184,0.10463772952398379,0.0,0.0,0.0,-0.08541467841126543,-0.08475546781437322,0.301769523319328,0.0,0.0,0.0,0.12516229251226532,-0.04466274673826583
2019-09-05,0.0,0.0,0.0,0.0,0.0,0.2582387059776026,0.10203036805378288,0.0,0.0,0.0,-0.08608906756922385,-0.08654777486033499,0.2971760616086254,0.0,0.0,0.0,0.12325399809973868,-0.0466640238306914
2019-09-06,0.0,0.0,0.0,0.0,0.0,0.25992428557687147,0.100897394173092,0.0,0.0,0.0,-0.08578815265525119,-0.08656354967554966,0.29712541040349544,0.0,0.0,0.0,0.12306812632948286,-0.046633081186257384
2019-09-09,0.0,0.0,0.0,0.0,0.0,0.2564181964194698,0.10423884772316877,0.0,0.0,0.0,-0.08563568409793672,-0.08887107967475166,0.2949878440090506,0.0,0.0,0.0,0.12245819288136096,-0.04739015519426151
2019-09-10,0.0,0.0,0.0,0.0,0.0,0.2567239356072772,0.10650085669263877,0.0,0.0,0.0,-0.08698400851635084,-0.0911877017325302,0.28849298229793724,0.0,0.0,0.0,0.12138422652365322,-0.04872628862961264
2019-09-11,0.0,0.0,0.0,0.0,0.0,0.2575900392565423,0.10673294111542678,0.0,0.0,0.0,-0.08570829280410679,-0.08949299961543192,0.2889758317428839,0.0,0.0,0.0,0.12160132945371241,-0.04989856601189591
2019-09-12,0.0,0.0,0.0,0.0,0.0,0.25755732996103275,0.10682647564340504,0.0,0.0,0.0,-0.08599770489256092,-0.09011402530144233,0.2886986313705253,0.0,0.0,0.0,0.12087247280787461,-0.04993336002315906
2019-09-13,0.0,0.0,0.0,0.0,0.0,0.2511552425686397,0.10986742124816072,0.0,0.0,0.0,-0.08928829891169549,-0.09391995131328007,0.2846091208759881,0.0,0.0,0.0,0.11941469929151338,-0.05174526579072254
2019-09-16,0.0,0.0,0.0,0.0,0.0,0.25322631787602795,0.11110325734554316,0.0,0.0,0.0,-0.0904958271003838,-0.09592187262926408,0.28570747995984475,0.0,0.0,0.0,0.1196061267513948,-0.043939118337541494
2019-09-17,0.0,0.0,0.0,0.0,0.0,0.25860755804386515,0.10959817858406402,0.0,0.0,0.0,-0.0894274175101654,-0.09512686793600728,0.2863862115456097,0.0,0.0,0.0,0.11785110420499927,-0.043002662175289134
2019-09-18,0.0,0.0,0.0,0.0,0.0,0.26361359373955034,0.10794962518246284,0.0,0.0,0.0,-0.08817242538871391,-0.09396302105899305,0.2875816715438644,0.0,0.0,0.0,0.11634793446230786,-0.04237172862410757
2019-09-19,0.0,0.0,0.0,0.0,0.0,0.2614103696100131,0.11172341608772962,0.0,0.0,0.0,-0.08734076628804681,-0.0932104674731499,0.2880260238516654,0.0,0.0,0.0,0.11532183533043139,-0.04296712135896369
2019-09-20,0.0,0.0,0.0,0.0,0.0,0.2702260681307518,0.11026942827433765,0.0,0.0,0.0,-0.08692898228823391,-0.09264043652466697,0.28257034471653364,0.0,0.0,0.0,0.11462284700265606,-0.042741893062819995
2019-09-23,0.0,0.0,0.0,0.0,0.0,0.26833515626208526,0.11123672058062818,0.0,0.0,0.0,-0.08733308627559139,-0.09457336479394728,0.2815445093273422,0.0,0.0,0.0,0.11443598344266079,-0.042541179317744725
2019-09-24,0.0,0.0,0.0,0.0,0.0,0.2676575892269222,0.11163645712745782,0.0,0.0,0.0,-0.08708656269654114,-0.09344647005542593,0.28387892814356536,0.0,0.0,0.0,0.11388442113983249,-0.042409571610255145
2019-09-25,0.0,0.0,0.0,0.0,0.0,0.2695844324197916,0.1102784590259308,0.0,0.0,0.0,-0.08737499644861024,-0.09419629421949803,0.28217194577566257,0.0,0.0,0.0,0.11323772130425562,-0.04315615080625122
2019-09-26,0.0,0.0,0.0,0.0,0.0,0.2689823127657118,0.10944677917230443,0.0,0.0,0.0,-0.08728239281364633,-0.09526971060370226,0.28376924277356563,0.0,0.0,0.0,0.11242675478114338,-0.04282280708992624
2019-09-27,0.0,0.0,0.0,0.0,0.0,0.26873861390575343,0.10907764555681204,0.0,0.0,0.0,-0.08774181562789986,-0.094886743108708,0.2842428793389539,0.0,0.0,0.0,0.11237493658209982,-0.04293736587977307
2019-09-30,0.0,0.0,0.0,0.0,0.0,0.2708535263592289,0.10993801257395518,0.0,0.0,0.0,-0.08746914085859886,-0.09478412420293567,0.2822735842582113,0.0,0.0,0.0,0.11206248559037604,-0.04261912615669414
2019-10-01,0.0,0.0,0.0,0.0,0.0,0.26816101706281714,0.11359136946958442,0.0,0.0,0.0,-0.08634722455847102,-0.09274706351983869,0.2829776108351813,0.0,0.0,0.0,0.11242531770260178,-0.04375039685150553
2019-10-02,0.0,0.0,0.0,0.0,0.0,0.2689172371689656,0.11237550857541681,0.0,0.0,0.0,-0.08609699020889126,-0.09297049513594019,0.2834294526331758,0.0,0.0,0.0,0.11265126563312448,-0.04355905064448561
2019-10-03,0.0,0.0,0.0,0.0,0.0,0.265311884539867,0.11192599126327654,0.0,0.0,0.0,-0.0849144997080556,-0.09121574134095609,0.29121814694124215,0.0,0.0,0.0,0.11239346699628103,-0.04302026921032156
2019-10-04,0.0,0.0,0.0,0.0,0.0,0.25930657260158263,0.1136435200764437,0.0,0.0,0.0,-0.08568773042573624,-0.09188292039255871,0.2928652219098881,0.0,0.0,0.0,0.11322138800599989,-0.043392646587790636
2019-10-07,0.0,0.0,0.0,0.0,0.0,0.2584532385177283,0.11381000232587593,0.0,0.0,0.0,-0.08647845746767077,-0.09278754629780334,0.29127458017231883,0.0,0.0,0.0,0.11334312153953874,-0.04385305367906408
2019-10-08,0.0,0.0,0.0,0.0,0.0,0.2583608452930537,0.11530356267259234,0.0,0.0,0.0,-0.08542123446741735,-0.09124738809106091,0.2911640457471743,0.0,0.0,0.0,0.11375042312460494,-0.044752500604096496
2019-10-09,0.0,0.0,0.0,0.0,0.0,0.25666473300448744,0.11496868840376168,0.0,0.0,0.0,-0.08453765605447318,-0.09007112356611217,0.2953124220456697,0.0,0.0,0.0,0.1142476856669647,-0.04419769125853112
2019-10-10,0.0,0.0,0.0,0.0,0.0,0.2593491436813344,0.11548507115647728,0.0,0.0,0.0,-0.085638742104361,-0.09129854661919416,0.29108736089114495,0.0,0.0,0.0,0.11271370016965757,-0.04442743537783061
2019-10-11,0.0,0.0,0.0,0.0,0.0,0.26106424741639317,0.11569269929505333,0.0,0.0,0.0,-0.08529251559175148,-0.08979741351888346,0.2919065514604909,0.0,0.0,0.0,0.11170656840385501,-0.04454000431357275
2019-10-14,0.0,0.0,0.0,0.0,0.0,0.0,0.13893808796841128,0.0,0.0,0.11810112009608761,-0.10169415164148685,-0.10704952766658296,0.3481227299317688,0.0,0.0,0.0,0.13303585977295426,-0.05305852292270815
2019-10-15,0.0,0.0,0.0,0.0,0.0,0.26003990838194196,0.11811589278211158,0.0,0.0,0.0,-0.08509078965700326,-0.08861766611523916,0.2929826339788075,0.0,0.0,0.0,0.11045386045264145,-0.04469924863225499
2019-10-16,0.0,0.0,0.0,0.0,0.0,0.25938552297735645,0.11955341531189634,0.0,0.0,0.0,-0.08486053141551733,-0.08857225684467714,0.2927526607178065,0.0,0.0,0.0,0.11018333898544806,-0.04469227374729835
2019-10-17,0.0,0.0,0.0,0.0,0.0,0.2588687066186723,0.12205658184471412,0.0,0.0,0.0,-0.084324805351922,-0.08769141560920272,0.29260578522082187,0.0,0.0,0.0,0.10991049361227452,-0.04454221174239235
2019-10-18,0.0,0.0,0.0,0.0,0.0,0.259613944880966,0.12177400846686912,0.0,0.0,0.0,-0.0842007264136453,-0.08729420434003624,0.2929986091671294,0.0,0.0,0.0,0.10968081079545434,-0.04443769593589953
2019-10-21,0.0,0.0,0.0,0.0,0.0,0.2596405251849139,0.12216017109572445,0.0,0.0,0.0,-0.08441730151492607,-0.08720445610921766,0.29232616651328064,0.0,0.0,0.0,0.10963686728937912,-0.044614512292558105
2019-10-22,0.0,-0.43315639873569806,0.0,0.0,0.0,0.16049825790939687,0.07589267417788288,0.0,0.0,0.0,-0.052997197344372415,0.0,0.18176124666380838,0.0,0.0,0.0,0.06794797666861918,-0.027746248500222195
2019-10-23,0.0,-0.4316452615095008,0.0,0.0,0.0,0.1602834201362926,0.07626413822763695,0.0,0.0,0.0,-0.05329266652013874,0.0,0.1830072225571574,0.0,0.0,0.0,0.06806007893686433,-0.027447212112409
2019-10-24,0.09688887963323899,-0.46651421769805795,0.0,0.0,0.0,0.0,0.08135161499334928,0.0,0.0,0.0,-0.05729949740082759,0.0,0.19572800511871105,0.0,0.0,0.0,0.07283713318396731,-0.029380651971847725
2019-10-25,0.0,-0.28302998574135,0.0,0.0,0.0,0.0,0.04900808567061521,0.0,0.0,0.038967391804992355,0.0,0.0,0.11728904981259908,0.0,-0.450407692845953,0.0,0.04362189139224894,-0.017675902732241486
2019-10-28,0.0,-0.28094344963652473,0.0,0.0,0.0,0.0,0.04891653136013723,0.0,0.0,0.039053988377835656,0.0,0.0,0.11725753394785204,0.0,-0.45241787066289957,0.0,0.04356143382579538,-0.0178491921889555
2019-10-29,0.06340570146354987,-0.29616520820202735,0.0,0.0,0.0,0.0,0.05289345893549842,0.0,0.0,0.04176973665960214,0.0,0.0,0.0,0.0,-0.48038675644744727,0.0,0.04643812397742153,-0.01894101431445343
2019-10-30,0.0,-0.2691282981132833,0.0,0.0,0.0,0.0,0.05073638432221175,0.0,0.0,0.03791039641684861,0.0,0.0,0.11564448963297136,0.0,-0.46574469985874944,0.0,0.042712586544486696,-0.01812314511144888
2019-10-31,0.0,-0.4853871358102868,0.0,0.0,0.0,0.0,0.08721807542301756,0.0,0.0,0.06616992142163763,-0.05977404883443094,0.0,0.19660641526920394,0.0,0.0,0.0,0.07344931485346722,-0.03139508838795597
2019-11-01,0.0,-0.2724863827104101,0.0,0.0,0.0,0.0,0.05084435339518154,0.0,0.0,0.040927711959216344,0.0,0.0,0.11228261575483933,0.0,-0.4629104300973888,0.0,0.042888404241514334,-0.017660101841449647
2019-11-04,0.0,-0.4725531358232484,0.0,0.0,0.0,0.0,0.08952808873482575,0.0,0.0,0.07282938845450172,-0.06199945132625112,0.0,0.19764706088564887,0.0,0.0,0.0,0.07436307691860808,-0.031079797856915992
2019-11-05,0.0,-0.48065223346918967,0.0,0.0,0.0,0.0,0.0884880386373882,0.0,0.0,0.07236519180703889,-0.06164204527790875,0.0,0.19247358697925573,0.0,0.0,0.0,0.07315614461656104,-0.03122275921265783
2019-11-06,0.0,-0.47829768167142556,0.0,0.0,0.0,0.0,0.08871675532404939,0.0,0.0,0.07525927831262696,-0.06304304191246529,0.0,0.19033925349439448,0.0,0.0,0.0,0.07308460388953145,-0.03125938539550692
2019-11-07,0.0,-0.47999684317730223,0.0,0.0,0.0,0.0,0.08747072445492528,0.0,0.0,0.07656156638410928,-0.06463304004022312,0.0,0.18719369163350352,0.0,0.0,0.0,0.07214349039249877,-0.032000643917437926
2019-11-08,0.0,-0.4794325051031346,0.0,0.0,0.0,0.0,0.08680084636792092,0.0,0.0,0.0764206524769646,-0.06436341391987067,0.0,0.18791015790519458,0.0,0.0,0.0,0.07357436422305969,-0.03149806000385477
2019-11-11,0.0,-0.47893972948829217,0.0,0.0,0.0,0.0,0.08658100264700332,0.0,0.0,0.07803194455954623,-0.06409913111793641,0.0,0.18693082811623188,0.0,0.0,0.0,0.073198238518123,-0.0322191255528671
2019-11-12,0.0,-0.48354668951536345,0.0,0.0,0.0,0.0,0.08345733677898289,0.0,0.0,0.08254269893562874,-0.06550451280628809,0.0,0.18000815899928962,0.0,0.0,0.0,0.0733368219995352,-0.03160378096491211
2019-11-13,0.0,-0.4822966090353247,0.0,0.0,0.0,0.0,0.08354676871792606,0.0,0.0,0.08234492580572932,-0.06518328636199802,0.0,0.18134241281893482,0.0,0.0,0.0,0.07374977687404846,-0.03153622038603867
2019-11-14,0.0,-0.48379078706186907,0.0,0.0,0.0,0.0,0.08326347607905349,0.0,0.0,0.08362284562358131,-0.06694305974921459,0.0,0.17811265450734293,0.0,0.0,0.0,0.07288725070946421,-0.031379926269474605
2019-11-15,0.0,-0.2823581827477513,0.0,0.0,0.0,0.0,0.04786799414631503,0.0,0.0,0.0477510375273561,0.0,0.0,0.10148644732134672,0.0,-0.46067581260141793,0.0,0.041997897091775066,-0.017862628564038
2019-11-18,0.0,-0.4825619084361684,0.0,0.0,0.0,0.0,0.08362402321682463,0.0,0.0,0.08326805629546946,-0.06672496104105517,0.0,0.17927616648253092,0.0,0.0,0.0,0.07366837630110949,-0.030876508226841928
2019-11-19,0.0,-0.47944510366600446,0.0,0.0,0.0,0.0,0.08414164649883249,0.0,0.0,0.08456687199136476,-0.06729285676152662,0.0,0.180162717246327,0.0,0.0,0.0,0.07375612875964266,-0.030634675076302176
2019-11-20,0.0,-0.4792444725639887,0.0,0.0,0.0,0.0,0.08419344726541246,0.0,0.0,0.08449562840516375,-0.06715818643268333,0.0,0.1813811627975785,0.0,0.0,0.0,0.0732470979345775,-0.030280004600595684
2019-11-21,0.0,-0.2642472776453025,0.0,0.0,0.0,0.0,0.04809002915580555,0.0,0.0,0.051052501277832334,-0.040124503542451374,0.0,0.09918760117718903,0.0,-0.45647252924596293,0.0,0.04082555795545649,0.0
2019-11-22,0.0,-0.26367689015432405,0.0,0.0,0.0,0.0,0.04798385905304592,0.0,0.0,0.05189827199587633,-0.040378029579382496,0.0,0.09854564611013164,0.0,-0.45674355343149253,0.0,0.04077374967574707,0.0
2019-11-25,0.0,-0.26080717614926435,0.0,0.0,0.0,0.0,0.04859702351530936,0.0,0.0,0.051360982733912985,-0.04058647410028923,0.0,0.09951973247825223,0.0,-0.45735404133316937,0.0,0.04177456968980265,0.0
2019-11-26,0.0,-0.26037090318250133,0.0,0.0,0.0,0.0,0.048509972110807806,0.0,0.0,0.05152212522388124,-0.041073818447785376,0.0,0.0993541167285462,0.0,-0.4574677890050767,0.0,0.04170127530140135,0.0
2019-11-27,0.0,-0.2587928493324888,0.0,0.0,0.0,0.0,0.04862294317259517,0.0,0.0,0.05256330151840725,-0.042230999380084934,0.0,0.09958585605504529,0.0,-0.4565030586003069,0.0,0.041700991941071686,0.0
2019-11-29,0.0,-0.25840426432813635,0.0,0.0,0.0,0.0,0.048413525670332754,0.0,0.0,0.052532979602798284,-0.042026909579211215,0.0,0.09952164917289513,0.0,-0.4573293052222711,0.0,0.04177136642435509,0.0
2019-12-02,0.0,-0.25929828921687215,0.0,0.0,0.0,0.0,0.04966934465193273,0.0,0.0,0.05174942525208496,-0.04228768406838292,0.0,0.09805798977281113,0.0,-0.4579963752922267,0.0,0.040940891745689524,0.0
2019-12-03,0.0,-0.26545465730843587,0.0,0.0,0.0,0.0,0.04964836124127076,0.0,0.0,0.05252695517418003,-0.0427116265041939,0.0,0.09587393632374026,0.0,-0.45426717893080076,0.0,0.03951728451737831,0.0
2019-12-04,0.0,0.0,0.0,-0.06468107194481489,0.0,0.0,0.06536336714628357,0.0,0.0,0.06530639812050176,-0.05354267106860624,0.0,0.11913940258666612,0.0,-0.5832799385972449,0.0,0.048687150535882476,0.0
2019-12-05,0.0,-0.22113560225932216,-0.11532001940098396,0.0,0.0,0.0,0.04976293243241927,0.0,0.0,0.049185016393944576,0.0,0.0,0.09022781804731847,0.0,-0.43757896107276795,0.0,0.03678965039324353,0.0
2019-12-06,0.06598457574334987,-0.2142280271822189,-0.11162837255230798,0.0,0.0,0.0,0.0,0.0,0.0,0.048076199964288545,0.0,0.0,0.09084556719593803,0.0,-0.43241733917485986,0.0,0.03681991818703684,0.0
2019-12-09,0.06846546781461668,-0.22076348420451497,-0.11742933749743964,0.0,0.0,0.0,0.0,0.0,0.0,0.04974489896537256,0.0,0.038899748231141854,0.0,0.0,-0.4655127157149608,0.0,0.03918434757195355,0.0
2019-12-10,0.06715005960590249,-0.21774939532158272,-0.1161107422403929,0.0,0.0,0.0,0.0,0.0,0.0,0.049137426355909224,0.0,0.0,0.0,0.05611018901927141,-0.45524644219344784,0.0,0.038495745263493426,0.0
2019-12-11,0.0677468774140758,-0.21936277891408065,-0.11196145597133167,0.0,0.0,0.0,0.0,0.0,0.0,0.04959953519998299,0.0,0.0,0.0,0.0565476639836677,-0.4560201815210159,0.0,0.03876150699584534,0.0
2019-12-12,0.06643017803529484,-0.2168697272051424,-0.11324504756632946,0.0,0.0,0.0,0.0,0.0,0.0,0.048513273890576865,0.0,0.0,0.0,0.05609004428718926,-0.4600927646183559,0.0,0.03875896439711128,0.0
2019-12-13,0.0666554100344858,-0.21738544891802078,-0.11460766299422323,0.0,0.0,0.0,0.0,0.0,0.0,0.04879274230270152,0.0,0.0,0.0,0.05650857317110587,-0.4570402972767799,0.0,0.039009865302682994,0.0
2019-12-16,0.06631036884048712,-0.2178430177106598,-0.11546427460677047,0.0,0.0,0.0,0.0,0.0,0.0,0.048699885685365756,0.0,0.03914355401128106,0.0,0.05600997612007185,-0.45652892302536396,0.0,0.0,0.0
2019-12-17,0.06563429861407126,-0.22043030068692226,-0.1146453518269786,0.0,0.0,0.0,0.0,0.0,0.055372357785994405,0.04834987620890959,0.0,0.03905147989750945,0.0,0.0,-0.45651633497961436,0.0,0.0,0.0
2019-12-18,0.06776952733921633,-0.22660411819163673,-0.11797137147627985,0.0,0.0,0.0,0.0,0.0,0.0,0.05019594489694064,0.0,0.040686867566765254,0.0,0.0,-0.4738789094205955,0.0,0.0,0.022893261108565776
2019-12-19,0.07450451086148899,0.0,-0.1285990349204086,0.0,0.0,0.0,0.0,0.0,0.0,0.0552310079016963,0.0,0.04433827253817953,0.0,0.0,-0.5240098149600844,-0.14837869787438565,0.0,0.024938660943756435
2019-12-20,0.07426440446201876,0.0,-0.1281145378985198,0.0,0.0,0.0,0.0,0.0,0.0,0.05506810142222248,0.0,0.044264311876717484,0.0,0.0,-0.5251853198486185,-0.1483504527530846,0.0,0.024752871738818478
2019-12-23,0.07257458487495878,0.0,-0.1297621276586695,0.0,0.0,0.0,0.0,0.0,0.0,0.05559488461222532,0.0,0.045636440423113864,0.0,0.0,-0.5249995382147118,-0.14644402404049506,0.0,0.024988400175825726
2019-12-24,0.0,0.0,-0.13350037252683772,0.0,0.0,0.0,0.0,0.0,0.061393189661747484,0.054864717011391645,0.0,0.04501890127642533,0.0,0.0,-0.5317335289650328,-0.14889265824446096,0.0,0.02459663231410403
2019-12-26,0.07116169947340963,0.0,-0.1303337497172108,0.0,0.0,0.0,0.0,0.0,0.0,0.054082861629261694,0.0,0.045688181227593265,0.0,0.0,-0.5270820833712533,-0.14736165320213507,0.0,0.024289771379136214
2019-12-27,0.0712705402909939,0.0,-0.12859635473238637,0.0,0.0,0.0,0.0,0.0,0.0,0.05548733128987642,0.0,0.04647936253750467,0.0,0.0,-0.5258002044646034,-0.14791024294201272,0.0,0.0244559637426224
2019-12-30,0.07130690558584514,0.0,-0.12857927208904665,0.0,0.0,0.0,0.0,0.0,0.0,0.054983935839088886,0.0,0.046189319435785,0.0,0.0,-0.5258530195021498,-0.14781813340518232,0.0,0.02526941414290217
2019-12-31,0.07548012695922815,0.0,-0.12470893704190869,0.0,0.0,0.0,0.0,0.0,0.0,0.05531204391048597,0.0,0.04873748618685145,0.0,0.0,-0.5255356129891615,-0.14529299220067937,0.0,0.024932800711684883
2020-01-02,0.08972101382094021,0.0,-0.12311048273469202,0.0,0.0,0.0,0.0,0.0,0.0,0.05684007775454025,0.0,0.04810503938016588,0.0,0.0,-0.5202060720930591,-0.1372656174253289,0.0,0.024751696791273724
2020-01-03,0.0,0.0,-0.12531825808185007,0.0,0.0,0.0,0.0,0.0,0.06551188644702598,0.055738327034053146,0.0,0.046918892598564424,0.0,0.0,-0.5501426814833458,-0.13271622259125307,0.0,0.023653731763907268
2020-01-06,0.0,-0.19514838555683184,-0.11569779423318677,0.0,0.0,0.0,0.0,0.0,0.06293789311255109,0.053274236924138706,0.0,0.043830241951868756,0.0,0.0,-0.5072179949867192,0.0,0.0,0.021893453234703545
2020-01-07,0.0,-0.1936427024741382,-0.11390815592047926,0.0,0.0,0.0,0.0,0.0,0.062330413887279806,0.052667493068183836,0.0,0.04320813359760043,0.0,0.0,-0.5127023161312867,0.0,0.0,0.02154078492103175
2020-01-08,0.0,-0.189545244284425,-0.10756298455412353,0.0,0.0,0.0,0.04907663140071729,0.0,0.06698063371705633,0.0539789908980991,0.0,0.044190007593893604,0.0,0.0,-0.48866550755168525,0.0,0.0,0.0
2020-01-09,0.08116702493083047,-0.18351797431128744,-0.1023246021468092,0.0,0.0,0.0,0.0,0.0,0.06508560487110884,0.052524911194016616,0.0,0.04250571645397794,0.0,0.0,-0.4728741660919694,0.0,0.0,0.0
2020-01-10,0.0,-0.18797566497855475,-0.10321402784110577,0.0,0.0,0.0,0.0481137798626007,0.0,0.06624024867826792,0.05339848976977473,0.0,0.04300021936045677,0.0,0.0,-0.49805756950923946,0.0,0.0,0.0
2020-01-13,0.07867957872896154,-0.17853927738004208,-0.09792762836954498,0.0,0.0,0.0,0.0,0.0,0.06532384953658622,0.050937994900266,0.0,0.043090146876770395,0.0,0.0,-0.4855015242078288,0.0,0.0,0.0
2020-01-14,0.07959266169477007,-0.17778661684481933,-0.09762767971634538,0.0,0.0,0.0,0.0,0.0,0.06566822465640094,0.050536757907133606,0.0,0.0432993814429281,0.0,0.0,-0.4854886777376026,0.0,0.0,0.0
2020-01-15,0.08183265488336289,-0.17659947243102259,-0.09632605371815442,0.0,0.0,0.0,0.0,0.0,0.06672024219285344,0.051463485081675656,0.0,0.044230049730656446,0.0,0.0,-0.48282804196227463,0.0,0.0,0.0
2020-01-16,0.08089075934228813,-0.1776475280556392,-0.09691606898596666,0.0,0.0,0.0,0.0,0.0,0.06568539809689179,0.051053856003097406,0.0,0.042982001226914195,0.0,0.0,-0.48482438828920255,0.0,0.0,0.0
2020-01-17,0.08108048121803219,-0.17674845490037927,-0.09711850551464384,0.0,0.0,0.0,0.0,0.0,0.06583704270987915,0.05107751873584509,0.0,0.04384885199791891,0.0,0.0,-0.48428914492330144,0.0,0.0,0.0
2020-01-21,0.08213809806344162,-0.1807924465802212,-0.09943023241243501,0.0,0.0,0.0,0.04676104712864862,0.0,0.0,0.05340644996211473,0.0,0.044616070305521664,0.0,0.0,-0.4928556555476172,0.0,0.0,0.0
2020-01-22,0.07959747726209043,-0.17881899037509394,-0.09698529464559179,0.0,0.0,0.0,0.0,0.0,0.0655314396004407,0.052156047097360485,0.0,0.04385115896597119,0.0,0.0,-0.48305959205345145,0.0,0.0,0.0
2020-01-23,0.0,0.0,-0.12012495959154287,0.0,0.0,0.0,0.056796722810295686,0.0,0.08119363873045794,0.06739005597892685,0.0,0.05453832771313563,0.0,0.0,-0.5982811099380431,0.0,0.0,-0.02167518523759795
2020-01-24,0.0,0.0,-0.12568191728753977,0.0,0.0,0.0,0.059290060571700845,0.0,0.0,0.06785373596387698,0.0,0.05449681106357504,0.0,0.0,-0.6274870404402441,0.0,0.04217253807216892,-0.023017896600894403
2020-01-27,0.0,0.0,-0.12516705507211884,0.0,0.0,0.0,0.05957605988762486,0.0,0.07464489655567946,0.06189637150543668,0.0,0.0,0.0,0.0,-0.6149559709942715,0.0,0.041268281583912464,-0.022491364400956268
2020-01-28,0.0,0.0,-0.12807899477242346,0.0,0.0,0.0,0.05966382747875316,0.0,0.0,0.06159325578113167,0.0,0.05400663945535649,0.0,0.0,-0.6317067787701606,0.0,0.042027189250833374,-0.02292331449134154
2020-01-29,0.0,0.0,-0.12800858402450677,0.0,0.0,0.0,0.060957928876914404,0.0,0.0,0.06269196812127702,0.0,0.05472550998092526,0.0,0.0,-0.6280706317860753,0.0,0.042359802774667665,-0.02318557443563361
2020-01-30,0.0,0.0,0.0,-0.04007674556786708,0.0,0.0,0.06725172584608488,0.0,0.0,0.069452097995958,0.0,0.060117039932850766,0.0,0.0,-0.6910236268712981,0.0,0.046588965875113575,-0.025489797910827658
2020-01-31,0.0,0.0,0.0,-0.03712516180456516,0.0,0.0,0.06438930218622099,0.0,0.0,0.061165912018069264,0.0,0.0,0.12414533105658761,0.0,-0.6437964264748013,0.0,0.04526025814832703,-0.024117608311428642
2020-02-03,0.0,0.0,0.0,-0.03535687969352572,0.0,0.0,0.06203936634955708,0.0,0.0,0.05736897657403654,0.0,0.0,0.12179285629406009,0.0,-0.6568612903031127,0.0,0.044122466819434526,-0.022458163966273377
2020-02-04,0.0,0.0,-0.12036190350539613,0.0,0.0,0.0,0.055429001163374375,0.0,0.0,0.05067424446836768,0.0,0.0,0.11271809465659982,0.0,-0.5987308076652151,0.0,0.04025567358055898,-0.02183027496048781
2020-02-05,0.0,0.0,-0.12783653624853855,0.0,0.0,0.0,0.05859318367532259,0.0,0.06338315048896259,0.05339378403017609,0.0,0.0,0.0,0.0,-0.6314569464451365,0.0,0.04273857320331078,-0.022597825908552863
2020-02-06,0.0,0.0,-0.13118313421262717,0.0,0.0,0.0,0.06109945020525859,0.0,0.062033831784887784,0.05234661320087514,0.0,0.0,0.0,0.0,-0.628663494515122,0.0,0.042474067051655455,-0.022199409029573902
2020-02-07,0.09495365083785823,0.0,-0.12668963927677007,0.0,0.0,0.0,0.05913719912795688,0.0,0.0,0.0502111480871492,0.0,0.0,0.0,0.0,-0.6071571692027606,0.0,0.040487951167000505,-0.02136324230050455
2020-02-10,0.0,0.0,-0.13400855814962176,0.0,0.0,0.0,0.06447042246870459,0.0,0.0,0.05011455091757582,0.0,0.04486202194418391,0.0,0.0,-0.642136600310467,0.0,0.042881387636054424,-0.02152645857339248
2020-02-11,0.0,0.0,-0.1343977521351124,0.0,0.0,0.0,0.06447872068397392,0.0,0.059076195266502464,0.049604693164812745,0.0,0.0,0.0,0.0,-0.6287366556655086,0.0,0.04238073474808514,-0.02132524833600464
2020-02-12,0.0,0.0,-0.1356214757619352,0.0,0.0,0.0,0.06508013316948454,0.0,0.059577262836698,0.04961383614170854,0.0,0.0,0.0,0.0,-0.6268072089155796,0.0,0.04245306616781655,-0.020847017006777456
2020-02-13,0.0,0.0,-0.1367122078609159,0.0,0.0,0.0,0.06469592403289362,0.0,0.05955268803122022,0.04952307253392888,0.0,0.0,0.0,0.0,-0.62623452890904,0.0,0.04245716079974462,-0.020824417832256685
2020-02-14,0.0,0.0,-0.13754204536879328,0.0,0.0,0.0,0.06461145204231636,0.0,0.059482739823868674,0.049461755807146,0.0,0.0,0.0,0.0,-0.625615492751084,0.0,0.042516693118719716,-0.020769821088072002
2020-02-18,0.0,0.0,0.0,0.0,0.0,0.0,0.06274856452682424,0.0,0.0,0.04972998224639158,-0.04616979154799613,0.0,0.13627284395367134,0.0,-0.6410925406944388,0.0,0.04308090453338758,-0.020905372497290305
2020-02-19,0.0,0.0,-0.27929279163995196,0.0,0.0,0.0,0.12616089334565864,0.0,0.0,0.1003932487100142,-0.09277474672175444,0.0,0.2728813579544436,0.0,0.0,0.0,0.0867424604223564,-0.04175450120582077
2020-02-20,0.0,0.0,-0.27824115767304497,0.0,0.0,0.0,0.12697118462371418,0.0,0.0,0.09997702804039227,-0.09324340492149001,0.0,0.27247982122675896,0.0,0.0,0.0,0.08688718402499139,-0.042200219489608115
2020-02-21,0.0,0.0,0.0,0.0,0.0,0.0,0.06039238270267395,0.0,0.0,0.04734505283002251,-0.045813502130591946,0.0,0.13578829795809014,0.0,-0.6459814409849205,0.0,0.043213541015298944,-0.02146578237840206
2020-02-24,0.0,0.0,0.0,-0.07733700997797477,0.0,0.0,0.1621721155317904,0.0,0.0,0.10688899814999235,-0.1109721845435932,0.0,0.3693101582960079,0.0,0.0,0.0,0.11593470593012316,-0.05738482757051815
2020-02-25,0.0,0.0,0.0,-0.07942885304360411,0.0,0.0,0.15459535613173933,0.0,0.0,0.10025728884552691,-0.10180003840700733,0.0,0.38506442837114613,0.0,0.0,0.0,0.12005237817612618,-0.0588016570248501
2020-02-26,0.0,0.0,0.0,-0.07996853573251075,0.0,0.0,0.15641939105218405,0.0,0.0,0.10130806169469736,-0.10102704942002348,0.0,0.38173463992336687,0.0,0.0,0.0,0.1206491558313563,-0.058893166345861114
2020-02-27,0.0,0.0,0.0,-0.08113411919723795,0.0,0.0,0.16417815937982708,0.0,0.0,0.08983424411576547,-0.09728205130987244,0.0,0.3846362079902707,0.0,0.0,0.0,0.12415151588898017,-0.05878370211804612
2020-02-28,0.0,0.0,0.0,-0.08879421790733136,0.0,0.0,0.1402070536559937,0.0,0.0,0.09842427970446545,-0.10506632626998993,0.0,0.3751962402435638,0.0,0.0,0.0,0.1293987382069503,-0.06291314401170538
2020-03-02,0.0,0.0,0.0,0.0,0.0,0.0,0.1406216616943884,0.0,0.0,0.08781557632381866,-0.09932665895216153,0.0,0.3743168884744841,-0.11064198858599847,0.0,0.0,0.12848598708599002,-0.05879123888315894
2020-03-03,0.0,0.0,0.0,0.0,0.0,0.0,0.1340946940725221,0.0,0.0,0.08844724383339954,-0.10240986435502684,0.0,0.36068829133945046,-0.11681621593990642,0.0,0.0,0.13298100192462886,-0.06456268853506576
2020-03-04,0.0,0.0,0.0,-0.09334570976168848,0.0,0.0,0.13789738842389487,0.0,0.0,0.08462638707363203,-0.10117468318972096,0.0,0.37872022025332497,0.0,0.0,0.0,0.13779973787950012,-0.06643587341823848
2020-03-05,0.0,0.0,0.0,0.0,0.0,0.0,0.13200110487267053,0.0,0.0,0.08016739639206676,-0.09337686734007918,0.0,0.3897373430171263,-0.10547059185897853,0.0,0.0,0.13413146573939677,-0.06511523077968188
2020-03-06,0.0,0.0,0.0,-0.094818829065408,0.0,0.0,0.14066208752401793,0.0,0.0,0.08466353613029834,-0.0981398907856137,0.0,0.40342953533493553,0.0,0.0,0.0,0.11831004432494745,-0.05997607683477899
2020-03-09,0.0,0.0,0.0,0.0,0.0,0.0,0.134451419579339,0.0,0.0,0.0,-0.06442159379261216,0.0,0.268401129740362,-0.08151668857538248,0.0,0.31323239080816423,0.10925495171037916,-0.028721825793760977
2020-03-10,0.0,0.0,0.0,0.0,0.0,0.0,0.19316497068035232,0.0,0.0,0.09548068254589448,-0.09424990733440729,-0.10383242684687312,0.3350010976505551,0.0,0.0,0.0,0.137670839820054,-0.04060007512186363
2020-03-11,0.0,0.0,0.3671560558726702,0.0,0.0,0.0,0.15156304881414573,0.0,0.0,0.0,-0.06826979346324505,-0.07385311889152753,0.20646036671850646,0.0,0.0,0.0,0.1009044024436526,-0.03179321379625253
2020-03-12,0.0,0.0,0.0,0.0,0.0,0.0,0.07905063022058208,0.0,0.0,0.0,-0.033611304998640956,-0.03547682280981475,0.0925061670246278,0.0,0.6796874963133105,0.0,0.06070571821169629,-0.01896186042132744
2020-03-13,0.0,0.0,0.0,0.0,0.0,0.0,0.22313341879117413,0.0,0.0,0.09981735081085182,-0.09245443048311039,0.0,0.2391265943067623,-0.11106856534967861,0.0,0.0,0.17848773662566944,-0.05591190363275335
2020-03-16,0.0,0.0,0.0,0.0,0.0,0.0,0.07700859263019898,0.0,0.0,0.0,-0.027430685062741517,-0.029475481056635153,0.08217395732176604,0.0,0.7103360493325753,0.0,0.055273032812695994,-0.01830220178338714
2020-03-17,-0.030804305084095637,0.0,0.0,0.0,0.0,0.0,0.07946920699735778,0.0,0.0,0.0,-0.027667707985368183,0.0,0.07740847505017287,0.0,0.7154487901425213,0.0,0.05024597026861071,-0.018955544471873458
2020-03-18,-0.023282910975102104,0.0,0.0,0.0,0.0,0.0,0.07535006453564319,0.0,0.0,0.0,-0.02503409824240515,0.0,0.0,0.0,0.6892512358156098,0.12508776325765547,0.04527374517617287,-0.016720181997411446
2020-03-19,-0.02099273156939616,0.0,0.0,0.0,0.0,0.0,0.07529370184101705,0.0,0.0,0.0,-0.025047448325558476,0.0,0.0,0.0,0.6967083732852227,0.12025637835326897,0.04555710260624903,-0.016144264019287393
2020-03-20,-0.02169225148496031,0.0,0.0,0.0,0.0,0.0,0.07788089562582828,0.0,0.0,0.0,-0.025997381645823908,0.0,0.0,0.0,0.712626109830866,0.10147080300652131,0.043621519236629554,-0.01671103916937053
2020-03-23,-0.02057120075661234,0.0,0.0,0.0,0.0,0.0,0.0722326370465605,0.0,0.0,0.0,-0.026344461551666247,0.0,0.0,0.0,0.7208617714968126,0.09981922240448617,0.04321620047548625,-0.01695450626837581
2020-03-24,-0.019820742922722036,0.0,0.0,0.0,0.0,0.0,0.06743368753728293,0.0,0.0,0.0,-0.025587733714322866,0.0,0.0,0.0,0.7245375664132601,0.1016989846259555,0.04370034268560253,-0.017220942100854005
2020-03-25,-0.05947933339775226,0.0,0.0,0.0,0.0,0.0,0.20506660260688364,0.0,0.0,0.0,-0.07821003370167681,0.0,0.1608097895996224,0.0,0.0,0.3097212805166052,0.13400180011890356,-0.05271116005855605
2020-03-26,-0.05733510300068933,0.0,0.0,0.0,0.0,0.0,0.205725734053324,0.0,0.0,0.0,-0.07665643781511317,0.0,0.16171902861854806,0.0,0.0,0.3109145758072554,0.13474857645299473,-0.05290054425207532
2020-03-27,-0.05743535700653598,0.0,0.0,0.0,0.0,0.0,0.2060596678174786,0.0,0.0,0.0,-0.0765176139879925,0.0,0.1620809014284406,0.0,0.0,0.3113860906611336,0.13390158598534768,-0.05261878311307111
2020-03-30,-0.05758635788319649,0.0,0.0,0.0,0.0,0.0,0.20772241340293857,0.0,0.0,0.0,-0.07696378714923605,0.0,0.16286580458296032,0.0,0.0,0.30717616214904797,0.13476208893906802,-0.052923385893552596
2020-03-31,-0.05802980254822836,0.0,0.0,0.0,0.0,0.0,0.2015161531308141,0.0,0.0,0.0,-0.07763865527439,0.0,0.1642442149871187,0.0,0.0,0.30944275885499567,0.13574215616938784,-0.05338625903506548
2020-04-01,-0.05748618977045537,0.0,0.0,0.0,0.0,0.0,0.2019068098506737,0.0,0.0,0.0,-0.07657124664697908,0.0,0.16430269439906123,0.0,0.0,0.31003268724944777,0.1364682119690017,-0.05323216011438111
2020-04-02,-0.057989720759199906,0.0,0.0,0.0,0.0,0.0,0.2024755984905414,0.0,0.0,0.0,-0.07722305950333012,0.0,0.16584288234525085,0.0,0.0,0.3081416729377863,0.13787028432953863,-0.050456781634352896
2020-04-03,-0.05794612332635234,0.0,0.0,0.0,0.0,0.0,0.2039504349492064,0.0,0.0,0.0,-0.07716892428217267,0.0,0.1662838331137373,0.0,0.0,0.3077501985069115,0.13855263349303473,-0.04834785232858508
2020-04-06,-0.0576047163662102,0.0,0.0,0.0,0.0,0.0,0.20170899124080954,0.0,0.0,0.0,-0.07529320144070738,0.0,0.16630496275797604,0.0,0.0,0.31072300923373175,0.1399014933058264,-0.048463625654738725
2020-04-07,-0.05632003533053618,0.0,0.0,0.0,0.0,0.0,0.20190414481168803,0.0,0.0,0.0,-0.07536787763240022,0.0,0.16663147518642393,0.0,0.0,0.3116096103956921,0.13991088369209703,-0.0482559729511626
2020-04-08,-0.05564198779232988,0.0,0.0,0.0,0.0,0.0,0.2027168713544527,0.0,0.0,0.0,-0.0748384352139905,0.0,0.16625219938150104,0.0,0.0,0.3118620009942608,0.14056114100452527,-0.04812736425893965
2020-04-09,-0.05517452143798375,0.0,0.0,0.0,0.0,0.0,0.20224348036942172,0.0,0.0,0.0,-0.07480477259318474,0.0,0.1617697270803927,0.0,0.0,0.3147014768537278,0.14275549284152964,-0.048550528823759743
2020-04-13,-0.0552945297568082,0.0,0.0,0.0,0.0,0.0,0.20128620241196804,0.0,0.0,0.0,-0.0747046899082441,0.0,0.1617912636005104,0.0,0.0,0.3154564663911158,0.14281090662635348,-0.048655941304999915
2020-04-14,-0.055135762718486886,0.0,0.0,0.0,0.0,0.0,0.2015953675920963,0.0,0.0,0.0,-0.07468194857647328,0.0,0.16176062895182028,0.0,0.0,0.315413567652111,0.1428944855626275,-0.0485182389463848
2020-04-15,-0.054918801111524064,0.0,0.0,0.0,0.0,0.0,0.2018676573874962,0.0,0.0,0.0,-0.07424940950819221,0.0,0.16205118208553462,0.0,0.0,0.3162318626546806,0.14210032192091251,-0.04858076533165978
2020-04-16,-0.055027973222145976,0.0,0.0,0.0,0.0,0.0,0.20237586649853023,0.0,0.0,0.0,-0.07441910403561931,0.0,0.16232227436592514,0.0,0.0,0.31487205752768266,0.1422911609050926,-0.04869156344500407
2020-04-17,-0.07147791582256158,0.0,0.0,0.0,0.0,0.0,0.25980406121708594,0.0,0.0,0.11396750472456721,-0.09586807361338047,0.0,0.21109756216012104,0.0,0.0,0.0,0.18441650036300972,-0.06336838209927409
2020-04-20,-0.055155343213732,0.0,0.0,0.0,0.0,0.0,0.20068270688454617,0.0,0.0,0.0,-0.07407235584573851,0.0,0.16310788873678467,0.0,0.0,0.3159204203777741,0.14283761834715333,-0.048223666594271374
2020-04-21,-0.05543136737247467,0.0,0.0,0.0,0.0,0.0,0.20146671208220499,0.0,0.0,0.0,-0.07446633360295811,0.0,0.16409297416840807,0.0,0.0,0.31746667949909396,0.1436054942324616,-0.04347043904239842
2020-04-22,-0.05564121595319819,0.0,0.0,0.0,0.0,0.0,0.2002412425887593,0.0,0.0,0.0,-0.0746802921821285,0.0,0.16466443187563776,0.0,0.0,0.31790539280228103,0.143712377924468,-0.04315504667352741
2020-04-23,-0.055637270532940195,0.0,0.0,0.0,0.0,0.0,0.20001444618620795,0.0,0.0,0.0,-0.07466661416953407,0.0,0.16475514314876744,0.0,0.0,0.3181974294715084,0.1438575976945124,-0.04287149879652949
2020-04-24,-0.05533290987594651,0.0,0.0,0.0,0.0,0.0,0.20012610295866123,0.0,0.0,0.0,-0.07464685150406598,0.0,0.1649315375986163,0.0,0.0,0.31798686415306254,0.14405967373828052,-0.04291606017136684
2020-04-27,-0.05511110168154307,0.0,0.0,0.0,0.0,0.0,0.20058640550486648,0.0,0.0,0.0,-0.07412077796144581,0.0,0.16527789224870487,0.0,0.0,0.3189646346244693,0.14389078335643563,-0.04204840462253483
2020-04-28,-0.05510533373339116,0.0,0.0,0.0,0.0,0.0,0.2009617489127717,0.0,0.0,0.0,-0.07386118388213321,0.0,0.1652172945075434,0.0,0.0,0.3188060467529093,0.14392602873526,-0.042122363475991326
2020-04-29,-0.07120582960423,0.0,0.0,0.0,0.0,0.0,0.26189014301001434,0.0,0.0,0.1145110594977714,-0.09521350985576003,0.0,0.21517740071179162,0.0,0.0,0.0,0.18753568584336533,-0.05446637147706727
2020-04-30,-0.07151367690671102,0.0,0.0,0.0,0.0,0.0,0.26022197468244973,0.0,0.0,0.11502922768880074,-0.0952147458952464,0.0,0.21594989177417603,0.0,0.0,0.0,0.18783087900563333,-0.05423960404698271
2020-05-01,-0.05480243126742991,0.0,0.0,0.0,0.0,0.0,0.20009401040265748,0.0,0.0,0.0,-0.07292001331100563,0.0,0.16604504462475156,0.0,0.0,0.3199722952726871,0.14446054025427754,-0.04170566486719072
2020-05-04,-0.054767589729261344,0.0,0.0,0.0,0.0,0.0,0.20035909588011525,0.0,0.0,0.0,-0.07296028566796428,0.0,0.16600508515976117,0.0,0.0,0.32007721085699864,0.14434864557073954,-0.04148208713515986
2020-05-05,-0.07106454864495329,0.0,0.0,0.0,0.0,0.0,0.26196631790181707,0.0,0.0,0.11492285058406594,-0.09494296604928339,0.0,0.2158206403357911,0.0,0.0,0.0,0.1881397931379656,-0.05314288334612368
2020-05-06,-0.07117793855505054,0.0,0.0,0.0,0.0,0.0,0.261027135421507,0.0,0.0,0.11520055706566405,-0.09529804980680297,0.0,0.2157988173065983,0.0,0.0,0.0,0.18810092039211113,-0.053396581452266056
2020-05-07,-0.0711936367881756,0.0,0.0,0.0,0.0,0.0,0.26031534099459225,0.0,0.0,0.11536566798373804,-0.0953319389517913,0.0,0.2162511993910116,0.0,0.0,0.0,0.18798167695603726,-0.05356053893465394
2020-05-08,-0.07127778036796373,0.0,0.0,0.0,0.0,0.0,0.26047481619740775,0.0,0.0,0.11548649947084759,-0.09469177412120404,0.0,0.21669424394088646,0.0,0.0,0.0,0.18800866068939967,-0.05336622521229063
2020-05-11,-0.059367558839745045,0.0,0.0,0.0,0.0,0.0,0.21662046992503964,0.0,0.0,0.096221925421916,-0.07879772944835524,0.0,0.0,0.0,0.0,0.3481711858732063,0.1563731375857339,-0.044447992906004076
2020-05-12,-0.07142420649468068,0.0,0.0,0.0,0.0,0.0,0.2606810193992994,0.0,0.0,0.11551500570022458,-0.09438391937063886,0.0,0.2164275088220992,0.0,0.0,0.0,0.18805629830536208,-0.05351204190769533
2020-05-13,-0.07135119437220085,0.0,0.0,0.0,0.0,0.0,0.2604260526050471,0.0,0.0,0.1155486954406996,-0.09409766667409249,0.0,0.21656669634723033,0.0,0.0,0.0,0.188288922908052,-0.05372077165267764
2020-05-14,-0.07137436194174136,0.0,0.0,0.0,0.0,0.0,0.2604440991865797,0.0,0.0,0.11558200826877063,-0.09418215178251702,0.0,0.21649987929369258,0.0,0.0,0.0,0.18834959441056137,-0.053567905116137286
2020-05-15,-0.07134142629486369,0.0,0.0,0.0,0.0,0.0,0.26051796472824124,0.0,0.0,0.11560649941880857,-0.09414446289786733,0.0,0.21659305077216512,0.0,0.0,0.0,0.18839817883119225,-0.05339841705686191
2020-05-18,-0.07148085085772424,0.0,0.0,0.0,0.0,0.0,0.26209658491348514,0.0,0.0,0.11579170573402904,-0.09240100444613364,0.0,0.21748125844455873,0.0,0.0,0.0,0.18773120679670433,-0.05301738880736502
2020-05-19,-0.07143392864490682,0.0,0.0,0.0,0.0,0.0,0.26185461969619056,0.0,0.0,0.11586857402620847,-0.09234011670508031,0.0,0.217582154747924,0.0,0.0,0.0,0.1878165774996679,-0.05310402868002189
2020-05-20,-0.07149533154425443,0.0,0.0,0.0,0.0,0.0,0.26220138049876746,0.0,0.0,0.1158135500467644,-0.09196925802590927,0.0,0.21737723338422416,0.0,0.0,0.0,0.18812079090022463,-0.05302245559985571
2020-05-21,-0.07143203098334984,0.0,0.0,0.0,0.0,0.0,0.2619461471379529,0.0,0.0,0.11599113536010498,-0.09200520057606534,0.0,0.21749268789045442,0.0,0.0,0.0,0.18835966405172128,-0.052773134000351316
2020-05-22,-0.07130020961829285,0.0,0.0,0.0,0.0,0.0,0.2617885820950841,0.0,0.0,0.11662934619976181,-0.09203653419290636,0.0,0.21711577460698184,0.0,0.0,0.0,0.1884505455072774,-0.05267900777969576
2020-05-26,-0.07121753729379612,0.0,0.0,0.0,0.0,0.0,0.2625664642527676,0.0,0.0,0.1171716945695021,-0.09163802670678395,0.0,0.21699349227884174,0.0,0.0,0.0,0.18778223036983613,-0.05263055452847229
2020-05-27,-0.07122672675400314,0.0,0.0,0.0,0.0,0.0,0.2627866854534029,0.0,0.0,0.11719219911795888,-0.09108121610401557,0.0,0.21709050077818204,0.0,0.0,0.0,0.18796865790820674,-0.0526540138842307
2020-05-28,-0.07114736934386552,0.0,0.0,0.0,0.0,0.0,0.26220594050264057,0.0,0.0,0.11847469702215965,-0.09107864403684088,0.0,0.2167718161356507,0.0,0.0,0.0,0.18776687865032574,-0.05255465430851693
2020-05-29,-0.07041540701329825,0.0,0.0,0.0,0.0,0.0,0.2699674649608034,0.0,0.0,0.11696231071336531,-0.08995982056802826,0.0,0.21439471391072884,0.0,0.0,0.0,0.18653855155449936,-0.051761731279276565
2020-06-01,-0.07043905288014364,0.0,0.0,0.0,0.0,0.0,0.2694916204496213,0.0,0.0,0.11800274917767664,-0.09003027267013175,0.0,0.21397772814834085,0.0,0.0,0.0,0.18619963849355362,-0.05185893818053213
2020-06-02,-0.06981435728186336,0.0,0.0,0.0,0.0,0.0,0.274182865148474,0.0,0.0,0.11766992814984557,-0.08931383155601776,0.0,0.21261334306997137,0.0,0.0,0.0,0.18512211578652432,-0.051283559007303615
2020-06-03,-0.06995941497701254,0.0,0.0,0.0,0.0,0.0,0.2716306352374012,0.0,0.0,0.11912457537394011,-0.08933801087208683,0.0,0.21314905341165932,0.0,0.0,0.0,0.18539657367181844,-0.05140173645608153
2020-06-04,-0.06962126007914443,0.0,0.0,0.0,0.0,0.0,0.2731799214858733,0.0,0.0,0.11930380711807359,-0.08926238196709627,0.0,0.21205084827334603,0.0,0.0,0.0,0.185485141747501,-0.05109663932896543
2020-06-05,-0.06944470194261829,0.0,0.0,0.0,0.0,0.0,0.2685762846191413,0.0,0.0,0.11880407381449463,-0.08836776217590192,0.0,0.21141018086136046,0.0,0.0,0.0,0.19233483470155946,-0.05106216188492405
2020-06-08,-0.06887344419466097,0.0,0.0,0.0,0.0,0.0,0.26295236052109017,0.0,0.0,0.12105250379646526,-0.09040684920657316,0.0,0.21014465250990297,0.0,0.0,0.0,0.19127931124507447,-0.05529087852623301
2020-06-09,-0.06769042172351997,0.0,0.0,0.0,0.0,0.0,0.2617153154663795,0.0,0.0,0.12107200949817257,-0.08891942555714255,0.0,0.20883458387559584,0.0,0.0,0.0,0.19640128301273183,-0.05536696086645775
2020-06-10,-0.06702347490466498,0.0,0.0,0.0,0.0,0.0,0.2574702820753491,0.0,0.0,0.12185112931605092,-0.08887797416619587,0.0,0.21147279232821004,0.0,0.0,0.0,0.19849229986277783,-0.054812047346751186
2020-06-11,-0.06648289970523688,0.0,0.0,0.0,0.0,0.0,0.2630847001072306,0.0,0.0,0.1233435758280861,-0.0881783612389818,0.0,0.2153836670156669,0.0,0.0,0.0,0.1907102275014158,-0.052816568603381804
2020-06-12,-0.06446501273466773,0.0,0.0,0.0,0.0,0.0,0.26551629605187266,0.0,0.0,0.1264704320670445,-0.0875781889066778,0.0,0.2176959914675653,0.0,0.0,0.0,0.18663431872295858,-0.0516397600492134
2020-06-15,-0.06262070296651845,0.0,0.0,0.0,0.0,0.0,0.25404997427037745,0.0,0.0,0.14239029781727236,-0.09127530886499016,0.0,0.20742985512767104,0.0,0.0,0.0,0.19198810158157495,-0.05024575937159554
2020-06-16,-0.06248587028587034,0.0,0.0,0.0,0.0,0.0,0.2447171142175847,0.0,0.0,0.1407395393489754,-0.08859403602050266,0.0,0.20934001828340432,0.0,0.0,0.0,0.20585669754772373,-0.04826672429593894
2020-06-17,-0.06586248308397744,0.0,0.0,0.0,0.0,0.0,0.23321564803555248,0.0,0.0,0.13639151618762493,-0.0885909828577292,0.0,0.21409697977345743,0.0,0.0,0.0,0.21417773915573543,-0.047664650905923166
2020-06-18,-0.06796826400619681,0.0,0.0,0.0,0.0,0.0,0.2280994815514202,0.0,0.0,0.13096662815332685,-0.08609655985386083,0.0,0.22991946581619857,0.0,0.0,0.0,0.2097142985773153,-0.04723530204168148
2020-06-19,-0.06517520946301454,0.0,0.0,0.0,0.0,0.0,0.21536163069202766,0.0,0.0,0.12737476396104297,-0.08226278203221488,0.0,0.2176132635678674,0.0,0.0,0.0,0.24730821370415235,-0.04490413657968026
2020-06-22,-0.06431588814175798,0.0,0.0,0.0,0.0,0.0,0.20855849285677824,0.0,0.0,0.11525250734196282,-0.07420388147576533,0.0,0.2520489125021971,0.0,0.0,0.0,0.2453768509162749,-0.04024346676526362
2020-06-23,-0.06458212882696636,0.0,0.0,0.0,0.0,0.0,0.220927818529097,0.0,0.0,0.12208272192798339,-0.07316152029935853,0.0,0.2439252285208293,0.0,0.0,0.0,0.23718391254539029,-0.03813666935037517
2020-06-24,-0.06286899744382472,0.0,0.0,0.0,0.0,0.0,0.21370096702796715,0.0,0.0,0.1148085030218938,-0.0691812395845473,0.0,0.2783524879464628,0.0,0.0,0.0,0.22477174491957208,-0.0363160600557322
2020-06-25,-0.06626444948483383,0.0,0.0,0.0,0.0,0.0,0.21232903012435378,0.0,0.0,0.11955222940760803,-0.0698363742391037,0.0,0.2743668241699446,0.0,0.0,0.0,0.22178692386341944,-0.03586416871073642
2020-06-26,-0.06558037464327056,0.0,0.0,0.0,0.0,0.0,0.21023285079405793,0.0,0.0,0.11973420342647988,-0.06924376333738234,0.0,0.2711085644394521,0.0,0.0,0.0,0.2283770373178791,-0.03572320604147812
2020-06-29,-0.06646314312748945,0.0,0.0,0.0,0.0,0.0,0.2088395236962088,0.0,0.0,0.1211149159366435,-0.06807925718998548,0.0,0.27221129382325915,0.0,0.0,0.0,0.22773466456034205,-0.03555720166607165
2020-06-30,-0.06560041061386601,0.0,0.0,0.0,0.0,0.0,0.22199936482790447,0.0,0.0,0.11908527405659557,-0.06676515388726409,0.0,0.267585327183549,0.0,0.0,0.0,0.22409131358390924,-0.03487315584691151
2020-07-01,-0.0673707554165766,0.0,0.0,0.0,0.0,0.0,0.21711756336692553,0.0,0.0,0.12248864126120074,-0.06744376159049843,0.0,0.2691579877491717,0.0,0.0,0.0,0.22225444958126964,-0.034166841034357305
2020-07-02,-0.06753945168373347,0.0,0.0,0.0,0.0,0.0,0.2191353260862032,0.0,0.0,0.122163952001916,-0.06695633311933459,0.0,0.2671987021170255,0.0,0.0,0.0,0.22138018816091812,-0.03562604683086909
2020-07-06,-0.06868004160855863,0.0,0.0,0.0,0.0,0.0,0.21771844174077887,0.0,0.0,0.12192916994184703,-0.06731610082295768,0.0,0.26716783131526,0.0,0.0,0.0,0.21999047154763615,-0.037197943022961706
2020-07-07,-0.06774735208933944,0.0,0.0,0.0,0.0,0.0,0.22123172834397284,0.0,0.0,0.1317998391806934,-0.06711666508037184,0.0,0.2674396370844519,0.0,0.0,0.0,0.20848234474239213,-0.03618243347877836
2020-07-08,-0.07144179018590055,0.0,0.0,0.0,0.0,0.0,0.2203379123937983,0.0,0.0,0.1308122004969728,-0.0667412795637932,0.0,0.265544823856684,0.0,0.0,0.0,0.20878738466571214,-0.0363346088371389
2020-07-09,-0.07313717626622422,0.0,0.0,0.0,0.0,0.0,0.21902119966888886,0.0,0.0,0.13191036403126294,-0.0662915687221584,0.0,0.27072167540159053,0.0,0.0,0.0,0.20281992820490294,-0.03609808770497207
2020-07-10,-0.0692696994387492,0.0,0.0,0.0,0.0,0.0,0.2007364970584733,0.0,0.0,0.11445810998732564,-0.05849807794032615,0.0,0.3499008018240419,0.0,0.0,0.0,0.17552200670590826,-0.03161480704517551
2020-07-13,-0.06821982808081001,0.0,0.0,0.0,0.0,0.0,0.20289448023641757,0.0,0.0,0.11075307905525306,-0.05817503446321441,0.0,0.355037677867324,0.0,0.0,0.0,0.17381472889095806,-0.031105171406022796
2020-07-14,-0.06832228911059976,0.0,0.0,0.0,0.0,0.0,0.202333465451646,0.0,0.0,0.11423195283518382,-0.05775797398356711,0.0,0.35358527270842577,0.0,0.0,0.0,0.17268279771050646,-0.03108624820007119
2020-07-15,-0.070266542248269,0.0,0.0,0.0,0.0,0.0,0.1992527178966613,0.0,0.0,0.11311145891365766,-0.0573680676259029,0.0,0.35066222235105476,0.0,0.0,0.0,0.17869191632030185,-0.03064707464415235
2020-07-16,-0.07055468157160301,0.0,0.0,0.0,0.0,0.0,0.19638824500573995,0.0,0.0,0.11258117084328613,-0.05726871869874148,0.0,0.35295870517071076,0.0,0.0,0.0,0.1797008978163041,-0.03054758089361475
2020-07-17,-0.06990687012160499,0.0,0.0,0.0,0.0,0.0,0.2017072665130846,0.0,0.0,0.11196305102137064,-0.05744670133401338,0.0,0.3486258601046246,0.0,0.0,0.0,0.1801226326693929,-0.030227618235908846
2020-07-20,-0.07100653499813905,0.0,0.0,0.0,0.0,0.0,0.2005224932103539,0.0,0.0,0.11018840310184118,-0.05705257985501221,0.0,0.3506342572766951,0.0,0.0,0.0,0.17957327597272651,-0.031022455585232128
2020-07-21,-0.07051927928785072,0.0,0.0,0.0,0.0,0.0,0.19510981698360658,0.0,0.0,0.11333696754824965,-0.05571358973413466,0.0,0.34570977005265746,0.0,0.0,0.0,0.17837246052919792,-0.04123811586430298
2020-07-22,-0.06982022326074767,0.0,0.0,0.0,0.0,0.0,0.19632889437444956,0.0,0.0,0.1146232154208569,-0.055173825527882886,0.0,0.34184181764188437,0.0,0.0,0.0,0.17816738447114433,-0.044044639303034296
2020-07-23,-0.07006988900581328,0.0,0.0,0.0,0.0,0.0,0.19724325324605865,0.0,0.0,0.11207597184495045,-0.055336264368810416,0.0,0.343858636353004,0.0,0.0,0.0,0.1768119239729165,-0.044604061208446774
2020-07-24,-0.07139028335405993,0.0,0.0,0.0,0.0,0.0,0.19668604171846138,0.0,0.0,0.11242238122050517,-0.05518789319382106,0.0,0.3426714894921681,0.0,0.0,0.0,0.17679099631617892,-0.04485091470480547
2020-07-27,-0.07223757650478523,0.0,0.0,0.0,0.0,0.0,0.18704600130668714,0.0,0.0,0.10963493635156814,-0.05494896286291817,0.0,0.3435102845525608,0.0,0.0,0.0,0.17874388278957393,-0.05387835563190666
2020-07-28,-0.07232839680415962,0.0,0.0,0.0,0.0,0.0,0.18661166172962118,0.0,0.0,0.10967733136864692,-0.05509519506900959,0.0,0.34234777685107465,0.0,0.0,0.0,0.17976702451266838,-0.05417261366481968
2020-07-29,-0.07536342374885027,0.0,0.0,0.0,0.0,0.0,0.18445551541469798,0.0,0.0,0.11109675560282825,-0.05542838227300066,0.0,0.34041429125652467,0.0,0.0,0.0,0.17848432574118298,-0.054757305962915094
2020-07-30,-0.07443958557223466,0.0,0.0,0.0,0.0,0.0,0.18787338744550475,0.0,0.0,0.10909283251833533,-0.05518869867532199,0.0,0.34151421598204534,0.0,0.0,0.0,0.17710132978648352,-0.05478995002007444
2020-07-31,-0.07714066316036286,0.0,0.0,0.0,0.0,0.0,0.18493566132116007,0.0,0.0,0.11094940772870293,-0.05548655945464349,0.0,0.34097487608146676,0.0,0.0,0.0,0.17616071386938323,-0.05435211838428054
2020-08-03,-0.07792065222637747,0.0,0.0,0.0,0.0,0.0,0.18471436207347428,0.0,0.0,0.11052250015652304,-0.05538439508027187,0.0,0.3405831397575969,0.0,0.0,0.0,0.17588788328654495,-0.05498706741921158
2020-08-04,-0.10409346753528523,0.0,0.0,0.13063946028647205,0.0,0.0,0.23499227334296321,0.0,0.0,0.14676659362175654,-0.07322973409861203,0.0,0.0,0.0,0.0,0.0,0.23171668913182272,-0.07856178198308833
2020-08-05,-0.1027865695381679,0.0,0.0,0.129102281313589,0.0,0.0,0.2376442059192512,0.0,0.0,0.14508109721765106,-0.07253286141387405,0.0,0.0,0.0,0.0,0.0,0.23397834706628706,-0.07887463753117957
2020-08-06,-0.1029070460308475,0.0,0.0,0.12795576387429905,0.0,0.0,0.2366180247555239,0.0,0.0,0.1440551654407802,-0.07197095627842276,0.0,0.0,0.0,0.0,0.0,0.23784167831282282,-0.0786513653073039
2020-08-07,-0.10549762353560216,0.0,0.0,0.0,0.0,0.0,0.23543478628190728,0.0,0.0,0.14743095936162726,-0.07485956887332292,0.10660305768553635,0.0,0.0,0.0,0.0,0.2479106926152903,-0.08226331164671374
2020-08-10,-0.10460771408726614,0.0,0.0,0.0,0.0,0.0,0.23599084708811288,0.0,0.0,0.1468590636980744,-0.07495570635635243,0.10640798316026155,0.0,0.0,0.0,0.0,0.24871311078134664,-0.08246557482858594
2020-08-11,-0.11020154047726675,0.0,0.0,0.0,0.0,0.0,0.18997979566193776,0.0,0.0,0.1564056066031886,-0.08098153048110164,0.11482704070106206,0.0,0.0,0.0,0.0,0.2606265172715574,-0.08697796880388581
2020-08-12,-0.11310553942350553,0.0,0.0,0.0,0.0,0.0,0.18874707510756886,0.0,0.0,0.15530845382322503,-0.08229577924943034,0.11663624117604915,0.0,0.0,0.0,0.0,0.2573528295965317,-0.08655408162368938
2020-08-13,-0.12952793232385246,0.0,0.0,0.15529027081963503,0.0,0.0,0.21011176592396366,0.0,0.0,0.17777361446692205,-0.09378848310996388,0.1332044395134577,0.0,0.0,0.0,0.0,0.0,-0.10030349384220513
2020-08-14,-0.12931319747795317,0.0,0.0,0.15604947612357792,0.0,0.0,0.20900889604553258,0.0,0.0,0.17706829903109347,-0.0934546698400865,0.13326456492778385,0.0,0.0,0.0,0.0,0.0,-0.10184089655397241
2020-08-17,-0.1276177220653356,0.0,0.0,0.15760012145923477,0.0,0.0,0.19932238133329055,0.0,0.0,0.17428436547904985,-0.09681331161647194,0.1358727819064373,0.0,0.0,0.0,0.0,0.0,-0.10848931614017993
2020-08-18,-0.11150073612530936,0.0,0.0,0.0,0.0,0.0,0.1743373366743198,0.0,0.0,0.15271449121627578,-0.08512177223771505,0.11993419837929058,0.0,0.0,0.0,0.0,0.2616842457234016,-0.09470721964368793
2020-08-19,-0.11237721634336152,0.0,0.0,0.0,0.0,0.0,0.16462614904324,0.0,0.0,0.1545280490330656,-0.08683138568214308,0.12254066897614077,0.0,0.0,0.0,0.0,0.2620483664607901,-0.09704816446125884
2020-08-20,-0.11283223439118326,0.0,0.0,0.0,0.0,0.0,0.1660171209996286,0.0,0.0,0.15399417583260078,-0.08634402636644155,0.12197785067220415,0.0,0.0,0.0,0.0,0.2584550668592606,-0.100379524878681
2020-08-21,-0.11268368104728883,0.0,0.0,0.0,0.0,0.0,0.16494112444744305,0.0,0.0,0.15362494128951437,-0.08602278588309992,0.12152300214323333,0.0,0.0,0.0,0.0,0.257883700355223,-0.10332076483419755
2020-08-24,-0.13017683072978828,0.0,0.0,0.16012164550156704,0.0,0.0,0.18680564905842734,0.0,0.0,0.1721205806233886,-0.0979015129896006,0.13712635036476548,0.0,0.0,0.0,0.0,0.0,-0.11574743073246258
2020-08-25,-0.12981368441183005,0.0,0.0,0.1588839673886929,0.0,0.0,0.1857052451329441,0.0,0.0,0.1711608905338235,-0.09982947206162326,0.13809435621767824,0.0,0.0,0.0,0.0,0.0,-0.11651238425340811
2020-08-26,-0.13074562025902614,0.0,0.0,0.15922868423456377,0.0,0.0,0.18443196899215727,0.0,0.0,0.16858838591624942,-0.10073806732384219,0.13998532193978522,0.0,0.0,0.0,0.0,0.0,-0.11628195133437598
2020-08-27,-0.1305578432493869,0.0,0.0,0.15944824106086766,0.0,0.0,0.18276277258395016,0.0,0.0,0.16841068310797652,-0.10084702722099669,0.13985388089389242,0.0,0.0,0.0,0.0,0.0,-0.11811955188292977
2020-08-28,-0.1307180393035722,0.0,0.0,0.1612514683005324,0.0,0.0,0.18051564168653933,0.0,0.0,0.16835862259474144,-0.10078603258010412,0.14003776384657543,0.0,0.0,0.0,0.0,0.0,-0.118332431687935
2020-08-31,-0.13034868590689067,0.0,0.0,0.1600031309540803,0.0,0.0,0.18096223892719612,0.0,0.0,0.16820552023895133,-0.1002832751658789,0.13979295644218573,0.0,0.0,0.0,0.0,0.0,-0.12040419236481684
2020-09-01,-0.13133507024399685,0.0,0.0,0.16001331290113374,0.0,0.0,0.1834744961808571,0.0,0.0,0.16584529287512212,-0.10110915964696446,0.1388734956457564,0.0,0.0,0.0,0.0,0.0,-0.11934917250616947
2020-09-02,-0.131362303869808,0.0,0.0,0.16161422176617263,0.0,0.0,0.1818729316593978,0.0,0.0,0.16700983350722665,-0.10110423894385855,0.1391239271740578,0.0,0.0,0.0,0.0,0.0,-0.11791254307947847
2020-09-03,-0.11612339633440837,0.0,0.0,0.0,0.0,0.0,0.16584853812406003,0.0,0.0,0.13497443461168585,-0.09315182249356985,0.12044114832466486,0.0,0.0,0.0,0.0,0.25870087139595166,-0.11075978871565934
2020-09-04,-0.1269058035056463,0.0,0.0,0.0,0.0,0.0,0.16738411330214392,0.0,0.0,0.13430142315628374,-0.09494734097570136,0.12086508496472693,0.0,0.0,0.0,0.0,0.2474373314327132,-0.10815890266278463
2020-09-08,-0.12878410450688818,0.0,0.0,0.0,0.0,0.0,0.16988387824208032,0.0,0.0,0.12896475143989306,-0.09635424439889193,0.12229243842642451,0.0,0.0,0.0,0.0,0.2531007285628713,-0.10061985442295066
2020-09-09,-0.13322544364076075,0.0,0.0,0.0,0.0,0.0,0.16873021611673583,0.0,0.0,0.1248064432386585,-0.09812945859562061,0.12058262232900162,0.0,0.0,0.0,0.0,0.2563025246618568,-0.09822329141736572
2020-09-10,-0.10669743959351145,0.0,0.0,0.0,0.0,0.0,0.1155710346650722,0.0,0.0,0.0939265580033354,-0.07934016380917262,0.0,0.34691720671693016,0.0,0.0,0.0,0.18272144782668112,-0.07482614938529714
2020-09-11,-0.11577315851390496,0.0,0.0,0.0,0.0,0.0,0.11344173904274801,0.0,0.0,0.09226356892379091,-0.07948159101845788,0.0,0.3439074943439698,0.0,0.0,0.0,0.1818010580590134,-0.07333139009811511
2020-09-14,-0.11143030440777714,0.0,0.0,0.0,0.0,0.0,0.1091459636409431,0.0,0.0,0.08844614752119662,-0.07621645090537373,0.0,0.36830745205147997,0.0,0.0,0.0,0.17513231618419575,-0.0713213652890337
2020-09-15,-0.11028692459754445,0.0,0.0,0.0,0.0,0.0,0.10787253357447757,0.0,0.0,0.08831384787259548,-0.07677845479910009,0.0,0.36634934933540914,0.0,0.0,0.0,0.17963565355720856,-0.07076323626366461
2020-09-16,-0.15512310848316105,0.0,0.0,0.0,0.0,0.0,0.14786355435557125,0.0,0.0,0.1200940862691547,-0.10728137678001744,0.1297538152651723,0.0,0.0,0.0,0.0,0.24632755850882943,-0.09355650033809382
2020-09-17,-0.1544354640225003,0.0,0.0,0.0,0.0,0.0,0.14728840372651755,0.0,0.0,0.1189057275343868,-0.10694693692857417,0.12896773790865504,0.0,0.0,0.0,0.0,0.24974007464794823,-0.09371565523141788
2020-09-18,-0.15424862010267518,0.0,0.0,0.0,0.0,0.0,0.14798292329624352,0.0,0.0,0.11833600645918942,-0.10719412809452099,0.12900647059915793,0.0,0.0,0.0,0.0,0.24931999045995326,-0.09391186098825967
2020-09-21,-0.11309821633993117,0.0,0.0,0.0,0.0,0.0,0.10584361952795576,0.0,0.0,0.08705931075999854,-0.074384949701213,0.0,0.3686666416501231,0.0,0.0,0.0,0.182140554432138,-0.06880670758864046
2020-09-22,-0.1563328917326987,0.0,0.0,0.0,0.0,0.0,0.14611022631188586,0.0,0.0,0.11932099702654342,-0.10260302087849332,0.12733025109771862,0.0,0.0,0.0,0.0,0.25326291768813153,-0.09503969526452849
2020-09-23,-0.1556979217651591,0.0,0.0,0.0,0.0,0.0,0.14099866270969305,0.0,0.0,0.11746588756431288,-0.10273500222902916,0.12709830781339787,0.0,0.0,0.0,0.0,0.2553569014563806,-0.10064731646202738
2020-09-24,-0.0863100650028589,0.0,0.0,0.0,0.0,0.0,0.07749578816179532,0.0,0.0,0.06480236535034618,-0.05690751981565701,0.0,0.0,0.0,0.0,0.5183971485347048,0.14025280095202985,-0.055834312182607995
2020-09-25,-0.15021278892567114,0.0,0.0,0.0,0.0,0.0,0.13959784138221498,0.0,0.0,0.11783012234697357,-0.1041223251718148,0.12904179294628534,0.0,0.0,0.0,0.0,0.2574598812697449,-0.10173524795729534
2020-09-28,-0.1473541506047434,0.0,0.0,0.0,0.0,0.0,0.13870719346024815,0.0,0.0,0.11694165087687074,-0.10634712565035903,0.12953787219949714,0.0,0.0,0.0,0.0,0.25698950899972256,-0.10412249820855897
2020-09-29,-0.14610348910343046,0.0,0.0,0.0,0.0,0.0,0.13865569100910802,0.0,0.0,0.11814460450641166,-0.10666581386101952,0.1309433334818214,0.0,0.0,0.0,0.0,0.25851283068209685,-0.10097423735611209
2020-09-30,-0.14812931543725188,0.0,0.0,0.0,0.0,0.0,0.13873591837108726,0.0,0.0,0.11879063355667654,-0.10806155895483859,0.13114641614576064,0.0,0.0,0.0,0.0,0.2549152627668811,-0.10022089476750407
2020-10-01,-0.14613487377064596,0.0,0.0,0.0,0.0,0.0,0.13932590342722587,0.0,0.0,0.11918464076478745,-0.10812620479510186,0.13100717896295433,0.0,0.0,0.0,0.0,0.25670633493631917,-0.09951486334296544
2020-10-02,-0.14677339965711542,0.0,0.0,0.0,0.0,0.0,0.14015290657101045,0.0,0.0,0.11932225448402625,-0.1081732916410299,0.13154372940479428,0.0,0.0,0.0,0.0,0.2580869735106276,-0.09594744473139621
2020-10-05,-0.16572380046725482,0.0,0.0,0.1804772400379996,0.0,0.0,0.15684570736013229,0.0,0.0,0.1322672439762065,-0.12230016959122965,0.1429067531542492,0.0,0.0,0.0,0.0,0.0,-0.09947908541292798
2020-10-06,-0.16439537676595806,0.0,0.0,0.18729431797533863,0.0,0.0,0.1548748034296548,0.0,0.0,0.1307500007024151,-0.12144321033890457,0.14254834787785772,0.0,0.0,0.0,0.0,0.0,-0.09869394290987132
2020-10-07,-0.17264181358510952,0.0,0.0,0.1839843100988381,0.0,0.0,0.15340228604669037,0.0,0.0,0.12816987842370697,-0.1228787854868448,0.139805658703313,0.0,0.0,0.0,0.0,0.0,-0.09911726765549733
2020-10-08,-0.17411330190106644,0.0,0.0,0.18325585591788948,0.0,0.0,0.1528688897098517,0.0,0.0,0.12768497409411975,-0.12460982453415988,0.1391441150454808,0.0,0.0,0.0,0.0,0.0,-0.09832303879743191
2020-10-09,-0.17347108190893368,0.0,0.0,0.18315781122654834,0.0,0.0,0.15036773314587598,0.0,0.0,0.12878094969854448,-0.1245256829002375,0.14139837633607932,0.0,0.0,0.0,0.0,0.0,-0.09829836478378068
2020-10-12,-0.15785938342200828,0.0,0.0,0.0,0.0,0.0,0.13670589027707705,0.0,0.0,0.1158052019390434,-0.11369984102049101,0.1300033298741312,0.0,0.0,0.0,0.0,0.2570801865742313,-0.08884616689301776
2020-10-13,-0.15883209375367538,0.0,0.0,0.0,0.0,0.0,0.13380484062183634,0.0,0.0,0.11484288170706516,-0.1177001209296571,0.1334643523493278,0.0,0.0,0.0,0.0,0.2532247593628297,-0.08813095127560874
2020-10-14,-0.1588331779928526,0.0,0.0,0.0,0.0,0.0,0.13438233048359097,0.0,0.0,0.11473786435808124,-0.11751472009119784,0.13306310561775286,0.0,0.0,0.0,0.0,0.25394319513827657,-0.08752560631824774
2020-10-15,-0.15879164509865057,0.0,0.0,0.0,0.0,0.0,0.13472413483961745,0.0,0.0,0.11456397181054184,-0.11690892633847752,0.13337661958258837,0.0,0.0,0.0,0.0,0.25407570302314014,-0.08755899930698414
2020-10-16,-0.15819878425662803,0.0,0.0,0.0,0.0,0.0,0.13428656892705348,0.0,0.0,0.11620304601519708,-0.11779902582730326,0.1329305930130225,0.0,0.0,0.0,0.0,0.25339945421204835,-0.08718252774874735
2020-10-19,-0.15674739466944893,0.0,0.0,0.0,0.0,0.0,0.13507726868372147,0.0,0.0,0.11553249224306951,-0.12033792159045001,0.1314999758723614,0.0,0.0,0.0,0.0,0.25291653473432985,-0.08788841220661885
2020-10-20,-0.15819479192378993,0.0,0.0,0.0,0.0,0.0,0.13648527852700842,0.0,0.0,0.11571556652017483,-0.1202356117813084,0.1315115789054878,0.0,0.0,0.0,0.0,0.2503732680521206,-0.0874839042901098
2020-10-21,-0.15714582856244802,0.0,0.0,0.0,0.0,0.0,0.13577000342230838,0.0,0.0,0.11735115541804562,-0.11951297130939972,0.12968211472447747,0.0,0.0,0.0,0.0,0.2552164916280975,-0.08532143493522323
2020-10-22,-0.161328845307328,0.0,0.0,0.0,0.0,0.0,0.13548479503522268,0.0,0.0,0.1174905419876914,-0.11899872777743432,0.13049173368123249,0.0,0.0,0.0,0.0,0.2513091599456785,-0.08489619626541252
2020-10-23,-0.16186940444323153,0.0,0.0,0.0,0.0,0.0,0.13766116542273868,0.0,0.0,0.11779927288601262,-0.11844827085892956,0.13163517473608113,0.0,0.0,0.0,0.0,0.24856518298358254,-0.08402152866942389
2020-10-26,-0.16086011871326358,0.0,0.0,0.0,0.0,0.0,0.13946791376621728,0.0,0.0,0.11805972045600484,-0.11657168583065966,0.13209920969503688,0.0,0.0,0.0,0.0,0.24908326641913978,-0.08385808511967818
2020-10-27,-0.16105673909014534,0.0,0.0,0.0,0.0,0.0,0.13971700467224865,0.0,0.0,0.11849387084981537,-0.11764143298994889,0.1334336452458084,0.0,0.0,0.0,0.0,0.24653402692380091,-0.08312328022823237
2020-10-28,-0.15543152393691262,0.0,0.0,0.0,0.0,0.0,0.1422970024083231,0.0,0.0,0.1155106790601752,-0.11666949915661345,0.13179800952890372,0.0,0.0,0.0,0.0,0.25581914020121654,-0.0824741457078553
2020-10-29,-0.155895936480117,0.0,0.0,0.0,0.0,0.0,0.14337745003316482,0.0,0.0,0.11626443113053435,-0.11663292067369561,0.13242779412378353,0.0,0.0,0.0,0.0,0.25350720312774916,-0.08189426443095568
2020-10-30,-0.1580727406578195,0.0,0.0,0.0,0.0,0.0,0.1433922846326042,0.0,0.0,0.11490477196905954,-0.11694745345636864,0.1332868183097161,0.0,0.0,0.0,0.0,0.25139135709583177,-0.08200457387860023
2020-11-02,-0.15375376688580522,0.0,0.0,0.0,0.0,0.0,0.14700070429137124,0.0,0.0,0.11546498951193512,-0.11576874639028198,0.13307046743616877,0.0,0.0,0.0,0.0,0.25436426132048356,-0.0805770641639542
2020-11-03,-0.15472012337486182,0.0,0.0,0.0,0.0,0.0,0.14787448326847438,0.0,0.0,0.11476295206364627,-0.11516802117539,0.13025813904967654,0.0,0.0,0.0,0.0,0.25653159398910463,-0.08068468707884636
2020-11-04,-0.1586777668036742,0.0,0.0,0.0,0.0,0.0,0.15349587453559016,0.0,0.0,0.11183345160305388,-0.11646597465124602,0.13196166095690867,0.0,0.0,0.0,0.0,0.2457709224067841,-0.08179434904274295
2020-11-05,-0.15267821237042495,0.0,0.0,0.0,0.0,0.0,0.15323695592525058,0.0,0.0,0.11255565001207368,-0.11688384115420603,0.13072017853271198,0.0,0.0,0.0,0.0,0.2507723466811067,-0.08315281532422603
2020-11-06,-0.15618020766477464,0.0,0.0,0.0,0.0,0.0,0.15335351818313073,0.0,0.0,0.11275246919377103,-0.1176149303291967,0.13049559828467783,0.0,0.0,0.0,0.0,0.24694774836335212,-0.08265552798109697
2020-11-09,-0.15570191412525713,0.0,0.0,0.0,0.0,0.0,0.16559980885371228,0.0,0.0,0.11500006956162756,-0.10639201746963538,0.1339671577688618,0.0,0.0,0.0,0.0,0.2430464987690907,-0.08029253345181513
2020-11-10,-0.15025474705492062,0.0,0.0,0.0,0.0,0.0,0.16674282181587977,0.0,0.0,0.11619729180359897,-0.10549961044232492,0.13478988883724136,0.0,0.0,0.0,0.0,0.2460003555136288,-0.08051528453240556
2020-11-11,-0.14917173952820081,0.0,0.0,0.0,0.0,0.0,0.1713429906565043,0.0,0.0,0.11449690558026328,-0.10462401256963941,0.13350566293218777,0.0,0.0,0.0,0.0,0.24687190615613694,-0.07998678257706741
2020-11-12,-0.14945447504939613,0.0,0.0,0.0,0.0,0.0,0.17321490067498324,0.0,0.0,0.11585223479692873,-0.10480975877062297,0.13480664800275372,0.0,0.0,0.0,0.0,0.24100722012011785,-0.08085476258519726
2020-11-13,-0.14788919796129493,0.0,0.0,0.0,0.0,0.0,0.1777889867962106,0.0,0.0,0.11576754761543458,-0.10298925816603821,0.1341467394452366,0.0,0.0,0.0,0.0,0.24078645840903692,-0.08063181160674814
2020-11-16,-0.15763503771643203,0.0,0.0,0.186524724351005,0.0,0.0,0.19241055583354685,0.0,0.0,0.12460685763144345,-0.10922965142792096,0.14359823435506133,0.0,0.0,0.0,0.0,0.0,-0.08599493868459043
2020-11-17,-0.14519864416684897,0.0,0.0,0.0,0.0,0.0,0.18965750453074545,0.0,0.0,0.11461734201831669,-0.1004484334617543,0.13189803063812347,0.0,0.0,0.0,0.0,0.23913462960945459,-0.07904541557475643
2020-11-18,-0.1448827945133509,0.0,0.0,0.0,0.0,0.0,0.1898948906320028,0.0,0.0,0.11452550828136666,-0.100040205930604,0.13050027478954512,0.0,0.0,0.0,0.0,0.2412104954570148,-0.07894583039611563
2020-11-19,-0.15367003191290574,0.0,0.0,0.18614734396516364,0.0,0.0,0.20468552090559336,0.0,0.0,0.12288546066039654,-0.10762542809093135,0.14013220163759868,0.0,0.0,0.0,0.0,0.0,-0.08485401282741079
2020-11-20,-0.15518527725060746,0.0,0.0,0.18627621913903455,0.0,0.0,0.20406137492315096,0.0,0.0,0.12231358012851345,-0.108119233738895,0.13954724501093033,0.0,0.0,0.0,0.0,0.0,-0.08449706980886824
2020-11-23,-0.09780335724157437,-0.43433333245274364,0.0,0.1196531326803894,0.0,0.0,0.12686748432933262,0.0,0.0,0.07830877950133167,0.0,0.08880573859081475,0.0,0.0,0.0,0.0,0.0,-0.05422817520381362
2020-11-24,-0.09829481847132575,-0.43713305378700307,0.0,0.11825210317699894,0.0,0.0,0.12611293605698562,0.0,0.0,0.07879300393551945,0.0,0.08862151962878403,0.0,0.0,0.0,0.0,0.0,-0.052792564943383136
2020-11-25,-0.098212703217629,-0.4361254768199102,0.0,0.11858675385632639,0.0,0.0,0.12710502008468944,0.0,0.0,0.07873118587794392,0.0,0.08863367049361835,0.0,0.0,0.0,0.0,0.0,-0.052605189649882755
2020-11-27,-0.09880304462159645,-0.4352106453485524,0.0,0.11848839935216668,0.0,0.0,0.1289785880431439,0.0,0.0,0.07823555286209634,0.0,0.08797786143163167,0.0,0.0,0.0,0.0,0.0,-0.052305908340812786
2020-11-30,-0.15611707551285608,0.0,0.0,0.18605218426109846,0.0,0.0,0.2051612619924677,0.0,0.0,0.12462152544059932,-0.10500805111162191,0.1398182076320434,0.0,0.0,0.0,0.0,0.0,-0.08322169404931315
2020-12-01,-0.09807227403328123,-0.4389004414617451,0.0,0.11716004995430128,0.0,0.0,0.12522370161212984,0.0,0.0,0.07922633068341557,0.0,0.08880945959872438,0.0,0.0,0.0,0.0,0.0,-0.052607742656402494
2020-12-02,-0.09825863621105865,-0.43647368964110356,0.0,0.11751716658484472,0.0,0.0,0.12610924416697802,0.0,0.0,0.07959541737470113,0.0,0.08899174821971555,0.0,0.0,0.0,0.0,0.0,-0.05305409780159848
2020-12-03,-0.09607713729344491,-0.44103584462079026,0.0,0.11564058776833364,0.0,0.0,0.12112798039980738,0.0,0.0,0.08296985428594136,0.0,0.09210603772494688,0.0,0.0,0.0,0.0,0.0,-0.0510425579067357
2020-12-04,-0.09629125950447932,-0.4379814528123499,0.0,0.11547430534356995,0.0,0.0,0.12154055351451336,0.0,0.0,0.08389975756260412,0.0,0.09258572643704903,0.0,0.0,0.0,0.0,0.0,-0.0522269448254343
2020-12-07,-0.09431766641992609,-0.4340370725226618,0.0,0.11739780243126322,0.0,0.0,0.11834463323300942,0.0,0.0,0.08791530054962356,0.0,0.09300810895448218,0.0,0.0,0.0,0.0,0.0,-0.05497941588903359
2020-12-08,-0.09237604585414523,-0.44056795947803284,0.0,0.11624013255198824,0.0,0.0,0.11667316772503339,0.0,0.0,0.08849272304226805,0.0,0.0913896390043345,0.0,0.0,0.0,0.0,0.0,-0.05426033234419777
2020-12-09,-0.09200617032822007,-0.441613363687399,0.0,0.117832034083708,0.0,0.0,0.11428119794147296,0.0,0.0,0.08864611091807839,0.0,0.09096245609638814,0.0,0.0,0.0,0.0,0.0,-0.054658666944733314
2020-12-10,-0.09164923298304445,-0.44261820527118645,0.0,0.11736500692029526,0.0,0.0,0.11429389799884207,0.0,0.0,0.0887809768182614,0.0,0.09098703457434373,0.0,0.0,0.0,0.0,0.0,-0.054305645434026766
2020-12-11,-0.08732076332590957,-0.4304740391758406,0.0,0.0,0.0,0.0,0.10928459322922761,0.0,0.0,0.08525401564509333,0.0,0.08887196645128169,0.0,0.0,0.0,0.0,0.1471371142500192,-0.051657507922628076
2020-12-14,-0.0903772140759947,-0.44534961884890223,0.0,0.11677470715299607,0.0,0.0,0.11306629974664743,0.0,0.0,0.08866373169981955,0.0,0.09198171489299124,0.0,0.0,0.0,0.0,0.0,-0.05378671358264888
2020-12-15,-0.09041457333768843,-0.4465407395664075,0.0,0.11633607918454199,0.0,0.0,0.11162852583967978,0.0,0.0,0.08912592756853749,0.0,0.09079662801908404,0.0,0.0,0.0,0.0,0.0,-0.05515752648406071
2020-12-16,-0.09080600176063018,-0.44483714142257275,0.0,0.11649695156822666,0.0,0.0,0.11141296577861333,0.0,0.0,0.0898625313975179,0.0,0.09124016709508191,0.0,0.0,0.0,0.0,0.0,-0.05534424097735727
2020-12-17,-0.0877403204985216,-0.4308045760250512,0.0,0.0,0.0,0.0,0.10655952177302876,0.0,0.0,0.08702662450449174,0.0,0.08740784906875367,0.0,0.0,0.0,0.0,0.14715530849299166,-0.05330579963716148
2020-12-18,-0.08928939280519063,-0.44946955731259597,0.0,0.11553360189891196,0.0,0.0,0.11086338567344649,0.0,0.0,0.08813860465125464,0.0,0.09197284955839073,0.0,0.0,0.0,0.0,0.0,-0.05473260810020965
2020-12-21,-0.08614944005626533,-0.43353318243771,0.0,0.0,0.0,0.0,0.10760204642335358,0.0,0.0,0.08617384694806997,0.0,0.08943910411380128,0.0,0.0,0.0,0.0,0.14467362264195002,-0.05242875737884983
2020-12-22,-0.13021226855034176,0.0,0.0,0.0,0.0,0.0,0.16337522019477238,0.0,-0.1463470481511897,0.13232197520248468,0.0,0.13833706232612195,0.0,0.0,0.0,0.0,0.2125113608560119,-0.07689506471907757
2020-12-23,-0.08589231724454366,-0.4382713491577698,0.0,0.0,0.0,0.0,0.10738118742554674,0.0,0.0,0.08684100882695153,0.0,0.09140146802427068,0.0,0.0,0.0,0.0,0.13966022985575913,-0.05055243946515845
2020-12-24,-0.08744798837358982,-0.43924213342460305,0.0,0.0,0.0,0.0,0.1063537396547982,0.0,0.0,0.08758508694324461,0.0,0.09121282262855283,0.0,0.0,0.0,0.0,0.13802500368338613,-0.050133225291825456
2020-12-28,-0.08842269784321444,-0.44008443020062343,0.0,0.0,0.0,0.0,0.10629795894348583,0.0,0.0,0.08776752311152605,0.0,0.09055210262316166,0.0,0.0,0.0,0.0,0.13713282191717396,-0.04974246536081475
2020-12-29,-0.09039603389105416,-0.4386471542809696,0.0,0.0,0.0,0.0,0.10701117381240761,0.0,0.0,0.08799071146909461,0.0,0.08742586622426399,0.0,0.0,0.0,0.0,0.13750176837864,-0.05102729194356996
2020-12-30,-0.09025478926487804,-0.43811642147933755,0.0,0.0,0.0,0.0,0.10667199176186158,0.0,0.0,0.08802318872665747,0.0,0.08709732702598116,0.0,0.0,0.0,0.0,0.13858197582192178,-0.051254305919362364
2020-12-31,-0.09121614584870494,-0.43670207384897247,0.0,0.0,0.0,0.0,0.10681162655555991,0.0,0.0,0.08825299440264128,0.0,0.08699886966309194,0.0,0.0,0.0,0.0,0.13810106725891086,-0.051917222422118624
2021-01-04,-0.09393521224324228,-0.4497183165773745,0.0,0.11234437205574532,0.0,0.0,0.10695173229324256,0.0,0.0,0.09260087235669427,0.0,0.08898852182946004,0.0,0.0,0.0,0.0,0.0,-0.055460972644241026
2021-01-05,-0.0932878647148308,-0.45035820458787007,0.0,0.10890409942412188,0.0,0.0,0.10637368481924989,0.0,0.0,0.0935425052550799,0.0,0.09123429173908261,0.0,0.0,0.0,0.0,0.0,-0.05629934945976488
2021-01-06,-0.0934545888327267,-0.4534943090083898,0.0,0.10797771582939852,0.0,0.0,0.10549862242063701,0.0,0.0,0.09436687653875733,0.0,0.08866527152836336,0.0,0.0,0.0,0.0,0.0,-0.05654261584172718
2021-01-07,-0.09346444912452907,-0.4547138298868399,0.0,0.10822909291583122,0.0,0.0,0.10553184014411554,0.0,0.0,0.09363149346544439,0.0,0.08793052890752616,0.0,0.0,0.0,0.0,0.0,-0.05649876555571369
2021-01-08,-0.09503778500342777,-0.4581098410864375,0.0,0.10605721360415371,0.0,0.0,0.09930764589287594,0.0,0.0,0.09473212132930617,0.0,0.08935586380331952,0.0,0.0,0.0,0.0,0.0,-0.05739952928047948
2021-01-11,-0.0954924143403851,-0.4518555600651184,0.0,0.1054514279966748,0.0,0.0,0.10256502851555191,0.0,0.0,0.0958575466652901,0.0,0.0903808102762673,0.0,0.0,0.0,0.0,0.0,-0.05839721214071251
2021-01-12,-0.09660659076186434,-0.4491637540662118,0.0,0.10527543582897168,0.0,0.0,0.10219999632752749,0.0,0.0,0.09811501180181494,0.0,0.0897640832038333,0.0,0.0,0.0,0.0,0.0,-0.05887512800977643
2021-01-13,-0.09557643504011656,-0.45625323247260297,0.0,0.10385784056120269,0.0,0.0,0.10190801280028176,0.0,0.0,0.09641838475492455,0.0,0.08801748556181571,0.0,0.0,0.0,0.0,0.0,-0.05796860880905569
2021-01-14,-0.09502146838294505,-0.4560951337266793,0.0,0.1042665897324312,0.0,0.0,0.10201351891283097,0.0,0.0,0.09633266881625384,0.0,0.08812476634245239,0.0,0.0,0.0,0.0,0.0,-0.058145854086407184
2021-01-15,-0.09546779136574873,-0.45876030374552046,0.0,0.10327254577366501,0.0,0.0,0.10153401225163346,0.0,0.0,0.09663591763212356,0.0,0.08693059532137291,0.0,0.0,0.0,0.0,0.0,-0.05739883390993591
2021-01-19,-0.09639265743993175,-0.4579837301971098,0.0,0.10271560484403315,0.0,0.0,0.10166613317684292,0.0,0.0,0.09675664881731506,0.0,0.0866871753838821,0.0,0.0,0.0,0.0,0.0,-0.05779805014088536
2021-01-20,-0.09822554388490821,-0.45778157078591236,0.0,0.10178468416524991,0.0,0.0,0.10006689018858965,0.0,0.0,0.09619720297777305,0.0,0.08803434380824186,0.0,0.0,0.0,0.0,0.0,-0.057909764189324836
2021-01-21,-0.09844762612558275,-0.4561667626127541,0.0,0.10240726061035697,0.0,0.0,0.10050558012781646,0.0,0.0,0.09639361658655149,0.0,0.08784438851005545,0.0,0.0,0.0,0.0,0.0,-0.05823476542688278
2021-01-22,-0.09803781189115181,-0.45740288505550686,0.0,0.10099428282368637,0.0,0.0,0.10006114548138349,0.0,0.0,0.09598763416463006,0.0,0.08835369484665025,0.0,0.0,0.0,0.0,0.0,-0.05916254573699119
2021-01-25,-0.09736414652142901,-0.4576086348112767,0.0,0.1009078386561346,0.0,0.0,0.10052564648431792,0.0,0.0,0.09581487268634452,0.0,0.08855249849883035,0.0,0.0,0.0,0.0,0.0,-0.059226362341666956
2021-01-26,-0.09714362450942975,-0.4562403555129245,0.0,0.09996919468267795,0.0,0.0,0.0,0.0,0.0,0.09553064210712642,0.0,0.08747442874974161,0.0,0.10380718542802723,0.0,0.0,0.0,-0.05983456901007263
2021-01-27,-0.10041317464798083,-0.4560648407204563,0.0,0.09734126105511443,0.0,0.0,0.10147448101943476,0.0,0.0,0.09484171138335706,0.0,0.08775756140155425,0.0,0.0,0.0,0.0,0.0,-0.06210696977210253
2021-01-28,-0.09990868727407846,-0.45637790665271116,0.0,0.09726187507016221,0.0,0.0,0.10152169188908661,0.0,0.0,0.09483032235201128,0.0,0.08775437820802752,0.0,0.0,0.0,0.0,0.0,-0.06234513855392257
2021-01-29,-0.1029304683268688,-0.4493283755477276,0.0,0.09490179815966497,0.0,0.0,0.10054041346646185,0.0,0.0,0.09837344030725106,0.0,0.08844056788602676,0.0,0.0,0.0,0.0,0.0,-0.0654849363059991
2021-02-01,-0.10679424119552632,-0.46888817839988645,0.0,0.09684689134621222,0.0,0.0,0.0,0.0,0.0,0.1016388281423251,0.06539430016981038,0.09064223758729696,0.0,0.0,0.0,0.0,0.0,-0.06979532315894253
2021-02-02,-0.09980858703346043,-0.4491577744289797,0.0,0.09234944388610768,0.0,0.0,0.0,0.0,0.0,0.09892184816281377,0.0,0.08751656282781921,0.0,0.10577606726905588,0.0,0.0,0.0,-0.06646971639176343
2021-02-03,-0.10625011296666212,-0.4681012842909814,0.0,0.0961893244995633,0.0,0.0,0.0,0.0,0.0,0.10248978539163381,0.0650570174344149,0.09099785636144175,0.0,0.0,0.0,0.0,0.0,-0.07091461905530269
2021-02-04,-0.1066654008661227,-0.4656279119849939,0.0,0.09586350392253597,0.0,0.0,0.0,0.0,0.0,0.10321655712946895,0.06526878972229282,0.09239989406835607,0.0,0.0,0.0,0.0,0.0,-0.07095794230622957
2021-02-05,-0.016707365696078245,0.0,0.0,0.01574162181049682,0.0,0.0,0.0,0.0,0.0,0.01823848165177893,0.010453272128163119,0.014595214732154317,0.0,0.0,-0.9129417752748911,0.0,0.0,-0.011322268706437448
2021-02-08,-0.01777947507504425,0.0,0.0,0.015761890766336117,0.0,0.0,0.0,0.0,0.0,0.018670573558087253,0.010409366031716974,0.014578375116830591,0.0,0.0,-0.9115749593505807,0.0,0.0,-0.011225360101404012
2021-02-09,-0.10813258086049948,-0.4516786017353011,0.0,0.09719811105829063,0.0,0.0,0.0,0.0,0.0,0.11548490462093342,0.06500539620560682,0.09082568749437964,0.0,0.0,0.0,0.0,0.0,-0.07167471802498901
2021-02-10,-0.09889548461459584,-0.48464078168202873,0.0,0.08841591611029012,0.0,0.0,0.0,0.0,0.0,0.10820191368808478,0.06619931362807807,0.08170922560068553,0.0,0.0,0.0,0.0,0.0,-0.07193736467623688
2021-02-11,-0.10314960958325932,-0.4795527434021357,0.0,0.08816413489673375,0.0,0.0,0.0,0.0,0.0,0.10963074480746188,0.06647395637121525,0.08071355682157907,0.0,0.0,0.0,0.0,0.0,-0.07231525411761494
2021-02-12,-0.11669939157624099,0.0,0.0,0.09969296796666298,0.0,-0.408772103064085,0.0,0.0,0.0,0.12708199961411557,0.07586508652658262,0.09140577573089571,0.0,0.0,0.0,0.0,0.0,-0.08048267552141708
2021-02-16,-0.12581519013354114,0.0,0.0,0.10504388610285652,0.0,-0.37452729605594315,0.0,0.0,0.0,0.13318830635615728,0.08123555715263758,0.09501244790693963,0.0,0.0,0.0,0.0,0.0,-0.08517731629192482
2021-02-17,-0.12733781500451816,0.0,0.0,0.1056357506220214,0.0,-0.3696746225768255,0.0,0.0,0.0,0.13318689573510384,0.08252708048590252,0.09453462226506963,0.0,0.0,0.0,0.0,0.0,-0.08710321331055895
2021-02-18,0.0,0.0,0.0,0.10005317839257033,0.0,-0.3552925304646748,0.0,0.0,0.0,0.1274606423804562,0.08068478443400443,0.08898959246263875,0.0,0.0,0.0,0.0,-0.1644131120440552,-0.0831061598216004
2021-02-19,0.0,0.0,0.0,0.10134016083244755,0.0,-0.3531825439231763,0.0,0.0,0.0,0.12850523520561796,0.08079033205188539,0.08895726000614233,0.0,0.0,0.0,0.0,-0.1643855278265804,-0.08283894015415016
2021-02-22,0.0,0.0,0.0,0.09820601109627547,0.0,-0.35149745747230315,0.0,0.0,0.0,0.12689776937574873,0.08365897965387958,0.09003650867522887,0.0,0.0,0.0,0.0,-0.1684100209282215,-0.08129325279834271
2021-02-23,0.0,0.0,0.0,0.09807944183200962,0.0,-0.35217453315325753,0.0,0.0,0.0,0.12689777964575696,0.08340830246939308,0.08872770603178863,0.0,0.0,0.0,0.0,-0.1695065318911239,-0.08120570497667035
2021-02-24,0.0,0.0,0.0,0.09785693847991456,0.0,-0.3520847671574806,0.0,0.0,0.0,0.12726581878980464,0.08200094951777512,0.0877353433970741,0.0,0.0,0.0,0.0,-0.17242846596875777,-0.08062771668919314
2021-02-25,0.0,0.0,0.0,0.10373953943327517,0.0,-0.3220242473559077,0.0,0.0,0.0,0.12772467846559588,0.08685530389419574,0.08855801287504055,0.0,0.0,0.0,0.0,-0.18291807999819498,-0.08818013797778977
2021-02-26,0.0,0.0,0.0,0.10594483672484216,0.0,-0.3270585930708629,0.0,0.0,0.0,0.13188029965419962,0.09140277923004538,0.09084960882093022,0.0,0.0,0.0,0.0,-0.1613411809726282,-0.09152270152649163
2021-03-01,0.0,0.0,0.0,0.10553156024773319,0.0,-0.32939215299431035,0.0,0.0,0.0,0.12896632323920523,0.09083022844131129,0.08982252910390401,0.0,0.0,0.0,0.0,-0.16270801178592265,-0.09274919418761313
2021-03-02,0.0,0.0,0.0,0.10526684000767093,0.0,-0.33167566588050945,0.0,0.0,0.0,0.1277824791989391,0.09024464550764257,0.08763943789838152,0.0,0.0,0.0,0.0,-0.1652797719220817,-0.09211115958477485
2021-03-03,0.0,0.0,0.0,0.11023722286369167,0.0,-0.3298712816723386,0.0,0.0,0.0,0.1223051943248193,0.09440318339472976,0.08636199616478635,0.0,0.0,0.0,0.0,-0.16509391590356293,-0.09172720567607141
2021-03-04,0.0,0.0,0.0,0.11054997481935185,0.0,-0.32780773664901486,0.0,0.0,0.0,0.12289266244624615,0.09508112603846208,0.08352170443531064,0.0,0.0,0.0,0.0,-0.1710018531705727,-0.08914494244104168
2021-03-05,0.0,0.0,0.0,0.11063717928499689,0.0,-0.3296791071343141,0.0,0.0,0.0,0.12196968486620877,0.09395266315472622,0.08355605943195758,0.0,0.0,0.0,0.0,-0.172343081716951,-0.08786222441084529
2021-03-08,0.0,0.0,0.0,0.11148809554371962,0.0,-0.31113770976116667,0.0,0.0,0.0,0.12363340529474767,0.09671483074288849,0.08655222372830576,0.0,0.0,0.0,0.0,-0.1808938787599547,-0.08957985616921701
2021-03-09,0.0,0.0,-0.3645894467783317,0.10273214641354722,0.0,0.0,0.0,0.0,0.0,0.10971876044990286,0.09232116617291683,0.07946596669521903,0.0,0.0,0.0,0.0,-0.16776914074753485,-0.08340337274254754
2021-03-10,0.0,0.0,0.0,0.0,0.0,0.0,0.0,0.0,0.0,0.022152461910786472,0.018412076293064704,0.015999037457507387,0.0,0.030155359464964726,-0.8621785127618783,0.0,-0.03426330338656713,-0.01683924872523131
2021-03-11,0.0,0.0,0.0,0.0,0.0,0.0,0.0,0.0,0.0,0.021656674057734884,0.01834918605065536,0.015690312765653382,0.0,0.029867167230541225,-0.8634863139299367,0.0,-0.03423522113373183,-0.016715124831746697
2021-03-12,0.0,0.0,0.0,0.0,0.0,0.0,0.0,0.0,0.0,0.02198416583477426,0.018331252864621745,0.015804508945499195,0.0,0.029893607829129785,-0.8644645648635605,0.0,-0.03281867035607394,-0.016703229306340467
2021-03-15,0.0,0.0,0.0,0.0,0.0,0.0,0.0,0.0,0.0,0.021839717408175124,0.01825880044771802,0.015809912027131282,0.0,0.029834236477225353,-0.8645320663928421,0.0,-0.03292511680136737,-0.01680015044554073
2021-03-16,0.0,0.0,0.0,0.0,0.0,0.0,0.0,0.0,0.0,0.021330912622939062,0.017613475062657837,0.015337294629492527,0.0,0.029163412479795703,-0.8679304237489917,0.0,-0.032269966107719886,-0.01635451534840339
2021-03-17,0.030797543036816748,0.0,0.0,0.0,0.0,0.0,0.0,0.0,0.0,0.0,0.017543175113035367,0.015245017772011826,0.0,0.0290958844590396,-0.8591030066705847,0.0,-0.0319738503879429,-0.016241522560568742
2021-03-18,0.02869471733210599,0.0,0.0,0.0,0.0,0.0,0.0,0.0,0.0,0.0,0.017582341943160877,0.014860009794824415,0.0,0.02932443557076687,-0.8637748783894966,0.0,-0.03196859522824752,-0.013795021741397642
2021-03-19,0.02855106680790092,0.0,0.0,0.0,0.0,0.0,0.0,0.0,0.0,0.0,0.017652055025251145,0.014819687607595132,0.0,0.02930022747872635,-0.8643614151809106,0.0,-0.03172731488343353,-0.013588233016182423
2021-03-22,0.028540932688818917,0.0,0.0,0.0,0.0,0.0,0.0,0.0,0.0,0.0,0.017414652523210623,0.01492073488792554,0.0,0.02951764650831971,-0.8648251497271351,0.0,-0.031160071427006896,-0.013620812237583105
2021-03-23,0.02840930896659058,0.0,0.0,0.0,0.0,0.0,0.0,0.0,0.0,0.0,0.016634236416465786,0.014573197198086649,0.0,0.028717554011170748,-0.8680028563524652,0.0,-0.030893041005019176,-0.012769806050201886
2021-03-24,0.028556974315833664,0.0,0.0,0.0,0.0,0.0,0.0,0.0,0.0,0.0,0.016620387021894695,0.014303344774152713,0.0,0.029101583015422174,-0.8679423133185981,0.0,-0.03097466270332186,-0.012500734850776888
2021-03-25,0.02889088054298453,0.0,0.0,0.0,0.0,0.0,0.0,0.0,0.0,0.0,0.016368673929249223,0.014311753673339674,0.0,0.029114213552039928,-0.867997970906176,0.0,-0.031070027930720983,-0.012246479465489549
2021-03-26,0.028231807061548347,0.0,0.0,0.0,0.0,0.0,-0.02692147000672145,0.0,0.0,0.0,0.01598549094754194,0.013998870642974863,0.0,0.028522490465952496,-0.8557787842275979,0.0,-0.030561086647662997,0.0
2021-03-29,0.02816788045631678,0.0,0.0,0.0,0.0,0.0,-0.026774129830273722,0.0,0.0,0.0,0.01564485094950403,0.013749579664538837,0.0,0.02835422374614164,-0.8567188353193576,0.0,-0.03059050003386749,0.0
2021-03-30,0.028237334599468252,0.0,0.0,0.0,0.0,0.0,-0.02627201442501439,0.0,0.0,0.0,0.01555410037501518,0.013703322730443689,0.0,0.028357543153213954,-0.8574498046322012,0.0,-0.03042588008464318,0.0
2021-03-31,0.027233566821382168,0.0,-0.06586644047440254,0.0,0.0,0.0,0.0,0.0,0.0,0.0,0.01520058280230118,0.013254240933112348,0.0,0.027522746424377863,-0.8215354963383403,0.0,-0.029386926206083686,0.0
2021-04-01,0.026953589759554433,0.0,-0.06574237170648073,0.0,0.0,0.0,0.0,0.0,0.0,0.0,0.01521912198752316,0.013248334328971932,0.0,0.027000436011957882,-0.823361989536461,0.0,-0.028474156669050836,0.0
2021-04-05,0.028584489877387664,0.0,0.0,0.0,0.0,0.0,0.0,0.0,0.0,0.0,0.01614998614220563,0.014057006848034449,0.0,0.028323507336158613,-0.8710621553922413,0.0,-0.03023389636920748,-0.011588958034764795
2021-04-06,0.028958737242231882,0.0,0.0,0.0,0.0,0.0,0.0,0.0,0.0,0.0,0.016303107028788257,0.014168479739205979,0.0,0.028175003960342275,-0.8705949395128444,0.0,-0.030099827316819643,-0.011699905199767633
2021-04-07,0.02897575981636434,0.0,0.0,0.0,0.0,0.0,0.0,0.0,0.0,0.0,0.016351932931566903,0.014076272378642658,0.0,0.02850838649798046,-0.8699185271338511,0.0,-0.030130556152735157,-0.012038565088859424
2021-04-08,0.0286724614410644,0.0,0.0,0.0,0.0,0.0,0.0,0.0,0.0,0.0,0.017264368252554074,0.01403033882889341,0.0,0.02834067665527234,-0.8694732327344749,0.0,-0.030379764340158582,-0.011839157747582329
2021-04-09,0.028839962664857617,0.0,0.0,0.0,0.0,0.0,0.0,0.0,0.0,0.0,0.017359448402877176,0.014279470152827049,0.0,0.028474456895047483,-0.8685084770093527,0.0,-0.030646119109936382,-0.011892065765101522
2021-04-12,0.02786434611563325,0.0,0.0,0.0,0.0,0.0,0.0,0.0,0.0,0.019993015060532564,0.01686822475784224,0.013797312064409642,-0.054768004345082645,0.0,-0.8370764781607469,0.0,-0.02963261949575279,0.0
2021-04-13,0.02911449393055532,0.0,0.0,0.0,0.0,0.0,-0.029609937016906746,0.0,0.0,0.02076829921811339,0.01739583692173802,0.014272609428849137,0.0,0.0,-0.858413407105824,0.0,-0.030425416378013215,0.0
2021-04-14,0.0287328891415626,0.0,0.0,0.0,0.0,0.0,-0.029481035306637315,0.0,0.0,0.0,0.01737188405062209,0.01421095170331382,0.0,0.028882068209991087,-0.8511619461957362,0.0,-0.03015922539213705,0.0
2021-04-15,0.02880022782408848,0.0,0.0,0.0,0.0,0.0,-0.028859260006492207,0.0,0.0,0.0,0.017533602492764835,0.014264650522631974,0.0,0.02894147202923975,-0.8518003457355006,0.0,-0.029800441389282187,0.0
2021-04-16,0.02906940007374758,0.0,0.0,0.0,0.0,0.0,-0.028729480775166055,0.0,0.0,0.0,0.01771885774189476,0.014373420090598516,0.0,0.02886120530839133,-0.851394133219572,0.0,-0.029853502790629812,0.0
2021-04-19,0.02826534020213814,0.0,0.0,0.0,0.0,0.0,0.0,0.0,0.0,0.0,0.01734269024281907,0.013940647487345241,-0.05470622956043652,0.028817827780367157,-0.8278331080188577,0.0,-0.02909415670803618,0.0
2021-04-20,0.027928897107806584,0.0,0.0,0.0,0.0,0.0,0.0,0.0,0.0,0.0,0.016883947605100185,0.013962142228809017,-0.054528186741980754,0.027948443386507475,-0.8297821446936965,0.0,-0.028966238236099454,0.0
2021-04-21,0.028375535747681695,0.0,0.0,0.0,0.0,0.0,0.0,0.0,0.0,0.0,0.017018437543339367,0.014056179017520761,-0.055363333378773374,0.0,-0.8440258293430433,0.0,-0.02954822999911796,0.011612454970523605
2021-04-22,0.028872144798674716,0.0,0.0,0.0,0.0,0.0,-0.03010185376385533,0.0,0.0,0.0,0.017528774646971983,0.014451312055395977,0.0,0.0,-0.8667760253015677,0.0,-0.03034854619280966,0.011921343240724781
2021-04-23,0.028954566074758617,0.0,0.0,0.0,0.0,0.0,-0.030321759390023885,0.0,0.0,0.0,0.017483920219813546,0.01447034316110584,0.0,0.0,-0.8662563224431178,0.0,-0.03050262254488789,0.012010466166292505
2021-04-26,0.029237237122541893,0.0,0.0,0.0,0.0,0.0,-0.030342509450836067,0.0,0.0,0.0,0.0175034009211589,0.014416890959269223,0.0,0.0,-0.8654071072287614,0.0,-0.031060993568570675,0.012031860748861941
2021-04-27,0.029235811883812822,0.0,0.0,0.0,0.0,0.0,-0.03034677057446572,0.0,0.0,0.0,0.01753398463016697,0.014447068922770763,0.0,0.0,-0.8655317449624346,0.0,-0.030904423113802513,0.012000195912546663
2021-04-28,0.029586794654125257,0.0,0.0,0.0,0.0,0.0,-0.03050731549407767,0.0,0.0,0.0,0.017707500909710936,0.014688437374759769,0.0,0.0,-0.864433387688495,0.0,-0.031043532053160888,0.012033031825670462
2021-04-29,0.02984977862125509,0.0,0.0,0.0,0.0,0.0,-0.03056231483616168,0.0,0.0,0.0,0.017797938086515055,0.014711022531791424,0.0,0.0,-0.8638499294838089,0.0,-0.031173641981512304,0.01205537445895552
2021-04-30,0.02928709264985056,0.0,0.0,0.0,0.0,0.0,0.0,0.0,0.0,0.0,0.017211783494522296,0.014240940078313863,-0.05576605350732276,0.0,-0.841813166293395,0.0,-0.03014233626264575,0.011538627713949763
2021-05-03,0.029755578195915705,0.0,0.0,0.0,0.0,0.0,0.0,0.0,0.0,0.0,0.01735042125081094,0.014448296687835609,-0.055638417521235224,0.0,-0.8411206025418723,0.0,-0.03010403927872436,0.01158264452360588
2021-05-04,0.031193709935010024,0.0,0.0,0.0,0.0,0.0,-0.030024403030918665,0.0,0.0,0.0,0.01764961959856288,0.014670338244456392,0.0,0.0,-0.8641338225784495,0.0,-0.030538462656528337,0.011789643956074212
2021-05-05,0.031268416645821265,0.0,0.0,0.0,0.0,0.0,-0.030048794109470003,0.0,0.0,0.0,0.017705633670388563,0.014690706294611307,0.0,0.0,-0.863659217970089,0.0,-0.030782911894562247,0.011844319415057467
2021-05-06,0.03045805298982442,0.0,0.0,0.0,0.0,0.0,0.0,0.0,0.0,0.0,0.01741294883005974,0.014448746477856165,-0.0553977050825642,0.0,-0.8407989832040956,0.0,-0.029955715765321723,0.011527847650278079
2021-05-07,0.03096679664046375,0.0,0.0,0.0,0.0,0.0,0.0,0.0,0.0,0.0,0.01748292722638165,0.014542188921464569,-0.05570747712397659,0.0,-0.8395302827673895,0.0,-0.03018952080951427,0.011580806510809748
2021-05-10,0.03027632849706112,0.0,0.0,0.0,0.0,0.0,0.0,0.0,0.0,0.0,0.01749414459824845,0.0,-0.05515881334583786,0.030046083403708745,-0.8257203139400907,0.0,-0.029771620411204465,0.011532695803848733
2021-05-11,0.030761800854377765,0.0,0.0,0.0,0.0,0.0,0.0,0.0,0.0,0.0,0.017689869690500494,0.014461411984902167,-0.055741541112144535,0.0,-0.8395284387868003,0.0,-0.03013115647999754,0.011685781091277091
2021-05-12,0.028415715273043343,0.0,0.0,0.0,0.0,0.0,0.0,0.0,0.0,0.0,0.017146299027178118,0.01420956475918221,-0.05563747233986491,0.0,-0.8426920227234395,0.0,-0.03017728990367492,0.011721635973616973
2021-05-13,0.027017609982440294,0.0,0.0,0.0,0.0,0.0,0.0,0.0,0.0,0.0,0.016980498865035783,0.01424256896743422,-0.05571206061405701,0.0,-0.8440536946353647,0.0,-0.03037915115408879,0.011614415781579077
2021-05-14,0.026772112736949318,0.0,0.0,0.0,0.0,0.0,0.0,0.0,0.0,0.0,0.016771785067912503,0.013973453945506633,-0.05524964904415077,0.0,-0.8451546417952426,0.0,-0.0304323830972522,0.011645974312985957
2021-05-17,0.026459025623270002,0.0,0.0,0.0,0.0,0.0,0.0,0.0,0.0,0.0,0.01660967843492618,0.013890485359427523,-0.055576756713888203,0.0,-0.8451432420989161,0.0,-0.030789524426357323,0.011531287343214744
2021-05-18,0.026013250856026512,0.0,0.0,0.0,0.0,0.0,0.0,0.0,0.0,0.0,0.016263685033434755,0.0,-0.05498239615344699,0.027687781683413827,-0.8333175534787269,0.0,-0.030418885719125602,0.011316447075825332
2021-05-19,0.026583624779181306,0.0,0.0,0.0,0.0,0.0,0.0,0.0,0.0,0.0,0.016693539441430965,0.014035859563225615,-0.05619863436306939,0.0,-0.8439491443611707,0.0,-0.03111030506617544,0.011428892425746604
2021-05-20,0.026551547807065826,0.0,0.0,0.0,0.0,0.0,0.0,0.0,0.0,0.0,0.01685889503678558,0.0,-0.056096553676513825,0.02801954291149909,-0.8297872127499558,0.0,-0.031319773172851964,0.011366474645328003
2021-05-21,0.026628528403127478,0.0,0.0,0.0,0.0,0.0,0.0,0.0,0.0,0.0,0.01688958080564968,0.0,-0.05675595413430638,0.02798817370362948,-0.8288595638442234,0.0,-0.03140590159721726,0.011472297511846186
2021-05-24,0.026878761916007965,0.0,0.0,0.0,0.0,0.0,0.0,0.0,0.0,0.0,0.01693030679668924,0.0,-0.05676807056432471,0.02801391175234385,-0.8285762370422922,0.0,-0.03145414565313621,0.011378566275205875
2021-05-25,0.027142626122319047,0.0,0.0,0.021031251380162222,0.0,0.0,0.0,0.0,0.0,0.0,0.017241733235061035,0.0,-0.056750545896945816,0.0,-0.8349444689491163,0.0,-0.031407614720512386,0.011481759695883265
2021-05-26,0.022776407434814242,0.0,0.0,0.017931877796476883,0.0,0.0,0.0,0.0,0.0,0.0,0.014748618647366686,0.0,-0.05218980311402703,0.0,-0.8558223386136515,0.0,-0.02696103916853794,0.009569915225125953
2021-05-27,0.018849065093643803,0.0,0.0,0.0,0.0,0.0,0.0,0.0,0.0,0.0,0.012133264192447216,0.010309441748065723,-0.04626774440130392,0.0,-0.8790166665893533,0.0,-0.02543741573211003,0.00798640224307591
2021-05-28,0.01889702987299635,0.0,0.0,0.0,0.0,0.0,0.0,0.0,0.0,0.0,0.01254883766978458,0.010596408709613795,-0.04612669909017146,0.0,-0.8778361526368853,0.0,-0.025994513350785113,0.008000358669763376
2021-06-01,0.019071469313754398,0.0,0.0,0.0,0.0,0.0,0.0,0.0,0.0,0.0,0.012518243526193292,0.010760995329675978,-0.04611705244589939,0.0,-0.8775758151762931,0.0,-0.025972842246193856,0.007983581961989958
2021-06-02,0.018010665410092216,0.0,0.0,0.0,0.0,0.0,0.0,0.0,0.0,0.0,0.011818142552996116,0.010336144712490171,-0.04477081781066036,0.0,-0.8825089973619689,0.0,-0.024959676162942493,0.0075955559888497785
2021-06-03,0.0186295810289781,0.0,0.0,0.0,0.0,0.0,0.0,0.0,0.0,0.0,0.012161058001667068,0.010998989376601803,-0.04695184292946618,0.0,-0.8777169822504516,0.0,-0.025564632766213895,0.007976913646621413
2021-06-04,0.01916727844474093,0.0,0.0,0.0,0.0,0.0,0.0,0.0,0.0,0.0,0.012668981377086786,0.011273398440872044,-0.04679219253563596,0.0,-0.8765053186768419,0.0,-0.025346245884743813,0.008246584640078672
2021-06-07,0.01906450122015306,0.0,0.0,0.0,0.0,0.0,0.0,0.0,0.0,0.0,0.012560175265284258,0.010996894193186047,-0.04818997898184613,0.0,-0.8760545697199673,0.0,-0.024999844463654743,0.00813403615590841
2021-06-08,0.01916387658914576,0.0,0.0,0.0,0.0,0.0,0.0,0.0,0.0,0.0,0.01259589267336259,0.011393868673899254,-0.049550685241553497,0.0,-0.8734394070835515,0.0,-0.025681640849690365,0.00817462888879705
2021-06-09,0.0190549530976488,0.0,0.0,0.0,0.0,0.0,0.0,0.0,0.0,0.0,0.012736474132729669,0.011345860789446978,-0.04939821155011773,0.0,-0.874144370607802,0.0,-0.025195548278847152,0.008124581543407568
2021-06-10,0.019325360700518712,0.0,0.0,0.0,0.0,0.0,0.0,0.0,0.0,0.0,0.012906720813545323,0.011953629552029648,-0.04979754069761995,0.0,-0.8719495508562762,0.0,-0.025753715558119068,0.008313481821891101
2021-06-11,0.019260699212436155,0.0,0.0,0.0,0.0,0.0,0.0,0.0,0.0,0.0,0.012950304175490568,0.011901404155334814,-0.054833035429328054,0.0,-0.8647669416136454,0.0,-0.02797177050826704,0.008315844905497983
2021-06-14,0.020013730345300032,0.0,0.0,0.0,0.0,0.0,0.0,0.0,0.0,0.0,0.013160047183027653,0.012146134083451136,-0.05541642415200921,0.0,-0.8625315215954551,0.0,-0.028262974939179182,0.008469167701577724
2021-06-15,0.019782182134306766,0.0,0.0,0.0,0.0,0.0,0.0,0.0,0.0,0.0,0.013379497490449754,0.0122308798096402,-0.05560007828429146,0.0,-0.8621035963432976,0.0,-0.02841849052937813,0.00848527540863624
2021-06-16,0.02191091615191715,0.0,0.0,0.0,0.0,0.0,0.0,0.0,0.0,0.0,0.01487757595310162,0.01359035083055476,-0.06117040189909257,0.0,-0.8471387669921704,0.0,-0.03190580461910013,0.00940618355406348
2021-06-17,0.023915126506973104,0.0,0.0,0.0,0.0,0.0,-0.02426552297318965,0.0,0.0,0.0,0.01540551266044923,0.01487339904333985,0.0,0.0,-0.8780030626227145,0.0,-0.032579398463841,0.01095797772949237
2021-06-18,0.024811321953095634,0.0,0.0,0.0,0.0,0.0,-0.02602265171367564,0.0,0.0,0.0,0.015985166187493086,0.015932896155155998,0.0,0.0,-0.8719354501994878,0.0,-0.03332961206005965,0.011982901731032303
2021-06-21,0.024523676287829924,0.0,0.0,0.0,0.0,0.0,-0.02586293833287788,0.0,0.0,0.0,0.01595968414612191,0.015862016890983505,0.0,0.0,-0.8733870430702171,0.0,-0.03240750586011167,0.011997135411858107
2021-06-22,0.02552125054763319,0.0,0.0,0.0,0.0,0.0,-0.026702819167924302,0.0,0.0,0.0,0.017547440339420163,0.017024981809194904,0.0,0.0,-0.8660850799147496,0.0,-0.03366985321482789,0.013448575006250105
2021-06-23,0.02655669272737618,0.0,0.0,0.0,0.0,0.0,-0.027615034572474658,0.0,0.0,0.0,0.018319591462194137,0.01840903248413874,0.0,0.0,-0.8594526933092219,0.0,-0.03485269164150543,0.014794263803088896
2021-06-24,0.02665133376058714,0.0,0.0,0.0,0.0,0.0,-0.027604128316033188,0.0,0.0,0.0,0.018686969802670976,0.01850785105939127,0.0,0.0,-0.8577885950649128,0.0,-0.03520200508527291,0.015559116911131717
2021-06-25,0.026829668122605597,0.0,0.0,0.0,0.0,0.0,-0.027593666746224193,0.0,0.0,0.0,0.01904913919979616,0.018629412545089836,0.0,0.0,-0.8570275030418555,0.0,-0.03459861430240052,0.016271996042028256
2021-06-28,0.027067099717166976,0.0,0.0,0.0,0.0,0.0,-0.02819705128252111,0.0,0.0,0.0,0.019657422132434293,0.019624841044547533,0.0,0.0,-0.8544347737077663,0.0,-0.03479326233841184,0.016225549777151883
2021-06-29,0.02681780829361325,0.0,0.0,0.0,0.0,0.0,-0.02877539198685531,0.0,0.0,0.0,0.019847169183117668,0.01981048807707531,0.0,0.0,-0.8534080234046738,0.0,-0.03488143133036917,0.01645968772429545
2021-06-30,0.02670957439927656,0.0,0.0,0.0,0.0,0.0,-0.029216462450813743,0.0,0.0,0.0,0.019746600913780242,0.020228486543100735,0.0,0.0,-0.8526757435008218,0.0,-0.03485581358866274,0.016567318603544157
2021-07-01,0.02709286108376325,0.0,0.0,0.0,0.0,0.0,-0.029677425971365794,0.0,0.0,0.0,0.01977860114065191,0.020372820032487877,0.0,0.0,-0.8498039066362534,0.0,-0.03627882261845819,0.016995562517019475
2021-07-02,0.027346822405449972,0.0,0.0,0.0,0.0,0.0,-0.029931555562687187,0.0,0.0,0.0,0.01990356719198961,0.020560888427157486,0.0,0.0,-0.8470495637981851,0.0,-0.036753521282882354,0.018454081331648317
2021-07-06,0.027713458893540537,0.0,0.0,0.0,0.0,0.0,-0.03024588151971007,0.0,0.0,0.0,0.01973060200485316,0.0205925154926062,0.0,0.0,-0.847081417089403,0.0,-0.036479253143455494,0.018156871856431417
2021-07-07,0.027578916061176163,0.0,0.0,0.0,0.0,0.0,-0.030254763629474022,0.0,0.0,0.0,0.01978751841654121,0.02095747545925185,0.0,0.0,-0.8472938425169428,0.0,-0.0365409301736229,0.017586553742991035
2021-07-08,0.027664028488309247,0.0,0.0,0.0,0.0,0.0,-0.030833048633517622,0.0,0.0,0.0,0.019833276174583473,0.02120311566733611,0.0,0.0,-0.8458445515273132,0.0,-0.0370513083764381,0.017570671132502345
2021-07-09,0.027361325681306666,0.0,0.0,0.0,0.0,0.0,-0.031119837012854947,0.0,0.0,0.0,0.01939498055083713,0.020860700642669493,0.0,0.0,-0.847894484023206,0.0,-0.03585856379616161,0.017510108292964167
2021-07-12,0.027184393321687535,0.0,0.0,0.0,0.0,0.0,-0.03127691551104997,0.0,0.0,0.0,0.01938035748298682,0.020929149603270445,0.0,0.0,-0.847891558206526,0.0,-0.03584011579546954,0.017497510079009862
2021-07-13,0.02818648092023722,0.0,0.0,0.0,0.0,0.0,-0.03268196593324768,0.0,0.0,0.0,0.01982641648009328,0.021382796760062224,0.0,0.0,-0.842725610768531,0.0,-0.0370726713545768,0.018124057783251827
2021-07-14,0.029131531830145926,0.0,0.0,0.0,0.0,0.0,-0.03350395681284367,0.0,0.0,0.0,0.02053886466775571,0.02169891956829847,0.0,0.0,-0.8383400990763428,0.0,-0.0378176162478307,0.018969011796782675
2021-07-15,0.028709630320383317,0.0,0.0,0.0,0.0,0.0,-0.03396445759624655,0.0,0.0,0.03267927533516164,0.02022511014890259,0.0,0.0,0.0,-0.8278327739823506,0.0,-0.03808053201325596,0.018508220603699384
2021-07-16,0.0286135833652378,0.0,0.0,0.0,0.0,0.0,-0.033668537747939216,0.0,0.0,0.03247261409351413,0.020056250941069276,0.0,0.0,0.0,-0.8281346383861286,0.0,-0.03852723165092993,0.018527143815181
2021-07-19,0.02864418092078946,0.0,0.0,0.0,0.0,0.0,-0.03434887839831085,0.0,0.0,0.03287515998540203,0.020065940537649672,0.0,0.0,0.0,-0.8311211062017293,0.0,-0.036897764234328854,0.016046969721789893
2021-07-20,0.028753799170217594,0.0,0.0,0.0,0.0,0.0,-0.035181277822342906,0.0,0.0,0.0,0.02032415069673012,0.02157897079464052,0.0,0.0,-0.8405675857288254,0.0,-0.037159406637991464,0.016434809149252036
2021-07-21,0.02906848902631922,0.0,0.0,0.0,0.0,0.0,-0.03569651070442642,0.0,0.0,0.0,0.02058572717713967,0.021950331460033667,0.0,0.0,-0.8401139585864995,0.0,-0.036358283928001854,0.016226699117579645
2021-07-22,0.029256612345290693,0.0,0.0,0.0,0.0,0.0,-0.0359024707364801,0.0,0.0,0.0,0.02032268098432217,0.021791985180468307,0.0,0.0,-0.8405004007043203,0.0,-0.03609065602367605,0.016135194025442327
2021-07-23,0.028946983366421663,0.0,0.0,0.0,0.0,0.0,-0.03541652311662516,0.0,0.0,0.03289396337378022,0.02034316354262895,0.0,0.0,0.0,-0.8311292511253474,0.0,-0.03535289692710403,0.015917218548092617
2021-07-26,0.028887286597861085,0.0,0.0,0.0,0.0,0.0,-0.03541824916174362,0.0,0.0,0.032951833581165824,0.020310099414595086,0.0,0.0,0.0,-0.8311907681011425,0.0,-0.03531116004829569,0.01593060309519619
2021-07-27,0.029017175475303986,0.0,0.0,0.0,0.0,0.0,-0.03551910598112964,0.0,0.0,0.032653645137667595,0.020320576621111794,0.0,0.0,0.0,-0.831009241349663,0.0,-0.0354243961472141,0.016055859287909896
2021-07-28,0.029221330960148048,0.0,0.0,0.0,0.0,0.0,-0.03577283308013411,0.0,0.0,0.0,0.020406398483295556,0.021672171030921308,0.0,0.0,-0.840955940186352,0.0,-0.03574625102684771,0.016225075232301343
2021-07-29,0.029066409064604535,0.0,0.0,0.0,0.0,0.0,-0.035261325909205325,0.0,0.0,0.0,0.020275069751666035,0.021636772673860813,0.0,0.0,-0.8420614968312943,0.0,-0.035533179101527534,0.01616574666784139
2021-07-30,0.12203273006660749,0.0,-0.34025854125361443,0.0,0.0,0.0,-0.1458640491343283,0.0,0.0,0.0,0.08482739717296413,0.09072395390993006,0.0,0.0,0.0,0.0,-0.14781213284230976,0.06848119562024595
2021-08-02,0.029551733374225602,0.0,0.0,0.0,0.0,0.0,-0.036039290660609936,0.0,0.0,0.0,0.020651521782512134,0.021981146035240783,0.0,0.0,-0.8400137439509581,0.0,-0.035538072359137085,0.016224491837316352
2021-08-03,0.029098969155079084,0.0,0.0,0.0,0.0,0.0,-0.035805071438957635,0.0,0.035126320279676916,0.0,0.020310569562890974,0.0,0.0,0.0,-0.8283693144033942,0.0,-0.035173597163539246,0.0161161579964619
2021-08-04,0.11475028067097004,0.0,-0.3283912170519776,0.0,0.0,0.0,-0.1412846719493259,0.0,0.13678974765593224,0.0,0.07880029566596132,0.0,0.0,0.0,0.0,0.0,-0.13850656130351827,0.0614772257023146
2021-08-05,0.11268920077176114,0.0,-0.3300487762976053,0.0,0.0,0.0,-0.14550200229185675,0.0,0.13654448196979413,0.0,0.07751525104715068,0.0,0.0,0.0,0.0,0.0,-0.1369962968798712,0.06070399074196066
2021-08-06,0.11516081071477366,0.0,-0.3297565067694877,0.0,0.0,0.0,-0.13866893559340904,0.0,0.13992645013052507,0.0,0.0792546907401999,0.0,0.0,0.0,0.0,0.0,-0.13535634863051096,0.06187625742109371
2021-08-09,0.11758181116276464,0.0,0.0,0.0,0.0,0.0,-0.13576849651396922,0.0,0.14157606383233198,0.0,0.08093243723252833,0.0,-0.32350572810047273,0.0,0.0,0.0,-0.13871469729851593,0.06192076585941719
2021-08-10,0.11820006846386966,0.0,0.0,0.0,0.0,0.0,-0.13502914207899594,0.0,0.14331235837180328,0.0,0.08046210550376115,0.0,-0.3238469249514785,0.0,0.0,0.0,-0.13818434137187666,0.06096505925821488
2021-08-11,0.12815132121477207,0.0,0.0,0.0,0.0,0.0,-0.12732677294767403,0.0,0.0,0.15442875022076777,0.08027717697709073,0.0,-0.3172201397931339,0.0,0.0,0.0,-0.13440983624071337,0.05818600260584806
2021-08-12,0.03703303487262477,0.0,0.0,0.0,0.0,0.0,-0.03386747189587256,0.0,0.03928036893926211,0.0,0.021815560327572325,0.0,0.0,0.0,-0.816539531306338,0.0,-0.03562678809077537,0.015837244567554688
2021-08-13,0.0376335863599076,0.0,0.0,0.0,0.0,0.0,-0.03338659743194324,0.0,0.04027137941384604,0.0,0.022263772149734188,0.0,0.0,0.0,-0.8155572344251079,0.0,-0.035000560743261924,0.01588686947619909
2021-08-16,0.13712325225678473,0.0,-0.3277402445231181,0.0,0.0,0.0,-0.12284864681490533,0.0,0.14629091250439463,0.0,0.08084081142893268,0.0,0.0,0.0,0.0,0.0,-0.12728074740314854,0.05787538506871597
2021-08-17,0.13615496587527226,0.0,-0.32783798071311615,0.0,0.0,0.0,-0.12268233918000615,0.0,0.147491748237628,0.0,0.08078998855600387,0.0,0.0,0.0,0.0,0.0,-0.1272089122833932,0.05783406515458034
2021-08-18,0.13500167998399643,0.0,-0.33013225665296986,0.0,0.0,0.0,-0.12274675049488219,0.0,0.14540242300423065,0.0,0.08084064609231899,0.0,0.0,0.0,0.0,0.0,-0.12746322945003882,0.05841301432156296
2021-08-19,0.1230554129934692,0.0,-0.3360177631096446,0.0,0.0,0.0,-0.1242816614100227,0.0,0.14716799359466226,0.0,0.08115675432957435,0.0,0.0,0.0,0.0,0.0,-0.128870889767978,0.05944952479464894
2021-08-20,0.11877626151188772,0.0,-0.33830727558612944,0.0,0.0,0.0,-0.12513106389205045,0.0,0.1476697358602259,0.0,0.08072360322150308,0.0,0.0,0.0,0.0,0.0,-0.1297897632492983,0.05960229667890525
2021-08-23,0.12034642794197448,0.0,-0.3360048378188041,0.0,0.0,0.0,-0.12442984176190904,0.0,0.14938109146288178,0.0,0.08106794010651328,0.0,0.0,0.0,0.0,0.0,-0.13139386566415986,0.0573759952437576
2021-08-24,0.1211930352222951,0.0,-0.3381019027656261,0.0,0.0,0.0,-0.12491529524042866,0.0,0.14898528997625182,0.0,0.08092613867048865,0.0,0.0,0.0,0.0,0.0,-0.13019805517185282,0.055680282953057075
2021-08-25,0.1217834456399377,0.0,-0.3380330382367285,0.0,0.0,0.0,-0.12442215844455397,0.0,0.148884607937057,0.0,0.0823023463537247,0.0,0.0,0.0,0.0,0.0,-0.12894148413534975,0.05563291925264832
2021-08-26,0.12168425857928353,0.0,-0.3379289088674683,0.0,0.0,0.0,-0.12435425120135978,0.0,0.1485019881481775,0.0,0.08265707296669654,0.0,0.0,0.0,0.0,0.0,-0.12926927754794554,0.055604242689068786
2021-08-27,0.03317135799805068,0.0,0.0,0.0,0.0,0.0,-0.03320058987252275,0.0,0.040197467646921,0.0,0.021847649543188408,0.0,0.0,0.0,-0.8211470813915916,0.0,-0.0352747885369383,0.015161065010787211
2021-08-30,0.12340888576111844,0.0,-0.3360641469675412,0.0,0.0,0.0,-0.12269074299188856,0.0,0.14880175153863173,0.0,0.08194122996007604,0.0,0.0,0.0,0.0,0.0,-0.1305554322142161,0.05653781056652781
2021-08-31,0.12366929713190898,0.0,-0.33588284385145667,0.0,0.0,0.0,-0.12307167703695722,0.0,0.14888077447648448,0.0,0.082202645824897,0.0,0.0,0.0,0.0,0.0,-0.12963334415736885,0.05665941752092671
2021-09-01,0.12270702422738552,0.0,-0.33633115817349735,0.0,0.0,0.0,-0.12693115730301605,0.0,0.1475216804508124,0.0,0.08158065002699492,0.0,0.0,0.0,0.0,0.0,-0.12880249801944366,0.0561258317988501
2021-09-02,0.12737705684813727,0.0,-0.36309973842228976,0.0,0.0,0.0,-0.13431961988444888,0.0,0.0,0.0,0.08499383636369985,0.09549865831599567,0.0,0.0,0.0,0.0,-0.13668397970541848,0.05802711046001016
2021-09-03,0.1276995802897257,0.0,-0.3634101852084629,0.0,0.0,0.0,-0.1328264023038911,0.0,0.0,0.0,0.08556753989284076,0.0970362787232163,0.0,0.0,0.0,0.0,-0.13541547327456144,0.058044540307301905
2021-09-07,0.12834923968983766,0.0,-0.3591985539404008,0.0,0.0,0.0,-0.12994884566422382,0.0,0.0,0.0,0.08748378518367915,0.0989630685805429,0.0,0.0,0.0,0.0,-0.13699643724314797,0.05906006969816772
2021-09-08,0.12805183138039242,0.0,-0.3614767792715863,0.0,0.0,0.0,-0.12963000902655758,0.0,0.0,0.0,0.08707026813857906,0.09781177305509517,0.0,0.0,0.0,0.0,-0.13714215287980086,0.05881718624798863
2021-09-09,0.1293201232615885,0.0,-0.3586118829265577,0.0,0.0,0.0,-0.1303079239358233,0.0,0.0,0.0,0.08839218430792613,0.09832516881357903,0.0,0.0,0.0,0.0,-0.13627408300373797,0.058768633750787426
2021-09-10,0.1303538902207728,0.0,-0.35791817451289476,0.0,0.0,0.0,-0.13159306224459372,0.0,0.0,0.0,0.08851824660568201,0.09850850731979768,0.0,0.0,0.0,0.0,-0.13490162670880898,0.05820649238745002
2021-09-13,0.1304550203167225,0.0,-0.3570601017368348,0.0,0.0,0.0,-0.131832860467146,0.0,0.0,0.0,0.08831995093862997,0.09857401726703958,0.0,0.0,0.0,0.0,-0.1357058272571476,0.058052222016479436
2021-09-14,0.12683416145867113,0.0,-0.3422726550449139,0.0,0.0,0.0,-0.12511150034884347,0.0,0.0,0.0,0.08345399101738495,0.0,0.0,0.13918499482940572,0.0,0.0,-0.12762760054364322,0.055515096757137686
2021-09-15,0.12888995682616744,0.0,-0.37125652513785645,0.0,0.0,0.0,-0.13212764577983596,0.0,0.0,0.0,0.08508038806491196,0.09556901531264561,0.0,0.0,0.0,0.0,-0.13088242460312652,0.05619404427545605
2021-09-16,0.11811968824548302,0.0,-0.341700189950654,0.0,0.0,0.0,-0.1266440728448653,0.0,0.0,0.1622374773096296,0.07888883633764346,0.0,0.0,0.0,0.0,0.0,-0.1211132755409243,0.05129645977080018
2021-09-17,0.1321380333608466,0.0,-0.3590609268960511,0.0,0.0,0.0,-0.13627236381500857,0.0,0.0,0.0,0.08839043524935779,0.09460802837152905,0.0,0.0,0.0,0.0,-0.13456401242157434,0.05496619988563258
2021-09-20,0.12330407911736481,0.0,-0.33625097922767705,0.0,0.0,0.0,-0.1287376608715748,0.0,0.0,0.14836303587420985,0.08359601686848082,0.0,0.0,0.0,0.0,0.0,-0.12828327046089139,0.05146495757980127
2021-09-21,0.1300365954096965,0.0,-0.3590940694857526,0.0,0.0,0.0,-0.13708933136206175,0.0,0.0,0.0,0.08948131408101109,0.09217449845546972,0.0,0.0,0.0,0.0,-0.13711221541106494,0.055011975794943296
2021-09-22,0.1287915672475945,0.0,-0.3613147322220888,0.0,0.0,0.0,-0.13740896302984199,0.0,0.0,0.0,0.08881577294889749,0.09132574635680155,0.0,0.0,0.0,0.0,-0.1374332848246411,0.05490993337013471
2021-09-23,0.13118962341626614,0.0,-0.3648069591040665,0.0,0.0,0.0,-0.13712165030347856,0.0,0.0,0.0,0.08942490111847813,0.09174327651881584,0.0,0.0,0.0,0.0,-0.13033197427415164,0.05538161526474308
2021-09-24,0.1325784839170302,0.0,-0.3602964790485709,0.0,0.0,0.0,-0.13811736877342845,0.0,0.0,0.0,0.08995397992847082,0.0920793231115498,0.0,0.0,0.0,0.0,-0.1312797223939398,0.055694642827009956
2021-09-27,0.1326692176278177,0.0,-0.3606379322213747,0.0,0.0,0.0,-0.13808284080033018,0.0,0.0,0.0,0.08887307030424049,0.09170502638843608,0.0,0.0,0.0,0.0,-0.13251288511558865,0.05551902754221218
2021-09-28,0.12738848850409762,0.0,-0.3353597154100588,0.0,0.0,0.0,-0.1318821419419371,0.0,0.14575656640210202,0.0,0.08399447298513098,0.0,0.0,0.0,0.0,0.0,-0.12277815844413985,0.05284045631253377
2021-09-29,0.12865799016905483,0.0,-0.327324596548112,0.0,0.0,0.0,-0.1336115206505662,0.0,0.1475006211304693,0.0,0.08497980467058198,0.0,0.0,0.0,0.0,0.0,-0.12446106169778264,0.05346440513343306
2021-09-30,0.13021386366796958,0.0,-0.3266575091362813,0.0,0.0,0.0,-0.13052046509817997,0.0,0.14553608604128118,0.0,0.08627801040410979,0.0,0.0,0.0,0.0,0.0,-0.12632659813360836,0.05446746751856972
2021-10-01,0.13140178614914697,0.0,-0.3285091187789238,0.0,0.0,0.0,-0.13144988017187528,0.0,0.1424725573553724,0.0,0.08554074466588489,0.0,0.0,0.0,0.0,0.0,-0.12616841308826895,0.05445749979052766
2021-10-04,0.13075169924359795,0.0,-0.3273906880747993,0.0,0.0,0.0,-0.13085153574503713,0.0,0.1430329611794703,0.0,0.08642828612128317,0.0,0.0,0.0,0.0,0.0,-0.12736752357544895,0.054177306060363147
2021-10-05,0.1316204788857126,0.0,-0.3260137973416047,0.0,0.0,0.0,-0.13100039590314771,0.0,0.14233804992985852,0.0,0.08691661139791057,0.0,0.0,0.0,0.0,0.0,-0.12745277716413142,0.05465788937763448
2021-10-06,0.13148973991644938,0.0,-0.32732330495719436,0.0,0.0,0.0,-0.13023495774907567,0.0,0.14374757557285833,0.0,0.08683836248850826,0.0,0.0,0.0,0.0,0.0,-0.12659362303751567,0.05377243627839826
2021-10-07,0.13264943336569715,0.0,-0.324691582892121,0.0,0.0,0.0,-0.12907238459313225,0.0,0.14579070970945,0.0,0.08775083941646995,0.0,0.0,0.0,0.0,0.0,-0.12685216840302826,0.053192881620101294
2021-10-08,0.13319093948541413,0.0,-0.32350023603744354,0.0,0.0,0.0,-0.12928204342571814,0.0,0.14634409298617665,0.0,0.0879485455892171,0.0,0.0,0.0,0.0,0.0,-0.12644073787116747,0.05329340460486302
2021-10-11,0.13403253617841482,0.0,-0.3200566271200558,0.0,0.0,0.0,-0.1293136044421725,0.0,0.1461654132680553,0.0,0.08987333321121142,0.0,0.0,0.0,0.0,0.0,-0.12715165077035934,0.053406835009730966
2021-10-12,0.13233808273851788,0.0,-0.3293081411886605,0.0,0.0,0.0,-0.12884132590805025,0.0,0.14391576382057863,0.0,0.08911903686117367,0.0,0.0,0.0,0.0,0.0,-0.12290370431222279,0.05357394517079633
2021-10-13,0.13448342824479242,0.0,-0.3223374840628009,0.0,0.0,0.0,-0.12612002742027456,0.0,0.14634791915522408,0.0,0.0906167119252257,0.0,0.0,0.0,0.0,0.0,-0.125348625061782,0.05474580412990029
2021-10-14,0.13578406593586984,0.0,-0.3211172575544778,0.0,0.0,0.0,-0.12782946034086998,0.0,0.14316728318192448,0.0,0.0915580035109148,0.0,0.0,0.0,0.0,0.0,-0.12567658393040207,0.054867345545541145
2021-10-15,0.13669808983406853,0.0,-0.3112404165629408,0.0,0.0,0.0,-0.12172520416801157,0.0,0.1472150033678791,0.0,0.09260468333098064,0.0,0.0,0.0,0.0,0.0,-0.1297236721271836,0.06079293060893557
2021-10-18,0.1395770169573267,0.0,-0.30634962791410625,0.0,0.0,0.0,-0.11965714067402092,0.0,0.1501707574948394,0.0,0.09586277527879715,0.0,0.0,0.0,0.0,0.0,-0.12847145211013,0.059911229570779496
2021-10-19,0.13917177424621352,0.0,-0.30509973382989203,0.0,0.0,0.0,-0.11920150208761167,0.0,0.15015795990875316,0.0,0.0972074108547668,0.0,0.0,0.0,0.0,0.0,-0.127536422599367,0.061625196473395843
2021-10-20,0.13927151630517914,0.0,-0.30437024468714663,0.0,0.0,0.0,-0.11811339424571413,0.0,0.14851958281866945,0.0,0.0995170087905444,0.0,0.0,0.0,0.0,0.0,-0.12836206633988656,0.061846186812859784
2021-10-21,0.13974083948813437,0.0,-0.3012838244741072,0.0,0.0,0.0,-0.11858887860340987,0.0,0.14948902033241068,0.0,0.09986318288493472,0.0,0.0,0.0,0.0,0.0,-0.12936213886369466,0.061672115353308465
2021-10-22,0.1413477067164324,0.0,-0.2971683392659693,0.0,0.0,0.0,-0.11909766985210259,0.0,0.1508201746333263,0.0,0.10115822591704748,0.0,0.0,0.0,0.0,0.0,-0.12837108998134422,0.06203679363377752
2021-10-25,0.14067842320344684,0.0,-0.299085648939374,0.0,0.0,0.0,-0.11797632851018779,0.0,0.15007168792315576,0.0,0.1007241852588706,0.0,0.0,0.0,0.0,0.0,-0.12970920793133595,0.06175451823362914
2021-10-26,0.14122961451936325,0.0,-0.29983247256149637,0.0,0.0,0.0,-0.11769820575295127,0.0,0.15019841000481696,0.0,0.1007938443083863,0.0,0.0,0.0,0.0,0.0,-0.12856097015484352,0.06168648269814228
2021-10-27,0.1439551548181577,0.0,-0.3021882697803937,0.0,0.0,0.0,-0.12043554274741958,0.0,0.14761060533861586,0.0,0.09923575501591766,0.0,0.0,0.0,0.0,0.0,-0.12525519474969338,0.061319477549802215
2021-10-28,0.14387064386443096,0.0,-0.3023959754186548,0.0,0.0,0.0,-0.12159363218214068,0.0,0.14662952340829527,0.0,0.0982279544982238,0.0,0.0,0.0,0.0,0.0,-0.1258402338718925,0.06144203675636195
2021-10-29,0.14409562525294972,0.0,-0.2972577285826484,0.0,0.0,0.0,-0.12123502066393325,0.0,0.14743258863516856,0.0,0.09908986265952828,0.0,0.0,0.0,0.0,0.0,-0.12745889461549487,0.06343027959027708
2021-11-01,0.14533343603147802,0.0,-0.3003030977958776,0.0,0.0,0.0,-0.12066064308565258,0.0,0.14811460189510878,0.0,0.09557804721396158,0.0,0.0,0.0,0.0,0.0,-0.12655787531533946,0.06345229866258198
2021-11-02,0.14793162445244537,0.0,-0.30503114741689813,0.0,0.0,0.0,-0.12308599087469996,0.0,0.0,0.12720381610792547,0.10032481179694841,0.0,0.0,0.0,0.0,0.0,-0.1288931757855498,0.06752943356553302
2021-11-03,0.1512379428140824,0.0,-0.3053848575322201,0.0,0.0,0.0,-0.12263534958539105,0.0,0.0,0.12722413084626916,0.10082670536397174,0.0,0.0,0.0,0.0,0.0,-0.12797764962709968,0.0647133642309658
2021-11-04,0.1444772601343469,0.0,-0.30245790927578037,0.0,0.0,0.0,-0.12357868953330726,0.0,0.14713450063071784,0.0,0.09643266154886732,0.0,0.0,0.0,0.0,0.0,-0.12415905244418927,0.06175992643279102
2021-11-05,0.144862020058403,0.0,-0.2983474259927582,0.0,0.0,0.0,-0.12770621949654393,0.0,0.14843393661329282,0.0,0.095917732936739,0.0,0.0,0.0,0.0,0.0,-0.122602162497265,0.06213050240499811
2021-11-08,0.14474740962753843,0.0,-0.2989966825721059,0.0,0.0,0.0,-0.12708494446824337,0.0,0.14847227386698944,0.0,0.09577975727037716,0.0,0.0,0.0,0.0,0.0,-0.12238777491153678,0.06253115728320884
2021-11-09,0.14760884843438815,0.0,-0.3069116510378123,0.0,0.0,0.0,-0.13358246748046881,0.0,0.0,0.12484159926399364,0.0985383733832385,0.0,0.0,0.0,0.0,0.0,-0.12410500518360872,0.06441205521648992
2021-11-10,0.15508699588314653,0.0,-0.2856079654201913,0.0,0.0,0.0,-0.13820386932003173,0.0,0.0,0.1275621500367492,0.10257909083038953,0.0,0.0,0.0,0.0,0.0,-0.12529179757694545,0.06566813093254643
2021-11-11,0.04951472326086381,0.0,-0.09175745921721118,0.0,0.0,0.0,0.0,0.0,0.0,0.04069919449405796,0.032803848305061244,0.0,0.0,0.0,-0.7231505822719629,0.0,-0.04097408978863096,0.021100102662212045
2021-11-12,0.15465051131346896,0.0,-0.284339599698168,0.0,0.0,0.0,-0.1402443478371494,0.0,0.0,0.12508682878880562,0.1025574648673669,0.0,0.0,0.0,0.0,0.0,-0.12732885979427788,0.06579238770076326
2021-11-15,0.15557954608501628,0.0,-0.2788634198231378,0.0,0.0,0.0,-0.14121343052940474,0.0,0.0,0.1273390871237043,0.10429944115483511,0.0,0.0,0.0,0.0,0.0,-0.1261541614837455,0.06655091380015614
2021-11-16,0.15668971812876573,0.0,-0.2774641185612394,0.0,0.0,0.0,-0.13960621405720866,0.0,0.0,0.12748416785813688,0.10497418498595436,0.0,0.0,0.0,0.0,0.0,-0.12582634330477885,0.06795525310391613
2021-11-17,0.17934037486441864,0.0,-0.26947005417779285,0.0,0.0,0.0,-0.13543782749039757,0.0,0.0,0.12446888043094205,0.10263506858352218,0.0,0.0,0.0,0.0,0.0,-0.12286460022256745,0.06578319423035911
2021-11-18,0.17006629975695042,0.0,-0.23256123678771035,0.0,0.0,0.0,0.0,0.0,0.0,0.10848826321974246,0.0902967497015895,0.0,-0.2331262272146798,0.0,0.0,0.0,-0.10641539101567239,0.059045832303655114
2021-11-19,0.1880525869902985,0.0,-0.2653433823417448,0.0,0.0,0.0,-0.13309730814373455,0.0,0.0,0.12374886745563622,0.10194863698620626,0.0,0.0,0.0,0.0,0.0,-0.11836382150187105,0.06944539658050866
2021-11-22,0.1925340110317253,0.0,-0.2578708303754819,0.0,0.0,0.0,-0.12786595555224622,0.0,0.0,0.12401446340515906,0.10453734059383576,0.0,0.0,0.0,0.0,0.0,-0.12009174397385539,0.07308565506769625
2021-11-23,0.1955948564380538,0.0,-0.25829314933410463,0.0,0.0,0.0,-0.12769080155050955,0.0,0.0,0.12378672571718258,0.10483374596444808,0.0,0.0,0.0,0.0,0.0,-0.11866897748953734,0.0711317435061639
2021-11-24,0.1762256699852588,0.0,-0.22970875867691495,0.0,0.0,0.0,0.0,0.0,0.0,0.110337330400871,0.09430534412993716,0.0,-0.22299478892042013,0.0,0.0,0.0,-0.10310119422420026,0.06332691366239764
2021-11-26,0.17883976179383704,0.0,-0.22494742231307238,0.0,0.0,-0.2456610686079415,0.0,0.0,0.0,0.10978822731634946,0.0918942244404125,0.0,0.0,0.0,0.0,0.0,-0.10210526378343554,0.04676403174495173
2021-11-29,0.18282795302664495,0.0,-0.22709798701774994,0.0,0.0,-0.23926097334532395,0.0,0.0,0.0,0.10835504005944196,0.09287054996581656,0.0,0.0,0.0,0.0,0.0,-0.10248469422655877,0.04710280235846388
2021-11-30,0.1827369233040373,0.0,-0.2278029983831384,0.0,0.0,-0.2425785219202815,0.0,0.0,0.0,0.10741371462809429,0.09095274065178033,0.0,0.0,0.0,0.0,0.0,-0.10241939952078914,0.04609570159187907
2021-12-01,0.17757484277630411,0.0,-0.22781733998862738,0.0,0.0,-0.23507169112504492,-0.1225526269473761,0.0,0.0,0.10330155767529281,0.08822018015204573,0.0,0.0,0.0,0.0,0.0,0.0,0.0454617613353088
2021-12-02,0.17365698208190752,0.0,-0.23144514314515394,0.0,0.0,-0.2356457285809675,-0.12417410266712585,0.0,0.0,0.1039504833665776,0.08512971105464534,0.0,0.0,0.0,0.0,0.0,0.0,0.04599784910362239
2021-12-03,0.17324903665657293,0.0,-0.23218218899374637,0.0,0.0,-0.23664105734220447,-0.12513328126338127,0.0,0.0,0.10193982973754326,0.08474314430203152,0.0,0.0,0.0,0.0,0.0,0.0,0.04611146170452011
2021-12-06,0.2012355288972217,0.0,-0.26780336485204614,-0.1210232229744519,0.0,0.0,-0.14937512352048715,0.0,0.0,0.11549035791800814,0.09439569567411839,0.0,0.0,0.0,0.0,0.0,0.0,0.05067670616366643
2021-12-07,0.20313773049146402,0.0,-0.27108338181638225,0.0,0.0,0.0,-0.15129371186981985,0.0,0.0,0.11046492223522134,0.09533790707145724,0.0,0.0,0.0,0.0,0.0,-0.11753280545206593,0.05114954106358957
2021-12-08,0.20290615068717804,0.0,-0.272955733280045,0.0,0.0,0.0,-0.1515479444216148,0.0,0.0,0.11028859437172996,0.09516419655465419,0.0,0.0,0.0,0.0,0.0,-0.11593386101277917,0.05120351967199878
2021-12-09,0.2028879761095214,0.0,-0.2740855090549353,0.0,0.0,0.0,-0.15144870446905354,0.0,0.0,0.10971367846261468,0.09443658625552934,0.0,0.0,0.0,0.0,0.0,-0.11645482034250329,0.05097272530584243
2021-12-10,0.20265480769175473,0.0,-0.27443944126089387,0.0,0.0,0.0,-0.15133288507698217,0.0,0.0,0.1091941019158455,0.09480987257123275,0.0,0.0,0.0,0.0,0.0,-0.11672689628912229,0.05084199519416885
2021-12-13,0.19961010483275216,0.0,-0.27580247349979964,0.0,0.0,0.0,-0.15287089849286636,0.0,0.0,0.10861749909837544,0.09532381954948191,0.0,0.0,0.0,0.0,0.0,-0.11674925398760794,0.05102595053911656
2021-12-14,0.2008190326618506,0.0,-0.27526447647996993,0.0,0.0,0.0,-0.15187730295129484,0.0,0.0,0.10784656591475579,0.0958595136276709,0.0,0.0,0.0,0.0,0.0,-0.11682871837543833,0.0515043899890194
2021-12-15,0.20081435840237372,0.0,-0.27393899388531345,0.0,0.0,0.0,-0.1609889814518179,0.0,0.0,0.10397808019526229,0.09451419355954366,0.0,0.0,0.0,0.0,0.0,-0.11494796511613227,0.050817427389556864
2021-12-16,0.19216888846950272,0.0,-0.26336487199892644,0.0,0.0,0.0,-0.15198719912810602,0.0,0.1349480891922567,0.09777818109243613,0.0,0.0,0.0,0.0,0.0,0.0,-0.11081675744683667,0.04893601267193537
2021-12-17,0.20552765830910139,0.0,-0.2684394173616251,-0.12513125953792775,0.0,0.0,-0.15560898889366442,0.0,0.0,0.10172747731930074,0.09392430638196203,0.0,0.0,0.0,0.0,0.0,0.0,0.04964089219641865
2021-12-20,0.209189163780713,0.0,-0.26828408980297996,-0.12344901001129428,0.0,0.0,-0.1560912953166601,0.0,0.0,0.10070067241716654,0.09287259810379166,0.0,0.0,0.0,0.0,0.0,0.0,0.049413170567394464
2021-12-21,0.20939819169953355,0.0,-0.2734899233961692,0.0,0.0,0.0,-0.1596816022864659,0.0,0.0,0.10033249777410148,0.09209355082402103,0.0,0.0,0.0,0.0,0.0,-0.11509842934808287,0.049905804671625906
2021-12-22,0.20400679131348715,0.0,-0.2729181328592493,0.0,0.0,0.0,-0.16085943526403199,0.0,0.0,0.09989058635367024,0.0929837171865252,0.0,0.0,0.0,0.0,0.0,-0.11950471426789816,0.04983662275513805
2021-12-23,0.19904772696114328,0.0,-0.27617938324744357,0.0,0.0,0.0,-0.16146704972044382,0.0,0.0,0.09998751138935888,0.09319137422741222,0.0,0.0,0.0,0.0,0.0,-0.12015710475431313,0.049969849699885056
2021-12-27,0.19817151826862694,0.0,-0.2761709485544479,0.0,0.0,0.0,-0.16150900611364727,0.0,0.0,0.0995121733698839,0.09449065085054092,0.0,0.0,0.0,0.0,0.0,-0.1203160334414645,0.04982966940138871
2021-12-28,0.1961870063339368,0.0,-0.2745617106525612,0.0,0.0,0.0,-0.1612922003754415,0.0,0.0,0.10339036574583246,0.09426694947656436,0.0,0.0,0.0,0.0,0.0,-0.12107966835330503,0.04922209906235872
2021-12-29,0.19565172819233415,0.0,-0.2789785153217773,0.0,0.0,0.0,-0.16093645437145943,0.0,0.0,0.1027950577822167,0.09369203078593087,0.0,0.0,0.0,0.0,0.0,-0.11905167673364381,0.048894536812637814
2021-12-30,0.19611015679216845,0.0,-0.2783144554367792,0.0,0.0,0.0,-0.1653707525361641,0.0,0.0,0.10190943085313627,0.09306697101669607,0.0,0.0,0.0,0.0,0.0,-0.11694109748828486,0.04828713587677095
2021-12-31,0.1985263423981009,0.0,-0.2760165600656327,0.0,0.0,0.0,-0.16394602959453958,0.0,0.0,0.1018436169469341,0.09433161251634051,0.0,0.0,0.0,0.0,0.0,-0.11720655218592313,0.04812928629252906
2022-01-03,0.20262310874488848,0.0,-0.2670288125835561,0.0,0.0,0.0,-0.16227945993568035,0.0,0.0,0.10825124812213748,0.09620567600472715,0.0,0.0,0.0,0.0,0.0,-0.11387278033940763,0.04973891426960291
2022-01-04,0.20121895018082298,0.0,-0.26857716105067775,0.0,0.0,0.0,-0.16171981171527952,0.0,0.0,0.10801492886163287,0.09603309311204035,0.0,0.0,0.0,0.0,0.0,-0.11452863493448585,0.04990742014506068
2022-01-05,0.18751121106733062,0.0,-0.254552126286353,-0.12084025470513189,0.0,0.0,-0.15407583234487593,0.0,0.13881973844378953,0.09611034625353788,0.0,0.0,0.0,0.0,0.0,0.0,0.0,0.0480904908989812
2022-01-06,0.18748342918752678,0.0,-0.2536695767261316,-0.12472981799624368,0.0,0.0,-0.1507734941921981,0.0,0.13925467842664718,0.09626958899241202,0.0,0.0,0.0,0.0,0.0,0.0,0.0,0.04781941447884077
2022-01-07,0.2048614302661193,0.0,-0.2781089476998045,-0.13583322394737637,0.0,0.0,0.0,0.0,0.1527023013482521,0.0,0.09815946953307624,-0.07790193022066265,0.0,0.0,0.0,0.0,0.0,0.05243269698470892
2022-01-10,0.20199675748952284,0.0,-0.27940562050922924,-0.13404897517463085,0.0,0.0,0.0,0.0,0.15209064068801648,0.10375946874614195,0.0,-0.07691236822790574,0.0,0.0,0.0,0.0,0.0,0.051786169164552906
2022-01-11,0.19263971039698835,0.0,-0.2862324457323337,-0.13079270535321585,0.0,0.0,0.0,0.0,0.1546485174792837,0.10540462157587537,0.0,-0.07824492934679242,0.0,0.0,0.0,0.0,0.0,0.052037070115510536
2022-01-12,0.19311728596465788,0.0,-0.2849281996559459,-0.13029937469824832,0.0,0.0,0.0,0.0,0.15515436385478865,0.10595285293462316,0.0,-0.07844747592308429,0.0,0.0,0.0,0.0,0.0,0.05210044696865206
2022-01-13,0.18700835526114942,0.0,-0.28769622907143794,-0.12916292218078504,0.0,0.0,0.0,0.0,0.1601800523119603,0.10440827417345484,0.0,-0.0790435883366346,0.0,0.0,0.0,0.0,0.0,0.052500578664577795
2022-01-14,0.18626290024938585,0.0,-0.28675161426509865,-0.13076904330852795,0.0,0.0,0.0,0.0,0.1605898493561203,0.10468219486408768,0.0,-0.07901709688747321,0.0,0.0,0.0,0.0,0.0,0.05192730106930628
2022-01-18,0.19100464638324322,0.0,-0.281870635195168,-0.13085844908309932,0.0,0.0,0.0,0.0,0.16023886312244628,0.10481662410298358,0.0,-0.07807693741411366,0.0,0.0,0.0,0.0,0.0,0.05313384469894601
2022-01-19,0.1910025027723501,0.0,-0.27991694297566344,-0.13300136253459482,0.0,0.0,0.0,0.0,0.15998709924349996,0.10477597562803047,0.0,-0.0780302957348856,0.0,0.0,0.0,0.0,0.0,0.05328582111097548
2022-01-20,0.18930719562732937,0.0,-0.2835176134403679,-0.13408781943539566,0.0,0.0,0.0,0.0,0.16165800846013537,0.0,0.09895188551313056,-0.07850940273575199,0.0,0.0,0.0,0.0,0.0,0.053968074787889085
2022-01-21,0.18284841623857456,0.0,-0.2881696318650489,-0.13452629455246273,0.0,0.0,0.0,0.0,0.1606045767722592,0.0,0.0997711557055031,-0.07908864647356725,0.0,0.0,0.0,0.0,0.0,0.0549912783925841
2022-01-24,0.17994007138679105,0.0,-0.29317621870050564,-0.13360390075278472,0.0,0.0,0.0,0.0,0.16182569488673487,0.0,0.09894229992116282,-0.07714659846371688,0.0,0.0,0.0,0.0,0.0,0.05536521588830391
2022-01-25,0.17320781807957011,0.0,-0.2956179934499962,-0.13513346014391642,0.0,0.0,0.0,0.0,0.16301546145012222,0.0,0.10015864233502468,-0.07715973949635971,0.0,0.0,0.0,0.0,0.0,0.05570688504501082
2022-01-26,0.17546798160472984,0.0,-0.28734584928819434,-0.1360806677427307,0.0,0.0,0.0,0.0,0.16490828781241493,0.0,0.10146860417281096,-0.07811717898814426,0.0,0.0,0.0,0.0,0.0,0.05661143039097506
2022-01-27,0.1746673668614474,0.0,-0.28768681864944967,-0.13486251331363153,0.0,0.0,0.0,0.0,0.1676144520721338,0.0,0.10100675698151429,-0.07718441227608483,0.0,0.0,0.0,0.0,0.0,0.056977679845738365
2022-01-28,0.17655586319283686,0.0,-0.2879748715359419,-0.13517612768676332,0.0,0.0,0.0,0.0,0.16579712051763212,0.09982137920911324,0.0,-0.0773773251489254,0.0,0.0,0.0,0.0,0.0,0.05729731270878715
2022-01-31,0.1754724470916765,0.0,-0.29549315066735593,-0.12946456582921506,0.0,0.0,0.0,0.0,0.16707240104540574,0.09851749541120161,0.0,-0.07541595210090866,0.0,0.0,0.0,0.0,0.0,0.05856398785423664
2022-02-01,0.17404468749015237,0.0,-0.2948864303009617,-0.13007021234579547,0.0,0.0,0.0,0.0,0.1670713486428683,0.0985188315117097,0.0,-0.07664907256631118,0.0,0.0,0.0,0.0,0.0,0.0587594171422014
2022-02-02,0.17492020593059734,0.0,-0.29414936039256895,-0.13084900156881935,0.0,0.0,0.0,0.0,0.16620785593422313,0.09847007174988243,0.0,-0.0765854933062268,0.0,0.0,0.0,0.0,0.0,0.05881801111768197
2022-02-03,0.17563220254075593,0.0,-0.29561991142692695,-0.13097197575754677,0.0,0.0,0.0,0.0,0.16558644327052718,0.09470501829628017,0.0,-0.07706864320369014,0.0,0.0,0.0,0.0,0.0,0.060415805504272946
2022-02-04,0.17558829658215191,0.0,-0.2953424422672049,-0.13106134693801924,0.0,0.0,0.0,0.0,0.16606958005629574,0.09471898509678903,0.0,-0.07697788616374572,0.0,0.0,0.0,0.0,0.0,0.060241462895793456
2022-02-07,0.17478767607504694,0.0,-0.2976623349947487,-0.13041216864490268,0.0,0.0,0.0,0.0,0.16568171972424298,0.09419538008072216,0.0,-0.0767100728100208,0.0,0.0,0.0,0.0,0.0,0.06055064767031587
2022-02-08,0.17630037940424936,0.0,-0.2969005925178029,-0.13074056027772782,0.0,0.0,0.0,0.0,0.16544035885631203,0.09403157164566314,0.0,-0.07609738610200589,0.0,0.0,0.0,0.0,0.0,0.060489151196238676
2022-02-09,0.178102186608392,0.0,-0.29797949340514,-0.1296530333811634,0.0,0.0,0.0,0.0,0.16454544057936568,0.09338839254686535,0.0,-0.07524725176148467,0.0,0.0,0.0,0.0,0.0,0.061084201717588806
2022-02-10,0.1757971378917299,0.0,-0.3079324865253063,-0.12820500212945585,0.0,0.0,0.0,0.0,0.16006155103668673,0.09190917013398421,0.0,-0.07476335065068371,0.0,0.0,0.0,0.0,0.0,0.06133130163215327
2022-02-11,0.17629140043502142,0.0,-0.30892190815174414,-0.12966012096496352,0.0,0.0,0.0,0.0,0.15900723443205692,0.09003360005229052,0.0,-0.07499721059240957,0.0,0.0,0.0,0.0,0.0,0.06108852537151401
2022-02-14,0.17536249829886913,0.0,-0.3087150154882088,-0.12979588362372557,0.0,0.0,0.0,0.0,0.15876351675502418,0.09081448768826642,0.0,-0.07529147752424442,0.0,0.0,0.0,0.0,0.0,0.06125712062166166
2022-02-15,0.17684115411454487,0.0,-0.3155106093066676,-0.12643295745396946,0.0,0.0,0.0,0.0,0.15743610036011438,0.08959977320374209,0.0,-0.07366129502320824,0.0,0.0,0.0,0.0,0.0,0.06051811053775351
2022-02-16,0.1753424706928129,0.0,-0.3150150692604188,-0.12653358610410914,0.0,0.0,0.0,0.0,0.1580889998636926,0.0903393165549835,0.0,-0.07406262336574297,0.0,0.0,0.0,0.0,0.0,0.06061793415823992
2022-02-17,0.17487494865801284,0.0,-0.3188129308721489,-0.12657418916015883,0.0,0.0,0.0,0.0,0.1559310343331471,0.08888268231845062,0.0,-0.07345697451937959,0.0,0.0,0.0,0.0,0.0,0.06146724013870225
2022-02-18,0.17463602358118355,0.0,-0.31943458129262364,-0.1267767107370145,0.0,0.0,0.0,0.0,0.15570891329232822,0.08883514136571113,0.0,-0.07321072275087868,0.0,0.0,0.0,0.0,0.0,0.061397906980260236
2022-02-22,0.17430184224932777,0.0,-0.3195602298769547,-0.12556950699771907,0.0,0.0,0.0,0.0,0.1560726314523738,0.08876994317481968,0.0,-0.07318497777350137,0.0,0.0,0.0,0.0,0.0,0.0625408684753038
2022-02-23,0.153098284088398,0.0,-0.295620204886372,-0.1110899390843988,0.0,0.0,0.18292918804932426,0.0,0.13709334724818448,0.0,0.0,-0.0645941838158653,0.0,0.0,0.0,0.0,0.0,0.05557485282745721
2022-02-24,0.17376432198324684,0.0,-0.32676840142888003,-0.12316637126102854,0.0,0.0,0.0,0.0,0.1562488121072862,0.0855460677676929,0.0,-0.07066075887765846,0.0,0.0,0.0,0.0,0.0,0.063845266574207
2022-02-25,0.1723327853577236,0.0,-0.3288371750681516,-0.12402178507558032,0.0,0.0,0.0,0.0,0.14995165972445704,0.08724371196644619,0.0,-0.07203587202460414,0.0,0.0,0.0,0.0,0.0,0.06557701078303724
2022-02-28,0.1476182245468589,0.0,-0.29657203724336073,-0.11043904886998598,0.0,0.0,0.17806868470390866,0.0,0.1314644775308755,0.0,0.0,-0.06190917176426016,0.0,0.0,0.0,0.0,0.0,0.07392835534075001
2022-03-01,0.14967145913327512,0.0,-0.3019073792502462,-0.11138485578125619,0.0,0.0,0.173758394093568,0.0,0.13124390225683105,0.0,0.0,-0.06267168173242725,0.0,0.0,0.0,0.0,0.0,0.06936232775239629
2022-03-02,0.16314153245860608,0.0,-0.32916215047081776,-0.12451692915057273,0.0,0.0,0.0,0.0,0.14943796999884462,0.08476719320088417,0.0,-0.06962592010002011,0.0,0.0,0.0,0.0,0.0,0.07934830462025465
2022-03-03,0.16415103061427336,0.0,-0.3286422833813505,-0.1228869828371962,0.0,0.0,0.0,0.0,0.150270565320271,0.0847486526277741,0.0,-0.0696909102751551,0.0,0.0,0.0,0.0,0.0,0.07960957494397962
2022-03-04,0.1656459848626541,0.0,0.0,-0.12077938918527936,0.0,-0.2286398534723956,0.18592673716305314,0.0,0.15520758052515515,0.0,0.0,-0.06969492056714788,0.0,0.0,0.0,0.0,0.0,0.0741055342243148
2022-03-07,0.19151316306942795,0.0,0.0,-0.14361743579053726,0.0,0.0,0.23159262741474307,0.0,0.0,0.10326609842618391,0.0,-0.08812825610716273,0.0,-0.14914071804472578,0.0,0.0,0.0,0.0927417011472193
2022-03-08,0.15110122123223402,0.0,0.0,-0.11306530608933178,0.0,0.0,0.16881155472739312,0.0,0.0,0.0,0.0,-0.06957574578456728,0.0,-0.11633907422887828,0.0,0.3067180545412126,0.0,0.07438904339638297
2022-03-09,0.1618479935962341,0.0,-0.3360758137983332,-0.11800506825030821,0.0,0.0,0.16320826062382893,0.0,0.0,0.08605329324372275,0.0,-0.0744064548618889,0.0,0.0,0.0,0.0,0.0,0.06040311562568396
2022-03-10,0.1514083670752385,0.0,-0.31224067922112314,-0.10933692959109759,0.0,0.0,0.15305579430970645,0.0,0.14772157399098126,0.0,0.0,-0.06994331518976935,0.0,0.0,0.0,0.0,0.0,0.05629334062208377
2022-03-11,0.13248021267378735,0.0,-0.27098233604762095,-0.09409311384159678,0.0,0.0,0.13368750020668937,0.0,0.0,0.0,0.0,-0.061411211782500544,0.0,0.0,0.0,0.2578240512379157,0.0,0.04952157420988951
2022-03-14,0.13569725698944132,0.0,-0.27097851436896775,-0.0944691050254057,0.0,0.0,0.1337396593377572,0.0,0.0,0.0,0.0,-0.062257124630240496,0.0,0.0,0.0,0.25371800231887914,0.0,0.04914033732930829
2022-03-15,0.15692761950517237,0.0,-0.31074524675344034,-0.1092200762932725,0.0,0.0,0.14837582831142918,0.0,0.14988836190298974,0.0,0.0,-0.07085555523283173,0.0,0.0,0.0,0.0,0.0,0.05398731200086412
2022-03-16,0.16419849174823173,0.0,-0.310127606892246,-0.09089280760594905,0.0,0.0,0.15509274802827774,0.0,0.15241083338013198,0.0,0.0,-0.07117351361140553,0.0,0.0,0.0,0.0,0.0,0.05610399873375815
2022-03-17,0.17471249556024915,0.0,-0.33392005978847217,-0.09865906859062752,0.0,0.0,0.16835093742544097,0.0,0.0,0.08917693337332211,0.0,-0.07729121349385698,0.0,0.0,0.0,0.0,0.0,0.057889291768031044
2022-03-18,0.17550605610033113,0.0,-0.33701492416634526,-0.0980060393737197,0.0,0.0,0.0,0.0,0.16474216610404518,0.08894865506998831,0.0,-0.07793171454394589,0.0,0.0,0.0,0.0,0.0,0.05785044464162466
2022-03-21,0.17756888506792864,0.0,-0.32875163030337073,-0.09865647390171141,0.0,0.0,0.0,0.0,0.1688150399716568,0.09003806398832798,0.0,-0.07899762198362316,0.0,0.0,0.0,0.0,0.0,0.057172284783381204
2022-03-22,0.17791465661261602,0.0,-0.3281542735971521,-0.09820713508983142,0.0,0.0,0.0,0.0,0.17004483043326743,0.08958819335011943,0.0,-0.07881124245414386,0.0,0.0,0.0,0.0,0.0,0.057279668462869825
2022-03-23,0.17902744924973268,0.0,-0.32621029182362127,-0.09849557866584739,0.0,0.0,0.0,0.0,0.17021713455720835,0.09000641609721002,0.0,-0.07933071062575478,0.0,0.0,0.0,0.0,0.0,0.0567124189806255
2022-03-24,0.18109234249157602,0.0,-0.32710892959531296,-0.09874497283129803,0.0,0.0,0.16755698509586392,0.0,0.0,0.08982130416761432,0.0,-0.07935859138993433,0.0,0.0,0.0,0.0,0.0,0.05631687442840031
2022-03-25,0.1815382658906661,0.0,-0.3262921394229847,-0.09880295181970897,0.0,0.0,0.16731586811007,0.0,0.0,0.09007704415373115,0.0,-0.07961255211873716,0.0,0.0,0.0,0.0,0.0,0.056361178484102006
2022-03-28,0.18170399534516962,0.0,-0.3263353178530433,-0.09874442816398386,0.0,0.0,0.0,0.0,0.17055775186575647,0.089971997391119,0.0,-0.07963125295206208,0.0,0.0,0.0,0.0,0.0,0.05305525642886574
2022-03-29,0.18357559076566338,0.0,-0.3299355822200025,-0.09901971439056345,0.0,0.0,0.16459081669104283,0.0,0.0,0.09027665509163549,0.0,-0.07904088468647236,0.0,0.0,0.0,0.0,0.0,0.05356075615462
2022-03-30,0.18370874290680664,0.0,-0.3233787912435711,-0.09915487212126935,0.0,0.0,0.0,0.0,0.17145683065113,0.09017330588000523,0.0,-0.07863613131550053,0.0,0.0,0.0,0.0,0.0,0.053491325881717185
2022-03-31,0.1853117422285508,0.0,-0.3261980846715286,-0.09990563097569592,0.0,0.0,0.1660812087854099,0.0,0.0,0.09058064592190906,0.0,-0.07921307430592989,0.0,0.0,0.0,0.0,0.0,0.05270961311097574
2022-04-01,0.1834567656044137,0.0,-0.3288634720183178,-0.0991739972181788,0.0,0.0,0.16597813943685427,0.0,0.0,0.09064171601577405,0.0,-0.07901019314783767,0.0,0.0,0.0,0.0,0.0,0.05287571655862376
2022-04-04,0.18045443499967828,0.0,-0.3355629328774627,-0.09735957803840856,0.0,0.0,0.16738928411420603,0.0,0.0,0.08905751839510735,0.0,-0.07824979059313153,0.0,0.0,0.0,0.0,0.0,0.051926460982005686
2022-04-05,0.1832127817320901,0.0,-0.33078199678324555,-0.09749225477136593,0.0,0.0,0.16880131801384696,0.0,0.0,0.08941344550665938,0.0,-0.07825821741162046,0.0,0.0,0.0,0.0,0.0,0.05203998578117156
2022-04-06,0.17025491544588006,0.0,-0.302804933204754,-0.09034851954207787,0.0,0.0,0.15622795425587693,0.0,0.15823888179199055,0.0,0.0,-0.07427503768184743,0.0,0.0,0.0,0.0,0.0,0.047849758077573044
2022-04-07,0.1700452676503494,0.0,-0.3020206000001682,-0.09012547872947868,0.0,0.0,0.15806037796109215,0.0,0.1577003034098952,0.0,0.0,-0.07413317369534203,0.0,0.0,0.0,0.0,0.0,0.04791479855367427
2022-04-08,0.17012307087139306,0.0,-0.3026948309917221,-0.09024190931229671,0.0,0.0,0.15766166394393916,0.0,0.15717931322260847,0.0,0.0,-0.07425973368304825,0.0,0.0,0.0,0.0,0.0,0.04783947797499239
2022-04-11,0.1722778312338375,0.0,-0.294142074370999,-0.09134858599925674,0.0,0.0,0.15996983047699384,0.0,0.15854456954437732,0.0,0.0,-0.0753720762945597,0.0,0.0,0.0,0.0,0.0,0.048345032079976064
2022-04-12,0.17813371192194558,0.0,-0.28536207197959074,-0.09278310701707423,0.0,0.0,0.1608613494634201,0.0,0.1592700713041154,0.0,0.0,-0.07565899078874018,0.0,0.0,0.0,0.0,0.0,0.04793069752511388
2022-04-13,0.17491601216773528,0.0,-0.29151676060227333,-0.09280138660861595,0.0,0.0,0.1602551009999788,0.0,0.15800704466393856,0.0,0.0,-0.07494182672744915,0.0,0.0,0.0,0.0,0.0,0.04756186823000906
2022-04-14,0.17758207468827505,0.0,-0.2914420171069549,-0.09241155194303494,0.0,0.0,0.15946836436957385,0.0,0.1570684799345321,0.0,0.0,-0.07465193602142915,0.0,0.0,0.0,0.0,0.0,0.047375575936199885
2022-04-18,0.17759868115417843,0.0,-0.29128991974552776,-0.09239907291479871,0.0,0.0,0.15962790438405455,0.0,0.1570583324212796,0.0,0.0,-0.07447301609600672,0.0,0.0,0.0,0.0,0.0,0.04755307328415427
2022-04-19,0.17706892504577562,0.0,-0.2950789780160907,-0.0928177486194848,0.0,0.0,0.15597458194933,0.0,0.15716875036316183,0.0,0.0,-0.07520597473083528,0.0,0.0,0.0,0.0,0.0,0.04668504127532197
2022-04-20,0.17657071990580947,0.0,-0.29240385339049324,-0.09285008795286259,0.0,0.0,0.1584498031754461,0.0,0.15756009767200288,0.0,0.0,-0.07549085078828792,0.0,0.0,0.0,0.0,0.0,0.046674587115097754
2022-04-21,0.17842862953709543,0.0,-0.2905387624715429,-0.09265152595134443,0.0,0.0,0.1590196176238849,0.0,0.15724099128414343,0.0,0.0,-0.07522973808545876,0.0,0.0,0.0,0.0,0.0,0.046890735046530393
2022-04-22,0.17782066340368302,0.0,-0.29404200601519903,-0.09370963064572445,0.0,0.0,0.15913986755237924,0.0,0.15264560179315512,0.0,0.0,-0.07559682404586633,0.0,0.0,0.0,0.0,0.0,0.04704540654399278
2022-04-25,0.18147825766101996,0.0,-0.29236613836160763,-0.0941361170447118,0.0,0.0,0.155351964926433,0.0,0.1528767895165989,0.0,0.0,-0.07682471112228254,0.0,0.0,0.0,0.0,0.0,0.04696602136734603
2022-04-26,0.16417476897758643,0.0,-0.30098474456501506,-0.09587377471189219,0.0,0.0,0.15999326599565705,0.0,0.15294115866071892,0.0,0.0,-0.07778704241621137,0.0,0.0,0.0,0.0,0.0,0.04824524467291931
2022-04-27,0.16119837864001418,0.0,-0.301829935816672,-0.09545665258788702,0.0,0.0,0.1623393383752074,0.0,0.15309548320761313,0.0,0.0,-0.07791952865849629,0.0,0.0,0.0,0.0,0.0,0.04816068271410995
2022-04-28,0.1625372081910411,0.0,-0.29572691456600536,-0.09592468368808965,0.0,0.0,0.16603707399195775,0.0,0.15211185903302502,0.0,0.0,-0.07915967279502606,0.0,0.0,0.0,0.0,0.0,0.048502587734855204
2022-04-29,0.15914034409965103,0.0,-0.2983211095276187,-0.09731965580735022,0.0,0.0,0.16856928236315386,0.0,0.14746302626792152,0.0,0.0,-0.08007813749211817,0.0,0.0,0.0,0.0,0.0,0.04910844444218668
2022-05-02,0.15785219603529566,0.0,-0.29898578435272255,-0.10025167311971943,0.0,0.0,0.1635872225928042,0.0,0.14831878494165784,0.0,0.0,-0.08206943769791586,0.0,0.0,0.0,0.0,0.0,0.0489349012598845
2022-05-03,0.15415928084764127,0.0,-0.3005962892069044,-0.10061615424290099,0.0,0.0,0.16422595148269029,0.0,0.14873181582125053,0.0,0.0,-0.08273675228724742,0.0,0.0,0.0,0.0,0.0,0.04893375611136507
2022-05-04,0.15437330445756736,0.0,-0.2942116723613791,-0.10287623692010103,0.0,0.0,0.16775258041385616,0.0,0.14715545948392514,0.0,0.0,-0.08392782152551814,0.0,0.0,0.0,0.0,0.0,0.04970292483765305
2022-05-05,0.15225062155561234,0.0,-0.2906722383558281,-0.10254039949492474,0.0,0.0,0.1724670790382348,0.0,0.14733584465441255,0.0,0.0,-0.0835273020083132,0.0,0.0,0.0,0.0,0.0,0.05120651489267429
2022-05-06,0.1265079970258851,0.42994318629912953,0.0,-0.08509022035192684,0.0,0.0,0.1434919349918727,0.0,0.0,0.0,0.0,-0.06910983363367919,0.0,-0.10323780158463389,0.0,0.0,0.0,0.042619026112872646
2022-05-09,0.12259392079578904,0.4271331638240459,0.0,-0.08695660115126086,0.0,0.0,0.1473378859277709,0.0,0.0,0.0,0.0,-0.06908272235234271,0.0,-0.10403912188848465,0.0,0.0,0.0,0.04285658406030593
2022-05-10,0.12127138820648108,0.42794381037773416,0.0,-0.08730460028240093,0.0,0.0,0.14683764120424928,0.0,0.0,0.0,0.0,-0.06968363955675803,0.0,-0.10417608870980015,0.0,0.0,0.0,0.04278283166257635
2022-05-11,0.14301839989561904,0.0,-0.3004428993840501,-0.10429339227580783,0.0,0.0,0.17317508462891384,0.0,0.14678435122887803,0.0,0.0,-0.08224118021888209,0.0,0.0,0.0,0.0,0.0,0.050044692367849114
2022-05-12,0.1452709463376091,0.0,0.0,-0.10871655882561779,0.0,0.0,0.17766947891567178,0.0,0.0,0.0,0.0,-0.08522283310600746,0.0,-0.13117463581245464,0.0,0.29979729299871094,0.0,0.052148254003928224
2022-05-13,0.12344835287443623,0.0,-0.27239705155527993,-0.09235851272835131,0.0,0.0,0.0,0.0,0.13193113479876598,0.0,0.0,-0.0718581473329415,0.0,0.0,0.0,0.2627811110275608,0.0,0.04522568968266417
2022-05-16,0.12296726644483832,0.0,-0.27188773624679446,-0.0924871915666846,0.0,0.0,0.0,0.0,0.13235988828550208,0.0,0.0,-0.07183109107709182,0.0,0.0,0.0,0.2632817492756562,0.0,0.04518507710343271
2022-05-17,0.10777644501716725,0.35329391866983634,-0.2394046089161989,-0.08107535604957963,0.0,0.0,0.0,0.0,0.11544490103092883,0.0,0.0,-0.06314070036376355,0.0,0.0,0.0,0.0,0.0,0.03986406995252534
2022-05-18,0.12141001321132842,0.0,-0.2771236328489379,-0.09282047906956492,0.0,0.0,0.0,0.0,0.12698417099789394,0.0,0.0,-0.07132218380916515,0.0,0.0,0.0,0.26444351736037713,0.0,0.045896002702732586
2022-05-19,0.11767951292634461,0.0,-0.2633721282602712,-0.08983593531030998,0.0,0.0,0.15665328700188405,0.0,0.0,0.0,0.0,-0.07022100062935369,0.0,0.0,0.0,0.2575446653562122,0.0,0.04469347051562432
2022-05-20,0.11562091458328999,0.0,-0.26405535046142503,-0.08992985913758088,0.0,0.0,0.15678751332437757,0.0,0.0,0.0,0.0,-0.07041445384501854,0.0,0.0,0.0,0.25847292413593287,0.0,0.04471898451237517
2022-05-23,0.11532278380547789,0.0,-0.2627418525623653,-0.09022463234980667,0.0,0.0,0.15693571974032217,0.0,0.0,0.0,0.0,-0.07065674555591174,0.0,0.0,0.0,0.259273453485152,0.0,0.04484481250096426
2022-05-24,0.1202394782930642,0.0,-0.26801016409579204,-0.09363697211629818,0.0,0.0,0.0,0.0,0.1296064046863654,0.0,0.0,-0.07358967493740452,0.0,0.0,0.0,0.26820602180685726,0.0,0.04671128406421828
2022-05-25,0.11770785738341727,0.0,-0.2696074350794635,-0.09401415218718534,0.0,0.0,0.0,0.0,0.12891418821993283,0.0,0.0,-0.07479895502457275,0.0,0.0,0.0,0.2683925867665,0.0,0.04656482533892817
2022-05-26,0.11736217635494425,0.0,-0.27184334752534645,-0.09362730895936798,0.0,0.0,0.0,0.0,0.13154912804765545,0.0,0.0,-0.07397355371166728,0.0,0.0,0.0,0.26548018034646254,0.0,0.04616430505455613
2022-05-27,0.114332267007395,0.0,-0.2676548679549276,-0.09245662623433806,0.0,0.0,0.0,0.0,0.12818886517119865,0.0,0.0,-0.07200649288875868,0.0,0.0,0.0,0.27960499759098273,0.0,0.04575588315239917
2022-05-31,0.11369682567668961,0.0,-0.2663781898916536,-0.09202192805514618,0.0,0.0,0.0,0.0,0.1289125092919999,0.0,0.0,-0.07197424544240523,0.0,0.0,0.0,0.2803921404024081,0.0,0.04662416123969746
2022-06-01,0.10552751250037574,0.33800745979607616,-0.24236995790626986,-0.08428606613028404,0.0,0.0,0.0,0.0,0.12004744452617079,0.0,0.0,-0.0664455434591828,0.0,0.0,0.0,0.0,0.0,0.0433160156816408
2022-06-02,0.13151737514567335,0.0,-0.2926820898411707,-0.10475768369361725,0.0,0.0,0.18626406607462814,0.0,0.14875767975182294,0.0,0.0,-0.08201078077676684,0.0,0.0,0.0,0.0,0.0,0.05401032471632084
2022-06-03,0.11596532014391812,0.0,-0.254520377144664,-0.09281044610370506,0.0,0.0,0.0,0.0,0.13087293002597583,0.0,0.0,-0.07275681393994068,0.0,0.0,0.0,0.28434812855370584,0.0,0.048725984088090445
2022-06-06,0.10778317820101894,0.3432663489224869,-0.23092352486631085,-0.08654560717993531,0.0,0.0,0.0,0.0,0.1209939604548961,0.0,0.0,-0.06630188164611393,0.0,0.0,0.0,0.0,0.0,0.044185498729237924
2022-06-07,0.10775174504211824,0.342816345292035,-0.23166158326536365,-0.08654150460106798,0.0,0.0,0.0,0.0,0.12071796339724793,0.0,0.0,-0.06604170151476901,0.0,0.0,0.0,0.0,0.0,0.044469156887398296
2022-06-08,0.10685654435906615,0.339752015354373,-0.2287463307637435,-0.08760233679074317,0.0,0.0,0.0,0.0,0.12057408447706035,0.0,0.0,-0.06677605612081482,0.0,0.0,0.0,0.0,0.0,0.04969263213419899
2022-06-09,0.10646042784317333,0.34593485147869113,-0.22507297003319401,-0.08753529895864327,0.0,0.0,0.0,0.0,0.11825746759807339,0.0,0.0,-0.06666619251914313,0.0,0.0,0.0,0.0,0.0,0.050072791569081836
2022-06-10,0.12353265206426593,0.0,0.0,-0.10250837555154099,0.0,0.0,0.20208456106457773,0.0,0.0,0.0,0.0,-0.07696379093060435,0.0,-0.12842639490460442,0.0,0.30802626267923705,0.0,0.058457962805169565
2022-06-13,0.0,0.0,0.0,-0.04993406389107078,0.0,0.0,0.09563222894607311,0.0,0.0,0.0,0.0,-0.03715087965759948,0.0,-0.060396969651025596,0.5798948669138677,0.14732811301760412,0.0,0.029662877922759352
2022-06-14,0.0,0.14123291525493142,0.0,-0.05007634031642491,0.0,0.0,0.0990045714247089,0.0,0.0,0.0,0.0,-0.03777233421600174,0.0,-0.060765614151897254,0.5802673215236466,0.0,0.0,0.03088090311238905
2022-06-15,0.0,0.2511655782805276,0.0,-0.10532732122990654,0.0,0.0,0.1707676977830293,0.0,0.0,0.0,0.0,-0.06763239798918427,0.0,-0.10851179756514936,0.0,0.24276995177811694,0.0,0.05382525537408597
2022-06-16,0.0,0.0,0.0,-0.059845843072683536,0.0,0.0,0.09902566149157623,0.0,0.0,0.0,0.0,-0.038738004050672285,0.0,-0.06274450294384226,0.5576329198654371,0.14869226137592248,0.0,0.03332080719986622
2022-06-17,0.0,0.0,0.0,-0.060329846704934534,0.0,0.0,0.09910922844449259,0.0,0.0,0.0,0.0,-0.03872866808547052,0.0,-0.06311364211804497,0.5576226380391971,0.14870749856467913,0.0,0.03238847804318108
2022-06-21,0.0,0.14404323840834696,0.0,-0.059109268876761135,0.0,0.0,0.09812913486868392,0.0,0.0,0.0,0.0,-0.037944361039154884,0.0,-0.06177751547190196,0.565784542032306,0.0,0.0,0.03321193930284528
2022-06-22,0.0,0.0,0.0,-0.06015228059608601,0.0,0.0,0.09959478032672298,0.0,0.0,0.0,0.0,-0.03860702577393374,0.0,-0.06281679408465445,0.5567105546196633,0.148973147022675,0.0,0.03314541757626444
2022-06-23,0.0,0.0,0.0,-0.05967069262369587,0.0,0.0,0.10061561435365389,0.0,0.0,0.0,0.0,-0.03793349553528324,0.0,-0.0626551778414406,0.5522930851869959,0.1534996880314651,0.0,0.03333224642746546
2022-06-24,0.0,0.0,0.0,-0.058573224549632055,0.0,0.0,0.10152685847866474,0.0,0.0,0.0,0.0,-0.037468534506006165,0.0,-0.061107461284107045,0.5533349857201265,0.15462815192872145,0.0,0.033360783532741974
2022-06-27,0.05827554366115365,0.0,0.0,-0.0645199502256063,0.0,0.0,0.11180712102935374,0.0,0.0,0.0,0.0,-0.04121476187395343,0.0,-0.06732420080499651,0.6202549837001156,0.0,0.0,0.03660343870482079
2022-06-28,0.0,0.14291678616588296,0.0,-0.058251407361310216,0.0,0.0,0.10423871046140891,0.0,0.0,0.0,0.0,-0.037055643147986816,0.0,-0.060768458490031076,0.5611903583673157,0.0,0.0,0.035578636006064285
2022-06-29,0.0,0.14406091909685947,0.0,-0.05887106416233453,0.0,0.0,0.10411012104301973,0.0,0.0,0.0,0.0,-0.03764247021986911,0.0,-0.061924823214870806,0.5579208596193912,0.0,0.0,0.03546974264365512
2022-06-30,0.05798313743258506,0.0,0.0,-0.06519197625678612,0.0,0.0,0.11602086188200904,0.0,0.0,0.0,0.0,-0.04185309690122725,0.0,-0.06861450852855645,0.6113438925493472,0.0,0.0,0.038992526449488855
2022-07-01,0.05741562456761633,0.0,0.0,-0.06666324973562689,0.0,0.0,0.11801045774008301,0.0,0.0,0.0,0.0,-0.042511133003936545,0.0,-0.07014728958553615,0.6043671781592854,0.0,0.0,0.040885067207915717
2022-07-05,0.05768530638493438,0.0,0.0,-0.06742867700109477,0.0,0.0,0.11331055318296941,0.0,0.0,0.0,0.0,-0.042520142603871464,0.0,-0.06963828452294413,0.612274860121751,0.0,0.0,0.03714217618243495
2022-07-06,0.05843624662845281,0.0,0.0,-0.06928406329759393,0.0,0.0,0.11285383545856174,0.0,0.0,0.0,0.0,-0.043167257901233574,0.0,-0.07084679553714443,0.6073296790516322,0.0,0.0,0.038082122125381444
2022-07-07,0.05802821348367292,0.0,0.0,-0.06853560563631649,0.0,0.0,0.11277377335237007,0.0,0.0,0.0,0.0,-0.04275515757445851,0.0,-0.06970355382910148,0.6105321356772669,0.0,0.0,0.037671560446813586
2022-07-08,0.0573100482142618,0.0,0.0,0.0,0.0,0.0,0.11184871573379707,0.0,0.0,0.0,0.0,-0.04251085831429392,0.0,-0.0695273166449821,0.6035232487303587,0.0,-0.07796948309993308,0.0373103292623734
2022-07-11,0.05771870208881004,0.0,0.0,-0.06752891978652587,0.0,0.0,0.11334161270130046,0.0,0.0,0.0,0.0,-0.04270272075707955,0.0,-0.06960332274349477,0.6113686341639077,0.0,0.0,0.03773608775888158
2022-07-12,0.0552580844207352,0.15151016359305405,0.0,-0.06464070756347731,0.0,0.0,0.0,0.0,0.0,0.0,0.0,-0.040910391424152946,0.0,-0.0666054647308425,0.5868302135854827,0.0,0.0,0.03424497468225517
2022-07-13,0.05527109873513289,0.15238298161129216,0.0,-0.0649041230173732,0.0,0.0,0.0,0.0,0.0,0.0,0.0,-0.040926453153447416,0.0,-0.06682289548233687,0.5852410685452671,0.0,0.0,0.03445137945515024
2022-07-14,0.0544276667727525,0.15125340398103262,0.0,-0.06394528393968185,0.0,0.0,0.0,0.0,0.0,0.0,0.0,-0.04038342057737189,0.0,-0.06575181593845014,0.5893543616290134,0.0,0.0,0.034884047161697504
2022-07-15,0.054647987332259146,0.15014711364668817,0.0,-0.06441222003981797,0.0,0.0,0.0,0.0,0.0,0.0,0.0,-0.040416331324277924,0.0,-0.06586780886721226,0.5892591886795545,0.0,0.0,0.03524935011019001
2022-07-18,0.05434887931502886,0.14951708355803991,0.0,-0.06424818610395347,0.0,0.0,0.0,0.0,0.0,0.0,0.0,-0.040353649363181636,0.0,-0.06528376391021451,0.5916938955376619,0.0,0.0,0.034554542211919774
2022-07-19,0.11395710376234974,0.3073828318278393,0.0,-0.13399534976225874,0.0,0.0,0.0,0.0,0.13172245386269138,0.0,0.0,-0.08354036132609462,0.0,0.0,0.0,0.0,-0.15660808557574468,0.07279381388302154
2022-07-20,0.11350175694222077,0.3069715237913408,0.0,-0.1335105748246625,0.0,0.0,0.0,0.0,0.13209196352880875,0.0,0.0,-0.08353624184663856,0.0,0.0,0.0,0.0,-0.15629890833613694,0.07408903073019171
2022-07-21,0.10349260329909074,0.27656682587056297,-0.23613553721270156,-0.12083044348752654,0.0,0.0,0.0,0.0,0.12026067199809527,0.0,0.0,-0.07587173343704545,0.0,0.0,0.0,0.0,0.0,0.06684218469497742
2022-07-22,0.05533104925556614,0.14750904080536814,0.0,-0.0651262295605039,0.0,0.0,0.0,0.0,0.0,0.0,0.0,-0.0407240641310322,0.0,-0.06467603324058417,0.5909325326665447,0.0,0.0,0.03570105034040074
2022-07-25,0.05578576634388386,0.14747136095681254,0.0,-0.06520532284361547,0.0,0.0,0.0,0.0,0.0,0.0,0.0,-0.0410884856124858,0.0,-0.06515430035033998,0.5895980680302244,0.0,0.0,0.03569669586263801
2022-07-26,0.05552013491844242,0.14623930685301753,0.0,-0.06500381217876885,0.0,0.0,0.0,0.0,0.0,0.0,0.0,-0.04107067994099069,0.0,-0.06467499070863796,0.5917847487968599,0.0,0.0,0.035706326603282726
2022-07-27,0.11813526922025898,0.3006580550442175,0.0,0.0,0.0,0.0,0.0,0.0,0.1348532866880405,0.0,0.0,-0.08535774928999543,0.0,-0.13304004338308656,0.0,0.0,-0.15526054888122945,0.07269504749317167
2022-07-28,0.12084199761818912,0.3071230311641389,0.0,-0.1375015081150553,0.0,0.0,0.0,0.0,0.1374697708506513,0.0,0.0,-0.08707693330899184,0.0,-0.13567167472735292,0.0,0.0,0.0,0.07431508421562076
2022-07-29,0.12064468224753161,0.3066286172005826,0.0,-0.1381827968775544,0.0,0.0,0.0,0.0,0.1379844146329917,0.0,0.0,-0.0871198652776095,0.0,-0.13503991556572,0.0,0.0,0.0,0.07439970819801028
2022-08-01,0.1210976150150395,0.305057464120462,0.0,-0.1369984697848227,0.0,0.0,0.0,0.0,0.14180123064935,0.0,0.0,-0.08760098940139922,0.0,-0.13458421999295253,0.0,0.0,0.0,0.07286001103597434
2022-08-02,0.12198687722498948,0.30575272993996705,0.0,-0.13685928019707747,0.0,0.0,0.0,0.0,0.14145715355468025,0.0,0.0,-0.08794627900609964,0.0,-0.13306681891013025,0.0,0.0,0.0,0.07293086116705601
2022-08-03,0.12372950164822115,0.30483380508014274,0.0,-0.1369498478624775,0.0,0.0,0.0,0.0,0.1414086671247615,0.0,0.0,-0.08768533483550801,0.0,-0.13280199395614475,0.0,0.0,0.0,0.07259084949274436
2022-08-04,0.11483881959206821,0.27852610747768225,0.0,-0.12592692876815334,0.0,0.0,0.20930212361451644,0.0,0.0,0.0,0.0,-0.08128554230865079,0.0,-0.12253377230630022,0.0,0.0,0.0,0.06758670593262864
2022-08-05,0.12366972379940597,0.29556432484161627,0.0,-0.14051043719886333,0.0,0.0,0.0,0.0,0.14464346920605015,0.0,0.0,-0.08958084822938249,0.0,-0.13449166390104153,0.0,0.0,0.0,0.07153953282364023
2022-08-08,0.1146680045019725,0.27587829173423567,0.0,-0.13156836784473802,0.0,0.0,0.2021434556453983,0.0,0.0,0.0,0.0,-0.08393566041534839,0.0,-0.12558409034152757,0.0,0.0,0.0,0.06622212951677972
2022-08-09,0.11659521451607423,0.27187554449214796,0.0,-0.1324258586454969,0.0,0.0,0.19973650828328413,0.0,0.0,0.0,0.0,-0.08510480261193482,0.0,-0.12650198485942535,0.0,0.0,0.0,0.06776008659163654
2022-08-10,0.11785418813531748,0.271856410680375,0.0,-0.13250041625090844,0.0,0.0,0.20223631941716924,0.0,0.0,0.0,0.0,-0.0842519616931185,0.0,-0.12265714088163197,0.0,0.0,0.0,0.0686435629414794
2022-08-11,0.11129297761148346,0.26429951870441876,0.0,-0.12481337561227263,0.0,0.0,0.19153932532498438,0.0,0.0,0.0,0.0,0.0,0.0,-0.11536856096337023,0.0,0.0,-0.12686552594914208,0.0658207158343285
2022-08-12,0.10390153375969247,0.24177284627156712,-0.1965699883638394,0.0,0.0,0.0,0.17733778766412212,0.0,0.0,0.0,0.0,0.0,0.0,-0.10518278172593934,0.0,0.0,-0.11522304881113507,0.0600120134037047
2022-08-15,0.11375035052542673,0.2636709167686654,-0.2127662661200185,0.0,0.0,0.0,0.0,0.0,0.0,0.0,0.10272185959707059,0.0,0.0,-0.11642896850524939,0.0,0.0,-0.12580586182099907,0.0648557766625704
2022-08-16,0.13244552242929788,0.0,-0.24681324097090418,0.0,0.0,0.0,0.0,0.0,0.14508478455428653,0.0,0.11921612140574403,0.0,0.0,-0.13511403246700232,0.0,0.0,-0.1459012120966564,0.07542508607610868
2022-08-17,0.13064295513443516,0.0,-0.24508923771783384,0.0,0.0,0.0,0.0,0.0,0.14602846340021347,0.0,0.12067585423907295,0.0,0.0,-0.1362081224852785,0.0,0.0,-0.14581533521046994,0.07554003181269604
2022-08-18,0.13189194293914383,0.0,-0.23796588410617142,0.0,0.0,0.0,0.0,0.0,0.15133091842902935,0.0,0.12263378216530425,0.0,0.0,-0.136461396484704,0.0,0.0,-0.14609035231439357,0.07362572356125363
2022-08-19,0.13245459292013784,0.0,-0.23910408640605946,0.0,0.0,0.0,0.0,0.0,0.15119137652127781,0.0,0.121387841076739,0.0,0.0,-0.136602974627296,0.0,0.0,-0.145025145476344,0.07423398297214587
2022-08-22,0.11423709196108171,0.25685943470239625,-0.2016390492205649,0.0,0.0,0.0,0.0,0.0,0.1259502692567171,0.0,0.0,0.0,0.0,-0.11421709079924092,0.0,0.0,-0.12395845154573419,0.06313861251426495
2022-08-23,0.11384958801029046,0.25562817490071277,-0.20132312846711686,0.0,0.0,0.0,0.0,0.0,0.12722075482902456,0.0,0.0,0.0,0.0,-0.11504424544798242,0.0,0.0,-0.12475785967865344,0.062176248666219375
2022-08-24,0.1132170842227243,0.25447533153244617,-0.2029261968411245,0.0,0.0,0.0,0.0,0.0,0.1265621676899469,0.0,0.0,0.0,0.0,-0.11456956620340071,0.0,0.0,-0.1265444787496521,0.06170517476070507
2022-08-25,0.11537292274027074,0.2554157920205361,-0.20127078903401743,0.0,0.0,0.0,0.0,0.0,0.12614490302981343,0.0,0.0,0.0,0.0,-0.11437424688218961,0.0,0.0,-0.1257385986304562,0.061682747662716454
2022-08-26,0.10884145678342075,0.24487110601965587,-0.1886510529707169,0.0,0.0,0.0,0.17519744604704462,0.0,0.0,0.0,0.0,0.0,0.0,-0.10560658112161148,0.0,0.0,-0.11821446599508893,0.058617891062461513
2022-08-29,0.06567032525326877,0.14632758506957233,-0.1121330114506361,0.0,0.0,0.0,0.0,0.0,0.0,0.0,0.0,-0.046919675475942696,0.0,-0.06327076141688277,0.5313535835954462,0.0,0.0,0.03432505773825118
2022-08-30,0.06500597287239401,0.1462214228717558,-0.11216818039950874,0.0,0.0,0.0,0.0,0.0,0.0,0.0,0.0,-0.04680915674667761,0.0,-0.06313691860761991,0.5330415926135345,0.0,0.0,0.03361675588850964
2022-08-31,0.06457345072015547,0.1456956713467707,-0.11286518378088482,0.0,0.0,0.0,0.0,0.0,0.0,0.0,0.0,-0.04658294589852885,0.0,-0.0629876885927137,0.534217605199031,0.0,0.0,0.033077454461915276
2022-09-01,0.06658025967984368,0.15176157341551225,0.0,0.0,0.0,0.0,0.0,0.0,0.0,0.0,0.0,-0.04952797291455549,0.0,-0.06650663077185023,0.5582708814196748,0.0,-0.07284990848170667,0.034502773316856944
2022-09-02,0.0669492776766959,0.1521667475498349,0.0,-0.07803577926765579,0.0,0.0,0.0,0.0,0.0,0.0,0.0,-0.04970625053272931,0.0,-0.06699776502963585,0.5512716183002351,0.0,0.0,0.03487256164321326
2022-09-06,0.06722564701237456,0.1527742346430276,0.0,-0.07812995061008011,0.0,0.0,0.0,0.0,0.0,0.0,0.0,-0.04989209164538981,0.0,-0.06738759797157738,0.5495234493409257,0.0,0.0,0.035067028776624924
2022-09-07,0.06733057900955752,0.15331568663621647,0.0,-0.07822594666166574,0.0,0.0,0.0,0.0,0.0,0.0,0.0,-0.04990083963731722,0.0,-0.06754862621788477,0.549198657883246,0.0,0.0,0.03447966395411239
2022-09-08,0.0659470195185502,0.15034079097520908,0.0,-0.07669166197817444,0.0,0.0,0.0,0.0,0.0,0.0,0.0,0.0,0.0,-0.06628858821775392,0.5361777788887471,0.0,-0.07061050890899756,0.0339436515125676
2022-09-09,0.11509441841266364,0.25936285648575846,-0.2063726594186583,0.0,0.0,0.0,0.0,0.0,0.1261549963838437,0.0,0.0,0.0,0.0,-0.1128705711957066,0.0,0.0,-0.12261828216628483,0.05752621593708465
2022-09-12,0.11349380498278269,0.26418270289596585,-0.2044581696793323,0.0,0.0,0.0,0.0,0.0,0.12735630819468632,0.0,0.0,0.0,0.0,-0.11339570475199923,0.0,0.0,-0.120672848062823,0.05644046143241065
2022-09-13,0.06684718640528502,0.1734327303171213,0.0,-0.07087565265972627,0.0,0.0,0.0,0.0,0.0,0.0,0.0,0.0,0.0,-0.060064638522017384,0.5320948337437571,0.0,-0.0668761413348314,0.02980881701726135
2022-09-14,0.11200982109839339,0.32139380926121125,-0.19012384500928906,0.0,0.0,0.0,0.0,0.0,0.11260532318786864,0.0,0.0,0.0,0.0,-0.10094040688518933,0.0,0.0,-0.11290636554410968,0.05002042901393867
2022-09-15,0.06086775343651086,0.1744982157660285,-0.10546224401148538,0.0,0.0,0.0,0.0,0.0,0.0,0.0,0.0,0.0,0.0,-0.0556452882078949,0.5143033951810099,0.0,-0.06243355540642428,0.026789547990646194
2022-09-16,0.07133137084033767,0.18556921982249702,0.0,0.0,0.0,0.0,0.0,0.0,0.0,0.0,0.0,-0.047178973972090706,0.0,-0.05973726155876067,0.5425904133237954,0.0,-0.06547681627176295,0.02811594421075571
2022-09-19,0.07210053926317823,0.1862201147302175,0.0,0.0,0.0,0.0,0.0,0.0,0.0,0.0,0.0,-0.0474257920850551,0.0,-0.059685113746251,0.5403375943550812,0.0,-0.06547089221140834,0.02875995360880874
2022-09-20,0.06662130588968562,0.17469839676880822,-0.10694766110288983,0.0,0.0,0.0,0.0,0.0,0.0,0.0,0.0,0.0,0.0,-0.05542915884754741,0.5071785274568177,0.0,-0.06210749727378616,0.027017452660465013
2022-09-21,0.06925919667968913,0.18703232809688386,0.0,0.0,0.0,0.0,0.0,0.0,0.0,0.0,0.0,-0.04597075996939452,0.0,-0.05742576833719169,0.5454928453818774,0.0,-0.06635315999409558,0.028465941540867835
2022-09-22,0.0,0.18136301680539066,0.0,0.0,0.0,0.0,0.09663795442749246,0.0,0.0,0.0,0.0,-0.04492278982108664,0.0,-0.056155903339917594,0.5300348214894199,0.0,-0.06291321051744306,0.02797230359924976
2022-09-23,0.0,0.17397302934530792,0.0,-0.07151020276326008,0.0,0.0,0.09417608105950291,0.0,0.0,0.0,0.0,-0.045807211849550285,0.0,-0.05562681126597053,0.531262328895236,0.0,0.0,0.027644334821172328
2022-09-26,0.0,0.17568139668977797,0.0,-0.07170683508059451,0.0,0.0,0.09393356640615583,0.0,0.0,0.0,0.0,-0.04612183364562328,0.0,-0.055078550877939246,0.5296497985050943,0.0,0.0,0.02782801879481494
2022-09-27,0.0,0.17747347509854544,0.0,0.0,0.0,0.0,0.09472338959076788,0.0,0.0,0.0,0.0,-0.047059547976057096,0.0,-0.05561559402243384,0.5349470885987997,0.0,-0.0620355537351387,0.02814535097825746
2022-09-28,0.0,0.18337396211417506,0.0,-0.07439796023519141,0.0,0.0,0.09259788975669729,0.0,0.0,0.0,0.0,-0.047089684318148896,0.0,-0.05634328787696656,0.5176212137555245,0.0,0.0,0.028576001943296375
2022-09-29,0.0,0.18474077531773136,0.0,-0.0719056815798471,0.0,0.0,0.09225247795743495,0.0,0.0,0.0,0.0,-0.0464470958029796,0.0,-0.05560185062199418,0.5204043273084962,0.0,0.0,0.028647791411516594
2022-09-30,0.0,0.18457200768648885,0.0,-0.07029028250527068,0.0,0.0,0.09007743795591165,0.0,0.0,0.0,0.0,-0.04539469603811784,0.0,-0.054239872514716604,0.5274456016406759,0.0,0.0,0.02798010165881853
2022-10-03,0.0,0.18455163104640812,0.0,-0.07014961673183971,0.0,0.0,0.08964146149926713,0.0,0.0,0.0,0.0,-0.04542176182919542,0.0,-0.05521166126739805,0.5247466080820432,0.0,0.0,0.03027725954384837
2022-10-04,0.0,0.16537669431156962,-0.08984947894374175,0.0,0.0,0.0,0.08702865114322023,0.0,0.0,0.0,0.0,0.0,0.0,-0.05066560032111801,0.519165576115164,0.0,-0.058978162819472206,0.02893583634571407
2022-10-05,0.0,0.16671133892964815,-0.08861281996832725,0.0,0.0,0.0,0.08681128484359718,0.0,0.0,0.0,0.0,0.0,0.0,-0.050870601927543405,0.518753239935898,0.0,-0.058970129506552116,0.02927058488843385
2022-10-06,0.0,0.1678417547609476,-0.08814292543281717,0.0,0.0,0.0,0.08671515422960142,0.0,0.0,0.0,0.0,0.0,0.0,-0.05066106619999379,0.518113591194015,0.0,-0.05912241913584233,0.02940308904678273
2022-10-07,0.0,0.1766928900523817,0.0,-0.06879896893186818,0.0,0.0,0.08937635685806063,0.0,0.0,0.0,0.0,-0.0444781578121712,0.0,-0.05273930274932902,0.5376371479810117,0.0,0.0,0.03027717561517757
2022-10-10,0.0,0.1721750161715111,0.0,-0.06708724594802344,0.0,0.0,0.08613183230202723,0.0,0.0,0.0,0.0,0.0,0.0,-0.051859744358861856,0.5301156111791923,0.0,-0.061005427946064186,0.03162512209432008
2022-10-11,0.0,0.1762290613106531,0.0,-0.06742514482926555,0.0,0.0,0.0878403743531826,0.0,0.0,0.0,0.0,-0.04450056568364148,0.0,-0.05259564681702455,0.5395521117831531,0.0,0.0,0.03185709522307971
2022-10-12,0.0,0.17507040178259642,0.0,-0.06779257558501042,0.0,0.0,0.08943380373222594,0.0,0.0,0.0,0.0,-0.044689821985227265,0.0,-0.052907196052314705,0.5382028621859634,0.0,0.0,0.03190333867666207
2022-10-13,0.0,0.17672740286696456,0.0,-0.06738378583542558,0.0,0.0,0.08839760242052647,0.0,0.0,0.0,0.0,0.0,0.0,-0.051863594914227464,0.5219378959944115,0.0,-0.06216907175328385,0.03152064621516042
2022-10-14,0.0,0.1806500317130684,0.0,-0.06838719358689029,0.0,0.0,0.08895981541170637,0.0,0.0,0.0,0.0,-0.044142870001161696,0.0,-0.05259404438357326,0.5328038570466642,0.0,0.0,0.03246218785693572
2022-10-17,0.0,0.18127394895753035,0.0,-0.06521137872747132,0.0,0.0,0.0872590529671949,0.0,0.0,0.0,0.0,0.0,0.0,-0.051234414243095154,0.5206818735037002,0.0,-0.06235989778062931,0.03197943382037871
2022-10-18,0.0,0.17948036263002642,0.0,-0.06540361719655657,0.0,0.0,0.08813122363292047,0.0,0.0,0.0,0.0,0.0,0.0,-0.05126453260657681,0.5212449627496946,0.0,-0.06254644070897863,0.03192886047524646
2022-10-19,0.0,0.17864461103828463,0.0,-0.06410204958286289,0.0,0.0,0.08722244983853615,0.0,0.0,0.0,0.0,0.0,0.0,-0.0507448377485326,0.5257041106941674,0.0,-0.06203060035013181,0.031551340747484495
2022-10-20,0.0,0.17652155200651767,0.0,-0.06302348607595112,0.0,0.0,0.08589016861298789,0.0,0.0,0.0,0.0,0.0,0.0,-0.04992760048419606,0.5319243238196708,0.0,-0.06162583559242397,0.031087033408252262
2022-10-21,0.0,0.17967381505395405,0.0,-0.06352070742251688,0.0,0.0,0.08496547300292763,0.0,0.0,0.0,0.0,0.0,0.0,-0.05034413030848965,0.5270955767778387,0.0,-0.06241719890353121,0.031983098530742014
2022-10-24,0.0,0.1826949831545169,0.0,-0.059610898595180074,0.0,0.0,0.08497756646352886,0.0,0.0,0.0,0.0,0.0,0.0,-0.05063018982689166,0.5275524579183954,0.0,-0.062457101069858995,0.03207680297162791
2022-10-25,0.0,0.18222773459844835,0.0,-0.06036118616185493,0.0,0.0,0.08564154905350126,0.0,0.0,0.0,0.0,0.0,0.0,-0.050125917247943505,0.529765928864918,0.0,-0.059298916324215495,0.032578767749118526
2022-10-26,0.0,0.18118957354973694,0.0,-0.05897404471836371,0.0,0.0,0.08582066008019835,0.0,0.0,0.0,0.0,0.0,0.0,-0.0495265635239664,0.5344022390101815,0.0,-0.05827983091390558,0.0318070882036475
2022-10-27,0.0,0.18252497516362515,0.0,-0.059626590507690175,0.0,0.0,0.08697993739158362,0.0,0.0,0.0,0.0,0.0,0.0,-0.050602165764910154,0.5295214444223814,0.0,-0.0585209098805558,0.032223976869253726
2022-10-28,0.0,0.1863407135252338,0.0,-0.0618179547282492,0.0,0.0,0.0,0.0,0.05718063985292408,0.0,0.0,0.0,0.0,-0.05229618754586302,0.5457952780374703,0.0,-0.06260207448114229,0.03396715182911725
2022-10-31,0.0,0.18264571997213538,0.0,-0.06065719075163885,0.0,0.0,0.0,0.0,0.05615415435300779,0.0,0.0,0.0,0.0,-0.05165345799525278,0.553303355750143,0.0,-0.06234277488276087,0.03324334629506147
2022-11-01,0.04861509825667374,0.18552470235722182,0.0,-0.060162766335853435,0.0,0.0,0.0,0.0,0.0,0.0,0.0,0.0,0.0,-0.0519730005412293,0.5566958026415164,0.0,-0.06334639031211474,0.0336822395553903
2022-11-02,0.04808125451245725,0.18617380488603255,0.0,-0.059803987639863,0.0,0.0,0.0,0.0,0.0,0.0,0.0,0.0,0.0,-0.05141181686837769,0.5579729208971121,0.0,-0.06285677293876697,0.03369944225739031
2022-11-03,0.047589443224324186,0.1843554327401844,0.0,0.0,0.0,0.0,0.0,0.0,0.0,0.0,0.0,-0.041664548479860224,0.0,-0.05080072372917011,0.5789270194682324,0.0,-0.06344789416337604,0.03321493819485267
2022-11-04,0.047657884512924444,0.18415298860511195,0.0,0.0,0.0,0.0,0.0,0.0,0.0,0.0,0.0,-0.04194668878962986,0.0,-0.04880462773983331,0.580406777482836,0.0,-0.06433433188403359,0.03269670098563078
2022-11-07,0.047301979042318205,0.18411009706310524,0.0,0.0,0.0,0.0,0.0,0.0,0.0,0.0,0.0,-0.04221118123418998,0.0,-0.048813387105824696,0.5806859383683187,0.0,-0.06418854588719054,0.03268887129905262
2022-11-08,0.0,0.1811045033546944,0.0,0.0,0.0,0.0,0.07595692324915247,0.0,0.0,-0.045080737226928486,0.0,-0.042004777707638524,0.0,0.0,0.5628431736631357,0.0,-0.061597584212160356,0.031412300586290014
2022-11-09,0.0475060316268605,0.1876218260724109,0.0,0.0,0.0,0.0,0.0,0.0,0.0,-0.04638791096622175,0.0,-0.042807219450785985,0.0,0.0,0.5777713173047114,0.0,-0.06548562849079852,0.03242006608821086
2022-11-10,0.05133504156787449,0.18585265724056377,0.0,-0.05745420050822366,0.0,0.0,0.0,0.0,0.0,0.0,0.0,-0.043283016780241726,0.0,0.0,0.560247109510264,0.0,-0.06637326715753691,0.03545470723529547
2022-11-11,0.05115360901718271,0.18581850416788573,0.0,-0.05594241885724156,0.0,0.0,0.0,0.0,0.0,0.0,0.0,-0.043159160591384645,0.0,0.0,0.5621413529435992,0.0,-0.06636508504858656,0.03541986937411952
2022-11-14,0.051479910325087946,0.17895519932750445,0.0,-0.05640014719085207,0.0,0.0,0.0,0.0,0.0,0.0,0.0,-0.04347939663143585,0.0,0.0,0.5671411535129072,0.0,-0.06710000346708224,0.035444189545130386
2022-11-15,0.05256578587140025,0.17979688057508222,0.0,0.0,0.0,0.0,0.0,0.0,0.0,-0.046088972080924454,0.0,-0.044084798938157414,0.0,0.0,0.5742677298802431,0.0,-0.06729412481308138,0.0359017078411112
2022-11-16,0.05248481699654313,0.1792081392171378,0.0,0.0,0.0,0.0,0.0,0.0,0.0,-0.04588436942566608,0.0,-0.04377005599258142,0.0,0.0,0.5771524625539585,0.0,-0.0654438141018937,0.03605634171221936
2022-11-17,0.05270876002080564,0.18103585441999168,0.0,0.0,0.0,0.0,0.0,0.0,0.0,-0.046028716320239374,0.0,-0.0440237551553812,0.0,0.0,0.5747925116497894,0.0,-0.06572209657215809,0.035688305861634656
2022-11-18,0.10905548328747437,0.37528486184461396,0.0,0.0,0.0,0.0,0.0,0.0,0.12002068014606405,-0.09579856266330378,0.0,-0.09121985037351059,0.0,0.0,0.0,0.0,-0.13523599596615854,0.07338456571887467
2022-11-21,0.10959253787597079,0.37339679963826533,0.0,0.0,0.0,0.0,0.0,0.0,0.12021288536640783,-0.09583797064996628,0.0,-0.091303132885438,0.0,0.0,0.0,0.0,-0.13530822778630672,0.07434844579764509
2022-11-22,0.10957105576031545,0.37465703876777046,0.0,0.0,0.0,0.0,0.0,0.0,0.11983307624701996,-0.09555966655760464,0.0,-0.09148400081274141,0.0,0.0,0.0,0.0,-0.13434267108700262,0.0745524907675453
2022-11-23,0.10420285726187434,0.3559358506151998,0.0,0.0,0.0,0.0,0.16403765933495368,0.0,0.0,-0.09122862149442588,0.0,-0.0873821275399185,0.0,0.0,0.0,0.0,-0.12715739504749257,0.07005548870613533
2022-11-25,0.10361940632293316,0.3544773358198633,0.0,0.0,0.0,0.0,0.1641916532621061,0.0,0.0,-0.09328728155924783,0.0,-0.08870415057556214,0.0,0.0,0.0,0.0,-0.1263257724033742,0.0693944000569133
2022-11-28,0.1076803232650588,0.37237612817133525,0.0,0.0,0.0,0.0,0.0,0.0,0.12195143283049313,-0.09777021067628311,0.0,-0.09270497976025044,0.0,0.0,0.0,0.0,-0.13304918012707567,0.0744677451695035
2022-11-29,0.0,0.34928379302656914,0.0,0.0,0.0,0.0,0.16172355977485067,0.0,0.11491895441408197,-0.09178990423762942,0.0,-0.08727447265068307,0.0,0.0,0.0,0.0,-0.1242305648473496,0.07077875104883612
2022-11-30,0.0,0.3493732960829117,0.0,0.0,0.0,0.0,0.16247839683197265,0.0,0.11470498299504446,-0.08956370262125182,0.0,-0.08666715187540226,0.0,0.0,0.0,0.0,-0.1255337824178797,0.07167868717553756
2022-12-01,0.0,0.3521555995383235,0.0,0.0,0.0,0.0,0.16059702030840045,0.0,0.11508347399632164,-0.08985381985390027,0.0,-0.08731514257389596,0.0,0.0,0.0,0.0,-0.12220579863736085,0.07278914509179729
2022-12-02,0.0,0.35186393591272974,0.0,0.0,0.0,0.0,0.16102411646233336,0.0,0.11539162340531571,-0.09009457283368727,0.0,-0.0873515833731307,0.0,0.0,0.0,0.0,-0.1215342305353782,0.07273993747742498
2022-12-05,0.0,0.3542098431906702,0.0,0.0,0.0,0.0,0.15872798509811367,0.0,0.11433585731715629,-0.08989482171586698,0.0,-0.08645364275059488,0.0,0.0,0.0,0.0,-0.12421758585892348,0.07216026406867439
2022-12-06,0.0,0.3486632237880872,0.0,0.0,0.0,0.0,0.16009704493254692,0.0,0.11512552990473629,-0.09027532809588404,0.0,-0.08688076988352675,0.0,0.0,0.0,0.0,-0.12498720883907566,0.0739708945561431
2022-12-07,0.0,0.17799679667092433,0.0,0.0,0.0,0.0,0.08151713089483388,0.0,0.0,-0.04607755614183883,0.0,-0.04443469520986692,0.0,0.0,0.5498633235281039,0.0,-0.06264860306466265,0.03746189448976951
2022-12-08,0.0,0.1791221741467217,0.0,0.0,0.0,0.0,0.08139101022946961,0.0,0.0,-0.046187825264566135,0.0,-0.044628955717871746,0.0,0.0,0.5478588293300061,0.0,-0.062449691257102466,0.03836151405426231
2022-12-09,0.0,0.17966705909113775,0.0,0.0,0.0,0.0,0.08153967531054886,0.0,0.0,-0.046376191400458504,0.0,-0.044646830492294114,0.0,0.0,0.5481432878049585,0.0,-0.06100694823948945,0.038620007661112746
2022-12-12,0.0,0.35401253274333955,0.0,0.0,0.0,0.0,0.1569756641030649,0.0,0.11842723929791138,-0.0931556540937389,0.0,-0.08783972361491205,0.0,0.0,0.0,0.0,-0.11655617820162875,0.07303300794540439
2022-12-13,0.0,0.351051706324849,0.0,0.0,0.0,0.0,0.15611117762857618,0.0,0.11951678836944803,-0.0940068807867428,0.0,-0.08856959908809206,0.0,0.0,0.0,0.0,-0.11742095045125102,0.07332289735104083
2022-12-14,0.0,0.3481964018949492,0.0,0.0,0.0,0.0,0.15953666119104912,0.0,0.11907168266814548,-0.09395697881537247,0.0,-0.08827343945383305,0.0,0.0,0.0,0.0,-0.11678980036701159,0.07417503560963905
2022-12-15,0.0,0.17871979598761747,0.0,0.0,0.0,0.0,0.08048880285184686,0.0,0.0,-0.04739775465704855,0.0,-0.04503990930453934,0.0,0.0,0.55009809560352,0.0,-0.060248391374845695,0.03800725022058216
2022-12-16,0.0,0.17876007784676057,0.0,0.0,0.0,0.0,0.08015607135353416,0.0,0.0,-0.04732719677437318,0.0,-0.04505421181003803,0.0,0.0,0.5509317184125889,0.0,-0.0599496595077837,0.03782106429492126
2022-12-19,0.0,0.17956103051683922,0.0,0.0,0.0,0.0,0.08053192381444929,0.0,0.0,-0.04736942643741424,0.0,-0.04510641172723933,0.0,0.0,0.5499559950102288,0.0,-0.059687938971755866,0.0377872735220732
2022-12-20,0.0,0.17942940717464265,0.0,0.0,0.0,0.0,0.07930583929977858,0.0,0.0,-0.04764984359656293,0.0,-0.04517478513477065,0.0,0.0,0.5510713363091256,0.0,-0.05958523047159156,0.03778355801352815
2022-12-21,0.0,0.17700407199015203,0.0,0.0,0.0,0.0,0.07887425866080737,0.0,0.0,-0.047260083331209894,0.0,-0.04532648471380536,0.0,0.0,0.5536135745508971,0.0,-0.06074205806792995,0.037179468685198176
2022-12-22,0.0,0.1819894080389569,0.0,0.0,0.0,0.0,0.0787788217613427,0.0,0.0,-0.046539606751655936,0.0,-0.045162301593267014,0.0,0.0,0.5491005856236751,0.0,-0.06003448882461704,0.0383947874064851
2022-12-23,0.0,0.17908420643656808,0.0,0.0,0.0,0.0,0.07888116985297766,0.0,0.0,-0.04609753851507947,0.0,-0.04483830671054241,0.0,0.0,0.5529254286636762,0.0,-0.059776807061894005,0.03839654275926209
2022-12-27,0.0,0.17765720775223454,0.0,0.0,0.0,0.0,0.07911985415935026,0.0,0.0,-0.04628169646636939,0.0,-0.04508411393882791,0.0,0.0,0.5521355835603272,0.0,-0.0608929976380981,0.038828546484792614
2022-12-28,0.0,0.16712114415269208,0.0,0.0,0.0,0.0,0.07800532106739144,0.0,0.0,-0.044765614595811,0.0,-0.04441777269440818,0.0,0.0,0.5659799032019995,0.0,-0.061387154447441125,0.03832308984025661
2022-12-29,0.0,0.16806727606926963,0.0,0.0,0.0,0.0,0.07755771780505497,0.0,0.0,-0.044634196641283964,0.0,-0.04383419044525782,0.0,0.0,0.5669463163180867,0.0,-0.060794281890640525,0.03816602083040646
2022-12-30,0.0,0.16774153386335558,0.0,0.0,0.0,0.0,0.07766809589385612,0.0,0.0,-0.04503292884435194,0.0,-0.043974610961737215,0.0,0.0,0.5662689567810428,0.0,-0.061030943548195944,0.03828293010746041
2023-01-03,0.0,0.1679340545753933,0.0,0.0,0.0,0.0,0.07919811251519694,0.0,0.0,-0.04490457628278685,0.0,-0.04399601632881087,0.0,0.0,0.5662605631430256,0.0,-0.059864324236099,0.03784235291868736
2023-01-04,0.0,0.17630070730025754,0.0,0.0,0.0,0.0,0.07899589389613101,0.0,0.0,-0.04551484982735726,0.0,-0.0448917793612872,0.0,0.0,0.558839853092114,0.0,-0.0587850210885919,0.03667189543426112
2023-01-05,0.0,0.1767799384747119,0.0,0.0,0.0,0.0,0.07836449723346595,0.0,0.0,-0.045358675325983124,0.0,-0.04489079574068448,0.0,0.0,0.5583605191499829,0.0,-0.05914170555754839,0.037103868517623075
2023-01-06,0.0,0.17709235437696577,0.0,0.0,0.0,0.0,0.07922550953647081,0.0,0.0,-0.046246770002809134,0.0,-0.04575051742476939,0.0,0.0,0.5527979153057794,0.0,-0.0603827877203444,0.03850414563286108
2023-01-09,0.0,0.1762868864472489,0.0,0.0,0.0,0.0,0.07952891235196927,0.0,0.0,-0.047322710509943064,0.0,-0.04669034240592265,0.0,0.0,0.551396505849606,0.0,-0.060158246283870516,0.03861639615143963
2023-01-10,0.0,0.1776499225410083,0.0,0.0,0.0,0.0,0.08110993183071159,0.0,0.0,-0.04730623378429848,0.0,-0.0464159139953926,0.0,0.0,0.5488457913501811,0.0,-0.05996131214660834,0.03871089435179976
2023-01-11,0.0,0.17747442802209493,0.0,0.0,0.0,0.0,0.08135609943036491,0.0,0.0,-0.04720931288444748,0.0,-0.046411870998968624,0.0,0.0,0.549465015140633,0.0,-0.05955722133954646,0.03852605218394478
2023-01-12,0.0,0.1802798903506427,0.0,0.0,0.0,0.0,0.08136386450397892,0.0,0.0,-0.04749851220067648,0.0,-0.04643418148076511,0.0,0.0,0.5464853570130497,0.0,-0.05914620531442443,0.0387919891364628
2023-01-13,0.0,0.17609360620197806,0.0,-0.055564001508346166,0.0,0.0,0.07942902626087345,0.0,0.0,-0.04692164285686679,0.0,0.0,0.0,0.0,0.5462313477459569,0.0,-0.05781047740717867,0.037949898018799964
2023-01-17,0.0,0.17069220739422158,-0.08125007475010623,0.0,0.0,0.0,0.0778226096358413,0.0,0.0,-0.04653447859174188,0.0,0.0,0.0,0.0,0.5302106432478052,0.0,-0.05609894068109961,0.03739104569918397
2023-01-18,0.0,0.17939867677084714,0.0,-0.05702970777252922,0.0,0.0,0.07992959167287064,0.0,0.0,-0.04886545727711628,0.0,0.0,0.0,0.0,0.5398560204128369,0.0,-0.056690028441989886,0.03823051765180993
2023-01-19,0.0,0.18119494707323536,0.0,-0.05696748857851813,0.0,0.0,0.07882172048692757,0.0,0.0,-0.0488889967988087,0.0,0.0,0.0,0.0,0.5392446991973451,0.0,-0.05653180348491409,0.038350344380251006
2023-01-20,0.0,0.17648160248195954,-0.08138280156248473,0.0,0.0,0.0,0.0773662705201572,0.0,0.0,-0.04652233486873155,0.0,0.0,0.0,0.0,0.5264046662469046,0.0,-0.054713152974853754,0.03712917134490858
2023-01-23,0.0,0.32659153544683184,-0.14969632518903364,0.0,0.0,0.0,0.1435336587910744,0.0,0.12293236627296883,-0.08580784916412207,0.0,0.0,0.0,0.0,0.0,0.0,-0.10264638278050565,0.06879188235546378
2023-01-24,0.0,0.3262563134439888,-0.14849124670887423,0.0,0.0,0.0,0.14449359185761038,0.0,0.12442277748525926,-0.08610665004180026,0.0,0.0,0.0,0.0,0.0,0.0,-0.10257317031350165,0.06765625014896522
2023-01-25,0.1266667784856083,0.3250207206508293,-0.14791560694875877,0.0,0.0,0.0,0.14428192303518594,0.0,0.0,-0.08606911965173063,0.0,0.0,0.0,0.0,0.0,0.0,-0.10266152066779878,0.06738433056008836
2023-01-26,0.0,0.32419788796011356,-0.14993187930900578,0.0,0.0,0.0,0.14220011763826138,0.0,0.12525569387848498,-0.08616968069890635,0.0,0.0,0.0,0.0,0.0,0.0,-0.10513814308550803,0.06710659742971996
2023-01-27,0.0,0.3233042672194227,-0.15012869090946787,0.0,0.0,0.0,0.1418221219179553,0.0,0.12489901642917099,-0.08660805355381414,0.0,0.0,0.0,0.0,0.0,0.0,-0.10546944266993229,0.06776840730023673
2023-01-30,0.0,0.3077635373747765,-0.1420316989291586,0.0,0.0,-0.13209490977923743,0.13501363510457282,0.0,0.11815930841637941,0.0,0.0,0.0,0.0,0.0,0.0,0.0,-0.10069810485716267,0.06423880553871249
2023-01-31,0.0,0.3319480227961526,-0.15275458947594295,0.0,0.0,0.0,0.14689776391242412,0.0,0.0,-0.08874363185000306,0.10263738142504546,0.0,0.0,0.0,0.0,0.0,-0.10832497008020026,0.06869364046023153
2023-02-01,0.0,0.33238757117601386,-0.15392066818351016,0.0,0.0,0.0,0.14708981788494976,0.0,0.0,-0.08822539289161517,0.10211307316889204,0.0,0.0,0.0,0.0,0.0,-0.10818409053299088,0.06807938616202812
2023-02-02,0.0,0.34973343098481974,0.0,-0.11697867876620478,0.0,0.0,0.14894837013077422,0.0,0.0,-0.09182968304193596,0.106085871024701,0.0,0.0,0.0,0.0,0.0,-0.11419188645518277,0.07223207959638159
2023-02-03,0.0,0.3382880773215984,-0.14818434260964017,0.0,0.0,0.0,0.13728000331033985,0.0,0.0,-0.09131000271991829,0.10673901072407811,0.0,0.0,0.0,0.0,0.0,-0.10925538991264773,0.06894317340177754
2023-02-06,0.0,0.33257824357819593,-0.14507340671025906,-0.1082105231595931,0.0,0.0,0.135288126450833,0.0,0.0,0.0,0.10414126577921769,0.0,0.0,0.0,0.0,0.0,-0.10725810323009172,0.06745033109180956
2023-02-07,0.0,0.32609608549403396,-0.144419903496797,-0.11360290993981222,0.0,0.0,0.14005289824462483,0.0,0.0,0.0,0.1027834315183566,0.0,0.0,0.0,0.0,0.0,-0.10589564944468616,0.06714912186168924
2023-02-08,0.0,0.3259928975371506,-0.1447148140505585,-0.11357730484159034,0.0,0.0,0.1404295825953592,0.0,0.0,0.0,0.10183933694717247,0.0,0.0,0.0,0.0,0.0,-0.10656076469527387,0.06688529933289498
2023-02-09,0.0,0.32362368952216847,-0.14605041729955356,-0.11312696198132821,0.0,0.0,0.14386586379695754,0.0,0.0,0.0,0.10028211939268389,0.0,0.0,0.0,0.0,0.0,-0.10579290944197099,0.06725803856533728
2023-02-10,0.0,0.18410478821556073,0.0,-0.06443725468296563,0.0,0.0,0.0812025526242274,0.0,0.0,-0.04990123495185454,0.0,0.0,0.0,0.0,0.5230586154295378,0.0,-0.05908341889230088,0.03821213520355304
2023-02-13,0.0,0.3288492540357669,-0.1507250845608652,-0.1104779893809525,0.0,0.0,0.14056107673261817,0.0,0.0,0.0,0.10656389494071397,0.0,0.0,0.0,0.0,0.0,-0.10114471283664041,0.061677987512442675
2023-02-14,0.0,0.31726951950710286,-0.14697871117486677,-0.11097074737138131,0.0,0.0,0.1361991105121095,0.0,0.13024682613563104,0.0,0.0,0.0,0.0,0.0,0.0,0.0,-0.0977456453684785,0.060589439930430034
2023-02-15,0.0,0.3469052234612216,-0.14597536534259942,-0.11131686986231124,0.0,0.0,0.0,0.0,0.13175507649177753,0.0,0.10400371100564283,0.0,0.0,0.0,0.0,0.0,-0.09783751705178974,0.062206236784657636
2023-02-16,0.0,0.3429521979917457,-0.14053796427781196,-0.10943346000376211,0.0,0.0,0.1292555957091669,0.0,0.12485820461017909,0.0,0.0,0.0,0.0,0.0,0.0,0.0,-0.09329446440171905,0.05966811300561532
2023-02-17,0.0,0.34094033336597773,-0.14020475371543395,-0.11026877461680631,0.0,0.0,0.12897220985647118,0.0,0.1253297003905087,0.0,0.0,0.0,0.0,0.0,0.0,0.0,-0.09494748223632593,0.059336745818476214
2023-02-21,0.0,0.1985074659171811,-0.08202346822846329,-0.06370869688439389,0.0,0.0,0.0,0.0,0.07120664264613066,0.0,0.0,0.0,0.0,0.0,0.4946313024156818,0.0,-0.05476062238459302,0.03516180152355622
2023-02-22,0.0,0.198007089485702,-0.08158443261049556,-0.06362667588035084,0.0,0.0,0.0,0.0,0.07126986397024897,0.0,0.0,0.0,0.0,0.0,0.49616487478755583,0.0,-0.054575716034457246,0.03477134723118961
2023-02-23,0.11452859628006734,0.35105440806212757,-0.14266494970556076,-0.11234515322764023,0.0,0.0,0.0,0.0,0.12439286865616099,0.0,0.0,0.0,0.0,0.0,0.0,0.0,-0.09494483551806991,0.06006918855037318
2023-02-24,0.11621142990796768,0.351599797387551,-0.14230002417690066,-0.10849759861166478,0.0,0.0,0.0,0.0,0.12598942098312454,0.0,0.0,0.0,0.0,0.0,0.0,0.0,-0.09515298205078923,0.06024874688200199
2023-02-27,0.11522751812221084,0.3495744851299758,-0.1437518734295066,-0.1082778741214836,0.0,0.0,0.0,0.0,0.12555151203742215,0.0,0.0,0.0,0.0,0.0,0.0,0.0,-0.09613752841971113,0.061479208739689734
2023-02-28,0.06666960080257164,0.2039583204250421,-0.08344621712978878,-0.06270066549078293,0.0,0.0,0.0,0.0,0.0,0.0,0.0,0.0,0.0,0.0,0.491937709964529,0.0,-0.05574311898824761,0.03554436719903782
2023-03-01,0.11727245143143004,0.3485257967310589,-0.14304939498617594,-0.10391098394001323,0.13282869399499142,0.0,0.0,0.0,0.0,0.0,0.0,0.0,0.0,0.0,0.0,0.0,-0.09421409439977349,0.06019858451655693
2023-03-02,0.10359912164366969,0.308029517050121,-0.12602814551436894,0.0,0.11748679252073857,0.0,0.0,0.0,0.11154285557036452,0.0,0.0,0.0,-0.14975754321280865,0.0,0.0,0.0,-0.08355602448792852,0.0
2023-03-03,0.10956184839471451,0.32455453280335594,-0.13338990308237636,-0.10362014831070486,0.12412737833476367,0.0,0.0,0.0,0.11951871947355086,0.0,0.0,0.0,0.0,0.0,0.0,0.0,-0.0852274696005337,0.0
2023-03-06,0.10828858521449386,0.3231562591195516,-0.13830047143078936,-0.10189956484838238,0.1229135069639872,0.0,0.0,0.0,0.11750671269804695,0.0,0.0,0.0,0.0,0.0,0.0,0.0,-0.0879348997247487,0.0
2023-03-07,0.0,0.19861032005638854,-0.08469870879666548,0.0,0.07412372406942172,0.0,0.0,0.0,0.07113020579673422,0.0,0.0,0.0,0.0,0.0,0.4828605329126648,0.0,-0.05503112469719172,-0.033545383670933716
2023-03-08,0.1140141714242961,0.33628416341201833,-0.1458486912726461,0.0,0.12753134355839776,0.0,0.0,0.0,0.12458732758143405,0.0,0.0,0.0,0.0,0.0,0.0,0.0,-0.0940298800214294,-0.05770442272977833
2023-03-09,0.0,0.3425008258997117,-0.1428700986049033,0.0,0.12459192909002159,0.0,0.0,0.0,0.11862600084447059,0.0,0.0,0.0,0.0,0.12025038088101443,0.0,0.0,-0.09307267207275409,-0.05808809260712434
2023-03-10,0.0,0.2088560937234613,-0.08579305505463011,-0.061411314818486266,0.07512567775900729,0.0,0.0,0.0,0.07094486585195757,0.0,0.0,0.0,0.0,0.0,0.4428934688941288,0.0,-0.05497552389832862,0.0
2023-03-13,0.0,0.2075456211356175,-0.09451334888851584,0.0,0.08710996995435195,0.0,0.08247281264206313,0.0,0.0,0.0,-0.06201476977309201,0.0,0.0,0.0,0.4024036433499206,0.0,-0.0639398342564389,0.0
2023-03-14,0.0,0.20350700470169145,-0.09444288892993703,0.0,0.08570175143196536,0.0,0.0,0.1211608630843536,0.0,0.0,0.0,0.0,0.0,0.0,0.3899070905438562,0.0,-0.06531628186113873,-0.039964119447057564
2023-03-15,0.0,0.21339506322312674,-0.10226486129924658,0.0,0.0851165798417432,0.0,0.08921481660357058,0.0,0.0,0.0,0.0,0.0,0.0,0.0,0.3987107527829612,0.0,-0.069355664153598,-0.04194226209575372
2023-03-16,0.0,0.21750477979875263,-0.10325669193626211,0.0,0.08481268975248284,0.0,0.09118231112492514,0.0,0.0,0.0,0.0,0.0,0.0,0.0,0.3914256535940276,0.0,-0.06944633927911989,-0.042371534514429966
2023-03-17,0.0,0.22129447876442584,0.0,-0.07817399080547126,0.08661776596782811,0.0,0.088374342972615,0.0,0.0,0.0,-0.06507937776418535,0.0,0.0,0.0,0.3895190912647151,0.0,-0.07094095246075924,0.0
2023-03-20,0.0,0.22860327974219422,0.0,0.0,0.09238006100014474,0.0,0.09342695155005588,0.0,0.0,0.0,-0.06808270698983324,0.0,0.0,0.0,0.3996987298727108,0.0,-0.07281160054968183,-0.04499667029537913
2023-03-21,0.0,0.22212163913065994,0.0,-0.0832984968665972,0.09205743554354244,0.0,0.09116889733607542,0.0,0.0,0.0,0.0,0.0,0.0,0.0,0.39295769715503176,0.0,-0.07341533866770186,-0.04498049530039139
2023-03-22,0.0,0.2291057365289944,0.0,0.0,0.09471137866538401,0.0,0.09224942434130862,0.0,0.0,0.0,-0.0669340579384928,0.0,0.0,0.0,0.394399089722644,0.0,-0.0760189116088338,-0.046581401194342335
2023-03-23,0.0,0.23251620039600954,0.0,0.0,0.09619283768762808,0.0,0.09437315250895763,0.0,0.0,0.0,-0.06781670078502562,-0.06546753206991558,0.0,0.0,0.39642067961459093,0.0,0.0,-0.04721289693787259
2023-03-24,0.0,0.2305624741713246,0.0,0.0,0.09533514538162616,0.0,0.09185556912790194,0.0,0.0,0.0,-0.06703417234117505,0.0,0.0,0.0,0.39064350248005897,0.0,-0.07729716580505272,-0.04727197069286053
2023-03-27,0.0,0.23117853973943042,0.0,0.0,0.09710593743964575,0.0,0.0940164422154637,0.0,0.0,0.0,-0.06818085123124433,0.0,0.0,0.0,0.3874833186830685,0.0,-0.07634247106574955,-0.04569243962539766
2023-03-28,0.0,0.2324149319570928,0.0,0.0,0.09692651619444471,0.0,0.09348406849770532,0.0,0.0,0.0,-0.06813974345980106,0.0,0.0,0.0,0.3859424407472402,0.0,-0.07704317559824608,-0.046049123545469646
2023-03-29,0.0,0.226537747727595,0.0,0.0,0.09281381819395321,0.0,0.09047735593962145,0.0,0.0,-0.07404551094303849,-0.06565555887703664,0.0,0.0,0.0,0.3742984956064865,0.0,-0.07617151271226875,0.0
2023-03-30,0.0,0.2340236160556248,0.0,0.0,0.09315910869601118,0.0,0.09041306494869876,0.0,0.0,0.0,-0.06638195368906791,-0.06490664165127674,0.0,0.0,0.374731936287261,0.0,-0.07638367867205964,0.0
2023-03-31,0.0,0.24090003639567772,0.0,0.0,0.09624804477892229,0.0,0.09176562575041607,0.0,0.0,0.0,-0.0681271591193649,0.0,0.0,0.0,0.3807335017882754,0.0,-0.07731474464530394,-0.044910887522039845
2023-04-03,0.0,0.23513940681086004,0.0,0.0,0.09354981034923668,0.0,0.08834942886921823,0.0,0.0,-0.07427873027117979,-0.06574406382761817,0.0,0.0,0.0,0.36781392024618514,0.0,-0.07512463962570186,0.0
2023-04-04,0.0,0.239670855610882,0.0,0.0,0.09502038278378064,0.0,0.08773977010495786,0.0,0.0,0.0,-0.06549395055433398,-0.06473061872667848,0.0,0.0,0.3700944229408609,0.0,-0.07724999927850625,0.0
2023-04-05,0.0,0.24172883446712315,0.0,0.0,0.09522786759010851,0.0,0.08771780508978794,0.0,0.0,0.0,-0.06566876677694576,-0.06430917750129336,0.0,0.0,0.36813624604385353,0.0,-0.07721130253088772,0.0
2023-04-06,0.0,0.2409266669577834,0.0,0.0,0.09583045925564813,0.0,0.08819579393582791,0.0,0.0,0.0,-0.06563583780470028,-0.0644852456849903,0.0,0.0,0.3679507180901082,0.0,-0.07697527827094178,0.0
2023-04-10,0.0,0.24109120594791994,0.0,-0.09058981410693939,0.09634055867715818,0.0,0.08542576044447468,0.0,0.0,0.0,-0.06361584686577833,0.0,0.0,0.0,0.34954498730722955,0.0,-0.07339182665050005,0.0
2023-04-11,0.0,0.2455208225544792,0.0,0.0,0.0980009763256713,0.0,0.08667608430980517,0.0,0.0,-0.07494940996576337,-0.06452032726929963,0.0,0.0,0.0,0.3556221544856638,0.0,-0.07471022508931759,0.0
2023-04-12,0.0,0.24122706595292873,0.0,-0.09061396435353887,0.09590541403406132,0.0,0.08498907872552888,0.0,0.0,0.0,-0.06366221358490018,0.0,0.0,0.0,0.34904887958768693,0.0,-0.07455338376135517,0.0
2023-04-13,0.0,0.24211332620771311,0.0,-0.08940341433255876,0.0951857158402638,0.0,0.08419673029312738,0.0,0.0,0.0,-0.0638316667060949,0.0,0.0,0.0,0.3497755721718707,0.0,-0.07549357444837144,0.0
2023-04-14,0.0,0.2418692254815274,0.0,-0.08933294385725313,0.09663622033366237,0.0,0.08255047610113263,0.0,0.0,0.0,-0.06439398089650257,0.0,0.0,0.0,0.3484129072438183,0.0,-0.07680424608610362,0.0
2023-04-17,0.0,0.25275572177707806,0.0,0.0,0.10156935719464388,0.0,0.08725665901121508,0.0,0.0,0.0,-0.06714770548766916,0.0,0.0,0.0,0.3660323108811178,0.0,-0.08033112324550926,-0.04490712240276669
2023-04-18,0.0,0.25259607653681876,0.0,0.0,0.1013761602175558,0.0,0.08751368246435211,0.0,0.0,0.0,-0.06705445692776804,0.0,0.0,0.0,0.3660073737239039,0.0,-0.08044057801546617,-0.04501167211413504
2023-04-19,0.0,0.25129077054261867,0.0,0.0,0.10085980234135579,0.0,0.08692749328413488,0.0,0.0,0.0,-0.06737997030782875,0.0,0.0,0.0,0.3656774335531722,0.0,-0.08313764418728502,-0.04472688578360464
2023-04-20,-0.06705742461872002,0.25603027024938585,0.0,0.0,0.10283230895050885,0.0,0.09004889897579645,0.0,0.0,0.0,-0.06867711243806594,0.0,0.0,0.0,0.37008102974919244,0.0,0.0,-0.04527295501833042
2023-04-21,0.0,0.251059766668271,0.0,0.0,0.10131186860779764,0.0,0.08767366977618923,0.0,0.0,0.0,-0.06823524701566391,0.0,0.0,0.0,0.3630948553892779,0.0,-0.0841372860132672,-0.04448730652953304
2023-04-24,0.0,0.2512581808318582,0.0,0.0,0.1013802975544597,0.0,0.08762935143593681,0.0,0.0,0.0,-0.06855406960164198,0.0,0.0,0.0,0.36320088773267756,0.0,-0.08370979627130098,-0.04426741657212489
2023-04-25,0.0,0.25202520268425144,0.0,0.0,0.10060096600772964,0.0,0.08867778105564049,0.0,0.0,0.0,-0.0678181296902553,0.0,0.0,0.0,0.361513128981918,0.0,-0.08473025991563633,-0.04463453166456878
2023-04-26,0.0,0.252385883704168,0.0,0.0,0.10122271995456393,0.0,0.08878195157568022,0.0,0.0,0.0,-0.06788111675588537,0.0,0.0,0.0,0.3615591340081785,0.0,-0.08431093985215857,-0.04385825414936554
2023-04-27,0.0,0.3510559872522,0.0,0.0,0.13968415373017543,0.0,0.12509598387499446,0.0,0.0,0.11140539839684137,-0.09400150409656785,0.0,0.0,0.0,0.0,0.0,-0.11739284192956687,-0.061364130719654054
2023-04-28,0.0,0.3519955339671914,0.0,0.0,0.1400539609823241,0.0,0.12540086916171567,0.0,0.0,0.11165436632829902,-0.0940233031469326,0.0,0.0,0.0,0.0,0.0,-0.11571298241995939,-0.06115898399357772
2023-05-01,0.0,0.25487622643172925,0.0,0.0,0.10143532931863167,0.0,0.09033617097307048,0.0,0.0,0.0,-0.06806405828899156,0.0,0.0,0.0,0.36173816900794203,0.0,-0.07927368811063447,-0.044276357869000756
2023-05-02,0.0,0.35963537620252706,0.0,0.0,0.1402209770102842,0.0,0.1227781303118519,0.0,0.0,0.1153668766556531,-0.09585419717758761,0.0,0.0,0.0,0.0,0.0,-0.10706157288399001,-0.05908286975810604
2023-05-03,0.0,0.32732330937459897,0.0,0.0,0.12860823788490297,0.0,0.11251936099876819,0.0,0.0,0.0,-0.0880692726890767,0.0,0.19245041191275344,0.0,0.0,0.0,-0.09815989635267805,-0.052869510787221775
2023-05-04,0.0,0.25854050084986907,0.0,0.0,0.10161620388792446,0.0,0.09191880895394303,0.0,0.0,0.0,-0.07099907786380602,0.0,0.0,0.0,0.35792925738257164,0.0,-0.07718647606166569,-0.041809675000220245
2023-05-05,0.0,0.2573762974071039,0.0,0.0,0.10021160229414329,0.0,0.09467972614593448,0.0,0.0,0.0,-0.06843077150405633,0.0,0.0,0.0,0.3601300987969287,0.0,-0.07781170896730565,-0.04135979488452767
2023-05-08,0.0,0.3459098196496853,0.0,0.0,0.13622417924054517,0.0,0.127278439064777,0.0,0.0,0.0,-0.09251926687914888,0.0,0.0,0.13877500611686844,0.0,0.0,-0.1037743091353119,-0.05551897991366322
2023-05-09,0.0,0.3451514759617748,0.0,0.0,0.13649794459037232,0.0,0.12669642550850363,0.0,0.0,0.0,-0.0925923417165708,0.0,0.0,0.138786312955408,0.0,0.0,-0.10387632273996457,-0.05639917652740579
2023-05-10,0.0,0.0,0.0,0.0,0.18744935758854736,0.0,0.1732550701410978,0.0,0.0,0.16211436410039412,-0.12732091247939797,0.1309394107314197,0.0,0.0,0.0,0.0,-0.141550874413929,-0.0773700105452139
2023-05-11,0.0,0.0,0.0,0.0,0.1870240635665752,0.0,0.17279949909635342,0.0,0.0,0.16267741274613817,-0.12798259389638242,0.13130844934201075,0.0,0.0,0.0,0.0,-0.14118875609874676,-0.07701922525379326
2023-05-12,0.0,0.0,0.0,0.0,0.18703762508757207,0.0,0.1723830282487551,0.0,0.0,0.1625613318817916,-0.12789488563189363,0.13109368850518038,0.0,0.0,0.0,0.0,-0.14139055153428212,-0.0776388891105252
2023-05-15,0.0,0.0,0.0,0.0,0.18724092028741793,0.0,0.17247105713164537,0.0,0.0,0.16418864087658608,-0.12751452351837717,0.13081574832679757,0.0,0.0,0.0,0.0,-0.14067431163542793,-0.07709479822374804
2023-05-16,0.0,0.3498763292107332,0.0,0.0,0.13962024634925677,0.0,0.12782855463092108,0.0,0.0,0.12361685820208076,-0.09518572465423214,0.0,0.0,0.0,0.0,0.0,-0.10586970904352343,-0.05800257790925271
2023-05-17,0.0,0.0,0.0,0.0,0.18781738446002266,0.0,0.17330584953850742,0.0,0.0,0.16516348885220236,-0.12377176018059048,0.13040934544729912,0.0,0.0,0.0,0.0,-0.1429633274403612,-0.07656884408101687
2023-05-18,0.0,0.0,0.0,0.0,0.18800288513296212,0.0,0.17032918436534206,0.0,0.0,0.16718517034241617,-0.12353048098248146,0.13054344417268274,0.0,0.0,0.0,0.0,-0.14395988101409338,-0.07644895399002215
2023-05-19,0.0,0.0,0.0,0.0,0.18765817296259465,0.0,0.16942612912342994,0.0,0.0,0.16770064994663073,-0.1235070207232799,0.13061785555195507,0.0,0.0,0.0,0.0,-0.14410111787320573,-0.07698905381890397
2023-05-22,0.0,0.0,-0.2229906507372775,0.0,0.16489802042360377,0.0,0.1470352632839673,0.0,0.0,0.15271373852336736,0.0,0.11790798167509685,0.0,0.0,0.0,0.0,-0.1276826184480116,-0.06677172690867564
2023-05-23,0.10762139651544113,0.0,-0.23545846520616087,0.0,0.17014458560449602,0.0,0.0,0.0,0.0,0.1573886230469223,0.0,0.12369178226123738,0.0,0.0,0.0,0.0,-0.1349081636826932,-0.07078698368304918
2023-05-24,0.0,0.3578990297444582,0.0,0.0,0.13931328682700492,0.0,0.0,0.0,0.0,0.1313672063337721,-0.09566428088634121,0.1032100912369304,0.0,0.0,0.0,0.0,-0.11310761808307512,-0.059438486888418116
2023-05-25,0.0,0.32258410982354674,-0.1806145357314836,0.0,0.12900698695327528,0.0,0.0,0.0,0.0,0.11852072765046164,0.0,0.09320619485950576,0.0,0.0,0.0,0.0,-0.10290980069581927,-0.05315764428590774
2023-05-26,0.0,0.3239402417403582,-0.18103354742440844,0.0,0.12974236762820524,0.0,0.0,0.0,0.0,0.11647861282411572,0.0,0.09283210138790547,0.0,0.0,0.0,0.0,-0.10271731515240735,-0.053255813842599434
2023-05-30,0.0,0.0,0.0,0.0,0.1858564257832154,0.0,0.1664811674308368,0.0,0.0,0.16795951103750104,-0.1238285042188407,0.13352627163440475,0.0,0.0,0.0,0.0,-0.1472052094715513,-0.0751429104236501
2023-05-31,0.0,0.3491068007321884,0.0,0.0,0.13870518265286771,0.0,0.1255411614494057,0.0,0.0,0.12656171968275481,-0.09273287837018525,0.0,0.0,0.0,0.0,0.0,-0.11118516641480546,-0.05616709069779258
2023-06-01,0.0,0.3493839641161761,0.0,0.0,0.1369339077970134,0.0,0.12591072388515065,0.0,0.0,0.12686574583694987,-0.0928608096737177,0.0,0.0,0.0,0.0,0.0,-0.11242630821807977,-0.05561854047291252
2023-06-02,0.0,0.0,0.0,0.0,0.18428490038433284,0.0,0.1667842502685191,0.0,0.0,0.1722346727113714,-0.11716970057072246,0.13033236372329993,0.0,0.0,0.0,0.0,-0.1547873325903343,-0.07440677975141993
2023-06-05,0.0,0.34911204855884104,0.0,0.0,0.1375263809097487,0.0,0.12488363581373833,0.0,0.0,0.12879153718171218,-0.08764275855108873,0.0,0.0,0.0,0.0,0.0,-0.11627478386110693,-0.055768855123764005
2023-06-06,0.0,0.0,0.0,0.0,0.18648156637047622,0.0,0.17011025120744502,0.0,0.0,0.17392997385624612,-0.11287630594411223,0.12695267432373739,0.0,0.0,0.0,0.0,-0.15416415766254526,-0.07548507063543779
2023-06-07,0.0,0.0,-0.22897278576717797,0.0,0.1629166951537519,0.0,0.14753952746606638,0.0,0.0,0.1501118845905482,0.0,0.11064829115968886,0.0,0.0,0.0,0.0,-0.13357375285500223,-0.06623706300776443
2023-06-08,0.0,0.0,0.0,0.0,0.18525187441066904,0.0,0.16740902980407604,0.0,0.0,0.17611526682359785,-0.11468678259957758,0.1300772546445203,0.0,0.0,0.0,0.0,-0.1511433172395973,-0.07531647447796187
2023-06-09,0.0,0.0,0.0,0.0,0.18100426705988093,0.0,0.16684353128321744,0.0,0.0,0.1760117721505088,-0.11339402437266427,0.13210573680769366,0.0,0.0,0.0,0.0,-0.1577709239267424,-0.07286974439929259
2023-06-12,0.1140909448546986,0.0,0.0,0.0,0.14699110370845006,0.0,0.0,0.0,0.0,0.14067822370593133,0.0,0.10723885224768503,0.0,0.0,0.0,-0.3056173657624899,-0.12744941257349596,-0.05793409714724912
2023-06-13,0.11705361085479363,0.0,0.0,0.0,0.1462289810131072,0.0,0.0,0.0,0.0,0.14222305628153617,0.0,0.1074286955253176,0.0,0.0,0.0,-0.30223975386836205,-0.1274196225630056,-0.057406279893877775
2023-06-14,0.11469970227005183,0.0,0.0,0.0,0.15706146322916253,0.0,0.0,0.0,0.0,0.13583742771701154,0.0,0.10382504136131909,0.0,0.0,0.0,-0.30736988138844207,-0.12448921457778345,-0.056717269456229444
2023-06-15,0.11387171517925926,0.0,0.0,0.0,0.15598445421574433,0.0,0.0,0.0,0.0,0.1367461412744217,0.0,0.1023741504002565,0.0,0.0,0.0,-0.3145290505545094,-0.12149594722900826,-0.054998541146800486
2023-06-16,0.11566253081067734,0.0,0.0,0.0,0.1576635694511464,0.0,0.0,0.0,0.0,0.135185417186942,0.0,0.10415550748139915,0.0,0.0,0.0,-0.31040339185087656,-0.12220317818860911,-0.05472640503034933
2023-06-20,0.11567159887868327,0.0,0.0,0.0,0.15725238679885295,0.0,0.0,0.0,0.0,0.13506394010788553,0.0,0.10476949460587812,0.0,0.0,0.0,-0.3098751509667141,-0.12240419163668788,-0.05496323700529819
2023-06-21,0.11936078427658948,0.0,0.0,0.0,0.1593510984500977,0.0,0.0,0.0,0.0,0.13377248143352574,0.0,0.10499944104787483,0.0,0.0,0.0,-0.3065959327349108,-0.12144798066425329,-0.05447228139274818
2023-06-22,0.11664428434831801,0.0,0.0,0.0,0.15224650186571173,0.0,0.0,0.0,0.0,0.13163452296190087,0.0,0.10586937671958155,0.0,0.0,0.0,-0.3256618937449546,-0.11697317640858003,-0.050970243950953335
2023-06-23,0.11707382046884524,0.0,0.0,0.0,0.14846401602140272,0.0,0.0,0.0,0.0,0.13177536250009325,0.0,0.10488377994524073,0.0,0.0,0.0,-0.3288578433368454,-0.11729932259607878,-0.05164585513149381
2023-06-26,0.1179560153688519,0.0,0.0,0.0,0.14867446414761032,0.0,0.0,0.0,0.0,0.1295762941025694,0.0,0.10493063875666503,0.0,0.0,0.0,-0.329826195934612,-0.11742919706560237,-0.05160719462408893
2023-06-27,0.11679392981103771,0.0,0.0,0.0,0.1462522531062523,0.0,0.0,0.0,0.0,0.1254434886607665,0.0,0.10264357938472345,0.0,0.0,0.0,-0.335565205235558,-0.12086162179910405,-0.052439922002558
2023-06-28,0.11633893848732382,0.0,0.0,0.0,0.14614241012698612,0.0,0.0,0.0,0.0,0.12577205331153996,0.0,0.10243421672405598,0.0,0.0,0.0,-0.33662494470970905,-0.12060761281475117,-0.05207982382563409
2023-06-29,0.11633094045643111,0.0,0.0,0.0,0.14979000780822152,0.0,0.0,0.0,0.0,0.12892373867866003,0.0,0.10335593207268466,0.0,0.0,0.0,-0.3308737867116663,-0.11823847740752166,-0.05248711686481475
2023-06-30,0.11727429278736805,0.0,0.0,0.0,0.150576507721632,0.0,0.0,0.0,0.0,0.12825071371940364,0.0,0.10385434470559447,0.0,0.0,0.0,-0.3290599468567093,-0.11790374579605449,-0.05308044841323802
2023-07-03,0.11597951856494561,0.0,0.0,0.0,0.14897718142266564,0.0,0.0,0.0,0.0,0.12897124810150076,0.0,0.10464103125103696,0.0,0.0,0.0,-0.3304021101327451,-0.11836705945546355,-0.05266185107164238
2023-07-05,0.11647175467937425,0.0,0.0,0.0,0.14806123283949985,0.0,0.0,0.0,0.0,0.1294959456715238,0.0,0.10367623808211715,0.0,0.0,0.0,-0.32835381308357875,-0.11832379661372912,-0.055617219030177155
2023-07-06,0.11849927155429453,0.0,0.0,0.0,0.1436228781537418,0.0,0.0,0.0,0.0,0.13010265506975266,0.0,0.1052153265362981,0.0,0.0,0.0,-0.3285462997179369,-0.11791336986859781,-0.05610019909937812
2023-07-07,0.11930462342589952,0.0,0.0,0.0,0.14270833906568695,0.0,0.0,0.0,0.0,0.13045275562738073,0.0,0.10545856991700767,0.0,0.0,0.0,-0.3284742093817603,-0.11834462727889127,-0.05525687530337344
2023-07-10,0.1201270581700753,0.0,0.0,0.0,0.14310301440719964,0.0,0.0,0.0,0.0,0.13079994539367584,0.0,0.1034327357375283,0.0,0.0,0.0,-0.3286849500373619,-0.1185497554995659,-0.05530254075459306
2023-07-11,0.1198259817615135,0.0,0.0,0.0,0.1402180724834633,0.0,0.0,0.0,0.0,0.12927491380138176,0.0,0.10262916461431268,0.0,0.0,0.0,-0.3346936408357435,-0.11916515592827594,-0.05419307057530944
2023-07-12,0.0,0.0,0.0,0.0,0.1377582976032967,0.0,0.0,0.0,0.0,0.13153496189914554,0.0,0.10484686191799865,0.0,0.13408319400863764,0.0,-0.3159135847450365,-0.12031207781457079,-0.055551022011314136
2023-07-13,0.0,0.0,0.0,0.0,0.13638843758526567,0.0,0.0,0.0,0.0,0.13251650800690198,0.0,0.10610520877037817,0.0,0.13377101251036608,0.0,-0.314479648699805,-0.1204782375462862,-0.05626094688099707
2023-07-14,0.0,0.0,0.0,0.0,0.1375173849774047,0.0,0.0,0.0,0.0,0.1353228393153094,0.0,0.1062702968412929,0.0,0.13537421155167853,0.0,-0.309656215830472,-0.12027366987184744,-0.05558538161199507
2023-07-17,0.0,0.0,0.0,0.0,0.13732616978504436,0.0,0.0,0.0,0.0,0.13494580571208475,0.0,0.1056969485412265,0.0,0.13525929113922705,0.0,-0.3108630387387841,-0.12062622096703642,-0.05528252511659673
2023-07-18,0.0,0.0,0.0,0.0,0.13649478281455044,0.0,0.0,0.0,0.0,0.13409088733016486,0.0,0.10578766693835799,0.0,0.1337136063863263,0.0,-0.3134968549158113,-0.12146452029801669,-0.05495168131677244
2023-07-19,0.0,0.0,0.0,0.0,0.13725262558718135,0.0,0.0,0.0,0.0,0.1344307445626917,0.0,0.10605801294846948,0.0,0.13411573642628308,0.0,-0.3124118014361509,-0.12062666231721471,-0.05510441672200876
2023-07-20,0.0,0.0,0.0,0.0,0.13404811738690894,0.0,0.16006803887334922,0.0,0.0,0.1260862831134801,0.0,0.10303130538292588,0.0,0.0,0.0,-0.3058666775801387,-0.11662426698366304,-0.05427531067953402
2023-07-21,0.0,0.0,0.0,0.0,0.1335269163483498,0.0,0.15973534267555073,0.0,0.0,0.1259641295422049,0.0,0.10269371451240569,0.0,0.0,0.0,-0.30662787234950356,-0.11695252565376124,-0.054499498918224164
2023-07-24,0.12563899695027794,0.0,0.0,0.0,0.13004006325265446,0.0,0.15723462273881664,0.0,0.0,0.12250012123688443,0.0,0.0,0.0,0.0,0.0,-0.29817217120942896,-0.11389074175923629,-0.052523282852701504
2023-07-25,0.0,0.0,0.0,0.0,0.1331538789534674,0.0,0.1603365999714094,0.0,0.0,0.12534172004270636,0.0,0.10221346200601526,0.0,0.0,0.0,-0.30748663192604886,-0.1175431407089226,-0.053924566391430166
2023-07-26,0.13022539397290653,0.0,0.0,0.0,0.13730336593099632,0.0,0.0,0.0,0.0,0.131999929803996,0.0,0.10793847629752545,0.0,0.0,0.0,-0.31681021249458696,-0.12084722849798968,-0.054875393001999014
2023-07-27,0.1321031158721179,0.0,0.0,0.0,0.13859588151223917,0.0,0.0,0.0,0.0,0.13240837902879116,0.0,0.10832154682556978,0.0,0.0,0.0,-0.3125644158668236,-0.1193852180056449,-0.05662144288881337
2023-07-28,0.1342509205306584,0.0,0.0,0.0,0.13948674208828263,0.0,0.0,0.0,0.0,0.1337216537809895,0.0,0.10726491181349548,0.0,0.0,0.0,-0.309666395014233,-0.11930210290272487,-0.056307273869616196
2023-07-31,0.0,0.0,0.0,0.0,0.1361404115052765,0.0,0.15168874165224353,0.0,0.0,0.13086425023577594,0.0,0.10419212295267914,0.0,0.0,0.0,-0.3025147541871487,-0.11923059516016622,-0.05536912430671008
2023-08-01,0.1347625111581859,0.0,0.0,0.0,0.13475728077577837,0.0,0.0,0.0,0.0,0.131709151700355,0.0,0.10471314274706581,0.0,0.0,0.0,-0.3110932927351692,-0.12686974503054202,-0.056094875852903736
2023-08-02,0.13941143722791902,0.0,0.0,0.0,0.12816794598430134,0.0,0.0,0.0,0.0,0.12425447192575162,0.0,0.10275041943529008,0.0,0.0,0.0,-0.31586768314543756,-0.13163987756395362,-0.05790816471734663
2023-08-03,0.1160678068578857,0.0,0.0,0.0,0.10683466817832189,0.0,0.13199254458759993,0.0,0.0,0.10387018922462986,0.0,0.0,-0.17457136861637165,0.0,0.0,-0.2618665829115319,-0.10479683962365906,0.0
2023-08-04,0.12882626365696792,0.0,0.0,0.0,0.10804667177548144,0.0,0.13444344343638623,0.0,0.0,0.10516784961231107,0.0,0.0,-0.1713132146266677,0.0,0.0,-0.2492106527378917,-0.10299190415429396,0.0
2023-08-07,0.14554774958178796,0.0,-0.1551896721148627,0.0,0.10807299866663482,0.0,0.1375985172129715,0.0,0.0,0.10712081305792993,0.0,0.0,0.0,0.0,0.0,-0.24568967987746623,-0.10078056948834689,0.0
2023-08-08,0.1462595458759458,0.0,-0.15545478264971005,0.0,0.10747007136499681,0.0,0.1367018042659852,0.0,0.0,0.10644578286599309,0.0,0.0,0.0,0.0,0.0,-0.2469769362349634,-0.10069107674240554,0.0
2023-08-09,0.14898435929113196,0.0,-0.15508888797762915,0.0,0.10728897675138988,0.0,0.1373945044381526,0.0,0.0,0.10485465228531661,0.0,0.0,0.0,0.0,0.0,-0.24632306132886156,-0.10006555792751833,0.0
2023-08-10,0.11117188845366867,0.35219215695349815,-0.11752951294176976,0.0,0.08070664811775966,0.0,0.0,0.0,0.0,0.0794932185134648,0.0,0.0,0.0,0.0,0.0,-0.18443433280052135,-0.07447224221931777,0.0
2023-08-11,0.14754506059815925,0.0,-0.1555550890982158,0.0,0.10672623217841769,0.0,0.13895655202759624,0.0,0.0,0.10522359485903446,0.0,0.0,0.0,0.0,0.0,-0.24577436338080533,-0.10021910785777119,0.0
2023-08-14,0.14776087260809523,0.0,-0.15939604911791644,0.0,0.10585144566286174,0.0,0.13796273420301797,0.0,0.0,0.10378991518610393,0.0,0.0,0.0,0.0,0.0,-0.2451955496110338,-0.10004343361097087,0.0
2023-08-15,0.11671930239554278,0.3800699117007632,0.0,0.0,0.08417785649652582,0.0,0.0,0.0,0.0,0.08231921766276157,-0.05972797796984712,0.0,0.0,0.0,0.0,-0.19618415012281032,-0.08080158365174939,0.0
2023-08-16,0.0,0.3942890920234196,0.0,0.0,0.08297134814775835,0.0,0.11138144533118141,0.0,0.0,0.08029619631213923,-0.059165982390622075,0.0,0.0,0.0,0.0,-0.19275321794822775,-0.0791427178466516,0.0
2023-08-17,0.0,0.3940077993304937,0.0,0.0,0.08259365222647172,0.0,0.11124942950061656,0.0,0.0,0.07980663070494012,-0.061158992239627896,0.0,0.0,0.0,0.0,-0.19228027789002258,-0.07890321810782745,0.0
2023-08-18,0.11263015198901077,0.37954030407759726,0.0,0.0,0.07911964705244846,0.0,0.10982003533340243,0.0,0.0,0.0,-0.058605183789702746,0.0,0.0,0.0,0.0,-0.18459626486870215,-0.07568841288913612,0.0
2023-08-21,0.0,0.39260603451589,0.0,0.0,0.08217567296116113,0.0,0.11614714378563397,0.0,0.0,0.0794515040436321,-0.06090791451334434,0.0,0.0,0.0,0.0,-0.19114013901169027,-0.0775715911686482,0.0
2023-08-22,0.0,0.39276442997403066,0.0,0.0,0.08221905085943688,0.0,0.11616162934842128,0.0,0.0,0.07947774770480016,-0.06123071006683037,0.0,0.0,0.0,0.0,-0.19105093305123078,-0.07709549899525003,0.0
2023-08-23,0.1624312215976455,0.0,0.0,0.0,0.12109293073317937,0.0,0.16569231937434292,0.0,0.0,0.11668271605157865,0.0,0.0,0.0,0.0,0.0,-0.2675665027943508,-0.10642434567068362,-0.060109963778219214
2023-08-24,0.0,0.417289611194055,0.0,0.0,0.08477048276826508,0.0,0.1170776568461683,0.0,0.0,0.07877543275804576,0.0,0.0,0.0,0.0,0.0,-0.18580176225676917,-0.07419367765294212,-0.0420913765237545
2023-08-25,0.0,0.41387895232406047,0.0,0.0,0.08400533421633896,0.0,0.11873152911544833,0.0,0.0,0.08025230509480856,0.0,0.0,0.0,0.0,0.0,-0.1868492723776385,-0.0737948005546566,-0.04248780631704852
2023-08-28,0.0,0.403898517929871,0.0,0.0,0.08212540127574403,0.0,0.1164650496296639,0.0,0.0,0.08057813607000962,-0.06113476709684392,0.0,0.0,0.0,0.0,-0.18309074849888635,-0.07270737949898122,0.0
2023-08-29,0.16322524777573547,0.0,0.0,0.0,0.11934117647829293,0.0,0.16786258304300872,0.0,0.0,0.11383457839242025,0.0,0.0,0.0,0.0,0.0,-0.2659521964320654,-0.1060218268812246,-0.06376239099725264
2023-08-30,0.16345333375395826,0.0,0.0,0.0,0.12022001999600496,0.0,0.1668227151704325,0.0,0.0,0.11339507846932528,0.0,0.0,0.0,0.0,0.0,-0.2646025160334256,-0.10627752853243998,-0.06522880804441358
2023-08-31,0.16554369135004351,0.0,0.0,0.0,0.12147031868982884,0.0,0.16733247783247795,0.0,0.0,0.1132931741158268,0.0,0.0,0.0,0.0,0.0,-0.26154949586613635,-0.1051093077221005,-0.06570153442358598
2023-09-01,0.14768340636810498,0.0,0.0,0.0,0.11004900931782742,0.0,0.1561846078251636,0.0,0.0,0.10199584962316935,0.0,0.0,-0.15932598824225597,0.0,0.0,-0.23221876196071978,-0.09254237666275877,0.0
2023-09-05,0.14478348635831753,0.0,-0.1583956164506113,0.0,0.11055718234380904,0.0,0.15673649702239012,0.0,0.0,0.10302273278084657,0.0,0.0,0.0,0.0,0.0,-0.23436112052742844,-0.09214336451659698,0.0
2023-09-06,0.14308496191057862,0.0,-0.15834510112958494,0.0,0.11183367035352453,0.0,0.1567473630019214,0.0,0.0,0.10210298185394641,0.0,0.0,0.0,0.0,0.0,-0.23512174672709826,-0.09276417502334594,0.0
2023-09-07,0.14247288624054164,0.0,-0.15640473772517774,0.0,0.11154586687521847,0.0,0.16033718051559537,0.0,0.0,0.1028350255602003,0.0,0.0,0.0,0.0,0.0,-0.2332551654844669,-0.0931491375987995,0.0
2023-09-08,0.15578905323494946,0.0,-0.17527077044377792,0.0,0.12478386215908122,0.0,0.0,0.0,0.0,0.1142655111505334,0.0,0.0,0.0,0.0,0.0,-0.2601135233507727,-0.1039764475386113,0.06580083212227375
2023-09-11,0.1680210952959313,0.0,0.0,0.0,0.1328889304142764,0.0,0.0,0.0,0.0,0.12216750500416457,-0.11209105367883342,0.0,0.0,0.0,0.0,-0.2816422543457101,-0.11185166716613465,0.07133749409494947
2023-09-12,0.16675598751033804,0.0,0.0,0.0,0.13218452954065643,0.0,0.0,0.0,0.0,0.12183089726852268,-0.11146398973396386,0.0,0.0,0.0,0.0,-0.2800840541853405,-0.11090198326834355,0.07677855849283491
2023-09-13,0.14738735530421515,0.0,0.0,0.0,0.11823173854211586,0.0,0.17716678519905774,0.0,0.0,0.10810248643098942,-0.09931888746461749,0.0,0.0,0.0,0.0,-0.2509946240553497,-0.09879812300365459,0.0
2023-09-14,0.15489347431684217,0.0,-0.17392389712770837,0.0,0.12075639063742269,0.0,0.0,0.0,0.0,0.11232775414059389,0.0,0.0,0.0,0.0,0.0,-0.2621828630355689,-0.1033392998782631,0.07257632086360083
2023-09-15,0.1386812379662872,0.0,-0.157136077292008,0.0,0.10906506555418757,0.0,0.1646902476781266,0.0,0.0,0.09899678472239244,0.0,0.0,0.0,0.0,0.0,-0.23859788077363067,-0.09283270601336735,0.0
2023-09-18,0.0,0.0,0.0,0.0,0.12680661365788698,0.0,0.18973844601261838,0.0,0.0,0.11564056057532118,-0.10550399869472403,0.0,0.0,0.0,0.0,-0.2776339689231064,-0.10759467145984118,0.07708174067650177
2023-09-19,0.1540800767524499,0.0,-0.1740739649896544,0.0,0.12285786352308889,0.0,0.0,0.0,0.0,0.10974610440530176,0.0,0.0,0.0,0.0,0.0,-0.26332565009810616,-0.1024261388243014,0.07349020140709749
2023-09-20,0.14882266163601876,0.0,0.0,0.0,0.11854658404652917,0.0,0.17907312117889237,0.0,0.0,0.1047326732987875,-0.09636683691227692,0.0,0.0,0.0,0.0,-0.2536663598593951,-0.09879176306810016,0.0
2023-09-21,0.1666729292960051,0.0,0.0,0.0,0.13035154001336072,0.0,0.0,0.0,0.0,0.11551173217868614,-0.10838174554493378,0.0,0.0,0.0,0.0,-0.2847521313869412,-0.10732193971184213,0.08700798186823097
2023-09-22,0.1691001432623593,0.0,0.0,0.0,0.13286144439919037,0.0,0.0,0.0,0.0,0.11528360811968114,-0.10885517722854271,0.0,0.0,0.0,0.0,-0.28093665305251153,-0.10664997673508522,0.08631299720262965
2023-09-25,0.15977198552095767,0.0,-0.17847324184705873,0.0,0.12350063981161548,0.0,0.0,0.0,0.0,0.10831138063608302,0.0,0.0,0.0,0.0,0.0,-0.25438488177812035,-0.09537973442151773,0.08017813598464707
2023-09-26,0.15629698356151248,0.0,0.0,0.0,0.12348288777724876,0.0,0.0,0.0,0.0,0.1091038476941527,0.0,0.0,-0.17377754051586602,0.0,0.0,-0.2568303062743905,-0.09622375949155249,0.08428467468527698
2023-09-27,0.09081775251738858,0.0,0.0,0.0,0.07151344423562682,0.0,0.0,0.0,0.0,0.0631869127296893,0.0,0.0,0.0,0.0,-0.5211569585733369,-0.14913609314022874,-0.05587032768046738,0.04831851112326225
2023-09-28,0.0898657897519608,0.0,0.0,0.0,0.06994381009425224,0.0,0.0,0.0,0.0,0.06203899479319593,0.0,0.0,0.0,0.0,-0.527528737753271,-0.1478521448486852,-0.05614287352695756,0.04662764923167734
2023-09-29,0.0890357776699028,0.0,0.0,0.0,0.071025608477804,0.0,0.0,0.0,0.0,0.06308635798089487,0.0,0.0,0.0,0.0,-0.5252831763780764,-0.1487760152858745,-0.056717647206055016,0.04607541700139236
2023-10-02,0.1470242065459515,0.0,-0.18042215245844248,0.0,0.123063318949962,0.0,0.0,0.0,0.0,0.11105906573935852,0.0,0.0,0.0,0.0,0.0,-0.25952216265869155,-0.09904143766918472,0.07986765597840925
2023-10-03,0.14142241103732278,0.0,0.0,0.0,0.12558924385513467,0.0,0.0,0.0,0.0,0.11047119887517973,0.0,0.0,-0.17849101937222836,0.0,0.0,-0.26222770877123885,-0.09897276504451896,0.0828256530443767
2023-10-04,0.09001114479431768,0.4148172390444913,0.0,0.0,0.08271377509323846,0.0,0.0,0.0,0.0,0.06935025433527689,0.0,0.0,-0.11365288469170462,0.0,0.0,-0.16699907348536652,-0.062455628555604735,0.0
2023-10-05,0.09456584252886208,0.4332055260135231,0.0,0.0,0.08657473832918373,0.0,0.0,0.0,0.0,0.07290154320147463,-0.07197340886839877,0.0,0.0,0.0,0.0,-0.17518982376491293,-0.06558911729364496,0.0
2023-10-06,0.1459895795887485,0.0,0.0,0.0,0.13189235647541422,0.0,0.0,0.0,0.0,0.1101344088764475,-0.11305996865892266,0.0,0.0,0.12727820077715987,0.0,-0.27078976452533404,-0.10085572109797324,0.0
2023-10-09,0.14786684281433057,0.0,0.0,0.0,0.13532934675093886,0.0,0.0,0.0,0.0,0.1117149999951259,-0.11533109000709008,0.0,0.0,0.13082136806526337,0.0,-0.26076576957022535,-0.09817058279702591,0.0
2023-10-10,0.15142751250973172,0.0,0.0,0.0,0.1409285539955648,0.0,0.0,0.0,0.0,0.11447127391397258,0.0,0.0,0.0,0.13608913557241245,0.0,-0.28304725717314616,-0.10105418486144803,-0.07298208197372424
2023-10-11,0.14998441909488128,0.0,0.0,0.0,0.14482270673950373,0.0,0.0,0.0,0.0,0.11455822674304886,0.0,0.0,0.0,0.13847421020606895,0.0,-0.281851690508757,-0.09784851747012217,-0.07246022923761805
2023-10-12,0.07442304862052214,0.0,0.0,0.0,0.07195064514655947,0.0,0.0,0.0,0.0,0.05709869551058432,0.0,0.0,0.0,0.06893623308591505,-0.5408255078357751,-0.13980016423560523,-0.04696570556503873,0.0
2023-10-13,0.14659442774497955,0.0,0.0,0.0,0.139448904308654,0.0,0.0,0.0,0.0,0.11146589465933326,-0.1132613926044999,0.0,0.0,0.13202943640470857,0.0,-0.26742278567158223,-0.08977715860624258,0.0
2023-10-16,0.14013406632872594,0.0,0.0,0.0,0.1377197632507003,0.0,0.14820085694166915,0.0,0.0,0.10967845375882941,-0.1123994719174616,0.0,0.0,0.0,0.0,-0.2637816272319285,-0.08808576057068514,0.0
2023-10-17,0.07408014009930933,0.0,0.0,0.0,0.07285467187896558,0.0,0.07836487839945444,0.0,0.0,0.05802328337323664,0.0,0.0,0.0,0.0,-0.5303181217420808,-0.13941656271455868,-0.046942341792394406,0.0
2023-10-18,0.1397412952198129,0.0,0.0,0.0,0.1350593832797564,0.0,0.14578601084837725,0.0,0.0,0.11222462749072198,-0.10998846394482618,0.0,0.0,0.0,0.0,-0.2669472486933375,-0.09025297052316782,0.0
2023-10-19,0.1476656822437244,0.0,0.0,0.0,0.0,0.0,0.1546664929385551,0.0,0.0,0.12097388749159635,-0.11762158035667,0.0,0.0,0.0,0.0,-0.28920022258511285,-0.09609023309596552,0.0737819012883758
2023-10-20,0.13895732309502817,0.0,0.0,0.0,0.13537363727026808,0.0,0.1451820232725509,0.0,0.0,0.11172619924336658,-0.10979741567032116,0.0,0.0,0.0,0.0,-0.26931104579087606,-0.08965235565758904,0.0
2023-10-23,0.13926330872167297,0.0,0.0,0.0,0.13546164291283866,0.0,0.1456098962567205,0.0,0.0,0.11207342883008477,-0.10944040895174927,0.0,0.0,0.0,0.0,-0.26952436021619813,-0.0886269541107356,0.0
2023-10-24,0.16968445950770367,0.0,0.0,0.0,0.16086238668187622,0.0,0.17426861157655454,0.0,0.0,0.13258917512957513,-0.13245839381743127,-0.1257477931468027,0.0,0.0,0.0,0.0,-0.10438918014005645,0.0
2023-10-25,0.16901619334164875,0.0,0.0,0.0,0.16054779678422293,0.0,0.18103336846700144,0.0,0.0,0.12872834714181616,-0.13307630451777985,-0.12359618576347495,0.0,0.0,0.0,0.0,-0.10400180398405573,0.0
2023-10-26,0.1683313501655115,0.0,0.0,0.0,0.1607249301250156,0.0,0.18176681982573922,0.0,0.0,0.1275654285302746,-0.13403250502818792,-0.12546658829905583,0.0,0.0,0.0,0.0,-0.10211237802621534,0.0
2023-10-27,0.16566416035464607,0.0,0.0,0.0,0.16148178543715352,0.0,0.1790666346112113,0.0,0.0,0.12810413894904035,-0.13493983933107218,-0.12808672985070815,0.0,0.0,0.0,0.0,-0.10265671146616842,0.0
2023-10-30,0.16399329841921,0.0,0.0,0.0,0.16046337010570852,0.0,0.18223656655266637,0.0,0.0,0.12641935808625893,-0.13441105908528284,-0.12827451887675165,0.0,0.0,0.0,0.0,-0.10420182887412174,0.0
2023-10-31,0.1624069873616911,0.0,0.0,0.0,0.16482465728461776,0.0,0.180430624140372,0.0,0.0,0.12844995450267038,-0.13290818954931882,-0.12733806782670995,0.0,0.0,0.0,0.0,-0.10364151933462003,0.0
2023-11-01,0.15839581582002576,0.0,0.0,0.0,0.16470114255946988,0.0,0.1824758029108953,0.0,0.0,0.1275289708379509,-0.13367418710021858,-0.1286877157460835,0.0,0.0,0.0,0.0,-0.10453636502535606,0.0
2023-11-02,0.15739022857139354,0.0,0.0,0.0,0.16197456121867104,0.0,0.1891885127376416,0.0,0.0,0.12902367560451314,-0.1268272076583616,-0.12843060869475498,0.0,0.0,0.0,0.0,-0.10716520551466399,0.0
2023-11-03,0.158456423952761,0.0,0.0,0.0,0.16390364616532244,0.0,0.1922903754988145,0.0,0.0,0.1308218701311336,-0.12248582983758234,-0.12302282919248234,0.0,0.0,0.0,0.0,-0.10901902522190389,0.0
2023-11-06,0.15836711499751663,0.0,0.0,0.0,0.16442269952355243,0.0,0.1920149818673982,0.0,0.0,0.13095849644891946,-0.12170114377576845,-0.12275197398042655,0.0,0.0,0.0,0.0,-0.10978358940641833,0.0
2023-11-07,0.16587047444840036,0.0,0.0,0.0,0.1718476886894244,0.0,0.20152988903559824,0.0,0.0,0.13754327437118896,-0.12738880099646824,0.0,0.0,0.0,0.0,0.0,-0.11386452595297923,-0.08195534650594051
2023-11-08,0.16448552830812918,0.0,0.0,0.0,0.17046799500929138,0.0,0.1961100860628508,0.0,0.0,0.1359065717059393,-0.1255752184267873,-0.12712497146649746,0.0,0.0,0.0,0.0,0.0,-0.08032962902050457
2023-11-09,0.167346122573946,0.0,0.0,0.0,0.17458565725770034,0.0,0.19963349108281367,0.0,0.0,0.13800029964880653,-0.1268121572922321,0.0,0.0,0.0,0.0,0.0,-0.11168561600861165,-0.08193665613588985
2023-11-10,0.1685588872609132,0.0,0.0,0.0,0.17573778671759774,0.0,0.19782137070801553,0.0,0.0,0.13672389502582138,-0.12718209652997908,0.0,0.0,0.0,0.0,0.0,-0.11235164238024742,-0.08162432137742563
2023-11-13,0.16175212589492535,0.0,0.0,0.0,0.16951073857008903,0.0,0.1873210330881772,0.0,0.0,0.13071873574844103,-0.12224080971943008,-0.12165058745922248,0.0,0.0,0.0,0.0,-0.10680596951971494,0.0
2023-11-14,0.1735943979680601,0.0,0.0,0.0,0.17274120149860345,0.0,0.20261602781871824,0.0,0.0,0.13932716424165462,-0.11338594527064136,0.0,0.0,0.0,0.0,0.0,-0.11346950181122843,-0.08486576139109385
2023-11-15,0.10306420717510364,0.5320100746474893,0.0,0.0,0.10143350035503523,0.0,0.0,0.0,0.0,0.0821840340573843,-0.06631596237399917,0.0,0.0,0.0,0.0,0.0,-0.06577466676103821,-0.0492175546299503
2023-11-16,0.1775600289799804,0.0,0.0,0.0,0.17458851142546195,0.0,0.20035621986950042,0.0,0.0,0.14150278147191378,-0.11278871307194588,0.0,0.0,0.0,0.0,0.0,-0.11246839674537133,-0.08073534843582615
2023-11-17,0.17830946711112935,0.0,0.0,0.0,0.17245353938738286,0.0,0.20133976586308622,0.0,0.0,0.14365030136546264,-0.11219910611653608,0.0,0.0,0.0,0.0,0.0,-0.11368197866777756,-0.07836584148862522
2023-11-20,0.14153985564188587,0.0,0.0,0.0,0.13366941186020356,0.0,0.15605629557109932,0.0,0.0,0.11073827197456584,-0.0871550134617512,0.0,0.0,0.0,0.0,-0.28258690913263185,-0.08825424235786225,0.0
2023-11-21,0.1752328811939513,0.0,0.0,0.0,0.16603477387579885,0.0,0.1917090718691592,0.0,0.0,0.13792633579839395,-0.10699806100623024,-0.11035127110533192,0.0,0.0,0.0,0.0,-0.1117476051511347,0.0
2023-11-22,0.17378755367456192,0.0,0.0,0.0,0.1682567993009291,0.0,0.1896386800014869,0.0,0.0,0.1406694546899233,-0.10639189041155868,-0.11026150178059482,0.0,0.0,0.0,0.0,-0.11099412014094522,0.0
2023-11-24,0.13913781249760238,0.0,0.0,0.0,0.13480468845783283,0.0,0.15177726733336827,0.0,0.0,0.11319928467429577,-0.08524863413951056,0.0,0.0,0.0,0.0,-0.2872487124740454,-0.08858360042334475,0.0
2023-11-27,0.17421905641638544,0.0,0.0,0.0,0.16968022284907705,0.0,0.1884382524511342,0.0,0.0,0.14147460328061606,-0.10675335816445194,-0.110467096847453,0.0,0.0,0.0,0.0,-0.10896740999088238,0.0
2023-11-28,0.17317093924810828,0.0,0.0,0.0,0.17119853173563987,0.0,0.18513137219889697,0.0,0.0,0.14413916384290607,-0.10671956153474675,-0.11093404636946233,0.0,0.0,0.0,0.0,-0.1087063850702398,0.0
2023-11-29,0.13957576682094808,0.0,0.0,0.0,0.13785601920539473,0.0,0.14917984980610977,0.0,0.0,0.11637601751800365,-0.08584412310791732,0.0,0.0,0.0,0.0,-0.28427645929742534,-0.08689176424420109,0.0
2023-11-30,0.15568504802918773,0.0,-0.20216105852621571,0.0,0.15407139981689186,0.0,0.16602023814531913,0.0,0.0,0.12983774929307138,-0.09570551571289461,0.0,0.0,0.0,0.0,0.0,-0.09651899047641957,0.0
2023-12-01,0.18260504518562057,0.0,0.0,0.0,0.17901552839077292,0.0,0.18865798842499298,0.0,0.0,0.15248353168221343,-0.10844774659292304,0.0,0.0,0.0,0.0,0.0,-0.11278795837645113,-0.0760022013470258
2023-12-04,0.16536539535790507,0.0,-0.2106027211038055,0.0,0.15989027975293077,0.0,0.15981361120421836,0.0,0.0,0.13507546532444734,0.0,0.0,0.0,0.0,0.0,0.0,-0.10138542766553031,-0.06786709959116276
2023-12-05,0.10372515264070578,0.5464208613692166,0.0,0.0,0.0,0.0,0.09972935218766767,0.0,0.0,0.08488297453999583,-0.060907987904067554,0.0,0.0,0.0,0.0,0.0,-0.061997577725926525,-0.04233609363242011
2023-12-06,0.1493283517482233,0.0,0.0,0.0,0.14332488410225314,0.0,0.1432942965594878,0.0,0.0,0.12182811822948968,0.0,0.0,0.0,0.0,0.0,-0.2946381925107241,-0.08855130283538418,-0.059034854014437865
2023-12-07,0.14906226634664033,0.0,0.0,0.0,0.14331419446110846,0.0,0.14351474711510956,0.0,0.0,0.12083871500872179,0.0,0.0,0.0,0.0,0.0,-0.29556551171323425,-0.08859270473219563,-0.059111860622989926
2023-12-08,0.13170540179980367,0.0,-0.1657766351623486,0.0,0.12861044491877247,0.0,0.12473072941494003,0.0,0.0,0.10805403772300799,0.0,0.0,0.0,0.0,0.0,-0.26247518462591835,-0.078647566355209,0.0
2023-12-11,0.0832330811653657,0.44629362395075595,-0.10432562326451615,0.0,0.08151285328188976,0.0,0.0,0.0,0.0,0.06918118754372331,0.0,0.0,0.0,0.0,0.0,-0.16565183118433294,-0.04980179960941604,0.0
2023-12-12,0.08303460443783578,0.44644066491373746,-0.1042928465164173,0.0,0.08165821975179235,0.0,0.0,0.0,0.0,0.06897194826487893,0.0,0.0,0.0,0.0,0.0,-0.16579701597158858,-0.049804700143749533,0.0
2023-12-13,0.15304894943797714,0.0,0.0,0.0,0.1499723212781623,0.0,0.13752016403381312,0.0,0.0,0.12629318843082604,0.0,0.0,0.0,0.0,0.0,-0.2834117265467242,-0.09011008553261397,-0.05964356473988306
2023-12-14,0.17051489231677458,0.0,-0.20158037228193368,0.0,0.16660733639513692,0.0,0.15349843356254728,0.0,0.0,0.14408658288184747,0.0,0.0,0.0,0.0,0.0,0.0,-0.09826708335149796,-0.0654452992102621
2023-12-15,0.18013188104697286,0.0,-0.21342506045297405,0.0,0.1743807752004234,0.0,0.0,0.0,0.0,0.15232740186280824,0.0,0.1065010884823627,0.0,0.0,0.0,0.0,-0.10400332442732611,-0.06923046852713265
2023-12-18,0.14380092876240735,0.0,-0.17022592204021605,0.0,0.13936738487007264,0.0,0.0,0.0,0.0,0.12162037003458374,0.0,0.08528339336761981,0.0,0.0,0.0,-0.25658877066914887,-0.08311323025595158,0.0
2023-12-19,0.08679257999180767,0.0,0.0,0.0,0.08385012574492604,0.0,0.0,0.0,0.0,0.07502504838111063,0.0,0.051278882642188425,0.0,0.0,-0.4972373091985009,-0.15557649665365167,-0.0502395573878145,0.0
2023-12-20,0.08788601569258285,0.0,0.0,0.0,0.08519674725423287,0.0,0.0,0.0,0.0,0.07597672178356109,0.0,0.050535505624191915,0.0,0.0,-0.4928588419258155,-0.15608975636903774,-0.05145641135057805,0.0
2023-12-21,0.08847362185421641,0.0,0.0,0.0,0.08332026183135631,0.0,0.0,0.0,0.0,0.0757858928576277,0.0,0.05008202028366596,0.0,0.0,-0.4941457003750781,-0.15664989245242317,-0.05154261034563226,0.0
2023-12-22,0.16291846262991663,0.0,0.0,0.0,0.1535112484255792,0.0,0.0,0.0,0.0,0.1392461104235829,0.0,0.09170946264454036,0.0,0.0,0.0,-0.2945289982847998,-0.09735528581250812,-0.060730431779072905
2023-12-26,0.16439743537132612,0.0,0.0,0.0,0.15508207181944333,0.0,0.0,0.0,0.0,0.1418006287591724,0.0,0.09079727653303866,0.0,0.0,0.0,-0.29216320572597715,-0.09628928082346935,-0.059470100967573054
2023-12-27,0.16470991658971176,0.0,0.0,0.0,0.15522871006768435,0.0,0.0,0.0,0.0,0.14192438442812627,0.0,0.09104488518574788,0.0,0.0,0.0,-0.29146676156005735,-0.09560003330467601,-0.060025308863996506
2023-12-28,0.16650517634420553,0.0,0.0,0.0,0.15524211508182753,0.0,0.0,0.0,0.0,0.1418631134404079,0.0,0.09083218551398993,0.0,0.0,0.0,-0.29104673226810307,-0.0949842229415865,-0.05952645440987959
2023-12-29,0.1655667756541843,0.0,0.0,0.0,0.15592783871305538,0.0,0.0,0.0,0.0,0.14186792917476668,0.0,0.0901609741869726,0.0,0.0,0.0,-0.29211073358678,-0.09470377347877963,-0.059661975205461494
2024-01-02,0.19336242369808382,0.0,-0.20674154167444028,0.0,0.1744799115983254,0.0,0.0,0.0,0.0,0.15333362382102544,0.0,0.09994361443734323,0.0,0.0,0.0,0.0,-0.1060393326969667,-0.06609955207381522
2024-01-03,0.20206462113845797,0.0,-0.20335268948827584,0.0,0.17386656053306462,0.0,0.0,0.0,0.0,0.1543246451170949,0.0,0.09607934918015965,0.0,0.0,0.0,0.0,-0.10688988993863513,-0.06342224460431203
2024-01-04,0.1682894259047013,0.0,0.0,0.0,0.15591128185153255,0.0,0.0,0.0,0.0,0.13976515761294767,0.0,0.08615287264107417,0.0,0.0,0.0,-0.29510056996396966,-0.09510439771422043,-0.05967629431155427
2024-01-05,0.1500390784665589,0.0,-0.16154700286899412,0.0,0.1398670422343237,0.0,0.0,0.0,0.0,0.1246637956787335,0.0,0.07670782109776869,0.0,0.0,0.0,-0.262692494233603,-0.08448276542001826,0.0
2024-01-08,0.16861493735183486,0.0,0.0,0.0,0.15726627269428348,0.0,0.0,0.0,0.0,0.13827385521471378,0.0,0.08490855445400279,0.0,0.0,0.0,-0.29716212754572086,-0.09553739151591488,-0.05823686122352924
2024-01-09,0.174501103708725,0.0,-0.19344909225693493,-0.14007817773547931,0.16068844422511072,0.0,0.0,0.0,0.0,0.14316912772394894,0.0,0.08755464129746672,0.0,0.0,0.0,0.0,-0.10055941305233428,0.0
2024-01-10,0.17363097987096648,0.0,-0.19325861351193724,-0.14169459300701917,0.1623802479908141,0.0,0.0,0.0,0.0,0.14163441039474656,0.0,0.08745872239208602,0.0,0.0,0.0,0.0,-0.09994243283243047,0.0
2024-01-11,0.17298638079656353,0.0,-0.19285808404878738,-0.1416383966257757,0.16212512546444588,0.0,0.0,0.0,0.0,0.14185436369435198,0.0,0.08716653376244216,0.0,0.0,0.0,0.0,-0.10137111560763343,0.0
2024-01-12,0.10318612256682155,0.5318826975961508,0.0,-0.08491016460239975,0.09702149161688835,0.0,0.0,0.0,0.0,0.08431302344891616,0.0,0.0,0.0,0.0,0.0,0.0,-0.06261213043900489,-0.036074369729818506
2024-01-16,0.10101608917436115,0.5407332477016691,0.0,-0.0799125010944083,0.09399761820133,0.0,0.0,0.0,0.0,0.08495837763455096,0.0,0.0,0.0,0.0,0.0,0.0,-0.061951017389176785,-0.037431148804503746
2024-01-17,0.10514351790256701,0.5388448999687718,0.0,-0.07834595285425999,0.0927232276236439,0.0,0.0,0.0,0.0,0.08505097703433916,0.0,0.0,0.0,0.0,0.0,0.0,-0.06270638663005795,-0.037185037986360144
2024-01-18,0.09689353072808966,0.506347519072104,-0.10445497814760105,-0.07190519473116207,0.08492088553786482,0.0,0.0,0.0,0.0,0.07752587823154306,0.0,0.0,0.0,0.0,0.0,0.0,-0.05795201355163539,0.0
2024-01-19,0.09876787345238032,0.5016649635346202,-0.10406680351709988,-0.0720939377796534,0.08781169661447207,0.0,0.0,0.0,0.0,0.07788198138264739,0.0,0.0,0.0,0.0,0.0,0.0,-0.05771274371912673,0.0
2024-01-22,0.10332968523377856,0.5301900274475916,-0.10498675915383592,-0.07246895987854345,0.0,0.0,0.0,0.0,0.0,0.07952839064562102,0.0,0.04956726240184938,0.0,0.0,0.0,0.0,-0.05992891523878026,0.0
2024-01-23,0.10458802260369626,0.527016457607831,-0.10439521261144556,-0.07293377398155215,0.0,0.0,0.0,0.0,0.0,0.0817167204272151,0.0,0.04989616670799631,0.0,0.0,0.0,0.0,-0.05945364606026374,0.0
2024-01-24,0.10243219392026819,0.4999455304474688,-0.10179956082257173,-0.07037102958484198,0.08797037957784111,0.0,0.0,0.0,0.0,0.07950152704774495,0.0,0.0,0.0,0.0,0.0,0.0,-0.05797977859926322,0.0
2024-01-25,0.10287976177925495,0.49710096684615385,-0.10198674314669386,-0.07132658759018592,0.08828853686576162,0.0,0.0,0.0,0.0,0.07997123447254036,0.0,0.0,0.0,0.0,0.0,0.0,-0.05844616929940941,0.0
2024-01-26,0.09553895737501533,0.46099469945528593,-0.09510970046016885,-0.06628010386646631,0.0,0.0,0.0,0.14903774136814485,0.0,0.07780661688149036,0.0,0.0,0.0,0.0,0.0,0.0,-0.05523218059342824,0.0
2024-01-29,0.10534123320451198,0.5108937910956749,-0.10603648842007113,-0.07396662758819621,0.0,0.0,0.0,0.0,0.0,0.09204391681466204,0.0,0.049956113306504596,0.0,0.0,0.0,0.0,-0.06176182957037905,0.0
2024-01-30,0.10403164446422504,0.4943929794563721,-0.10040427181621918,-0.06949074198364522,0.08679586864801184,0.0,0.0,0.0,0.0,0.08646743732515119,0.0,0.0,0.0,0.0,0.0,0.0,-0.05841705630637546,0.0
2024-01-31,0.09992786034229417,0.49411679761537175,-0.10259751070237319,-0.07129920732767861,0.08941463427393413,0.0,0.0,0.0,0.0,0.08298288644417123,0.0,0.0,0.0,0.0,0.0,0.0,-0.059661103294176766,0.0
2024-02-01,0.0982978675375115,0.49647848374394915,-0.10359186816364306,-0.07144644634374048,0.08910245660797077,0.0,0.0,0.0,0.0,0.08199496496704664,0.0,0.0,0.0,0.0,0.0,0.0,-0.05908791263613849,0.0
2024-02-02,0.10218388546474905,0.49994850204360164,-0.10000204074998371,-0.07141834743332731,0.08809729568012592,0.0,0.0,0.0,0.0,0.08044293909192411,0.0,0.0,0.0,0.0,0.0,0.0,-0.05790698953628847,0.0
2024-02-05,0.10622966734359937,0.5243340750906565,-0.09790995122688827,0.0,0.09008787445464798,0.0,0.0,0.0,0.0,0.0808793864976247,-0.04398827549301461,0.0,0.0,0.0,0.0,0.0,-0.056570769893568545,0.0
2024-02-06,0.10878156065166279,0.5231188992972985,-0.10060903254580196,0.0,0.0,0.0,0.08367382220380917,0.0,0.0,0.0818157291257274,-0.04522923102665827,0.0,0.0,0.0,0.0,0.0,-0.05677172514904203,0.0
2024-02-07,0.10826088794103675,0.5205496466101572,-0.09932268399892633,0.0,0.09077302636289608,0.0,0.0,0.0,0.0,0.079832797260874,-0.04495904139717382,0.0,0.0,0.0,0.0,0.0,-0.05630191642893582,0.0
2024-02-08,0.10844326216107544,0.5200046842852046,-0.09851631997430371,0.0,0.09134026469157464,0.0,0.0,0.0,0.0,0.08018553049753668,-0.04484873462577079,0.0,0.0,0.0,0.0,0.0,-0.05666120376453407,0.0
2024-02-09,0.2059824559980215,0.0,-0.18682297271485904,0.0,0.17346696185744803,0.0,0.0,0.0,0.0,0.15117873853884747,-0.08531244068090853,0.08810898774351641,0.0,0.0,0.0,0.0,-0.1091274424663992,0.0
2024-02-12,0.19318615243750706,0.0,-0.17924861195783054,-0.1280699822555189,0.16406943461840803,0.0,0.0,0.0,0.0,0.14426987700001248,0.0,0.08396187738635812,0.0,0.0,0.0,0.0,-0.10719406434436483,0.0
2024-02-13,0.09651318897692815,0.49735038495902356,-0.08840795034864544,0.0,0.0,0.0,0.0,0.15262193007829689,0.0,0.07336711483986892,-0.0382926030482837,0.0,0.0,0.0,0.0,0.0,-0.05344682774895325,0.0
2024-02-14,0.10909403425298927,0.5607397326923774,-0.0997734726857062,0.0,0.0,0.0,0.0,0.0,0.0,0.08241898830035763,-0.043007788054887315,0.04436624778820624,0.0,0.0,0.0,0.0,-0.060599736225475626,0.0
2024-02-15,0.1869551549120051,0.0,-0.18418764534432472,-0.12817737625256256,0.16515755779207336,0.0,0.0,0.0,0.0,0.14679012910352618,0.0,0.0816462860094601,0.0,0.0,0.0,0.0,-0.10708585058604796,0.0
2024-02-16,0.10183160248098333,0.525306539352795,-0.10091483467728694,0.0,0.09021133152926265,0.0,0.0,0.0,0.0,0.07941045828515002,-0.043178309933764106,0.0,0.0,0.0,0.0,0.0,-0.05914692374075796,0.0
2024-02-20,0.15925735488864473,0.0,-0.15676890422934417,0.0,0.14017489553260057,0.0,0.0,0.2621267900142309,0.0,0.12128766681986261,-0.06756115066358648,0.0,0.0,0.0,0.0,0.0,-0.09282323785173055,0.0
2024-02-21,0.10216159698311385,0.523856134102877,-0.10115065468621479,0.0,0.09216690924585494,0.0,0.0,0.0,0.0,0.07766499313753927,-0.043636626671729906,0.0,0.0,0.0,0.0,0.0,-0.059363085172670194,0.0
2024-02-22,0.16138985754202373,0.0,-0.16140278312576836,0.0,0.14364415043648518,0.0,0.0,0.0,0.0,0.11354456193484627,0.0,0.06882801155299278,0.0,0.0,0.0,-0.2571387001378626,-0.09405193527002094,0.0
2024-02-23,0.1495421950213318,0.0,-0.1491393340068901,0.0,0.13356298038187345,0.0,0.0,0.0,0.13835919365054833,0.10526773963010543,0.0,0.0,0.0,0.0,0.0,-0.2380445519501694,-0.08608400535908142,0.0
2024-02-26,0.16144619452830095,0.0,-0.16144850844474531,0.0,0.14413257054185905,0.0,0.0,0.0,0.0,0.11358341928757815,0.0,0.06925154694367301,0.0,0.0,0.0,-0.2571718485600053,-0.09296591169383843,0.0
2024-02-27,0.16120867534153754,0.0,-0.16078318641564887,0.0,0.14445946938581944,0.0,0.0,0.0,0.0,0.11323500454905307,0.0,0.06850262107712209,0.0,0.0,0.0,-0.2586001828144639,-0.09321086041635511,0.0
2024-02-28,0.15851970646466837,0.0,-0.16198707257783682,0.0,0.14401798927079537,0.0,0.0,0.0,0.0,0.11314034812800945,0.0,0.06842023721448286,0.0,0.0,0.0,-0.25906331669219107,-0.0948513296520161,0.0
2024-02-29,0.1584015585965454,0.0,-0.1626834291268705,0.0,0.14376644562417928,0.0,0.0,0.0,0.0,0.11283865551297143,0.0,0.068494096366397,0.0,0.0,0.0,-0.25938675337564104,-0.09442906139739542,0.0
2024-03-01,0.1586209792585852,0.0,-0.16338015881573464,0.0,0.14231848263800803,0.0,0.0,0.0,0.0,0.11207085551901591,0.0,0.06830663592306457,0.0,0.0,0.0,-0.25998630953585206,-0.09531657830973972,0.0
2024-03-04,0.16056119493259005,0.0,-0.16900885850189143,0.0,0.0,0.0,0.12727713083555212,0.0,0.0,0.11300882162256413,0.0,0.06913641720678111,0.0,0.0,0.0,-0.26361286461304473,-0.09739471228757635,0.0
2024-03-05,0.1472922015955907,0.0,-0.16106944912321117,0.0,0.13439428152828276,0.0,0.1213424675912512,0.0,0.0,0.1010827092601498,0.0,0.0,0.0,0.0,0.0,-0.24395011205118122,-0.09086877885033325,0.0
2024-03-06,0.14382591862033664,0.0,-0.161343655265574,0.0,0.13225315526309703,0.0,0.12804179944422003,0.0,0.0,0.10086365307199355,0.0,0.0,0.0,0.0,0.0,-0.24389173570677933,-0.08978008262799934,0.0
2024-03-07,0.14431445637873258,0.0,-0.15916751424943493,0.0,0.13019926183032185,0.0,0.12766652407591994,0.0,0.0,0.09942754437590902,0.0,0.0,0.0,0.0,0.0,-0.2466525875724997,-0.09257211151718181,0.0
2024-03-08,0.09447174672826994,0.0,0.0,0.0,0.08475447349199894,0.0,0.08280241373426726,0.0,0.0,0.0642391543322689,0.0,0.0,0.0,0.0,-0.45126529052924336,-0.16116210387516594,-0.06130481730878568,0.0
2024-03-11,0.09499305532363204,0.0,0.0,0.0,0.0,0.0,0.08218293739259223,0.0,0.09162018668992179,0.06406487808794768,0.0,0.0,0.0,0.0,-0.4464192856439761,-0.159694101397358,-0.061025555464572126,0.0
2024-03-12,0.15557670036252214,0.0,-0.17086638445191776,0.0,0.0,0.0,0.0,0.0,0.148445641381947,0.10173439125623344,0.0,0.06653607448410119,0.0,0.0,0.0,-0.2580876359089566,-0.09875317215432196,0.0
2024-03-13,0.15560941862454503,0.0,-0.17158785725141665,0.0,0.0,0.0,0.0,0.0,0.14916752541082956,0.10114363291442788,0.0,0.06635299798232314,0.0,0.0,0.0,-0.2578135942239715,-0.09832497359248624,0.0
2024-03-14,0.15203128999151488,0.0,-0.1741089038735993,0.0,0.0,0.0,0.0,0.0,0.150403411925641,0.10394754080547125,0.0,0.0,0.0,0.0,0.0,-0.2584204690012227,-0.0988601086516462,0.06222827575090462
2024-03-15,0.1456267633918419,0.0,-0.18332375058398365,0.0,0.13420986388085052,0.0,0.0,0.0,0.0,0.0993407158581683,0.0,0.0,0.0,0.0,0.0,-0.27765311082996713,-0.0996270979410249,0.06021869751416368
2024-03-18,0.13746476281494996,0.0,-0.1763090356000029,0.0,0.0,0.0,0.0,0.0,0.1484588765137932,0.09335288814392284,0.0,0.0,0.0,0.0,0.0,-0.28686136896063863,-0.10027436983923635,0.0572786981274563
2024-03-19,0.13765454955119755,0.0,-0.17584705060009456,0.0,0.0,0.0,0.0,0.0,0.1496433775750174,0.09309809845588689,0.0,0.0,0.0,0.0,0.0,-0.28646434096330914,-0.10007795123144307,0.05721463162305124
2024-03-20,0.1383457698396664,0.0,-0.17529574188070712,0.0,0.0,0.0,0.0,0.0,0.1486224162069166,0.0931361077822881,0.0,0.0,0.0,0.0,0.0,-0.28616666136060237,-0.10119163083458695,0.057241672095232364
2024-03-21,0.137967163801703,0.0,-0.17779282305362235,0.0,0.0,0.0,0.0,0.0,0.14896380908600187,0.09274599008578067,0.0,0.0,0.0,0.0,0.0,-0.28412923107163074,-0.10101345891686779,0.057387523984393424
2024-03-22,0.13743950393970986,0.0,-0.1752635866731717,0.0,0.0,0.0,0.0,0.0,0.15713101129114496,0.09321128556534936,0.0,0.0,0.0,0.0,0.0,-0.2811053618160527,-0.09910039600796104,0.056748854706610355
2024-03-25,0.15067001159020096,0.0,-0.19657986062727378,0.0,0.0,0.0,0.0,0.0,0.0,0.10278699750991588,0.0,0.07148956272400757,0.0,0.0,0.0,-0.3072877870231349,-0.10909602714979945,0.06208975337566753
2024-03-26,0.15012981116058105,0.0,-0.19659224082003576,0.0,0.0,0.0,0.0,0.0,0.0,0.10249236301327652,0.0,0.07171240437624599,0.0,0.0,0.0,-0.30798197379976594,-0.1090666398899295,0.0620245669401652
2024-03-27,0.13554527568795308,0.0,-0.17900151989328947,0.0,0.0,0.0,0.0,0.0,0.15188110005636252,0.09310402232970767,0.0,0.06460911185836052,0.0,0.0,0.0,-0.2777353256125491,-0.09812364456177766,0.0
2024-03-28,0.13337224422346736,0.0,-0.18009324877379335,0.0,0.0,0.0,0.0,0.0,0.1502323442158537,0.09202504539099661,0.0,0.06403953702045875,0.0,0.0,0.0,-0.2796838669232603,-0.10055371345216985,0.0
2024-04-01,0.14567293636886672,0.0,-0.19936221171482105,0.0,0.0,0.0,0.0,0.0,0.0,0.10304039827352153,0.0,0.07160136261315533,0.0,0.0,0.0,-0.3055151552864495,-0.10939981661686837,0.06540811912631739
2024-04-02,0.13469199815519325,0.0,-0.18186728654401985,0.0,0.0,0.0,0.0,0.0,0.1508218386935611,0.09339603346000863,0.0,0.0,0.0,0.0,0.0,-0.2791757909653252,-0.10033907511300523,0.059707977068886905
2024-04-03,0.13374086306927352,0.0,-0.1842993089994275,0.0,0.0,0.0,0.0,0.0,0.14986486795303985,0.09503308419723172,0.0,0.0,0.0,0.0,0.0,-0.2774204416774003,-0.09980990456856109,0.059831529535066034
2024-04-04,0.13232920752737243,0.0,-0.1848919566362286,0.0,0.0,0.0,0.0,0.0,0.14996534973548087,0.09442146050609838,0.0,0.0,0.0,0.0,0.0,-0.2760920083044668,-0.09985825535563352,0.06244176193471954
2024-04-05,0.14118647760985253,0.0,-0.1845225822562706,0.0,0.0,0.0,0.0,0.0,0.14639155689590466,0.0918723177149295,0.0,0.06574434327720367,0.0,0.0,0.0,-0.27188843166226706,-0.09839429058357199,0.0
2024-04-08,0.15270530766581808,0.0,-0.1995566080281485,0.0,0.0,0.0,0.0,0.0,0.0,0.09930045457965736,0.07497591678078841,0.07117125488234859,0.0,0.0,0.0,-0.29505255481636733,-0.10723790324687175,0.0
2024-04-09,0.15245874850257116,0.0,-0.19753773519115458,0.0,0.0,0.0,0.0,0.0,0.0,0.10188248631808089,0.07519420405105608,0.07256697284421862,0.0,0.0,0.0,-0.2935730171872735,-0.10678683590564508,0.0
2024-04-10,0.1471248242438262,0.0,-0.17612938828022554,0.0,0.0,0.0,0.0,0.0,0.1466480357016399,0.09738775876977541,0.0,0.0,0.0,0.0,0.0,-0.2648071038591786,-0.09861586590478369,0.06928702324057058
2024-04-11,0.15118067206160019,0.0,-0.18124316980188215,0.0,0.0,0.0,0.12395934936016828,0.0,0.0,0.09945671889833088,0.0,0.0701764648468544,0.0,0.0,0.0,-0.27249561579967546,-0.10148800923148875,0.0
2024-04-12,0.14781334885908126,0.0,-0.18323479841285112,0.0,0.0,0.0,0.12084237497051656,0.0,0.0,0.09811890064511973,0.0,0.06946603804945227,0.0,0.0,0.0,-0.2781147928723506,-0.10240974619062841,0.0
2024-04-15,0.1477084986438034,0.0,-0.1825403228390661,0.0,0.0,0.0,0.11814755888530325,0.0,0.0,0.0957854665516972,0.0,0.0,0.0,0.0,0.0,-0.28164286576388003,-0.10083722162377717,0.07333806569247273
2024-04-16,0.14744285580275268,0.0,-0.190406966394626,0.0,0.0,0.0,0.11774693863026388,0.0,0.0,0.09375213267033708,0.0,0.0,0.0,0.0,0.0,-0.2773494596728066,-0.10098968890650804,0.0723119579227058
2024-04-17,0.13763773332121412,0.0,-0.17799751691956833,0.0,0.0,0.0,0.11164045717686354,0.0,0.13360273423026933,0.08742665527104192,0.0,0.0,0.0,0.0,0.0,-0.2583151150340005,-0.09337978804704232,0.0
2024-04-18,0.1370948100186831,0.0,-0.1775845925661087,0.0,0.0,0.0,0.11197349752336042,0.0,0.1336076887089832,0.0881668423522228,0.0,0.0,0.0,0.0,0.0,-0.2578111494639767,-0.09376141936666504,0.0
2024-04-19,0.14669277829297758,0.0,-0.19180006646795797,0.0,0.0,0.0,0.12047554921898827,0.0,0.0,0.09311956786121482,0.0,0.0,0.0,0.0,0.0,-0.27699183972986374,-0.10085085998503271,0.07006933844396501
2024-04-22,0.14755753650052453,0.0,-0.1938384826755408,0.0,0.0,0.0,0.11148212244437289,0.0,0.0,0.09349745689097749,0.0,0.0,0.0,0.0,0.0,-0.28007942033833766,-0.10237895472209942,0.07116602642814729
2024-04-23,0.14712800312603574,0.0,-0.19391152648956156,0.0,0.0,0.0,0.11130401662635991,0.0,0.0,0.09208918175810785,0.0,0.0,0.0,0.0,0.0,-0.2819658403229358,-0.10293268486043894,0.07066874681656023
2024-04-24,0.14755719682169505,0.0,-0.19312183892354953,0.0,0.0,0.0,0.11228799818805804,0.0,0.0,0.09199523973215622,0.0,0.0,0.0,0.0,0.0,-0.28167167768360196,-0.10260130966035307,0.07076473899058616
2024-04-25,0.1522349170739339,0.0,-0.20083152907191518,0.0,0.0,0.0,0.0,0.0,0.0,0.09523228841367676,0.07518096810843056,0.0,0.0,0.0,0.0,-0.2948556745176088,-0.10673174573031681,0.0749328770841179
2024-04-26,0.15152053049559963,0.0,-0.20175096975045057,0.0,0.0,0.0,0.0,0.0,0.0,0.09353679209463327,0.07546896656334615,0.0,0.0,0.0,0.0,-0.2950397482254736,-0.10695847750542939,0.07572451536506752
2024-04-29,0.15178420274605178,0.0,-0.19825526820928402,0.0,0.0,0.0,0.0,0.0,0.0,0.09393287606909485,0.07570887006976865,0.0,0.0,0.0,0.0,-0.29715839289371193,-0.10731843384435383,0.07584195616773487
2024-04-30,0.14704671317964796,0.0,-0.18772363710062884,0.0,0.0,0.0,0.10869014627228439,0.0,0.0,0.09018584902934673,0.0,0.0,0.0,0.0,0.0,-0.28686861070995723,-0.10568130450809068,0.07380373920004427
2024-05-01,0.15191606373148758,0.0,-0.18317171429329682,0.0,0.0,0.0,0.10590121173675014,0.0,0.0,0.09134272900281927,0.07398794043805926,0.0,0.0,0.0,0.0,-0.2897669055196141,-0.1039134352779729,0.0
2024-05-02,0.1580544495873408,0.0,-0.18311991550083212,0.0,0.0,0.0,0.0,0.0,0.0,0.09536491729570853,0.07568788508289816,0.0,0.0,0.0,0.0,-0.2985774144527237,-0.1125119993683054,0.0766834187121912
2024-05-03,0.15403581015956894,0.0,-0.18228134944186647,0.0,0.0,0.0,0.0,0.0,0.0,0.09347371999666246,0.07386711013459318,0.0,0.0,0.0,0.0,-0.3060774659120733,-0.11374128141561998,0.0765232629396157
2024-05-06,0.14973605917855506,0.0,-0.18410271013538101,0.0,0.0,0.0,0.0,0.0,0.0,0.090916679409579,0.07335712405555717,0.0,0.0,0.0,0.0,-0.309443226073023,-0.11698959224582647,0.07545460890207836
2024-05-07,0.14883627729447166,0.0,-0.18553033030713698,0.0,0.0,0.0,0.0,0.0,0.0,0.09024687179943887,0.07296886366519041,0.0,0.0,0.0,0.0,-0.31028102978277367,-0.11705382977354815,0.07508279737744022
2024-05-08,0.14843559823953514,0.0,-0.18485027752629446,0.0,0.0,0.0,0.0,0.0,0.0,0.09118719319293855,0.07296127638387916,0.0,0.0,0.0,0.0,-0.31069588608260146,-0.11679494659008417,0.0750748219846671
2024-05-09,0.1381834246670152,0.0,-0.17490676696007607,0.0,0.0,0.0,0.0,0.0,0.13435149381262002,0.08559413366896312,0.06864332191660283,0.0,0.0,0.0,0.0,-0.2886557553059596,-0.10966510366876309,0.0
2024-05-10,0.13809812964008703,0.0,-0.17428311715703246,0.0,0.0,0.0,0.0,0.0,0.13441159644308628,0.08626293378827295,0.06893086692568343,0.0,0.0,0.0,0.0,-0.2886374557801997,-0.10937590026563807,0.0
2024-05-13,0.14796152833423382,0.0,-0.1852906495758926,0.0,0.0,0.0,0.0,0.0,0.0,0.09193761489747766,0.07477478221046453,0.0,0.0,0.0,0.0,-0.30699502253781863,-0.1162373321640885,0.07680307028002435
2024-05-14,0.14507624716977743,0.0,-0.1884603942038596,0.0,0.0,0.0,0.0,0.0,0.0,0.09012114775781332,0.0799733710811571,0.0,0.0,0.0,0.0,-0.306969392852298,-0.11584818863431001,0.07355125830078459
2024-05-15,0.13586040733026108,0.0,-0.16967199480219092,0.0,0.0,0.0,0.0,0.0,0.1380033605789904,0.08436503527873919,0.07706922365692734,0.0,0.0,0.0,0.0,-0.28790428594463324,-0.10712569240825807,0.0
2024-05-16,0.13727455809705597,0.0,-0.16881923623059605,0.0,0.0,0.0,0.0,0.0,0.14061964866855,0.08324889062082495,0.07982287424818862,0.0,0.0,0.0,0.0,-0.2840257004232919,-0.1061890917114924,0.0
2024-05-17,0.14436539605471777,0.0,-0.17733296619922084,0.0,0.0,0.0,0.09601020544138492,0.0,0.0,0.08779749164281565,0.08468998775769432,0.0,0.0,0.0,0.0,-0.2984273526865784,-0.11137660021758813,0.0
2024-05-20,0.1442397438490545,0.0,-0.17823507054480875,0.0,0.0,0.0,0.09575586840681571,0.0,0.0,0.08822177220064567,0.08533666555259677,0.0,0.0,0.0,0.0,-0.29732716620711674,-0.11088371323896182,0.0
2024-05-21,0.1441942441335613,0.0,-0.178189255015143,0.0,0.0,0.0,0.09566410070679598,0.0,0.0,0.08832530821201884,0.08534752626757806,0.0,0.0,0.0,0.0,-0.2970458828319487,-0.11123368283295397,0.0
2024-05-22,0.1342985985151479,0.0,-0.16565026073671757,0.0,0.0,0.0,0.08627053381891303,0.0,0.13982297939154498,0.08930912915086334,0.0,0.0,0.0,0.0,0.0,-0.27978933205720113,-0.10485916632961215,0.0
2024-05-23,0.13369630281850928,0.0,-0.16807038364564697,0.0,0.0,0.0,0.08382961078097358,0.0,0.13478942917079045,0.0904550659036095,0.0,0.0,0.0,0.0,0.0,-0.2808283516726287,-0.10833085600784152,0.0
2024-05-24,0.1330583078867895,0.0,-0.16912679714296466,0.0,0.0,0.0,0.0,0.0,0.13595335907247852,0.09080666461636447,0.07893919433470761,0.0,0.0,0.0,0.0,-0.28292903789500706,-0.10918663905168831,0.0
2024-05-28,0.14256031331061475,0.0,-0.1803898917757795,0.0,0.0,0.0,0.09018295345552596,0.0,0.0,0.09706750529746705,0.0,0.0,0.0,0.0,0.0,-0.30058706229104,-0.11446603888509131,0.07474623498448146
2024-05-29,0.13677662857463074,0.0,-0.16710601587306328,0.0,0.0,0.0,0.08378475231378636,0.0,0.13169550822788437,0.09109511318851625,0.0,0.0,0.0,0.0,0.0,-0.2832856184491541,-0.10625636337296493,0.0
2024-05-30,0.1392313863874479,0.0,-0.169503612210006,0.0,0.0,0.0,0.0,0.0,0.1339622349848466,0.09151974896560768,0.0,0.0,0.0,0.0,0.0,-0.28780494509299354,-0.10783286899329948,0.07014520336579869
2024-05-31,0.1380995518264996,0.0,-0.1705970246435849,0.0,0.0,0.0,0.0,0.0,0.12930596819379883,0.09307054510924175,0.0,0.0,0.0,0.0,0.0,-0.2887882071925226,-0.10824366308997609,0.07189503994437631
2024-06-03,0.1384198642070734,0.0,-0.16860302871115773,0.0,0.0,0.0,0.0,0.0,0.1287762380401787,0.09334137805671969,0.08007615161848171,0.0,0.0,0.0,0.0,-0.28558296063450544,-0.10520037873188312,0.0
2024-06-04,0.13630427385853597,0.0,-0.16694346137180302,0.0,0.0,0.0,0.08700085884319346,0.0,0.12677048532197052,0.09438516085489396,0.0,0.0,0.0,0.0,0.0,-0.2841131556857385,-0.10448260406386448,0.0
2024-06-05,0.1378233509191535,0.0,-0.1679596813193387,0.0,0.0,0.0,0.08675565817623992,0.0,0.1273323716784927,0.09232930391273719,0.0,0.0,0.0,0.0,0.0,-0.28332944035210067,-0.10447019364193745,0.0
2024-06-06,0.13701021834273602,0.0,-0.17012709896695077,0.0,0.0,0.0,0.08626029150559975,0.0,0.1272852999397103,0.09331652366878587,0.0,0.0,0.0,0.0,0.0,-0.2819927249599522,-0.10400784261626506,0.0
2024-06-07,0.14169361966064448,0.0,-0.16869740932940283,0.0,0.0,0.0,0.0807329884189865,0.0,0.13162046475889633,0.09798261194828205,0.0,0.0,0.0,0.0,0.0,-0.2756036753178727,-0.10366923056591498,0.0
2024-06-10,0.15182626546837963,0.0,-0.180525148509811,0.0,0.0,0.0,0.08630659161149702,0.0,0.0,0.10546528146009596,0.0,0.0,0.0,0.0,0.0,-0.29623888809118093,-0.11087729654673649,0.06876052831229908
2024-06-11,0.15042498182418568,0.0,-0.18067679863016495,0.0,0.0,0.0,0.08710494452009354,0.0,0.0,0.10742134645917435,0.0,0.0,0.0,0.0,0.0,-0.2953911469849509,-0.11018981417592214,0.06879096740550852
2024-06-12,0.1508709882251723,0.0,-0.17824723997776085,0.0,0.0,0.0,0.08755297791908777,0.0,0.0,0.10646289879711975,0.0,0.0,0.0,0.0,0.0,-0.2963128155072163,-0.11004647700455648,0.07050660256908657
2024-06-13,0.1547111717197059,0.0,-0.17754994151555564,0.0,0.0,0.0,0.08593095142646567,0.0,0.0,0.10476709509841428,0.0,0.0,0.0,0.0,0.0,-0.29800256456608104,-0.10880042176207268,0.07023785391170485
2024-06-14,0.1557298221909197,0.0,-0.1773074675636795,0.0,0.0,0.0,0.08510195536165464,0.0,0.0,0.10637152765970391,0.0,0.0,0.0,0.0,0.0,-0.29754301334340244,-0.10788534900962753,0.07006086487101232
2024-06-17,0.1566202662198388,0.0,-0.17782016308852353,0.0,0.0,0.0,0.0849444475841848,0.0,0.0,0.1062700345450747,0.0,0.0,0.0,0.0,0.0,-0.29746183653664,-0.10687963821297712,0.07000361381276085
2024-06-18,0.15654743882273756,0.0,-0.17818602062760955,0.0,0.0,0.0,0.0853794935649357,0.0,0.0,0.10710790157612823,0.0,0.0,0.0,0.0,0.0,-0.29604158476788084,-0.10665739879313414,0.0700801618475739
2024-06-20,0.15579122666532294,0.0,-0.17902785864588341,0.0,0.0,0.0,0.08487228651087396,0.0,0.0,0.10686597543933181,0.0,0.0,0.0,0.0,0.0,-0.2976661271710355,-0.10556950966712586,0.07020701590042637
2024-06-21,0.15602001940212365,0.0,-0.17979001930219704,0.0,0.0,0.0,0.08349258391342823,0.0,0.0,0.10689709860084058,0.0,0.0,0.0,0.0,0.0,-0.29792987130929416,-0.10576315915852433,0.07010724831359191
2024-06-24,0.1557026207273029,0.0,-0.17916639411904636,0.0,0.0,0.0,0.083770098032156,0.0,0.0,0.10542931505001737,0.0,0.0,0.0,0.0,0.0,-0.30003599454271485,-0.1063865814597042,0.06950899606905829
2024-06-25,0.1552267179250952,0.0,-0.17877087748093173,0.0,0.0,0.0,0.08342966442791828,0.0,0.0,0.10441396504755233,0.0,0.0,0.0,0.0,0.0,-0.30209298349617825,-0.10646563822878116,0.06960015339354292
2024-06-26,0.1571236787532061,0.0,-0.17797509878751758,0.0,0.0,0.0,0.08341430080421301,0.0,0.0,0.10513094340755005,0.0,0.0,0.0,0.0,0.0,-0.30133389933815646,-0.10488177436290759,0.07014030454644916
2024-06-27,0.15742229124196752,0.0,-0.17761929902274978,0.0,0.0,0.0,0.08289496225062415,0.0,0.0,0.10500068742618655,0.0,0.0,0.0,0.0,0.0,-0.30213326988681327,-0.1055465264849965,0.06938296368666218
2024-06-28,0.15958658492246777,0.0,-0.17834714800713292,0.0,0.0,0.0,0.08397107818344007,0.0,0.0,0.10474852966484857,0.0,0.0,0.0,0.0,0.0,-0.30064609821735216,-0.10239029305270655,0.07031026795205193
2024-07-01,0.16227199999476893,0.0,-0.17952986991647077,0.0,0.0,0.0,0.08320547661281023,0.0,0.0,0.10259919756075188,0.0,0.0,0.0,0.0,0.0,-0.3030637207469886,-0.10137643330807032,0.06795330186013926
2024-07-02,0.15973584644209832,0.0,-0.17987362889374317,0.0,0.0,0.0,0.08445134654156507,0.0,0.0,0.10339975415355684,0.0,0.0,0.0,0.0,0.0,-0.3028012347064788,-0.1012024785404832,0.06853571072207477
2024-07-03,0.15986744626053506,0.0,-0.1778408276376562,0.0,0.0,0.0,0.08517330435248659,0.0,0.0,0.1041325397617895,0.0,0.0,0.0,0.0,0.0,-0.3027929615351467,-0.10076691795128322,0.06942600250110291
2024-07-05,0.16316541503420676,0.0,-0.17665837992718267,0.0,0.0,0.0,0.08417550980644915,0.0,0.0,0.10580323189274328,0.0,0.0,0.0,0.0,0.0,-0.3002730609551692,-0.10025805496029921,0.06966634742394986
2024-07-08,0.16556743035450325,0.0,-0.17448432030715114,0.0,0.0,0.0,0.0836230049294896,0.0,0.0,0.1058731940474822,0.0,0.0,0.0,0.0,0.0,-0.30125907999673246,-0.1007993464350099,0.06839362392963148
2024-07-09,0.1628131840938823,0.0,-0.17502463364304088,0.0,0.0,0.0,0.08420580205736218,0.0,0.0,0.10640592493461969,0.0,0.0,0.0,0.0,0.0,-0.30194789247986414,-0.10105353517560783,0.06854902761562288
2024-07-10,0.16140495692159937,0.0,-0.1761020665010356,0.0,0.0,0.0,0.08420084837972017,0.0,0.0,0.10559308352454981,0.0,0.0,0.0,0.0,0.0,-0.30236006500461377,-0.10164522085548662,0.06869375881299465
2024-07-11,0.15595652093813836,0.0,-0.18014093809748322,0.0,0.0,0.0,0.08001617840098493,0.0,0.0,0.09708930006799879,0.0,0.0,0.0,0.0,0.0,-0.3182104864114843,-0.10214220105158382,0.06644437503232653
2024-07-12,0.15568311898478931,0.0,-0.17834957009813757,0.0,0.0,0.0,0.08173863949062253,0.0,0.0,0.0981561390104501,0.0,0.0,0.0,0.0,0.0,-0.31775964204562324,-0.10209899479463859,0.0662138955757386
2024-07-15,0.16046609140185866,0.0,-0.17695687512793226,0.0,0.0,0.0,0.08175344570871876,0.0,0.0,0.09952258569346818,0.0,0.0,0.0,0.0,0.0,-0.31638927814167506,-0.09950271003692766,0.0654090138894196
2024-07-16,0.15806199688046044,0.0,-0.17527262098206295,0.0,0.0,0.0,0.07966627478164875,0.0,0.0,0.10105298232368073,0.0759990318007869,0.0,0.0,0.0,0.0,-0.31169249550948036,-0.09825459772187972,0.0
2024-07-17,0.1598569586568619,0.0,-0.1787688708351381,0.0,0.0,0.0,0.08068436884885256,0.0,0.0,0.09320194865841788,0.0,0.0,0.0,0.0,0.0,-0.32382071550142033,-0.10032037141118495,0.06334676608812437
2024-07-18,0.15723596337492746,0.0,-0.17778050402697823,0.0,0.0,0.0,0.08073651967924382,0.0,0.0,0.09328595315273122,0.0,0.0,0.0,0.0,0.0,-0.32472663038382926,-0.10054330353658067,0.06569112584570927
2024-07-19,0.15830019325760247,0.0,-0.1784772439742971,0.0,0.0,0.0,0.07942189117189152,0.0,0.0,0.09373430503356672,0.0,0.0,0.0,0.0,0.0,-0.3246748341593214,-0.10100184741430192,0.06438968498901888
2024-07-22,0.15487483950260114,0.0,-0.17641581913160395,0.0,0.0,0.0,0.07854188242196448,0.0,0.0,0.09531034296985627,0.07490923075352737,0.0,0.0,0.0,0.0,-0.320192627809034,-0.09975525741141267,0.0
2024-07-23,0.15491873847835852,0.0,-0.17552566135188566,0.0,0.0,0.0,0.08168308640061028,0.0,0.0,0.09543250125392225,0.07458094512314598,0.0,0.0,0.0,0.0,-0.31851183898456936,-0.09934722840750793,0.0
2024-07-24,0.1549730932016619,0.0,-0.17943962706985336,0.0,0.0,0.0,0.08337701301672651,0.0,0.0,0.08578170778237648,0.07514170205716315,0.0,0.0,0.0,0.0,-0.3212396448343657,-0.10004721203785294,0.0
2024-07-25,0.1550651877721856,0.0,-0.1807637617861164,0.0,0.0,0.0,0.08196027167726845,0.0,0.0,0.08501049315148583,0.07459554000682199,0.0,0.0,0.0,0.0,-0.32240153883839273,-0.10020320676772895,0.0
2024-07-26,0.15440673790626633,0.0,-0.18028805064487624,0.0,0.0,0.0,0.08189839960303077,0.0,0.0,0.08543589337229923,0.0743937071595691,0.0,0.0,0.0,0.0,-0.3227687320446844,-0.10080847926927394,0.0
2024-07-29,0.1559122677180923,0.0,-0.17975860479250785,0.0,0.0,0.0,0.08149157915337714,0.0,0.0,0.0868603759919075,0.0733665992514687,0.0,0.0,0.0,0.0,-0.32235390783431866,-0.10025666525832784,0.0
2024-07-30,0.1959217726404474,0.0,-0.232452752918395,-0.13771724534653515,0.0,0.0,0.10323940079872466,0.0,0.0,0.10878754036414819,0.0935086884778626,0.0,0.0,0.0,0.0,0.0,-0.12837259945388702,0.0
2024-07-31,0.15184628424220892,0.0,-0.18348477493372187,0.0,0.0,0.0,0.08147672918347719,0.0,0.0,0.08331105447637437,0.07512748857777071,0.0,0.0,0.0,0.0,-0.32428031259650864,-0.10047335598993842,0.0
2024-08-01,0.1822833211865499,0.0,-0.21909521918483835,-0.12038026031235836,0.0,0.0,0.0974817282961471,0.0,0.16432574477038464,0.09681217169874441,0.0,0.0,0.0,0.0,0.0,0.0,-0.11962155455097721,0.0
2024-08-02,0.16936990712934477,0.0,-0.23642872013617727,0.0,0.0,0.0,0.11018005328844176,0.0,0.17525059046904243,0.106452454894192,0.0,0.0,0.0,0.0,0.0,0.0,-0.12454664320021644,-0.07777163088258536
2024-08-05,0.0,0.0,0.0,-0.10331114461710775,0.0,0.21185072044977044,0.08519924826936379,0.36491159132150325,0.0,0.07833406212227172,0.0,0.0,0.0,-0.09528559501748717,0.0,0.0,0.0,-0.06110763820249609
2024-08-06,0.14673324085359885,0.0,-0.24685765178823357,-0.13795748334407945,0.0,0.0,0.11438969612062633,0.0,0.16728136368944477,0.10499828590030678,0.0,0.0,0.0,0.0,0.0,0.0,0.0,-0.08178227830371003
2024-08-07,0.1123928518434903,0.0,-0.1888720858522203,0.0,0.0,0.0,0.08830133200453072,0.37061736650628585,0.0,0.0803519629096104,0.0,0.0,0.0,-0.09843457863692917,0.0,0.0,0.0,-0.06102982224693326
2024-08-08,0.14972465851215722,0.0,-0.2544858538571818,0.0,0.0,0.0,0.11666409909437413,0.0,0.16586783785838502,0.10279471299073427,0.0,0.0,0.0,0.0,0.0,0.0,-0.12871124185976401,-0.08175159582740364
2024-08-09,0.15069937544820194,0.0,-0.25254674396768517,0.0,0.0,0.0,0.1181789657147151,0.0,0.1672347103984208,0.1022339746158726,0.0,0.0,0.0,0.0,0.0,0.0,-0.12779696137074234,-0.08130926848436183
2024-08-12,0.07365817848050436,0.0,-0.12442028579018048,0.0,0.0,0.0,0.0567939282980161,0.0,0.08133170263636309,0.04983041759313529,0.0,0.0,0.0,0.0,-0.5514531937969926,0.0,-0.06251229340480807,0.0
2024-08-13,0.0,0.0,-0.12857679530857127,0.0,0.06945154571193986,0.0,0.05956025433470609,0.0,0.08350154257699799,0.050527837117034,0.0,0.0,0.0,0.0,-0.5681615520380912,0.0,0.0,-0.040220472912659774
2024-08-14,0.0,0.0,-0.1285345579110803,0.0,0.06970113123847307,0.0,0.05945894394548795,0.0,0.08349356112682267,0.05054091749177911,0.0,0.0,0.0,0.0,-0.5681129353994814,0.0,0.0,-0.04015795288687567
2024-08-15,0.0,0.0,-0.11287900131877945,0.0,0.05905728156883646,0.0,0.051040988856207406,0.0,0.07009434928724557,0.04260313803141889,0.0,0.0,0.0,0.0,-0.46693583644444625,-0.19738940449306597,0.0,0.0
2024-08-16,0.0,0.0,-0.11192700258296798,0.0,0.059062327382069714,0.0,0.04955818937514815,0.0,0.07007010491840446,0.042645841734661134,0.0,0.0,0.0,0.0,-0.4687392734400254,-0.1979972605667233,0.0,0.0
2024-08-19,0.0,0.0,-0.1389680627946282,0.0,0.07249257359837305,0.0,0.06255787315734197,0.0,0.0,0.052658771920432265,0.0,0.04750546616349219,0.0,0.0,-0.5843787157575884,0.0,0.0,-0.041438536608143936
2024-08-20,0.0,0.0,-0.1332233305208535,0.0,0.06995722391390091,0.0,0.06043570378727997,0.0,0.0835160938986153,0.050896823978499345,0.0,0.0,0.0,0.0,-0.5619919211774946,0.0,0.0,-0.03997890272335623
2024-08-21,0.0,0.0,0.0,0.0,0.06319226020601842,0.0,0.05497248107210656,0.0,0.07574890309852061,0.04627550400179214,0.0,0.0,0.0,0.0,-0.5097956254246266,-0.2138786556790063,0.0,-0.0361365705179294
2024-08-22,0.0,0.0,-0.13215513240505808,0.0,0.07049992615560183,0.0,0.06188024898468627,0.0,0.0841318481163496,0.05081546957482794,0.0,0.0,0.0,0.0,-0.5603157608764792,0.0,0.0,-0.04020161388699713
2024-08-23,0.0,0.0,0.0,0.0,0.06295606985554485,0.0,0.05796704665097961,0.0,0.07787401226334911,0.046294021743023245,0.0,0.0,0.0,0.0,-0.5050065761583535,-0.21381529496455245,0.0,-0.03608697836419708
2024-08-26,0.0,0.0,-0.10943109456151667,0.0,0.0,0.0,0.054933330262328654,0.0,0.07402704836656113,0.04386823353337123,0.03852670512305798,0.0,0.0,0.0,-0.47652240557297254,-0.20269118258019175,0.0,0.0
2024-08-27,0.0,0.0,0.0,0.0,0.07400865565036988,0.0,0.06845633568619582,0.0,0.09231838692783648,0.054358539138258964,0.0,0.0,0.0,0.0,-0.5955984447841448,0.0,-0.07304585217305588,-0.04221378564013835
2024-08-28,0.0,0.0,-0.128512476362197,0.0,0.0708204568668704,0.0,0.06423358340952613,0.0,0.08808809889263068,0.050653628717521604,0.0,0.0,0.0,0.0,-0.5581811488176771,0.0,0.0,-0.03951060693357713
2024-08-29,0.0,0.0,-0.2510871250415977,0.0,0.13890249834160776,0.0,0.12528550046110334,0.0,0.1720500971514553,0.09975613885604194,0.0,0.0,0.0,0.0,0.0,0.0,-0.1359784301931548,-0.07694020995503927
2024-08-30,0.0,0.0,-0.2494744380232699,0.0,0.1399671550550359,0.0,0.12517640469545027,0.0,0.17620978261393214,0.09943330088328395,0.0,0.0,0.0,0.0,0.0,0.0,-0.13471079387427848,-0.0750281248547493
2024-09-03,0.0,0.0,-0.25408028638418234,0.0,0.13784895085551532,0.0,0.12653409204134267,0.0,0.17444996558718884,0.0963053457318373,0.0,0.0,0.0,0.0,0.0,0.0,-0.13578167629186141,-0.07499968310807208
2024-09-04,0.0,0.0,-0.12833556968213922,0.0,0.0705921645449179,0.0,0.06539752072436698,0.0,0.0897782688216874,0.049396223535453546,0.0,0.0,0.0,0.0,-0.5583515990060461,0.0,0.0,-0.0381486536853888
2024-09-05,0.0,0.0,0.0,0.0,0.06321932888630755,0.0,0.0586079450725664,0.0,0.07936757965948613,0.04462431090750649,0.0,0.0,0.0,0.0,-0.49886559697859306,-0.22118776859067377,0.0,-0.034127469904866696
2024-09-06,0.0,0.0,0.0,0.0,0.06188220411431708,0.0,0.05898016870786749,0.0,0.07885617417229644,0.044004913411970006,0.0,0.0,0.0,0.0,-0.4982105977706237,-0.22346106656485618,0.0,-0.03460487525806918
2024-09-09,0.0,0.0,0.0,0.0,0.05882228802519229,0.0,0.06298517404427088,0.0,0.07407546033593063,0.04150271701437753,0.0,0.0,0.0,0.0,-0.4981209496126828,-0.23167343771633897,0.0,-0.0328199732512069
2024-09-10,0.0,0.0,0.0,0.0,0.058787027607785064,0.0,0.06338706695786765,0.0,0.07414041290376587,0.041438954072898423,0.0,0.0,0.0,0.0,-0.49665225709963784,-0.23262897939647498,0.0,-0.03296530196157028
2024-09-11,0.0,0.0,0.0,0.0,0.05944938600588849,0.0,0.06351659815807488,0.0,0.07484659198917858,0.040961401753545346,0.0,0.0,0.0,0.0,-0.49382717531380943,-0.234533726932307,0.0,-0.03286511984719636
2024-09-12,0.0,0.0,0.0,0.0,0.059790967010485654,0.0,0.062007797602477065,0.0,0.07471533432010398,0.04103464822711071,0.0,0.0,0.0,0.0,-0.4956645636790399,-0.23466937465393356,0.0,-0.03211731450684912
2024-09-13,0.0,0.0,0.0,0.0,0.0,0.0,0.0634417402558376,0.0,0.07591764828702321,0.04187366718748268,0.03871701655362066,0.0,0.0,0.0,-0.5067073267159741,-0.240568539640558,0.0,-0.03277406135950385
2024-09-16,0.0,0.0,0.0,0.0,0.0,0.0,0.06423699704938739,0.0,0.07604154000848005,0.04191644763148734,0.039122156773949694,0.0,0.0,0.0,-0.507558788632052,-0.2384925972967979,0.0,-0.03263147260784583
2024-09-17,0.0,-0.2826955965561369,0.0,0.0,0.0,0.0,0.06340145668348032,0.0,0.0,0.041546912398401,0.03863772537665315,0.03797673969132895,0.0,0.0,-0.5032171692131848,0.0,0.0,-0.03252440008081484
2024-09-18,0.0,0.0,0.0,0.0,0.0,0.0,0.06614128492866585,0.0,0.0,0.04365112194357623,0.040611970512284545,0.039920154876831475,0.0,0.0,-0.5292662634402664,-0.24624092728508917,0.0,-0.03416827701328638
2024-09-19,0.0,-0.2830282215048063,0.0,0.0,0.0,0.0,0.06257088948586616,0.0,0.0,0.04078539737664365,0.03835528721002644,0.03759615555795225,0.0,0.0,-0.5057599591626691,0.0,0.0,-0.03190408970203615
2024-09-20,0.0,-0.2832156945434256,0.0,0.0,0.0,0.0,0.06354893602276171,0.0,0.0,0.04074441983484815,0.03795577381437338,0.03748241913155792,0.0,0.0,-0.5051445596344919,0.0,0.0,-0.031908197018541154
2024-09-23,0.0,-0.28380201584264053,0.0,0.0,0.0,0.0,0.06352128006890614,0.0,0.0,0.04087912381222397,0.03795903739111503,0.03741388510638477,0.0,0.0,-0.5044261671300492,0.0,0.0,-0.03199849064868043
2024-09-24,0.0,-0.28344880940456035,0.0,0.0,0.0,0.0,0.06307919074746218,0.0,0.0,0.041108502134734874,0.03810944375198624,0.03747209293241193,0.0,0.0,-0.5048616081792706,0.0,0.0,-0.03192035284957393
2024-09-25,0.0,-0.2731912773433494,0.0,0.0,0.0,0.0,0.061415331679565074,0.0,0.0723189501760748,0.039611717128659824,0.0,0.03596588607864234,0.0,0.0,-0.48716841514223896,0.0,0.0,-0.030328422451469633
2024-09-26,0.0,-0.28200829007208394,0.0,0.04861570866267078,0.0,0.0,0.0638007102989639,0.0,0.0,0.04086288886172534,0.0,0.03727243944855115,0.0,0.0,-0.496739217151426,0.0,0.0,-0.030700745504578734
2024-09-27,0.0,-0.27601309082168235,0.0,0.0,0.0,0.0,0.06186922776468465,0.0,0.0726828163284812,0.04004556217927142,0.0,0.036467601480563466,0.0,0.0,-0.48313927450614397,0.0,0.0,-0.02978242691917302
2024-09-30,0.0,-0.2759305689500495,0.0,0.0,0.0,0.0,0.06168350927612046,0.0,0.0737297858726643,0.04040217342898217,0.0,0.036789001711517375,0.0,0.0,-0.4810258345030396,0.0,0.0,-0.03043912625762655
2024-10-01,0.0,-0.2757134219938739,0.0,0.0,0.0,0.0,0.061440944849933045,0.0,0.07367509964610186,0.04028620406266974,0.0,0.0366215299091444,0.0,0.0,-0.48247431856741013,0.0,0.0,-0.02978848097086677
2024-10-02,0.0,-0.2723586712523335,0.0,0.04613809745206225,0.0,0.0,0.061165574614270884,0.0,0.07278542162659882,0.03992037739233887,0.0,0.0,0.0,0.0,-0.47826599157939326,0.0,0.0,-0.029365866083002446
2024-10-03,0.0,-0.2761851359588979,0.0,0.0,0.0,0.0,0.06271011962529315,0.0,0.07349476633879018,0.040606612581802363,0.0,0.03652152575926884,0.0,0.0,-0.4817790651304231,0.0,0.0,-0.028702774605524402
2024-10-04,0.0,0.0,0.0,0.0,0.0,0.0,0.07029171632838091,0.0,0.08051276731639029,0.044473020346586296,0.0,0.039920637919312205,0.0,0.0,-0.49317711884261667,-0.24002684690600204,0.0,-0.031597892340711614
2024-10-07,0.0,0.0,-0.1367429047290812,0.06052943865293685,0.0,0.0,0.08368587515042337,0.0,0.0,0.05285573494209159,0.0,0.04754542865049455,0.0,0.0,-0.5818815649158695,0.0,0.0,-0.03675905295910292
2024-10-08,0.0,-0.28365596239386287,0.0,0.0,0.0,0.0,0.06639611353414507,0.0,0.07686393364569331,0.0419916797463037,0.0,0.0380640720122106,0.0,0.0,-0.464598864929638,0.0,0.0,-0.028429373738146413
2024-10-09,0.0,0.0,-0.13095661948331086,0.0,0.0,0.0,0.08119450186312897,0.0,0.09274313870681547,0.051088875457854774,0.0,0.04701662604592711,0.0,0.0,-0.5629627923532146,0.0,0.0,-0.03403744608974834
2024-10-10,0.0,0.0,-0.13104267373612008,0.0,0.0,0.0,0.08069041828744385,0.0,0.09258221428969185,0.05100506384377963,0.0,0.047011063194274394,0.0,0.0,-0.5643657471422664,0.0,0.0,-0.03330281950642382
2024-10-11,0.0,0.0,-0.1314450612440987,0.0,0.0,0.0,0.0802200759737864,0.0,0.09166013857026366,0.0511557723726172,0.0,0.04696150949318564,0.0,0.0,-0.5651676986361599,0.0,0.0,-0.033389743709888536
2024-10-14,0.0,0.0,-0.13070193104283165,0.0,0.0,0.0,0.08257469850063395,0.0,0.0939731926104883,0.050733959092583894,0.0,0.048111029423082846,0.0,0.0,-0.5608121508451082,0.0,0.0,-0.03309303848527128
2024-10-15,0.0,0.0,0.0,0.0,0.0,0.0,0.07225869130700857,0.0,0.08172228394350711,0.045651015124772654,0.0,0.042473003418161154,0.0,0.0,-0.4891657458257361,-0.24047658367110647,0.0,-0.02825267670970792
2024-10-16,0.0,0.0,-0.13726630044856467,0.0,0.0,0.0,0.08647855069384335,0.0,0.0,0.054529806480170556,0.05318633280578027,0.05103035033158962,0.0,0.0,-0.5838415000423839,0.0,0.0,-0.033667159197667676
2024-10-17,0.0,0.0,-0.13110714239025523,0.0,0.0,0.0,0.08601875481545793,0.0,0.09443717626323604,0.05213480062623614,0.0,0.048694493724992106,0.0,0.0,-0.5552199925456116,0.0,0.0,-0.032387639634211096
2024-10-18,0.0,0.0,0.0,0.0,0.0,0.0,0.07759202649281723,0.0,0.0,0.04783479712498206,0.04662169250200805,0.04467331864224444,0.0,0.0,-0.5043412805240649,-0.24959269420390384,0.0,-0.02934419050997939
2024-10-21,0.0,0.0,-0.1274406444906031,0.0,0.0,0.0,0.08657419567975348,0.0,0.09505531827904495,0.053367487824060804,0.0,0.04983067493169563,0.0,0.0,-0.5550033286154524,0.0,0.0,-0.032728350179389555
2024-10-22,0.0,0.0,-0.12685862264453043,0.0,0.0,0.0,0.085715377741995,0.0,0.0952192645055852,0.05720471656428689,0.0,0.05062660945375034,0.0,0.0,-0.5521109062424837,0.0,0.0,-0.03226450284736842
2024-10-23,0.0,0.0,-0.1263712764992009,0.0,0.0,0.0,0.08705588155926254,0.0,0.09539313427408526,0.056899813077651275,0.0,0.05057055560226727,0.0,0.0,-0.5513521534972619,0.0,0.0,-0.03235718549027094
2024-10-24,0.0,0.0,-0.13163275794202156,0.0,0.0,0.0,0.09091021210123895,0.0,0.0,0.059206090814309324,0.05497621325255424,0.05318716494250857,0.0,0.0,-0.5763156391250837,0.0,0.0,-0.033771921822283626
2024-10-25,0.0,0.0,-0.13136521308314053,0.0,0.0,0.0,0.09112660036607229,0.0,0.0,0.059234759680814375,0.055195759250127825,0.05344129275273115,0.0,0.0,-0.5759062792584553,0.0,0.0,-0.033730095608658556
2024-10-28,0.0,0.0,-0.1315769902174361,0.0,0.0,0.0,0.09197386497026618,0.0,0.0,0.06009209826721197,0.05471331643879285,0.05306076627125485,0.0,0.0,-0.5761205108791233,0.0,0.0,-0.03246245295591481
2024-10-29,0.0,0.0,-0.132981607406037,0.0,0.0,0.0,0.09228171078406937,0.0,0.0,0.060793676318561314,0.05373651053200972,0.05214577877526478,0.0,0.0,-0.5752505250009983,0.0,0.0,-0.03281019118305955
2024-10-30,0.0,0.0,-0.13166079077988457,0.0,0.0,0.0,0.09157309700009977,0.0,0.0,0.06138250424802917,0.055569272124089505,0.05380372874497926,0.0,0.0,-0.5737025195956205,0.0,0.0,-0.03230808750729722
2024-10-31,0.0,0.0,-0.12869854307992248,0.0,0.0,0.0,0.07850050435875541,0.0,0.0,0.05330607922169721,0.051817463142659594,0.05026893962427289,0.0,0.0,-0.6083060614620314,0.0,0.0,-0.02910240911066108
2024-11-01,0.0,0.0,-0.1275396571491072,0.0,0.0,0.0,0.0791902064694322,0.0,0.0,0.05702320773381308,0.055288156131128204,0.05199989586548206,0.0,0.0,-0.600320828629469,0.0,0.0,-0.02863804802156825
2024-11-04,0.0,0.0,-0.12028442828192054,0.0,0.0,0.0,0.07616078132021827,0.0,0.09759313971458278,0.05448568748467148,0.0,0.04977191764851347,0.0,0.0,-0.5748684127403746,0.0,0.0,-0.026835632809718964
2024-11-05,0.0,0.0,-0.11973788819684911,0.0,0.0,0.0,0.07619773724541995,0.0,0.09637341522320998,0.0545643367779384,0.0,0.04986349677064096,0.0,0.0,-0.5760652293861789,0.0,0.0,-0.027197896399762715
2024-11-06,0.0,0.0,-0.1182765975473273,0.0,0.0,0.0,0.07487937509752307,0.0,0.0,0.06004635917723854,0.0482840558827981,0.04930242524518184,0.0,0.0,-0.6196348764891347,0.0,0.0,-0.02957631056079646
2024-11-07,0.0,0.0,-0.11766389131973042,0.0,0.0,0.0,0.07453086934413986,0.0,0.0,0.06032921370090228,0.04883957309818002,0.05010125804195398,0.0,0.0,-0.618415122250379,0.0,0.0,-0.03012007224471442
2024-11-08,0.0,0.0,-0.11730444823506551,0.0,0.0,0.0,0.07583126328407427,0.0,0.0,0.06032798771908021,0.049175242472407524,0.050150492820473645,0.0,0.0,-0.6167853760346388,0.0,0.0,-0.030425189434260085
2024-11-11,0.0,0.0,-0.11385299553598693,0.0,0.0,0.0,0.0,0.0,0.0960265235328692,0.06009699897760282,0.04761943975895455,0.04875664423863202,0.0,0.0,-0.6045128980474971,0.0,0.0,-0.02913449990845743
2024-11-12,0.0,0.0,-0.11708322572182024,0.0,0.0,0.0,0.07155051592023909,0.0,0.0,0.0621370123877156,0.04854446785838325,0.049716053958014504,0.0,0.0,-0.620775315475904,0.0,0.0,-0.0301934086779234
2024-11-13,0.0,0.0,-0.1118802717796051,0.0,0.0,0.0,0.0,0.0,0.09529394062609953,0.060649854034309045,0.047015067969983455,0.04817887276587903,0.0,0.0,-0.6081862514949943,0.0,0.0,-0.028795741329129664
2024-11-14,0.0,0.0,-0.2314233701628477,0.0,0.0,0.0,0.1435586202181446,0.0,0.1925714021902335,0.12330027899603783,0.0,0.09677038489422302,0.0,0.0,0.0,0.0,-0.1534922348449205,-0.058883708693593106
2024-11-15,0.0,0.0,-0.11235101207062201,0.0,0.0,0.0,0.06949294183726394,0.0,0.0935423762163349,0.05820078802659552,0.0,0.046277990483171765,0.0,0.0,-0.5915464311320325,0.0,0.0,-0.028588460233979266
2024-11-18,0.0,0.0,-0.11264176651731915,0.0,0.0,0.0,0.06706042323014118,0.0,0.0,0.057898348972891776,0.04636002696752488,0.04630677193761283,0.0,0.0,-0.5949148967929158,0.0,-0.07481776558159448,0.0
2024-11-19,0.0,0.0,-0.23532436499033957,0.0,0.0,0.0,0.139140426287981,0.0,0.19472795982668747,0.12008215750716662,0.0,0.09662543000780334,0.0,0.0,0.0,0.0,-0.15549980243734773,-0.05859985894267415
2024-11-20,0.0,0.0,-0.23589554714276498,0.0,0.0,0.0,0.13976312590067286,0.0,0.19317401227684433,0.12104013879017084,0.0,0.09643357612071603,0.0,0.0,0.0,0.0,-0.15544406129980118,-0.05824953846902977
2024-11-21,0.0,0.0,-0.26970196514607375,0.0,0.0,0.0,0.151696522062063,0.0,0.0,0.13163379834213831,0.10867657472742745,0.10598114766194637,0.0,0.0,0.0,0.0,-0.16896723518468343,-0.06334275687566773
2024-11-22,0.0,0.0,-0.2709711911391223,0.0,0.0,0.0,0.15027554138380111,0.0,0.0,0.13257522751391942,0.10740133010943728,0.10507185795007443,0.0,0.0,0.0,0.0,-0.16943992782618417,-0.0642649240774613
2024-11-25,0.0,0.0,-0.12127286606482664,0.0,0.0,0.0,0.06334373722549011,0.0,0.0,0.06049363073971488,0.04878062809992458,0.04776507453858203,0.0,0.0,-0.629281748406548,0.0,0.0,-0.02906231492491385
2024-11-26,0.0,0.0,-0.11803675273949604,0.0,0.0,0.0,0.0,0.0,0.0916911521253121,0.058853447327622,0.047067043053195756,0.04642542516800313,0.0,0.0,-0.6097177178476836,0.0,0.0,-0.028208461738687386
2024-11-27,0.0,0.0,-0.11566353898771926,0.0,0.0,0.0,0.0,0.0,0.09229949449507797,0.05889556017490654,0.0472960736067367,0.0466813467583829,0.0,0.0,-0.610699931376356,0.0,0.0,-0.028464054600820635
2024-11-29,0.0,0.0,-0.11426606723428816,0.0,0.0,0.0,0.0,0.0,0.09377995000543624,0.059458342797063087,0.04765662826773402,0.04697870082836611,0.0,0.0,-0.6087232685774612,0.0,0.0,-0.02913704228965107
2024-12-02,0.0,0.0,-0.11619272850605465,0.0,0.0,0.0,0.06312769832919925,0.0,0.0,0.06494468119977778,0.0504382612500465,0.05098463868583712,0.0,0.0,-0.6236608414120526,0.0,0.0,-0.030651150617032077
2024-12-03,0.0,0.0,-0.11098789254507455,0.0,0.0,0.0,0.059103212048620624,0.0,0.0,0.06085942044196442,0.04700303051488819,0.047594377666231036,0.0,0.0,-0.6053926842768387,0.0,-0.06905938250638251,0.0
2024-12-04,0.0,0.0,-0.11149220620116367,0.0,0.0,0.0,0.059352634864283355,0.0,0.09227896897620379,0.06018746189475005,0.0,0.047771764681503855,0.0,0.0,-0.6004984015134495,0.0,0.0,-0.028418561868645786
2024-12-05,0.0,0.0,-0.10421548044828692,0.0,0.0,0.0,0.05594331562418829,0.0,0.08864638663815663,0.05989851277045862,0.0,0.045641936120687766,0.0,0.0,-0.5812098927565634,0.0,-0.0644444756416583,0.0
2024-12-06,0.0,0.0,-0.10453503410491075,0.0,0.0,0.0,0.05615627553505827,0.0,0.08991880152400794,0.060443703275807545,0.0,0.04575366819097152,0.0,0.0,-0.5784223062540831,0.0,-0.0647702111151609,0.0
2024-12-09,0.0,0.0,-0.1036695850224473,0.0,0.0,0.0,0.055412548338460065,0.0,0.08843149633545451,0.05978251069017722,0.0,0.04507161689606904,0.0,0.0,-0.583428623552201,0.0,-0.06420361916519098,0.0
2024-12-10,0.0,0.0,-0.10324095596791617,0.0,0.0,0.0,0.054598004197120804,0.0,0.08762101629752986,0.06138314076751746,0.0,0.04475015944474704,0.0,0.0,-0.5845500498343792,0.0,-0.06385667349078955,0.0
2024-12-11,0.0,0.0,-0.10790248531925832,0.0,0.0,0.0,0.05794599587837708,0.0,0.0,0.0633633682595983,0.046631385671624975,0.04700929387880105,0.0,0.0,-0.6107960174024075,0.0,-0.06635145358993272,0.0
2024-12-12,0.0,0.0,-0.10731536581594205,0.0,0.0,0.0,0.056623610767829104,0.0,0.0,0.062328348542451756,0.04707007271175704,0.04706289701468876,0.0,0.0,-0.6146578901483927,0.0,-0.06494181499893865,0.0
2024-12-13,0.0,0.0,-0.1931686109615403,0.0,0.0,0.0,0.09981507151830844,0.0,0.16405853649787183,0.11150110235473759,0.0,0.08372675409187674,-0.23142277242368303,0.0,0.0,0.0,-0.11630715215198213,0.0
2024-12-16,0.0,0.0,-0.16542735153408758,0.0,0.0,0.0,0.08560965068980152,0.0,0.13956622051896675,0.09459026973682724,0.0,0.07147642228568643,0.0,0.0,0.0,-0.34392455612167055,-0.09940552911295997,0.0
2024-12-17,0.0,0.0,-0.1666381908879432,0.0,0.0,0.0,0.08537651728400102,0.0,0.13732144011408937,0.09398486584236318,0.0,0.0704185846970737,0.0,0.0,0.0,-0.346411673488899,-0.09984872768563051,0.0
2024-12-18,0.0,0.0,-0.19809550866726305,0.0,0.0,0.0,0.10466114006565676,0.0,0.1528958871982098,0.10847239824925388,0.0,0.08132463148377339,-0.2322270608848117,0.0,0.0,0.0,-0.12232337345103142,0.0
2024-12-19,0.0,0.0,-0.19864781583815366,0.0,0.0,0.0,0.1061688579002606,0.0,0.15325666028145032,0.10875844085777585,0.0,0.08160868244718668,-0.23113821022088266,0.0,0.0,0.0,-0.12042133245429017,0.0
2024-12-20,0.0,0.0,-0.19772555190123695,0.0,0.0,0.0,0.1064450900792994,0.0,0.1515712855429304,0.10914883491071968,0.0,0.0822054020083025,-0.23182651220349706,0.0,0.0,0.0,-0.1210773233540141,0.0
2024-12-23,0.0,0.0,-0.200000124639615,0.0,0.0,0.0,0.10754550151811115,0.0,0.15104659035625914,0.10824161372970396,0.0,0.08191183319807513,-0.23119374789460498,0.0,0.0,0.0,-0.12006058866363072,0.0
2024-12-24,0.0,0.0,-0.20263368944496032,0.0,0.0,0.0,0.10719932661526287,0.0,0.15009364577188636,0.10689863108772828,0.0,0.08172160108093311,-0.23160313836051769,0.0,0.0,0.0,-0.11984996763871138,0.0
2024-12-26,0.0,0.0,-0.20475716553762294,0.0,0.0,0.0,0.10669708736098228,0.0,0.1506304421183782,0.10648326487871038,0.0,0.08108527365829918,-0.23071241163327763,0.0,0.0,0.0,-0.11963435481272934,0.0
2024-12-27,0.1597423596615675,0.0,-0.1887371358501793,0.0,0.0,0.0,0.09763677225175785,0.0,0.1371720722685304,0.09578048995824386,0.0,0.0,-0.21155260538599563,0.0,0.0,0.0,-0.10937856462372558,0.0
2024-12-30,0.16048327757706604,0.0,-0.18951789138291425,0.0,0.0,0.0,0.09855785712628003,0.0,0.13614132921023878,0.09513220202926823,0.0,0.0,-0.21106649586788823,0.0,0.0,0.0,-0.10910094680634445,0.0
2024-12-31,0.17240176916413152,0.0,-0.20059435337513778,0.0,0.0,0.0,0.10501645361615786,0.0,0.0,0.10169561556023184,0.0,0.07820439201439694,-0.22577679428799322,0.0,0.0,0.0,-0.11631062198195088,0.0
2025-01-02,0.0,0.0,-0.22984985354543563,0.0,0.0,0.0,0.1169807054561789,0.0,0.0,0.1148015193180432,0.0,0.08833607998517427,-0.2552470424759522,0.0,0.0,0.0,-0.13175980085200625,0.06302499836720969
2025-01-03,0.17017273367592553,0.0,-0.20592129163285908,0.0,0.0,0.0,0.1027027503653989,0.0,0.0,0.09967686192403688,0.0,0.07695008852347353,-0.22768706931233312,0.0,0.0,0.0,-0.11688920456597295,0.0
2025-01-06,0.0,0.0,-0.21303426434473668,0.0,0.0,0.0,0.10485495796385082,0.0,0.14632127684953425,0.10164263177639486,0.0,0.07939064192062088,-0.23412949446864487,0.0,0.0,0.0,-0.12062673267621768,0.0
2025-01-07,0.0,0.0,-0.21317287979441601,0.0,0.0,0.0,0.10488650984878174,0.0,0.1475013748329609,0.09968372178923099,0.0,0.0796827017874401,-0.23494746006629968,0.0,0.0,0.0,-0.12012535188087063,0.0
2025-01-08,0.0,0.0,-0.2315862763547475,0.0,0.0,0.0,0.11465854958733253,0.0,0.0,0.11037849413697194,0.0,0.08680121975115308,-0.25643512176238653,0.0,0.0,0.0,-0.13105381459227758,0.06908652381513092
2025-01-10,0.0,0.0,-0.23136813755849062,0.0,0.0,0.0,0.11568273829387124,0.0,0.0,0.10999212630419757,0.0,0.0860420037475541,-0.257324353010769,0.0,0.0,0.0,-0.1326059938442308,0.06698464724088676
2025-01-13,0.0,0.0,-0.2320008405625121,0.0,0.0,0.0,0.11503872746476347,0.0,0.0,0.10970859616479814,0.0,0.08613026494736722,-0.2565563492488329,0.0,0.0,0.0,-0.1325046798628193,0.06806054174890681
2025-01-14,0.0,0.0,-0.23136328099859532,0.0,0.0,0.0,0.11561413092173066,0.0,0.0,0.10941725422035328,0.0,0.08748176969832022,-0.2558573157240722,0.0,0.0,0.0,-0.1323845412456698,0.06788170719125863
2025-01-15,0.0,0.0,-0.23214386451093727,0.0,0.0,0.0,0.11867197380346034,0.0,0.0,0.10935857054931934,0.0,0.0887991856355469,-0.2497876504985909,0.0,0.0,0.0,-0.13217029516029033,0.06906845984185501
2025-01-16,0.0,0.0,-0.2303454348638861,0.0,0.0,0.0,0.1176010034938059,0.0,0.0,0.10896265194461645,0.0,0.08821178810146077,-0.2500173445239843,0.0,0.0,0.0,-0.13323185834554072,0.07162991872670578
2025-01-17,0.0,0.0,-0.23000064840908965,0.0,0.0,0.0,0.11740113180186666,0.0,0.0,0.10798681297696017,0.0,0.08900740825629673,-0.2507103763510348,0.0,0.0,0.0,-0.1333468677761606,0.07154675442859146
2025-01-21,0.0,0.0,-0.17079945884508715,0.0,0.0,0.0,0.08989454635711074,0.0,0.12181830345893982,0.08371038421161259,0.0,0.06763362742335453,0.0,0.0,0.0,-0.3613237004799426,-0.10481997922395264,0.0
2025-01-22,0.0,0.0,-0.20602530932697496,0.0,0.0,0.0,0.108468753867228,0.0,0.1455503857339939,0.09948240931141847,0.0,0.08112813843834397,-0.23381856040852636,0.0,0.0,0.0,-0.12552644291351436,0.0
2025-01-23,0.0,0.0,-0.20928080111447633,0.0,0.0,0.0,0.10638024428698778,0.0,0.14352921684762457,0.09757205838329763,0.0,0.07988040287283629,-0.23733769294336626,0.0,0.0,0.0,-0.12601958355141116,0.0
2025-01-24,0.0,0.0,-0.2080696778287526,0.0,0.0,0.0,0.10715479136259912,0.0,0.14397080444726348,0.09756094596325594,0.0,0.07996957074432591,-0.23734795381266596,0.0,0.0,0.0,-0.125926255841137,0.0
2025-01-27,0.0,0.0,-0.21016324606354178,0.0,0.0,0.0,0.1084502647951542,0.0,0.14521649519241986,0.09488719781477148,0.0,0.07975680468638577,-0.2363035592080031,0.0,0.0,0.0,-0.12522243223972376,0.0
2025-01-28,0.0,0.0,-0.21108262985797885,0.0,0.0,0.0,0.10843415625688793,0.0,0.14465471747454559,0.09295221151768497,0.0,0.07974880023923536,-0.23718256569535137,0.0,0.0,0.0,-0.1259449189583159,0.0
2025-01-29,0.0,0.0,-0.21102733547775085,0.0,0.0,0.0,0.10820017152077402,0.0,0.14534087308695498,0.09252489515085292,0.0,0.07964219010533374,-0.23718990562596903,0.0,0.0,0.0,-0.12607462903236438,0.0
2025-01-30,0.0,0.0,-0.2111384931645885,0.0,0.0,0.0,0.10689237868668632,0.0,0.1447247703169062,0.09287097655795945,0.0,0.08027625486940461,-0.23770585256402094,0.0,0.0,0.0,-0.12639127384043392,0.0
2025-01-31,0.0,0.0,-0.21029139117804513,0.0,0.0,0.0,0.10795277606782863,0.0,0.14468479427135814,0.09322437358308583,0.0,0.08014018625493669,-0.23747178071242617,0.0,0.0,0.0,-0.12623469793231942,0.0
2025-02-03,0.1688837494473031,0.0,-0.20469577588789967,0.0,0.0,0.0,0.10511606571297084,0.0,0.0,0.09027577457926336,0.0,0.07779001633717407,-0.2310935974134241,0.0,0.0,0.0,-0.12214502062196492,0.0
2025-02-04,0.16924559031255457,0.0,-0.20059009642552314,0.0,0.0,0.0,0.10603358420750673,0.0,0.0,0.09404728280483868,0.0,0.07816047300413739,-0.230295549672754,0.0,0.0,0.0,-0.12162742357268551,0.0
2025-02-05,0.17108356963989563,0.0,-0.20058545643211947,0.0,0.0,0.0,0.10602034835273574,0.0,0.0,0.0942976292010365,0.0,0.07812796761420714,-0.22914870530816722,0.0,0.0,0.0,-0.12073632345183831,0.0
2025-02-06,0.1726159813354708,0.0,-0.20060681830006472,0.0,0.0,0.0,0.10455921671624994,0.0,0.0,0.0930913483458327,0.0,0.07701938480142033,-0.23008415860249604,0.0,0.0,0.0,-0.12202309189846555,0.0
2025-02-07,0.17282854775433718,0.0,-0.20112375745498592,0.0,0.0,0.0,0.10430776385146466,0.0,0.0,0.09279966035725679,0.0,0.07744661580756516,-0.2298479082281591,0.0,0.0,0.0,-0.12164574654623134,0.0
2025-02-10,0.17459867666319495,0.0,-0.206521989307609,0.0,0.0,0.0,0.10299655324595344,0.0,0.0,0.0890072801817213,0.0,0.08151369832795445,-0.2226254169568027,0.0,0.0,0.0,-0.12273638531676424,0.0
2025-02-11,0.160322081724338,0.0,-0.1973382393552008,0.0,0.0,0.0,0.09611955003867782,0.0,0.13281714320738894,0.08303225943608493,0.0,0.0,-0.21603139363227605,0.0,0.0,0.0,-0.11433933260603335,0.0
2025-02-12,0.15963119622314945,0.0,-0.19716412482521944,0.0,0.0,0.0,0.09687178247271769,0.0,0.1331841607909372,0.08325339484238194,0.0,0.0,-0.2152702765965782,0.0,0.0,0.0,-0.11462506424901608,0.0
2025-02-13,0.16177858332163703,0.0,-0.190183349530493,0.0,0.0,0.0,0.1036619487874633,0.0,0.1346229964368471,0.083818573429392,0.0,0.0,-0.21319645753998137,0.0,0.0,0.0,-0.11273809095418601,0.0
2025-02-14,0.19031815572563013,0.0,-0.22437646792205343,0.0,0.0,0.0,0.11917853335942225,0.0,0.15871281543629412,0.09794082184182328,0.0,0.0,0.0,0.0,0.0,0.0,-0.13469726798997644,-0.07477593772480036
2025-02-18,0.08295482881968402,0.0,-0.09904836620917427,0.0,0.0,0.0,0.05219231278806496,0.0,0.06957252618049474,0.043172505699522815,0.0,0.0,0.0,0.0,-0.5940389705928328,0.0,-0.05902048971022628,0.0
2025-02-19,0.1596483546048248,0.0,-0.19058616768472467,0.0,0.0,0.0,0.10061165325401164,0.0,0.13477870630400868,0.08334795307004318,0.0,0.0,-0.21701132396434472,0.0,0.0,0.0,-0.11401584111804244,0.0
2025-02-20,0.08010290748932967,0.0,-0.09544384832367056,0.0,0.0,0.0,0.051118746429450884,0.0,0.06832810474768958,0.04355183945554524,0.0,0.0,0.0,0.0,-0.6036541548717872,0.0,-0.057800398682526864,0.0
2025-02-21,0.1884734917328303,0.0,-0.22479306438472157,0.0,0.0,0.0,0.12300895675873927,0.0,0.15576934311444438,0.09844044604994719,0.0,0.0,0.0,0.0,0.0,0.0,-0.13325443746577137,-0.07626026049354606
2025-02-24,0.18767544362448338,0.0,-0.22486677958504614,0.0,0.0,0.0,0.12344320709647719,0.0,0.1560049691222849,0.09840490203682004,0.0,0.0,0.0,0.0,0.0,0.0,-0.1334973257508666,-0.07610737278402181
2025-02-25,0.18882453991834147,0.0,-0.22738306714485992,0.0,0.0,0.0,0.1220222321442114,0.0,0.15757090445122798,0.09860060591461627,0.0,0.0,0.0,0.0,0.0,0.0,-0.13054905291492874,-0.07504959751181428
2025-02-26,0.18276996960374295,0.0,-0.228033528685603,0.0,0.0,0.0,0.12292288044008351,0.0,0.16100389472957263,0.09883980143269329,0.0,0.0,0.0,0.0,0.0,0.0,-0.1305151184604273,-0.07591480664787728
2025-02-27,0.18805244067557098,0.0,-0.22480501164968925,0.0,0.0,0.0,0.12201102390300435,0.0,0.16358269480071097,0.0952212355730776,0.0,0.0,0.0,0.0,0.0,0.0,-0.1304461721217015,-0.07588142127624521
2025-02-28,0.1789586832305532,0.0,-0.22547006650584778,0.0,0.0,0.0,0.13201020658157628,0.0,0.1579323046785777,0.0922127049103609,0.0,0.0,0.0,0.0,0.0,0.0,-0.13606992590901512,-0.07734610818406894
2025-03-03,0.18970770604644394,0.0,-0.2378935174504605,0.0,0.0,0.0,0.13861054097030193,0.0,0.16596689981739782,0.09559718930875392,0.0,-0.09170028301776197,0.0,0.0,0.0,0.0,0.0,-0.08052386338887996
2025-03-04,0.16940530541567872,0.0,-0.2353846793670463,0.0,0.0,0.0,0.1335378517279535,0.0,0.15241129002784645,0.09261198848887049,0.0,0.0,0.0,0.0,0.0,0.0,-0.13864438314454594,-0.07800450182805888
2025-03-05,0.16901520287783955,0.0,-0.24003814952837735,0.0,0.0,0.0,0.13392185328565792,0.0,0.15042114282648575,0.09160733520616787,0.0,0.0,0.0,0.0,0.0,0.0,-0.1390821029775269,-0.07591421329794475
2025-03-06,0.20225586930740924,0.0,0.0,0.14402679942134536,0.0,0.0,0.1678531016472893,0.0,0.0,0.1103206034130279,0.0,-0.10777786926232572,0.0,0.0,0.0,0.0,-0.17311161759089871,-0.09465413935770371
2025-03-07,0.1589099683668742,0.0,-0.2537507203068792,0.12187358793326254,0.0,0.0,0.1422200322520214,0.0,0.0,0.09356791586130223,0.0,0.0,0.0,0.0,0.0,0.0,-0.14774364472461224,-0.0819341305550482
2025-03-10,0.18174695604606053,0.0,0.0,0.0,0.0,0.0,0.16419503271909297,0.0,0.17832721455712605,0.10315143159123306,0.0,-0.10439584398511853,0.0,0.0,0.0,0.0,-0.17261931521046692,-0.09556420589090193
2025-03-11,0.17779335269655056,0.0,0.0,0.14395601230089117,0.0,0.0,0.17384492486956868,0.0,0.0,0.10950607186012161,0.0,-0.11118882324625541,0.0,0.0,0.0,0.0,-0.18238449823199132,-0.10132631679462135
2025-03-12,0.14656412907579802,0.0,-0.26076236019972143,0.11832104098008706,0.0,0.0,0.14305475807188792,0.0,0.0,0.08959822098543693,0.0,-0.09197885193580099,0.0,0.0,0.0,0.0,-0.14972063875126757,0.0
2025-03-13,0.17520595832324387,0.0,0.0,0.14906161890622746,0.0,0.0,0.17159816185456064,0.0,0.0,0.1079473800300348,0.0,-0.1117053441837034,0.0,0.0,0.0,0.0,-0.18296218958771415,-0.10151934711451563
2025-03-14,0.17235746047812833,0.0,0.0,0.14996937348356384,0.0,0.0,0.17566285403431287,0.0,0.0,0.1059640833655005,0.0,-0.10906685589150857,0.0,0.0,0.0,0.0,-0.1846965992557188,-0.10228277349126717
2025-03-17,0.15065644868704703,0.0,-0.28307857949943416,0.1293367656339013,0.0,0.0,0.15523908434377134,0.0,0.0,0.09431442631261143,0.0,-0.09517953046365414,0.0,0.0,0.0,0.0,0.0,-0.09219516505958061
2025-03-18,0.14157034898008528,0.0,-0.2702086965635372,0.12210327958817672,0.13966885804409648,0.0,0.14942079827771443,0.0,0.0,0.0,0.0,-0.09012326842045906,0.0,0.0,0.0,0.0,0.0,-0.08690475012593078
2025-03-19,0.13875337163498033,0.0,-0.26474065481611686,0.1196470956967277,0.0,0.0,0.14981332672760614,0.0,0.0,0.08556496333546659,0.0,0.0,0.0,0.0,0.0,0.0,-0.15571452863529678,-0.08576605915380556
2025-03-20,0.1501495996391947,0.0,-0.2831975692968936,0.12807010145304873,0.0,0.0,0.16087459864850853,0.0,0.0,0.09267168220190057,0.0,-0.09379037236868099,0.0,0.0,0.0,0.0,0.0,-0.09124607639177293
2025-03-21,0.1503778883307599,0.0,-0.2830409700862285,0.1281276174263214,0.0,0.0,0.1599319548255082,0.0,0.0,0.09271462079309649,0.0,-0.09427348801314193,0.0,0.0,0.0,0.0,0.0,-0.09153346052494366
2025-03-24,0.1354626231110936,0.0,-0.2741659167832641,0.12050674329193435,0.0,0.0,0.15135398514833964,0.0,0.0,0.08527444016740739,0.0,0.0,0.0,0.0,0.0,0.0,-0.1514457211677729,-0.08179057033018812
2025-03-25,0.13500551951160683,0.0,-0.2734203378836557,0.11971844911771762,0.0,0.0,0.15041856055181305,0.0,0.0,0.08461716435050429,0.0,0.0,0.0,0.0,0.0,0.0,-0.15543175740891946,-0.08138821117578304
2025-03-26,0.13473928827765913,0.0,-0.2758998739877337,0.11905551876464367,0.0,0.0,0.15110333598127063,0.0,0.0,0.08345137483799685,0.0,0.0,0.0,0.0,0.0,0.0,-0.1546205511049829,-0.08113005704571319
2025-03-27,0.13393531187192045,0.0,-0.27744998865581727,0.1188025439485661,0.0,0.0,0.14936472418309815,0.0,0.0,0.0836262706488169,0.0,0.0,0.0,0.0,0.0,0.0,-0.15590235101057623,-0.08091880968120493
2025-03-28,0.16160714878620833,0.0,0.0,0.14034321075530998,0.0,0.0,0.18103778681879099,0.0,0.18116253054614695,0.0,-0.13390882533263848,-0.10371394386720179,0.0,0.0,0.0,0.0,0.0,-0.0982265538937035
2025-03-31,0.11896886578355113,0.0,0.0,0.10340082298021687,0.0,0.0,0.13133522231623454,0.4005238822497325,0.0,0.0,-0.0992237660191583,-0.07685633698027013,0.0,0.0,0.0,0.0,0.0,-0.06969110367083646
2025-04-01,0.1741696618115816,0.0,0.0,0.15331219035576418,0.0,0.0,0.196161712711819,0.0,0.0,0.10944897839113518,-0.148537219660627,-0.11494604074344354,0.0,0.0,0.0,0.0,0.0,-0.10342419632562933
2025-04-02,0.17411739391253778,0.0,0.0,0.15451163998748346,0.0,0.0,0.19743772383882696,0.0,0.0,0.10970863074030295,-0.146856750276127,-0.11340156488689515,0.0,0.0,0.0,0.0,0.0,-0.10396629635782657
2025-04-03,0.09566540073258192,0.0,0.0,0.0,0.0,0.0,0.11231225915248194,0.29362843280760026,0.0,0.0,-0.06656254666633744,-0.056148078276125876,0.0,0.0,0.0,0.3246364030123477,0.0,-0.05104687935252498
2025-04-04,0.0,0.0,0.0,0.0,0.0,0.0,0.09768821460474626,0.23583026047374359,0.0,0.0,-0.05799338474481779,-0.04914908322605159,0.21928480490166427,0.0,0.0,0.2962312159755284,0.0,-0.04382303607344835
2025-04-07,0.0,0.0,0.0,0.0,0.0,0.0,0.05798688860200584,0.1410451334048331,0.0,0.0,-0.03619669837916775,-0.031095355984513687,0.0,0.0,0.5452821889841222,0.16138991832451588,0.0,-0.02700381632084154
2025-04-08,0.0,0.0,0.0,0.0,0.0,0.0,0.05842525231126291,0.1410968231861627,0.0,0.0,-0.035855020734904985,-0.030819926873135107,0.0,0.0,0.5457710895006982,0.16160156629653583,0.0,-0.026430321097300296
2025-04-09,0.0,0.3408720835915043,0.0,0.0,0.0,0.0,0.13324142821346877,0.2652775621303177,0.0,0.05931422089628596,-0.07589987355891624,-0.06382987936483395,0.0,0.0,0.0,0.0,0.0,-0.06156495224467293
2025-04-10,0.0,0.14325020514674894,0.0,0.0,0.0,0.0,0.05657611941137566,0.10796282427095748,0.0,0.0,-0.03211993722291816,-0.027350713689944017,0.0,0.0,0.6060757357628901,0.0,0.0,-0.026664464495165612
2025-04-11,0.0,0.0,0.1007811051623431,0.0,0.0,0.0,0.05840528025243635,0.11367384583910767,0.0,0.0,-0.033875821868713026,-0.02863100339213925,0.0,0.0,0.6358807910916294,0.0,0.0,-0.02875215239363118
2025-04-14,0.0,0.0,0.10250939679604741,0.0,0.0,0.0,0.059955779094070925,0.11511126930188319,0.0,0.0,-0.034434948482996316,-0.029107972187345243,0.0,0.0,0.6293142848383919,0.0,0.0,-0.029566349299264997
2025-04-15,0.0,0.0,0.0,0.0,0.10926575179264394,0.0,0.17222212944174395,0.3301263559007467,0.0,0.0,-0.09958389556029303,-0.08376769605455184,0.0,0.12008734543702647,0.0,0.0,0.0,-0.08494682581299419
2025-04-16,0.0,0.0,0.21132209492429915,0.0,0.0,0.21977982480932387,0.12004989532002355,0.24877399002001382,0.0,0.0,-0.07431757503877108,-0.06223322199647064,0.0,0.0,0.0,0.0,0.0,-0.06352339789109795
2025-04-17,0.0,0.0,0.0,0.0,0.10979019887646263,0.0,0.1629071746878028,0.3354286251631405,0.0,0.0,-0.1007850195084138,-0.08459807710264776,0.0,0.1209980293674769,0.0,0.0,0.0,-0.08549287529405569
2025-04-21,0.0,0.0,0.30269100295073864,0.0,0.11644564752754512,0.0,0.1660275361345816,0.0,0.0,0.0,-0.10661618215569124,-0.08911919270442903,0.0,0.12848719699580774,0.0,0.0,0.0,-0.09061324153120673
2025-04-22,0.0,0.0,0.0,0.14264748939934113,0.1436335173127652,0.0,0.20277487987247983,0.0,0.0,0.0,-0.13007998813383911,-0.10971163601079344,0.0,0.15926416892691192,0.0,0.0,0.0,-0.11188832034386949
2025-04-23,0.0,0.0,0.0,0.0,0.15156573906740176,0.0,0.20521849590403599,0.0,0.0,0.10586215285551452,-0.136891482675429,-0.11471068324236551,0.0,0.16819316822221242,0.0,0.0,0.0,-0.1175582780330407
2025-04-24,0.0,0.0,0.0,0.0,0.15195633159806454,0.0,0.20508875149246625,0.0,0.0,0.10512210715262524,-0.13666640632927574,-0.11419132146580346,0.0,0.16857814092593773,0.0,0.0,0.0,-0.11839694103582706
2025-04-25,0.0,0.0,0.0,0.0,0.1523552455761164,0.0,0.20361431447659592,0.0,0.0,0.10494109194480553,-0.1370094469524791,-0.11442992079438176,0.0,0.16910428224478868,0.0,0.0,0.0,-0.11854569801083271
2025-04-28,0.0,0.0,0.0,0.0,0.15194153609928981,0.0,0.2038449260784132,0.0,0.0,0.10583468656620286,-0.13667291410750002,-0.11472993454142608,0.0,0.16844997322504615,0.0,0.0,0.0,-0.11852602938212188
2025-04-29,0.0,0.0,0.0,0.0,0.15223639710788345,0.0,0.2027953608670479,0.0,0.0,0.10676611593721379,-0.13680064847825293,-0.11490732806445696,0.0,0.16873870161600743,0.0,0.0,0.0,-0.11775544792913749
2025-04-30,0.0,0.0,0.0,0.0,0.15262998477720777,0.0,0.20268413815078842,0.0,0.0,0.10709198093287099,-0.1370895795539465,-0.11519625064393457,0.0,0.16911667751884998,0.0,0.0,0.0,-0.11619138842240183
2025-05-01,-0.13371768781827148,0.0,0.0,0.0,0.15036657765982855,0.0,0.19523066514181198,0.0,0.0,0.10495373284966579,-0.13505664569927775,0.0,0.0,0.16709447936993674,0.0,0.0,0.0,-0.11358021146120763
2025-05-02,-0.13347939893405397,0.0,0.0,0.0,0.15011011355743972,0.0,0.19609610021001775,0.0,0.0,0.10505943080553452,-0.1341627778120898,0.0,0.0,0.16697178894916045,0.0,0.0,0.0,-0.11412038973170363
2025-05-05,-0.13359095325359716,0.0,0.0,0.0,0.15187811082159064,0.0,0.19070262896618,0.0,0.0,0.10585119492149545,-0.13536664323943584,0.0,0.0,0.1687087838911959,0.0,0.0,0.0,-0.11390168490650504
2025-05-06,0.0,0.0,0.0,0.0,0.15633676938249885,0.0,0.19079347264453136,0.0,0.0,0.1088741533191106,-0.13962755481280315,-0.11664165261574508,0.0,0.17354517433227598,0.0,0.0,0.0,-0.11418122289303499
2025-05-07,0.0,0.0,0.0,0.0,0.1567729727090533,0.0,0.18851429827746216,0.0,0.0,0.10898425556029526,-0.14022823422290884,-0.11713749078003287,0.0,0.17395381601469231,0.0,0.0,0.0,-0.11440893243555508
2025-05-08,0.0,0.0,0.0,0.0,0.1379671504668481,0.0,0.16267574506828558,0.0,0.0,0.09588181691682407,-0.12242987638475775,0.0,0.0,0.1532097649658739,0.0,0.0,-0.22895966281503183,-0.09887598338237866
2025-05-09,0.0,0.0,0.0,0.0,0.1381778422791444,0.0,0.1622935157710987,0.0,0.0,0.09589149538159891,-0.12251810946457034,0.0,0.0,0.15345113728215382,0.0,0.0,-0.22929664643243766,-0.09837125338899619
2025-05-12,0.0,0.0,0.0,0.0,0.139724074418035,0.0,0.15938697879008057,0.0,0.0,0.09462427561301455,-0.12089932535086188,0.0,0.0,0.15527536171294964,0.0,0.0,-0.23034961512573396,-0.09974036898932429
2025-05-13,0.0,0.0,0.0,0.0,0.13989881282487282,0.0,0.15966696867033978,0.0,0.0,0.09439366684076883,-0.12099483491166153,0.0,0.0,0.1554065762162259,0.0,0.0,-0.23098585209770314,-0.09865328843842794
2025-05-14,0.0,0.0,0.0,0.137123538718347,0.0,0.0,0.15700239390536044,0.0,0.0,0.09460686420615072,-0.1215231247778624,0.0,0.0,0.15577294978706546,0.0,0.0,-0.23436468978983824,-0.0996064388153757
2025-05-15,0.0,0.0,0.0,0.0,0.13942428922435562,0.0,0.15521231364099736,0.0,0.0,0.09421816360750564,-0.12087215283112324,0.0,0.0,0.15479671185239463,0.0,0.0,-0.23682359484306878,-0.09865277400055487
2025-05-16,0.0,0.0,0.0,0.0,0.13932197541167152,0.0,0.1555972438378591,0.0,0.0,0.0941141308841254,-0.12065260870850152,0.0,0.0,0.15468977401131281,0.0,0.0,-0.2371206023508327,-0.09850366479569701
2025-05-19,0.0,0.0,0.0,0.0,0.13873638237785343,0.0,0.15564711835134568,0.0,0.0,0.0938100060487164,-0.12031506628251995,0.0,0.0,0.15398818663610042,0.0,0.0,-0.23899453273736737,-0.09850870756609674
2025-05-20,0.0,0.0,0.0,0.0,0.13946756475989008,0.0,0.15429867155930613,0.0,0.0,0.09393900402613234,-0.12055673122422046,0.0,0.0,0.1545555879130015,0.0,0.0,-0.2384312740007333,-0.09875116651671617
2025-05-21,0.0,0.0,0.0,0.0,0.14045765897347798,0.0,0.15541092528699524,0.0,0.0,0.09448117993738571,-0.11955848262838878,0.0,0.0,0.15567906534382941,0.0,0.0,-0.23506904054351693,-0.09934364728640599
2025-05-22,0.0,0.0,0.0,0.0,0.1398894957464372,0.0,0.15393606001238241,0.0,0.0,0.09458365901328696,-0.1200504982907276,0.0,0.0,0.15519604361404019,0.0,0.0,-0.23628100515389594,-0.1000632381692297
2025-05-23,0.0,0.0,0.0,0.0,0.14019212843704548,0.0,0.15218007150587684,0.0,0.0,0.09478816009169845,-0.12033202208093774,0.0,0.0,0.1554787565649802,0.0,0.0,-0.23692313597552042,-0.10010572534394095
2025-05-27,0.0,0.0,0.0,0.0,0.1399213724800143,0.0,0.1516968977538056,0.0,0.0,0.09430279001632463,-0.11872504137054864,0.0,0.0,0.1549716304364983,0.0,0.0,-0.2394431700759698,-0.10093909786683883
2025-05-28,0.0,0.0,0.0,0.0,0.1393860682657091,0.0,0.15175936166692341,0.0,0.0,0.09439071297350748,-0.11854527593935676,0.0,0.0,0.15461037561466395,0.0,0.0,-0.24042749635137486,-0.10088070918846438
2025-05-29,0.0,0.0,0.0,0.0,0.13955002997574598,0.0,0.15283008947142662,0.0,0.0,0.09502662533072741,-0.11824244760890543,0.0,0.0,0.15491275017206857,0.0,0.0,-0.23832866778669373,-0.10110938965443232
2025-05-30,0.0,0.0,0.0,0.0,0.13896529588071815,0.0,0.1521577125616534,0.0,0.0,0.09502943483166296,-0.11788896119175205,0.0,0.0,0.15448781682188134,0.0,0.0,-0.2407873277957475,-0.10068345091658462
2025-06-02,0.0,0.0,0.0,0.0,0.13934078836644131,0.0,0.15012441374443103,0.0,0.0,0.09609297593718262,-0.1192503958535444,0.0,0.0,0.15479414428007848,0.0,0.0,-0.2406062303387895,-0.09979105147953256
2025-06-03,0.0,0.0,0.0,0.0,0.13880649399030182,0.0,0.14944631659793595,0.0,0.0,0.0959617310272526,-0.11897143195308937,0.0,0.0,0.1542239060308055,0.0,0.0,-0.24300328435806767,-0.09958683604254717
2025-06-04,0.0,0.0,0.0,0.1426956641177997,0.0,0.0,0.1488637920770228,0.0,0.0,0.09589998767469803,-0.11871566854774997,0.0,0.0,0.15641961309924532,0.0,0.0,-0.23722934924005254,-0.10017592524343183
2025-06-05,0.0,0.0,0.0,0.14260063011775095,0.0,0.0,0.14861734818941233,0.0,0.0,0.09684851037435115,-0.11880844795728801,0.0,0.0,0.15626085022876265,0.0,0.0,-0.23695582752978872,-0.09990838560264627
2025-06-06,0.0,0.0,0.0,0.1432972505686588,0.0,0.0,0.1480628628014768,0.0,0.0,0.0971922228063019,-0.1187553659587997,0.0,0.0,0.1575757876772023,0.0,0.0,-0.23513433126937786,-0.09998217891818272
2025-06-09,0.0,0.0,0.0,0.14406432795978533,0.0,0.0,0.14663739802800152,0.0,0.0,0.0984240233712703,-0.11875414662068033,0.0,0.0,0.15877632465155564,0.0,0.0,-0.23440243483441245,-0.09894134453429443
2025-06-10,0.0,0.0,0.0,0.09690652640856633,0.0,0.0,0.09883542612692099,0.0,0.0,0.06614217625388608,0.0,0.0,0.0,0.1068300810964078,0.0,-0.40715911024213186,-0.15761682090817256,-0.06650985896391438
2025-06-11,-0.12015463058594418,0.0,0.0,0.14410181245110779,0.0,0.0,0.1468970961778465,0.0,0.0,0.09849278111995971,0.0,0.0,0.0,0.15915942629579413,0.0,0.0,-0.23464741921466856,-0.09654683415467913
2025-06-12,0.0,0.0,0.0,0.1443168168586208,0.0,0.0,0.14765938929109523,0.0,0.0,0.0993821856784806,-0.1189658343719108,0.0,0.0,0.15928456071434982,0.0,0.0,-0.2333926513874463,-0.09699856169809633
2025-06-13,0.0,0.0,0.0,0.0,0.09510381993242999,0.0,0.09762486518284337,0.0,0.0,0.06631044832477037,-0.07929598422467649,0.0,0.0,0.10634219622737107,0.0,-0.40121162498575025,-0.1541110611221585,0.0
2025-06-16,0.0,0.0,0.0,0.1460119485297542,0.0,0.0,0.14690086886747009,0.0,0.0,0.10048200900888027,-0.1204360550826186,0.0,0.0,0.16182630017398045,0.0,0.0,-0.23277875098217932,-0.09156406735511696
2025-06-17,0.0,0.0,0.0,0.10972531899523007,0.10880131838233531,0.0,0.11133594246292977,0.0,0.0,0.0,-0.09083567779190656,0.0,-0.2839741706524364,0.1217994341879203,0.0,0.0,-0.1735281375272415,0.0
2025-06-18,0.0,0.0,0.0,0.08004892269108481,0.07937882383153803,0.0,0.08109789650822885,0.0,0.0,0.0,0.0,0.0,-0.2086915555390476,0.08883427326367063,0.0,-0.3350716707915668,-0.12687685737486334,0.0
2025-06-20,0.0,0.0,0.0,0.10963215106985405,0.1084677300147554,0.0,0.11087245337822212,0.0,0.0,0.0,-0.09088190615255862,0.0,-0.2853796586069357,0.12132746329467439,0.0,0.0,-0.17343863748299962,0.0
2025-06-23,0.0,0.0,0.0,0.11276838344558282,0.1116637688674617,0.0,0.11448711676846042,0.0,0.0,0.0,0.0,0.0,-0.2935226524525395,0.12495517549753378,0.0,0.0,-0.17873207034664795,-0.06387083262177388
2025-06-24,0.0,0.0,0.0,0.094186357523365,0.0946846061738261,0.0,0.09658319261257176,0.0,0.0,0.0,0.0,0.0,0.0,0.10603947871499794,0.0,-0.4025189112846735,-0.15266384065883112,-0.05332361303173465
2025-06-25,0.0,0.0,0.0,0.09418673919753345,0.09456764066236162,0.0,0.09654970091513927,0.0,0.0,0.0,0.0,0.0,0.0,0.10608659448426737,0.0,-0.4027730863698077,-0.15255286754004305,-0.05328337083084746
2025-06-26,0.0,0.0,0.0,0.0,0.09756399994918556,0.0,0.09928586429963475,0.0,0.0,0.06930903107407009,0.0,0.0,0.0,0.10899249546721347,0.0,-0.4129411705743087,-0.1570823092347125,-0.05482512940087492
2025-06-27,0.0,0.0,0.0,0.0,0.0974921455390437,0.0,0.0986124855888618,0.0,0.0,0.06943224084460278,0.0,0.0,0.0,0.10899578929966246,0.0,-0.4137449132470428,-0.15684285003678416,-0.0548795754440023
2025-06-30,0.0,0.0,0.0,0.09494601088407233,0.0944975872721803,0.0,0.09501064305679553,0.0,0.0,0.0,0.0,0.0,0.0,0.10580376195307743,0.0,-0.40399414041964093,-0.15269594693331257,-0.053051909480921124
2025-07-01,0.0,0.0,0.0,0.09433093801659846,0.09415511454169632,0.0,0.09471140702499335,0.0,0.0,0.0,0.0,0.0,0.0,0.1059428103322462,0.0,-0.40474043870345805,-0.15286611001227843,-0.053253181368729315
2025-07-02,0.0,0.0,0.0,0.04886263986039868,0.048776507813490314,0.0,0.04905076848080976,0.0,0.0,0.0,0.0,0.0,0.0,0.05489363769062258,-0.6914645886636474,0.0,-0.07950805514489784,-0.027443802346133642
2025-07-03,0.0,0.0,0.0,0.04904000211007212,0.0489624702018306,0.0,0.049140365212171654,0.0,0.0,0.0,0.0,0.0,0.0,0.05510653481217497,-0.6906523903971074,0.0,-0.07953233065549936,-0.027565906611144036
2025-07-07,0.0,0.0,0.0,0.046261017444622785,0.04631544729909622,0.0,0.04600288683431341,0.0,0.0,0.0,0.0,0.0,0.0,0.05186468574327729,-0.7083053628421884,0.0,-0.07401183339668839,-0.02723876643981353
2025-07-08,0.0,0.0,0.0,0.0,0.10632286748183471,0.0,0.08773814246731006,0.0,0.10674364004228071,0.0,0.0,0.0,0.0,0.12484245479036597,0.0,-0.38014810540044636,-0.14056549327205084,-0.0536392965457114
2025-07-09,0.0,0.0,0.0,0.0,0.10401343358860217,0.0,0.08409566923974812,0.0,0.10090592619321793,0.0,0.0,0.0,0.0,0.1245310779027361,0.0,-0.39317161811921836,-0.14217755136676793,-0.0511047235897093
2025-07-10,0.0,0.0,0.0,0.0,0.10314569168390471,0.0,0.08329514576044711,0.0,0.10127538303476621,0.0,0.0,0.0,0.0,0.12332840037657762,0.0,-0.3913756232628478,-0.146061201921098,-0.05151855396035853
2025-07-11,0.0,0.0,0.0,0.0,0.15176143888067756,0.0,0.08716152883888101,0.0,0.1382456108115447,0.0,0.0,0.0,-0.25669307505352185,0.16773149321915864,0.0,0.0,-0.14419288809987416,-0.054213965096341944
2025-07-14,0.0,0.0,0.0,0.0,0.15005793792597016,0.0,0.08273215122389857,0.0,0.14338705741829194,0.0,0.0,0.0,-0.2680467708271284,0.15827892554661316,0.0,0.0,-0.14649803845412754,-0.050999118603970155
2025-07-15,0.0,0.0,0.0,0.14758707429520057,0.0,0.0,0.08754458821902786,0.0,0.0,0.1041544066453374,0.0,0.0,-0.27812767185578824,0.17641098640283184,0.0,0.0,-0.15273554643244971,-0.05343972614936459
2025-07-16,0.0,0.0,0.0,0.14685363542212176,0.0,0.0,0.0867966850577292,0.0,0.0,0.10323417616948029,0.0,0.0,-0.27910726572760824,0.1787925595321565,0.0,0.0,-0.15228103120331668,-0.05293464688758733
2025-07-17,0.0,0.0,0.0,0.1782389392430108,0.0,0.0,0.1053752151792228,0.0,0.0,0.12523255483039406,-0.12444963345230409,0.0,0.0,0.2174546894709699,0.0,0.0,-0.18511268124530722,-0.06413628657879133
2025-07-18,0.0,0.0,0.0,0.1788096113938247,0.0,0.0,0.1079508522191044,0.0,0.0,0.1319325922403129,-0.12192386770856518,0.0,0.0,0.2138031037823529,0.0,0.0,-0.18238804638959474,-0.06319192626624512
2025-07-21,0.0,0.0,0.0,0.1785122700829358,0.0,0.0,0.1066619393702716,0.0,0.0,0.131675706165728,-0.12184769823306629,0.0,0.0,0.2161257680811915,0.0,0.0,-0.18165654800055644,-0.06352007006625043
2025-07-22,0.0,0.0,0.0,0.1751202614319701,0.0,0.0,0.10862435563043304,0.0,0.0,0.1371661930873672,-0.12104763219054529,0.0,0.0,0.21079648064204476,0.0,0.0,-0.18479853955013772,-0.0624465374675019
2025-07-23,0.0,0.0,0.0,0.17586080836264903,0.0,0.0,0.10805192977290268,0.0,0.0,0.14108380165895898,-0.12305639438400527,0.0,0.0,0.20659545885516506,0.0,0.0,-0.18329602653457233,-0.062055580431746624
2025-07-24,0.0,0.0,0.0,0.17502497386274632,0.0,0.0,0.11030787300607198,0.0,0.0,0.1449288785041927,-0.12048993451416058,0.0,0.0,0.2028992505741815,0.0,0.0,-0.18436946541997273,-0.061979624118674026
2025-07-25,0.0,0.0,0.0,0.1736288575482267,0.0,0.0,0.10927125638835535,0.0,0.0,0.15073278550983754,-0.1199354317871486,0.0,0.0,0.20225501206625163,0.0,0.0,-0.18343082408996997,-0.060745832610210146
2025-07-28,0.0,0.0,0.0,0.1737686903087155,0.0,0.0,0.11066455886733592,0.0,0.0,0.15415382445610318,-0.12102064444523246,0.0,0.0,0.19431653057318976,0.0,0.0,-0.18554632993294798,-0.060529421416475236
2025-07-29,0.0,0.0,0.0,0.17479963730996337,0.0,0.0,0.11248520718501981,0.0,0.0,0.15431547664669445,-0.12125090011374952,0.0,0.0,0.19635446683923455,0.0,0.0,-0.18039304293685865,-0.060401268968479666
2025-07-30,0.0,0.0,0.0,0.16416351446349764,0.0,0.0,0.10567105209630015,0.0,0.0,0.14665726692635553,-0.11365698168488131,-0.11290860123904636,0.0,0.18446916474695602,0.0,0.0,-0.172473418842963,0.0
2025-07-31,0.0,0.0,0.0,0.16314868762247875,0.0,0.0,0.10580886840405122,0.0,0.0,0.14680519562751468,-0.11321520398991447,-0.11254104685751087,0.0,0.1844323115141963,0.0,0.0,-0.17404868598433368,0.0
2025-08-01,0.0,0.0,0.0,0.16421485141523373,0.0,0.0,0.1078750393188424,0.0,0.0,0.14387804933736023,-0.11196865058354705,-0.11151034087431597,0.0,0.18788119468125916,0.0,0.0,-0.1726718737894413,0.0
2025-08-04,0.0,0.0,0.0,0.184349182768455,0.0,0.0,0.11142267700423679,0.0,0.0,0.1467916333730486,-0.1166160624321862,0.0,0.0,0.19838660457714424,0.0,0.0,-0.18135467266050886,-0.061079167184420385
2025-08-05,0.0,0.0,0.0,0.18398018852760736,0.0,0.0,0.11576099005874887,0.0,0.0,0.14527247873385743,-0.11617689056818313,0.0,0.0,0.19690050930352873,0.0,0.0,-0.1807544752382429,-0.061154467569831526
2025-08-06,0.0,0.0,0.0,0.1834293057690353,0.0,0.0,0.12039476648018306,0.0,0.0,0.1447441445343748,-0.1160884712366791,0.0,0.0,0.19478822388701356,0.0,0.0,-0.17905939345882457,-0.06149569463388954
2025-08-07,0.0,0.0,-0.20555671085608335,0.16695856840671158,0.0,0.0,0.10856881044984709,0.0,0.0,0.12907318927059677,0.0,0.0,0.0,0.17443368373582963,0.0,0.0,-0.1602023337558852,-0.05520670352504633
2025-08-08,0.0,0.0,-0.2112732449844879,0.16448013023502478,0.0,0.0,0.10981168908274148,0.0,0.0,0.12713957678726467,0.0,0.0,0.0,0.17182134861503273,0.0,0.0,-0.16026049695333222,-0.0552135133421164
2025-08-11,0.0,0.0,-0.2118271623074854,0.16475689924030887,0.0,0.0,0.1087177974096468,0.0,0.0,0.12727793306516696,0.0,0.0,0.0,0.17155653626933576,0.0,0.0,-0.16044508399847623,-0.05541858770957997
2025-08-12,0.0,0.0,-0.2207594082340433,0.16296765015199668,0.0,0.0,0.10899454521255117,0.0,0.0,0.14003236929426147,0.0,0.0,0.0,0.16146027067999838,0.0,0.0,-0.15330751390885206,-0.05247824251829705
2025-08-13,0.0,0.0,-0.22164414579126018,0.16005482028752083,0.0,0.0,0.10896524277889874,0.0,0.0,0.14264180915313124,0.0,0.0,0.0,0.1613241642718266,0.0,0.0,-0.15227725895328964,-0.05309255876407281
2025-08-14,0.0,0.0,-0.22171719544813995,0.0,0.1478243512154026,0.0,0.1139818003904338,0.0,0.0,0.1449878982906462,0.0,0.0,0.0,0.1638493696222766,0.0,0.0,-0.1539615034567874,-0.053677881576313514
2025-08-15,0.0,0.0,-0.22260681259346868,0.0,0.14781865986408835,0.0,0.1149980010197699,0.0,0.0,0.14331760860839118,0.0,0.0,0.0,0.16515230803361933,0.0,0.0,-0.1528180186217804,-0.05328859125888228
2025-08-18,0.0,0.0,-0.22046898011604116,0.15491723148197986,0.0,0.0,0.11527876666919877,0.0,0.0,0.14200127219998246,0.0,0.0,0.0,0.16341829250314477,0.0,0.0,-0.1511572256840459,-0.05275823134560703
2025-08-19,0.0,0.0,-0.22360383439777617,0.15318205553812578,0.0,0.0,0.11663330177481267,0.0,0.0,0.13813891356530075,0.0,0.0,0.0,0.16467549337315326,0.0,0.0,-0.15102548846376304,-0.052740912887068454
2025-08-20,0.0,0.0,-0.2241257030782397,0.0,0.14834375149713863,0.0,0.11923099340803818,0.0,0.0,0.13830948461105474,0.0,0.0,0.0,0.164874764393098,0.0,0.0,-0.1524947920170982,-0.0526205109953326
2025-08-21,0.0,0.0,-0.21948321869967177,0.0,0.14694986915867964,0.0,0.11860175821086312,0.0,0.0,0.1411782661604898,0.0,0.0,0.0,0.163627875831768,0.0,0.0,-0.15777823164158034,-0.05238078029694748
2025-08-22,0.0,0.0,-0.217093257154223,0.1486323512551902,0.0,0.0,0.12069498056902621,0.0,0.0,0.1407638154636809,0.0,0.0,0.0,0.15904456813650167,0.0,0.0,-0.16031061951547793,-0.05346040790589997
2025-08-25,0.0,0.0,-0.1756968653063561,0.11632631739362573,0.0,0.0,0.09909185219910395,0.0,0.0,0.11260641598918564,0.0,0.0,-0.2469327110697884,0.12331151957813884,0.0,0.0,-0.12603431846380134,0.0
2025-08-26,0.0,0.0,-0.21607449860345937,0.1435413297380337,0.0,0.0,0.12532224124969912,0.0,0.0,0.14785771992189298,0.0,0.0,0.0,0.15566697688913175,0.0,0.0,-0.16001204631390292,-0.05152518728388023
2025-08-27,0.0,0.0,-0.21617878248347192,0.14254532167797504,0.0,0.0,0.12482794840785831,0.0,0.0,0.14800397594344447,0.0,0.0,0.0,0.15731407271042985,0.0,0.0,-0.15982523963085263,-0.0513046591459678
2025-08-28,0.0,0.0,-0.21790184619087585,0.14211796982435168,0.0,0.0,0.12423285215877587,0.0,0.0,0.14720314150754008,0.0,0.0,0.0,0.1568850590413501,0.0,0.0,-0.16040894674105752,-0.05125018453604884
2025-08-29,0.0,0.0,-0.21878694661874784,0.1454132569542851,0.0,0.0,0.12424680298801005,0.0,0.0,0.14400170371328744,0.0,0.0,0.0,0.15672309387335046,0.0,0.0,-0.15946340327955938,-0.05136479257275976
2025-09-02,0.0,0.0,-0.2161601400629989,0.1462529307447521,0.0,0.0,0.1262507106462021,0.0,0.0,0.1426552861811503,0.0,0.0,0.0,0.15605769838574993,0.0,0.0,-0.16065514087160238,-0.051968093107544244
2025-09-03,0.0,0.0,-0.21705635876262122,0.1462593588563657,0.0,0.0,0.12693147163535182,0.0,0.0,0.1419981838459735,0.0,0.0,0.0,0.1583800085718089,0.0,0.0,-0.15799529673073553,-0.05137932159714334
2025-09-04,0.0,0.0,-0.2171090325640841,0.14701856499481952,0.0,0.0,0.12588122722905096,0.0,0.0,0.13988723070839748,0.0,0.0,0.0,0.1574143236767309,0.0,0.0,-0.1617628643258649,-0.050926756501052176
2025-09-05,0.0,0.0,-0.2157379622427344,0.1470744390870404,0.0,0.0,0.12616940987579156,0.0,0.0,0.1427841771113039,0.0,0.0,0.0,0.15860128750725314,0.0,0.0,-0.15834752687247247,-0.05128519730340425
2025-09-08,0.0,0.0,-0.10155732760424936,0.0685191415595679,0.0,0.0,0.05994070491215732,0.0,0.0,0.06747729633425165,0.0,0.0,0.0,0.07301643708712954,-0.5548146251221104,0.0,-0.07467446738053381,0.0
2025-09-09,0.0,0.0,-0.1708120859822219,0.11575602682386102,0.0,0.0,0.10077710876464348,0.0,0.0,0.11345842874915676,0.0,0.0,-0.2522338586528722,0.12225089013546064,0.0,0.0,-0.12471160089178396,0.0
2025-09-10,0.0,0.0,-0.10219556977758365,0.06912611576516757,0.0,0.0,0.0602476779316382,0.0,0.0,0.0678415444443347,0.0,0.0,0.0,0.0730461759306436,-0.5530186585554075,0.0,-0.07452425759522466,0.0
2025-09-11,0.0,0.0,-0.10137229370750223,0.06729194994094276,0.0,0.0,0.05996310210094453,0.0,0.0,0.06757803646705426,0.0,0.0,0.0,0.07168830045930784,-0.558329745634827,0.0,-0.07377657168942149,0.0
2025-09-12,0.0,0.0,-0.1770259018269817,0.11235782836208752,0.0,0.0,0.10147953444664423,0.0,0.0,0.11293568373513807,0.0,0.0,-0.25148598064876937,0.1195554969770721,0.0,0.0,-0.12515957400330704,0.0
2025-09-15,0.0,0.0,-0.1050025208322611,0.06847056702906418,0.0,0.0,0.059873099215091305,0.0,0.0,0.06766871094023508,0.0,0.0,0.0,0.07141690524395729,-0.5528667738095946,0.0,-0.0747014229297965,0.0
2025-09-16,0.0,0.0,-0.10380563093242849,0.06889060942482401,0.0,0.0,0.06120784654694872,0.0,0.0,0.06820078173497285,0.0,0.0,0.0,0.07118246287165221,-0.5507980805794773,0.0,-0.0759145879096963,0.0
2025-09-17,0.0,0.0,-0.17279157331912404,0.11747108951609049,0.0,0.0,0.10003035409588948,0.0,0.0,0.11380264700867705,0.0,0.0,-0.24941422095604288,0.11877551081591231,0.0,0.0,-0.12771460428826387,0.0
2025-09-18,0.0,0.0,-0.171710234925546,0.11793685644055432,0.0,0.0,0.10084674734548928,0.0,0.0,0.11450499949145812,0.0,0.0,-0.24963937344980833,0.1195987559764797,0.0,0.0,-0.12576303237066416,0.0
2025-09-19,0.0,0.0,-0.21554594633612648,0.1489534484036783,0.0,0.0,0.12537829988098936,0.0,0.0,0.1442843488584291,0.0,0.0,0.0,0.1509777259650464,0.0,0.0,-0.15776894148457082,-0.0570912890711595
2025-09-22,0.0,0.0,-0.1727273220640596,0.11921701438042405,0.0,0.0,0.09735270301586663,0.0,0.0,0.11592221515427996,0.0,0.0,-0.24829702626651734,0.12100570889506011,0.0,0.0,-0.12547801022379232,0.0
2025-09-23,-0.12377987940138158,0.0,-0.19962638409788175,0.1490096218728405,0.0,0.0,0.11425517512936946,0.0,0.0,0.13143727944996672,0.0,0.0,0.0,0.13930982405060494,0.0,0.0,-0.1425818359979552,0.0
2025-09-24,-0.12279376774962439,0.0,-0.19821514649438376,0.15020431968155026,0.0,0.0,0.11420808428031867,0.0,0.0,0.13213041425216815,0.0,0.0,0.0,0.13849825118515544,0.0,0.0,-0.1439500163567993,0.0
2025-09-25,-0.12462280353570376,0.0,-0.19691256891187883,0.14846406874609802,0.0,0.0,0.11351448766513396,0.0,0.0,0.13151460944421012,0.0,0.0,0.0,0.1414206152017248,0.0,0.0,-0.14355084649525054,0.0
2025-09-26,-0.12379057701142565,0.0,-0.1955404173856535,0.14786494181793589,0.0,0.0,0.11790109000955429,0.0,0.0,0.13073161670422517,0.0,0.0,0.0,0.14056291772325327,0.0,0.0,-0.1436084393479522,0.0
2025-09-29,-0.12412872424254609,0.0,-0.19630319524377998,0.1465363739755328,0.0,0.0,0.11657465913383158,0.0,0.0,0.13131283105623118,0.0,0.0,0.0,0.1406812243544528,0.0,0.0,-0.1444629919936257,0.0
2025-09-30,-0.12428180108044215,0.0,-0.19586370234696682,0.14589307801343776,0.0,0.0,0.11624576760452232,0.0,0.0,0.13371913408602829,0.0,0.0,0.0,0.14018629628311927,0.0,0.0,-0.14381022058548332,0.0
2025-10-01,-0.12244895121417851,0.0,-0.1963290117390854,0.1451810637301807,0.0,0.0,0.11647284532857044,0.0,0.0,0.1342993669077741,0.0,0.0,0.0,0.14027894610294792,0.0,0.0,-0.14498981497726285,0.0
2025-10-02,-0.12032844140779118,0.0,-0.19606234854544674,0.14480869160612367,0.0,0.0,0.11686677329338019,0.0,0.0,0.13588213791455606,0.0,0.0,0.0,0.14005726186181425,0.0,0.0,-0.14599434537088798,0.0
2025-10-03,-0.13583626102530436,0.0,0.0,0.17292367993102406,0.0,0.0,0.13251333448213268,0.0,0.0,0.15574153214709482,0.0,0.0,0.0,0.16193709504389361,0.0,0.0,-0.1692141851484984,-0.07183391222205197
2025-10-06,-0.13612168227302993,0.0,0.0,0.17378177601175893,0.0,0.0,0.1315773929544888,0.0,0.0,0.15577279615612688,0.0,0.0,0.0,0.16388863418482097,0.0,0.0,-0.16740850011886446,-0.07144921830091004
2025-10-07,-0.1351746483694699,0.0,0.0,0.17195235085208502,0.0,0.0,0.1322023913658228,0.0,0.0,0.15668848020431997,0.0,0.0,0.0,0.16177353159963723,0.0,0.0,-0.17046693901512514,-0.07174165859353981
2025-10-08,-0.13778880742368102,0.0,0.0,0.1711479809385427,0.0,0.0,0.12988825683442273,0.0,0.0,0.1553848393518918,0.0,0.0,0.0,0.16214063087067138,0.0,0.0,-0.17085718384250967,-0.07279230073828069
2025-10-09,-0.13284198643053205,0.0,0.0,0.0,0.15541364982924064,0.0,0.12717514971334495,0.0,0.0,0.1592951183674537,0.0,0.0,0.0,0.16730536980777633,0.0,0.0,-0.1822350998167734,-0.07573362603487886
2025-10-10,-0.13900965749660263,0.0,0.0,0.0,0.15583049079613465,0.0,0.1342993627772071,0.0,0.0,0.1444463608673445,0.0,0.0,0.0,0.16554818874970784,0.0,0.0,-0.18452948211737644,-0.07633645719562679
2025-10-13,-0.1305654923442615,0.0,0.0,0.14026378046010093,0.0,0.0,0.13513407732357147,0.0,0.0,0.14527272527151575,0.0,0.0,0.0,0.17442506370274632,0.0,0.0,-0.1950853063601014,-0.07925355453770261
2025-10-14,-0.13169232199193984,0.0,0.0,0.0,0.0,0.0,0.14095442015735338,0.0,0.0,0.150516237879993,0.0,0.10872927877929027,0.0,0.1825697948085037,0.0,0.0,-0.2035511022575765,-0.08198684412534349
2025-10-15,-0.1291312295233223,0.0,0.0,0.13761210603351953,0.0,0.0,0.13446070158716883,0.0,0.0,0.14603235159086547,0.0,0.0,0.0,0.1763416886209917,0.0,0.0,-0.19658532657633299,-0.07983659606779923
2025-10-16,-0.12656442262723505,0.0,0.0,0.13898239562325834,0.0,0.0,0.13160010052322652,0.0,0.0,0.14711556221725505,0.0,0.0,0.0,0.1783684112566108,0.0,0.0,-0.19726710825239324,-0.08010199950002099
2025-10-17,-0.12735343997866397,0.0,0.0,0.13929935048737507,0.0,0.0,0.12755748935527594,0.0,0.0,0.1469409288483328,0.0,0.0,0.0,0.17948035467393708,0.0,0.0,-0.19927626602867127,-0.08009217062774393
2025-10-20,-0.1286767264347912,0.0,0.0,0.1389231001181667,0.0,0.0,0.11977699036579942,0.0,0.0,0.1476988324502584,0.0,0.0,0.0,0.1818883437661019,0.0,0.0,-0.2020788917482105,-0.0809571151166719
2025-10-21,-0.13000476029325764,0.0,0.0,0.1408210371874698,0.0,0.0,0.09570524316910894,0.0,0.0,0.15183137350074916,0.0,0.0,0.0,0.19133188285565306,0.0,0.0,-0.20775112760001432,-0.08255457539374698
2025-10-22,-0.13040738593661136,0.0,0.0,0.14161360823048666,0.0,0.0,0.09619209102707828,0.0,0.0,0.15080339635415999,0.0,0.0,0.0,0.19248661916865487,0.0,0.0,-0.20849959749608526,-0.07999730178692357
2025-10-23,-0.13099485832215418,0.0,0.0,0.1421935507172364,0.0,0.0,0.09752033521523445,0.0,0.0,0.15112843950934865,0.0,0.0,0.0,0.19184372735745395,0.0,0.0,-0.20838964078549446,-0.07792944809307803
2025-10-24,-0.13016561731857562,0.0,0.0,0.1408294255342003,0.0,0.0,0.09638706173032426,0.0,0.0,0.14820332691547408,0.0,0.0,0.0,0.19757891952065063,0.0,0.0,-0.2078665062335924,-0.07896914274718275
2025-10-27,-0.12737205826171025,0.0,0.0,0.13936683728676647,0.0,0.0,0.09227183554641745,0.0,0.0,0.14516545037244208,0.0,0.0,0.0,0.19624951706783847,0.0,0.0,-0.21797134946639474,-0.08160295199843057
2025-10-28,-0.12732942631646002,0.0,0.0,0.1401504611057734,0.0,0.0,0.09326093465238558,0.0,0.0,0.1440954811492222,0.0,0.0,0.0,0.19490861425456066,0.0,0.0,-0.21931009048710345,-0.08094499203449457
2025-10-29,-0.12720067436937196,0.0,0.0,0.14196421639198814,0.0,0.0,0.09390958299132363,0.0,0.0,0.14520367824664762,0.0,0.0,0.0,0.19440169706248897,0.0,0.0,-0.21518507215434138,-0.08213507878383815
2025-10-30,-0.1257860513944559,0.0,0.0,0.1397599754658668,0.0,0.0,0.09310010067652245,0.0,0.0,0.14607469116725352,0.0,0.0,0.0,0.19266685457434132,0.0,0.0,-0.21953782733498148,-0.0830744993865785
2025-10-31,-0.12395551553166499,0.0,0.0,0.13929533615804218,0.0,0.0,0.0921696914434877,0.0,0.0,0.1497161256199985,0.0,0.0,0.0,0.19465120490842056,0.0,0.0,-0.2174729074499191,-0.08273921888846697
2025-11-03,-0.12402925566420281,0.0,0.0,0.13883544095313022,0.0,0.0,0.09202399504525952,0.0,0.0,0.15076996541018403,0.0,0.0,0.0,0.19424906946785594,0.0,0.0,-0.21700197106207322,-0.08309030239729426
2025-11-04,-0.12484276156647155,0.0,0.0,0.1351791400767476,0.0,0.0,0.09147876524548254,0.0,0.0,0.14867889245328772,0.0,0.0,0.0,0.19464940426078023,0.0,0.0,-0.22088885013790466,-0.08428218625932578
2025-11-05,-0.12572898656722678,0.0,0.0,0.1357327148978644,0.0,0.0,0.09175322628711324,0.0,0.0,0.14951320506455565,0.0,0.0,0.0,0.19711150045853468,0.0,0.0,-0.21582562876279848,-0.08433473796190691
2025-11-06,-0.1254793571176755,0.0,0.0,0.13605001071934533,0.0,0.0,0.09255012145387435,0.0,0.0,0.14699221969110496,0.0,0.0,0.0,0.198302543335472,0.0,0.0,-0.21554134445591525,-0.08508440322661259
2025-11-07,-0.12379874336858915,0.0,0.0,0.1361712797041362,0.0,0.0,0.09367413674543038,0.0,0.0,0.14715436209669921,0.0,0.0,0.0,0.19855295952265292,0.0,0.0,-0.21542823470408043,-0.08522028385841178
2025-11-10,-0.12986892497620145,0.0,0.0,0.14093970550169804,0.21728861283710887,0.0,0.09598182437049929,0.0,0.0,0.0,-0.12055048926773165,0.0,0.0,0.2058753461994351,0.0,0.0,0.0,-0.08949509684732561
2025-11-11,-0.13002112367407753,0.0,0.0,0.14160270299162722,0.21572883059894368,0.0,0.09557925348502515,0.0,0.0,0.0,-0.12331667710670884,0.0,0.0,0.20512017072149816,0.0,0.0,0.0,-0.08863124142211944
2025-11-12,-0.1301784150038751,0.0,0.0,0.1442657419498273,0.21511102988394012,0.0,0.09556296009865681,0.0,0.0,0.0,-0.12469509654561178,0.0,0.0,0.20502698166451813,0.0,0.0,0.0,-0.08515977485357078
2025-11-13,-0.1322369158864727,0.0,0.0,0.14352696394410802,0.2130870624696565,0.0,0.0960720453619293,0.0,0.0,0.0,-0.12342627287743596,0.0,0.0,0.20524961592285615,0.0,0.0,0.0,-0.08640112353754148
2025-11-14,-0.13259895917394673,0.0,0.0,0.1441515834894962,0.21334760697044028,0.0,0.09478378419668537,0.0,0.0,0.0,-0.12381776778489284,0.0,0.0,0.205846100782221,0.0,0.0,0.0,-0.08545419760231762
2025-11-17,-0.1322583485972995,0.0,0.0,0.1458584877962245,0.21040955063620245,0.0,0.09609575788695379,0.0,0.0,0.0,-0.12241147083629145,0.0,0.0,0.205533513646201,0.0,0.0,0.0,-0.0874328706008272
2025-11-18,-0.1337391035541729,0.0,0.0,0.14706365375406522,0.20691782225383681,0.0,0.09726151196463649,0.0,0.0,0.0,-0.12380288285382972,0.0,0.0,0.20281821634423827,0.0,0.0,0.0,-0.08839680927522077
2025-11-19,-0.13358700675774668,0.0,0.0,0.14689584075439566,0.20792912406830474,0.0,0.09738371266760494,0.0,0.0,0.0,-0.12368863311300372,0.0,0.0,0.20321262375986787,0.0,0.0,0.0,-0.08730305887907647
2025-11-20,-0.130701921185295,0.0,0.0,0.1449007978694486,0.2040787313510351,0.0,0.09518690053219167,0.0,0.0,0.0,-0.13369741297778398,0.0,0.0,0.20632026939549442,0.0,0.0,0.0,-0.08511396668875118
2025-11-21,-0.13051504277895307,0.0,0.0,0.14812269508437798,0.2056392267057557,0.0,0.09698945388233024,0.0,0.0,0.0,-0.12905469168169523,0.0,0.0,0.202640454419917,0.0,0.0,0.0,-0.08703843544697072
2025-11-24,-0.129636331982366,0.0,0.0,0.14769861297673495,0.20644536779138875,0.0,0.09685243176798218,0.0,0.0,0.0,-0.1286508071440595,0.0,0.0,0.2029044739290626,0.0,0.0,0.0,-0.08781197440840595
2025-11-25,-0.1164376087425315,0.0,0.0,0.13442885481775962,0.1833666813663994,0.0,0.08778444065339094,0.0,0.0,0.0,0.0,0.0,0.0,0.17868428971808314,0.0,0.0,-0.22004903263645045,-0.07924909206538484
2025-11-26,-0.13035297795829906,0.0,0.0,0.15120970566753403,0.20361059610995935,0.0,0.09896729202021907,0.0,0.0,0.0,-0.1274425024728547,0.0,0.0,0.1992695142267381,0.0,0.0,0.0,-0.08914741154439579
2025-11-28,-0.11595293139747077,0.0,0.0,0.13512346675868098,0.18231461601698432,0.0,0.08802432677040199,0.0,0.0,0.0,0.0,0.0,0.0,0.1759966377802622,0.0,0.0,-0.22368903459424044,-0.07889898668195945
2025-12-01,-0.11568124212049528,0.0,0.0,0.13488228908262642,0.18426589276598265,0.0,0.08919278355123196,0.0,0.0,0.0,0.0,0.0,0.0,0.17775114128425334,0.0,0.0,-0.2178452650197992,-0.08038138617561097
2025-12-02,-0.11505525724392256,0.0,0.0,0.13412074980734143,0.18296199894882031,0.0,0.08845711843710395,0.0,0.0,0.0,0.0,0.0,0.0,0.17662695773689158,0.0,0.0,-0.22173144260248615,-0.08104647522343408
2025-12-03,-0.11311426658285521,0.0,0.0,0.13418466458105865,0.18334709921102896,0.0,0.08846898779143622,0.0,0.0,0.0,0.0,0.0,0.0,0.17614285873654537,0.0,0.0,-0.2237807727005623,-0.08096135039651331
2025-12-04,-0.11119197099724312,0.0,0.0,0.13355185634970662,0.1810278260970562,0.0,0.08756530896083282,0.0,0.0,0.0,0.0,0.0,0.0,0.17510641793770995,0.0,0.0,-0.23097892494538025,-0.08057769471207099
2025-12-05,-0.10932622778231572,0.0,0.0,0.1316261184154724,0.18060577246530451,0.0,0.08633795402303052,0.0,0.0,0.0,0.0,0.0,0.0,0.17613752620288395,0.0,0.0,-0.23676348968916963,-0.07920291142182322
2025-12-08,-0.10937581394402456,0.0,0.0,0.13156418639242126,0.18043447577305718,0.0,0.08622206301918311,0.0,0.0,0.0,0.0,0.0,0.0,0.1762756379897256,0.0,0.0,-0.23789899983137985,-0.07822882305020848
2025-12-09,-0.10897971274626728,0.0,0.0,0.13150937594581616,0.17983987250569408,0.0,0.08595953170803339,0.0,0.0,0.0,0.0,0.0,0.0,0.17555847111282424,0.0,0.0,-0.23945523743046318,-0.07869779855090157
2025-12-10,-0.10862774992172568,0.0,0.0,0.1318403648254095,0.17873805327387102,0.0,0.08561192427528086,0.0,0.0,0.0,0.0,0.0,0.0,0.1753356435696011,0.0,0.0,-0.2405249714300777,-0.07932129270403415
2025-12-11,-0.10802897158304339,0.0,0.0,0.13162301458493073,0.17868664850992053,0.0,0.08547139796444873,0.0,0.0,0.0,0.0,0.0,0.0,0.1756502323080965,0.0,0.0,-0.24187654492409102,-0.078663190125469
2025-12-12,-0.1109921240005008,0.0,0.0,0.1307475197128661,0.1792724969306767,0.0,0.08588243552525028,0.0,0.0,0.0,0.0,0.0,0.0,0.1770260022700485,0.0,0.0,-0.23680442567346713,-0.07927499588719042
2025-12-15,-0.11102624267291089,0.0,0.0,0.13110230413976537,0.17860284399951387,0.0,0.08582739009120159,0.0,0.0,0.0,0.0,0.0,0.0,0.17648049663678744,0.0,0.0,-0.23700481867726303,-0.07995590378255797
2025-12-16,-0.11133699281572765,0.0,0.0,0.13123960091083842,0.1789516270795236,0.0,0.08643685022210301,0.0,0.0,0.0,0.0,0.0,0.0,0.17720358564412408,0.0,0.0,-0.2359069694335363,-0.07892437389414704
2025-12-17,-0.11191609553422295,0.0,0.0,0.13039201593037367,0.17670808077499356,0.0,0.08625878249809825,0.0,0.0,0.0,0.0,0.0,0.0,0.17544447116945355,0.0,0.0,-0.24250186996643483,-0.07677868412642322
2025-12-18,-0.11246340944445513,0.0,0.0,0.1294693169319441,0.1765666203294626,0.0,0.08665837910178116,0.0,0.0,0.0,0.0,0.0,0.0,0.17576275395745267,0.0,0.0,-0.2418358860100371,-0.07724363422486716
2025-12-19,-0.11609143982321558,0.0,0.0,0.12839636942700813,0.17526129924979905,0.0,0.08714026842623719,0.0,0.0,0.0,0.0,0.0,0.0,0.1753821090205786,0.0,0.0,-0.24112276199285804,-0.0766057520603035
2025-12-22,-0.11621240466188998,0.0,0.0,0.12800499213273944,0.17518400251755528,0.0,0.08570800711990667,0.0,0.0,0.0,0.0,0.0,0.0,0.17458716153052958,0.0,0.0,-0.2441168449320253,-0.07618658710535384
2025-12-23,-0.11676354253527935,0.0,0.0,0.1272704351258708,0.1747487420209186,0.0,0.08539475443179592,0.0,0.0,0.0,0.0,0.0,0.0,0.17565506635854042,0.0,0.0,-0.24374266021642024,-0.07642479931117464
2025-12-24,-0.1167438305583007,0.0,0.0,0.12756283649927466,0.17639516722189502,0.0,0.0851527026172937,0.0,0.0,0.0,0.0,0.0,0.0,0.1767669415455162,0.0,0.0,-0.24083955905721313,-0.07653896250050662
2025-12-26,-0.11608043411240494,0.0,0.0,0.1273630902587,0.17784311168184744,0.0,0.08502529949590455,0.0,0.0,0.0,0.0,0.0,0.0,0.17791255615043194,0.0,0.0,-0.24035293636380187,-0.07542257193690925
2025-12-29,-0.11618912605699092,0.0,0.0,0.12792059908011807,0.17757566584028966,0.0,0.07929012198757064,0.0,0.0,0.0,0.0,0.0,0.0,0.17816206123124959,0.0,0.0,-0.24408547433098135,-0.07677695147279978
2025-12-30,-0.11587590709436735,0.0,0.0,0.12784120851859676,0.17775824910866506,0.0,0.07935271524217405,0.0,0.0,0.0,0.0,0.0,0.0,0.17806439699235752,0.0,0.0,-0.24414531088765443,-0.07696221215618475
2025-12-31,-0.11796698944178456,0.0,0.0,0.12845945828933034,0.17895589301258794,0.0,0.0792994300971584,0.0,0.0,0.0,0.0,0.0,0.0,0.17771481525138152,0.0,0.0,-0.24052542796745968,-0.07707798594029755
2026-01-02,-0.12065059861478203,0.0,0.0,0.12241259231806181,0.1777002275455772,0.0,0.08000455164016851,0.0,0.0,0.0,0.0,0.0,0.0,0.17729041348684732,0.0,0.0,-0.24313032338819143,-0.07881129300637174
2026-01-05,-0.12109651800572686,0.0,0.0,0.12244435296221007,0.1774921038006993,0.0,0.07924242266809647,0.0,0.0,0.0,0.0,0.0,0.0,0.17789012174110072,0.0,0.0,-0.24325167582592294,-0.07858280499624352
2026-01-06,-0.12034921387683557,0.0,0.0,0.12176989728544428,0.17692389622527854,0.0,0.07946381992387822,0.0,0.0,0.0,0.0,0.0,0.0,0.17725458372742567,0.0,0.0,-0.2466311837104858,-0.07760740525065199
2026-01-07,-0.11575868167211556,0.0,0.0,0.12173160733675958,0.1788004046553356,0.0,0.07911642634255256,0.0,0.0,0.0,0.0,0.0,0.0,0.18075549052630704,0.0,0.0,-0.24640966828046212,-0.07742772118646755
2026-01-08,-0.11119131881063998,0.0,0.0,0.12338306057539591,0.18069525122245272,0.0,0.08041075050969806,0.0,0.0,0.0,0.0,0.0,0.0,0.18254941680316455,0.0,0.0,-0.24712610306577962,-0.0746440990128692
2026-01-09,-0.04394728310786853,0.0,0.0,0.04664940861717636,0.06797434164616843,0.0,0.03051695683734333,0.0,0.0,0.0,0.0,0.0,0.0,0.06829024048059233,-0.7145160032270459,0.0,0.0,-0.028105766083805075
2026-01-12,-0.04239565644226126,0.0,0.0,0.04998363390079547,0.06902116377188049,0.0,0.028878123844594452,0.0,0.0,0.0,0.0,0.0,0.0,0.07003625149197898,-0.7114811400849568,0.0,0.0,-0.028204030463532485
2026-01-13,-0.042663093433650004,0.0,0.0,0.050604980677996694,0.06533043683059007,0.0,0.02779489349900717,0.0,0.0,0.0,0.0,0.0,0.0,0.06549560482845385,-0.7217491779125802,0.0,0.0,-0.02636181281772193
2026-01-14,-0.042716093768099726,0.0,0.0,0.05057485900872932,0.0645371185397092,0.0,0.027423795891760597,0.0,0.0,0.0,0.0,0.0,0.0,0.06450008091801433,-0.7240412109352514,0.0,0.0,-0.026206840938435456
2026-01-15,-0.04269127562075973,0.0,0.0,0.05198506691704094,0.06495900830651896,0.0,0.027719114106658584,0.0,0.0,0.0,0.0,0.0,0.0,0.06500471847848734,-0.7216620886776293,0.0,0.0,-0.02597872789290523
2026-01-16,-0.0433482356731075,0.0,0.0,0.05065972019939372,0.0634668489741579,0.0,0.027422897096508837,0.0,0.0,0.0,0.0,0.0,0.0,0.06321634513111195,-0.7263603559694645,0.0,0.0,-0.025525596956255663
2026-01-20,-0.1220226457591202,0.0,0.0,0.1431329154605458,0.17350939637837948,0.0,0.07631478050271909,0.0,0.0,0.0,0.0,0.0,0.0,0.1760945029797395,0.0,0.0,-0.23582395725006344,-0.07310180166943249
2026-01-21,-0.12194398760231455,0.0,0.0,0.14287594323812192,0.17377980766359505,0.0,0.07948466384040763,0.0,0.0,0.0,0.0,0.0,0.0,0.17495299979178602,0.0,0.0,-0.234113881630505,-0.07284871623326979
2026-01-22,-0.12093235187030504,0.0,0.0,0.14172566849945264,0.17185477532501406,0.0,0.09358452988935198,0.0,0.0,0.0,0.0,0.0,0.0,0.17195841155233313,0.0,0.0,-0.2295610500584496,-0.07038321280509367
2026-01-23,-0.04302187825523288,0.0,0.0,0.050464838787281065,0.061182726713823965,0.0,0.03321121349584612,0.0,0.0,0.0,0.0,0.0,0.0,0.06130576093950934,-0.7254915585449668,0.0,0.0,-0.025322023263339887
2026-01-26,-0.04194835782981436,0.0,0.0,0.050185552420050426,0.060446936433274236,0.0,0.03261806263885968,0.0,0.0,0.0,0.0,0.0,0.0,0.061086847263915806,-0.7276958330809804,0.0,0.0,-0.026018410333104938
2026-01-27,-0.04211635103697551,0.0,0.0,0.048642165394340596,0.05850395881184025,0.0,0.0320962900215107,0.0,0.0,0.0,0.0,0.0,0.0,0.05969187418762499,-0.7335224689764146,0.0,0.0,-0.02542689157129353
2026-01-28,-0.12326142462120682,0.0,0.0,0.1413836961417564,0.16605791061094008,0.0,0.09226538096121058,0.0,0.0,0.0,0.0,0.0,0.0,0.1708317329830953,0.0,0.0,-0.2330949061797628,-0.07310494850202796
2026-01-29,-0.12311477530830055,0.0,0.0,0.14051753952827353,0.16508784837900412,0.0,0.092721149448965,0.0,0.0,0.0,0.0,0.0,0.0,0.17291931292608506,0.0,0.0,-0.23337522036254826,-0.07226415404682351
2026-01-30,-0.12892900849756012,0.0,0.0,0.13849982727317753,0.17042272965024893,0.0,0.06522567219119312,0.0,0.0,0.0,0.0,0.0,0.0,0.17328541151352012,0.0,0.0,-0.24829459495773495,-0.07534275591656535
2026-02-02,-0.1284931934952599,0.0,0.0,0.1410458341957508,0.1714524148795515,0.0,0.06338168254974992,0.0,0.0,0.0,0.0,0.0,0.0,0.17437811094445746,0.0,0.0,-0.2514155775697762,-0.06983318636545409
2026-02-03,-0.1252373647668683,0.0,0.0,0.142249939297871,0.17327406757040614,0.0,0.059958328654259395,0.0,0.0,0.0,0.0,0.0,0.0,0.17638620070669356,0.0,0.0,-0.2534883317767181,-0.06940576722718336
2026-02-04,-0.12438515810277397,0.0,0.0,0.14014216310791816,0.17390673376849708,0.0,0.060182601840895564,0.0,0.0,0.0,0.0,0.0,0.0,0.17723977514376166,0.0,0.0,-0.2544872027599031,-0.06965636527625038
2026-02-05,-0.11955830017469758,0.0,0.0,0.14772757540913756,0.17410340004404493,0.0,0.060722963038000434,0.0,0.0,0.0,0.0,0.0,0.0,0.17742764752828108,0.0,0.0,-0.24978845471905453,-0.07067165908678383
2026-02-06,-0.1197627749391465,0.0,0.0,0.14281647315076232,0.16782581003705452,0.0,0.06122255062767109,0.0,0.0,0.0,0.0,0.0,0.0,0.1720813641125178,0.0,0.0,-0.26391007628018276,-0.07238095085266494
2026-02-09,-0.12026702398156754,0.0,0.0,0.14309460387976444,0.16484292146839216,0.0,0.060590583012028285,0.0,0.0,0.0,0.0,0.0,0.0,0.1689399603065138,0.0,0.0,-0.2703214736574071,-0.0719434336943266
2026-02-10,-0.12098479493161837,0.0,0.0,0.14516713489088576,0.1669367100302339,0.0,0.06114944445651369,0.0,0.0,0.0,0.0,0.0,0.0,0.17046991275279488,0.0,0.0,-0.2624401763824123,-0.07285182655554118
